
[33072:0829/100910.387:VERBOSE1:base\allocator\scheduler_loop_quarantine_config.cc:168] No entry found for browser/global.
[33072:0829/100910.387:VERBOSE1:base\allocator\scheduler_loop_quarantine_config.cc:168] No entry found for browser/*.
[33072:0829/100910.387:VERBOSE1:base\allocator\scheduler_loop_quarantine_config.cc:168] No entry found for /main.
[33072:0829/100910.387:VERBOSE1:base\allocator\scheduler_loop_quarantine_config.cc:168] No entry found for /io.
[33072:0829/100910.444:VERBOSE1:components\device_event_log\device_event_log_impl.cc:203] [10:09:10.444] Display: EVENT: screen_win.cc:1043 Displays updated, count: 1
[33072:0829/100910.446:VERBOSE1:components\device_event_log\device_event_log_impl.cc:203] [10:09:10.446] Display: EVENT: screen_win.cc:1045 Display[2036301598] bounds=[0,0 2560x1440], workarea=[0,0 2560x1392], scale=1, rotation=0, panel_rotation=0 external detected
[33072:0829/100910.446:VERBOSE1:components\proxy_config\pref_proxy_config_tracker_impl.cc:462] 0x1d1c0045e080: set chrome proxy config service to 0x1d1c00525500
[33072:0829/100910.455:VERBOSE1:components\proxy_config\pref_proxy_config_tracker_impl.cc:462] 0x1d1c0045e700: set chrome proxy config service to 0x1d1c00526a00
[33072:0829/100910.459:VERBOSE1:net\disk_cache\simple\simple_index_file.cc:625] Simple Cache Index is being restored from disk.
[33072:0829/100910.459:VERBOSE1:net\disk_cache\simple\simple_index_file.cc:625] Simple Cache Index is being restored from disk.
[33072:0829/100910.489:VERBOSE1:content\browser\first_party_sets\first_party_sets_handler_impl_instance.cc:270] Empty path. Failed initializing First-Party Sets database.
[33072:0829/100910.489:VERBOSE1:base\allocator\scheduler_loop_quarantine_config.cc:168] No entry found for browser/io.
[33072:0829/100910.691:VERBOSE1:components\device_event_log\device_event_log_impl.cc:203] [10:09:10.692] Display: EVENT: screen_win.cc:1043 Displays updated, count: 1
[33072:0829/100910.691:VERBOSE1:components\device_event_log\device_event_log_impl.cc:203] [10:09:10.692] Display: EVENT: screen_win.cc:1045 Display[2036301598] bounds=[0,0 2560x1440], workarea=[0,0 2560x1392], scale=1, rotation=0, panel_rotation=0 external detected
[33072:0829/100910.852:VERBOSE1:content\browser\loader\file_url_loader_factory.cc:470] FileURLLoader::Start: file:///C:/Projects/discord%20p2p/tests/fixtures/motion-source.html?fps=60&seed=1247104336&gpuLoad=0&title=JUMP_BENCH_MOTION_SOURCE_33072
[33072:0829/100910.902:INFO:CONSOLE:2] "%cElectron Security Warning (Insecure Content-Security-Policy) font-weight: bold; This renderer process has either no Content Security
  Policy set or a policy with "unsafe-eval" enabled. This exposes users of
  this app to unnecessary security risks.

For more information and help, consult
https://electronjs.org/docs/tutorial/security.
This warning will not show up
once the app is packaged.", source: node:electron/js2c/sandbox_bundle (2)
[33072:0829/100911.106:WARNING:third_party\webrtc\modules\desktop_capture\win\dxgi_adapter_duplicator.cc:116] Cannot initialize any DxgiOutputDuplicator instance.
[33072:0829/100911.106:WARNING:third_party\webrtc\modules\desktop_capture\win\dxgi_duplicator_controller.cc:286] Failed to initialize DxgiAdapterDuplicator on adapter 1
[33072:0829/100911.106:WARNING:third_party\webrtc\modules\desktop_capture\win\dxgi_duplicator_controller.cc:106] Count of references reaches zero, DxgiDuplicatorController will be unloaded.
[33072:0829/100911.117:INFO:third_party\webrtc\modules\desktop_capture\screen_capturer_win.cc:45] DesktopCapturer::CreateRawScreenCapturer creates DesktopCapturer of type ScreenCapturerWinGdi
[33072:0829/100911.238:WARNING:third_party\webrtc\modules\desktop_capture\win\dxgi_adapter_duplicator.cc:116] Cannot initialize any DxgiOutputDuplicator instance.
[33072:0829/100911.238:WARNING:third_party\webrtc\modules\desktop_capture\win\dxgi_duplicator_controller.cc:286] Failed to initialize DxgiAdapterDuplicator on adapter 1
[33072:0829/100911.238:INFO:third_party\webrtc\modules\desktop_capture\screen_capturer_win.cc:30] DesktopCapturer::CreateRawScreenCapturer creates DesktopCapturer of type ScreenCapturerWinDirectx
[33072:0829/100911.240:WARNING:third_party\webrtc\modules\desktop_capture\win\dxgi_duplicator_controller.cc:106] Count of references reaches zero, DxgiDuplicatorController will be unloaded.
[33072:0829/100911.256:VERBOSE1:components\proxy_config\pref_proxy_config_tracker_impl.cc:462] 0x1d1c00d22a40: set chrome proxy config service to 0x1d1c00529780
[33072:0829/100911.329:VERBOSE1:components\proxy_config\pref_proxy_config_tracker_impl.cc:462] 0x1d1c00d26b40: set chrome proxy config service to 0x1d1c01198a80
[33072:0829/100911.368:VERBOSE1:content\browser\renderer_host\media\media_stream_manager.cc:1519] MDM::HandleEnumerateDevicesRequest({request_id=1}, {render_process_id=6}, {render_frame_id=1}, {audio_input=true}, {video_input=true}, {audio_output=true}, {request_audio_capabilities=true}, {request_video_capabilities=true})
[33072:0829/100911.368:VERBOSE1:content\browser\renderer_host\media\media_stream_manager.cc:1519] MDM::HandleEnumerateDevicesRequest({request_id=2}, {render_process_id=6}, {render_frame_id=1}, {audio_input=true}, {video_input=true}, {audio_output=true}, {request_audio_capabilities=false}, {request_video_capabilities=false})
[33072:0829/100911.368:VERBOSE1:content\browser\renderer_host\media\media_stream_manager.cc:1519] MDM::CheckPermissionsForEnumerateDevices({request_id=1})
[33072:0829/100911.368:VERBOSE1:content\browser\renderer_host\media\media_stream_manager.cc:1519] MDM::OnPermissionsCheckDone({request_id=1}, {has_audio_permission=true}, {has_video_permission=true})
[33072:0829/100911.368:VERBOSE1:content\browser\renderer_host\media\media_stream_manager.cc:1519] MDM::EnumerateAndRankDevices({request_id=1})
[33072:0829/100911.368:VERBOSE1:content\browser\renderer_host\media\media_stream_manager.cc:1519] MDM::EnumerateDevices({request_id=1})
[33072:0829/100911.368:VERBOSE1:content\browser\renderer_host\media\media_stream_manager.cc:1519] MDM::StartMonitoringAndPopulateCache({request_id=1}, {audio=true}, {video=true})
[33072:0829/100911.368:VERBOSE1:content\browser\renderer_host\media\media_stream_manager.cc:1519] MDM::EnumerateSystemDevices({request_id=1}, {type=VIDEO_INPUT})
[33072:0829/100911.368:VERBOSE1:content\browser\renderer_host\media\media_stream_manager.cc:1519] video capture: VideoCaptureManager::EnumerateDevices
[33072:0829/100911.368:VERBOSE1:content\browser\renderer_host\media\media_stream_manager.cc:1519] video capture: ServiceVideoCaptureProvider::GetDeviceInfosAsync
[33072:0829/100911.368:VERBOSE1:content\browser\renderer_host\media\media_stream_manager.cc:1519] MDM::EnumerateSystemDevices({request_id=1}, {type=AUDIO_INPUT})
[33072:0829/100911.368:VERBOSE1:content\browser\renderer_host\media\media_stream_manager.cc:1519] MDM::EnumerateSystemDevices({request_id=1}, {type=AUDIO_OUTPUT})
[33072:0829/100911.368:VERBOSE1:content\browser\renderer_host\media\media_stream_manager.cc:1519] MDM::CheckPermissionsForEnumerateDevices({request_id=2})
[33072:0829/100911.368:VERBOSE1:content\browser\renderer_host\media\media_stream_manager.cc:1519] MDM::OnPermissionsCheckDone({request_id=2}, {has_audio_permission=true}, {has_video_permission=true})
[33072:0829/100911.368:VERBOSE1:content\browser\renderer_host\media\media_stream_manager.cc:1519] MDM::EnumerateAndRankDevices({request_id=2})
[33072:0829/100911.368:VERBOSE1:content\browser\renderer_host\media\media_stream_manager.cc:1519] MDM::EnumerateDevices({request_id=2})
[33072:0829/100911.368:VERBOSE1:content\browser\renderer_host\media\media_stream_manager.cc:1519] MSM::NotifyDevicesChanged({device_type=DEVICE_AUDIO_INPUT})
[33072:0829/100911.368:VERBOSE1:content\browser\renderer_host\media\media_stream_manager.cc:1519] MDM::DevicesEnumerated({request_id=1}, {type=AUDIO_INPUT}, {labels=[Fake Default Audio Input, Fake Audio Input 1, Fake Audio Input 2]})
[33072:0829/100911.368:VERBOSE1:content\browser\renderer_host\media\media_stream_manager.cc:1519] MDM::DevicesEnumerated({request_id=1}, {type=AUDIO_OUTPUT}, {labels=[Fake Default Audio Output, Fake Audio Output 1, Fake Audio Output 2]})
[33072:0829/100911.413:VERBOSE1:content\browser\renderer_host\media\media_stream_manager.cc:1519] AMB::LogAudioManagerStartup => AudioManager starts.
[33072:0829/100911.523:VERBOSE1:content\browser\renderer_host\media\media_stream_manager.cc:1519] MDM::HandleEnumerateDevicesRequest({request_id=3}, {render_process_id=7}, {render_frame_id=1}, {audio_input=true}, {video_input=true}, {audio_output=true}, {request_audio_capabilities=true}, {request_video_capabilities=true})
[33072:0829/100911.523:VERBOSE1:content\browser\renderer_host\media\media_stream_manager.cc:1519] MDM::HandleEnumerateDevicesRequest({request_id=4}, {render_process_id=7}, {render_frame_id=1}, {audio_input=true}, {video_input=true}, {audio_output=true}, {request_audio_capabilities=false}, {request_video_capabilities=false})
[33072:0829/100911.523:VERBOSE1:content\browser\renderer_host\media\media_stream_manager.cc:1519] MDM::CheckPermissionsForEnumerateDevices({request_id=3})
[33072:0829/100911.523:VERBOSE1:content\browser\renderer_host\media\media_stream_manager.cc:1519] MDM::OnPermissionsCheckDone({request_id=3}, {has_audio_permission=true}, {has_video_permission=true})
[33072:0829/100911.523:VERBOSE1:content\browser\renderer_host\media\media_stream_manager.cc:1519] MDM::EnumerateAndRankDevices({request_id=3})
[33072:0829/100911.523:VERBOSE1:content\browser\renderer_host\media\media_stream_manager.cc:1519] MDM::EnumerateDevices({request_id=3})
[33072:0829/100911.523:VERBOSE1:content\browser\renderer_host\media\media_stream_manager.cc:1519] MDM::CheckPermissionsForEnumerateDevices({request_id=4})
[33072:0829/100911.523:VERBOSE1:content\browser\renderer_host\media\media_stream_manager.cc:1519] MDM::OnPermissionsCheckDone({request_id=4}, {has_audio_permission=true}, {has_video_permission=true})
[33072:0829/100911.523:VERBOSE1:content\browser\renderer_host\media\media_stream_manager.cc:1519] MDM::EnumerateAndRankDevices({request_id=4})
[33072:0829/100911.523:VERBOSE1:content\browser\renderer_host\media\media_stream_manager.cc:1519] MDM::EnumerateDevices({request_id=4})
[33072:0829/100911.724:VERBOSE1:content\browser\renderer_host\media\media_stream_manager.cc:1519] video capture: VideoCaptureManager::OnDeviceInfosReceived: Recevied 1 device infos.
device_id: /dev/video0, display_name: fake_device_0
[33072:0829/100911.724:VERBOSE1:content\browser\renderer_host\media\media_stream_manager.cc:1519] MDM::DevicesEnumerated({request_id=1}, {type=VIDEO_INPUT}, {labels=[fake_device_0]})
[33072:0829/100911.724:VERBOSE1:content\browser\renderer_host\media\media_stream_manager.cc:1519] MSM::NotifyDevicesChanged({device_type=DEVICE_VIDEO_INPUT})
[33072:0829/100911.724:VERBOSE1:content\browser\renderer_host\media\media_stream_manager.cc:1519] MDM::OnDevicesEnumeratedAndRanked({request_id=1}, {has_audio_permission=true}, {has_video_permission=true})
[33072:0829/100911.724:VERBOSE1:content\browser\renderer_host\media\media_stream_manager.cc:1519] MDM::OnDevicesEnumeratedAndRanked({request_id=2}, {has_audio_permission=true}, {has_video_permission=true})
[33072:0829/100911.724:VERBOSE1:content\browser\renderer_host\media\media_stream_manager.cc:1519] MDM::GetAudioInputCapabilities({request_id=2}, {bypassing=true}, {reason=not_requested})
[33072:0829/100911.724:VERBOSE1:content\browser\renderer_host\media\media_stream_manager.cc:1519] MDM::FinalizeDevicesEnumerated({request_id=2}, {audio_count=3}, {video_count=1})
[33072:0829/100911.724:VERBOSE1:content\browser\renderer_host\media\media_stream_manager.cc:1519] MDM::OnDevicesEnumeratedAndRanked({request_id=3}, {has_audio_permission=true}, {has_video_permission=true})
[33072:0829/100911.724:VERBOSE1:content\browser\renderer_host\media\media_stream_manager.cc:1519] MDM::OnDevicesEnumeratedAndRanked({request_id=4}, {has_audio_permission=true}, {has_video_permission=true})
[33072:0829/100911.724:VERBOSE1:content\browser\renderer_host\media\media_stream_manager.cc:1519] MDM::GetAudioInputCapabilities({request_id=4}, {bypassing=true}, {reason=not_requested})
[33072:0829/100911.724:VERBOSE1:content\browser\renderer_host\media\media_stream_manager.cc:1519] MDM::FinalizeDevicesEnumerated({request_id=4}, {audio_count=3}, {video_count=1})
[33072:0829/100911.724:VERBOSE1:content\browser\renderer_host\media\media_stream_manager.cc:1519] MDM::GotAudioInputCapabilities({request_id=1}, {label=[Fake Default Audio Input]}, {is_valid=true}, {sample_rate=44100}, {channels=2}, {latency_ms=10})
[33072:0829/100911.724:VERBOSE1:content\browser\renderer_host\media\media_stream_manager.cc:1519] MDM::GotAudioInputCapabilities({request_id=1}, {label=[Fake Audio Input 1]}, {is_valid=true}, {sample_rate=44100}, {channels=2}, {latency_ms=10})
[33072:0829/100911.724:VERBOSE1:content\browser\renderer_host\media\media_stream_manager.cc:1519] MDM::GotAudioInputCapabilities({request_id=1}, {label=[Fake Audio Input 2]}, {is_valid=true}, {sample_rate=44100}, {channels=2}, {latency_ms=10})
[33072:0829/100911.724:VERBOSE1:content\browser\renderer_host\media\media_stream_manager.cc:1519] MDM::FinalizeDevicesEnumerated({request_id=1}, {audio_count=3}, {video_count=1})
[33072:0829/100911.724:VERBOSE1:content\browser\renderer_host\media\media_stream_manager.cc:1519] MDM::GotAudioInputCapabilities({request_id=3}, {label=[Fake Default Audio Input]}, {is_valid=true}, {sample_rate=44100}, {channels=2}, {latency_ms=10})
[33072:0829/100911.724:VERBOSE1:content\browser\renderer_host\media\media_stream_manager.cc:1519] MDM::GotAudioInputCapabilities({request_id=3}, {label=[Fake Audio Input 1]}, {is_valid=true}, {sample_rate=44100}, {channels=2}, {latency_ms=10})
[33072:0829/100911.724:VERBOSE1:content\browser\renderer_host\media\media_stream_manager.cc:1519] MDM::GotAudioInputCapabilities({request_id=3}, {label=[Fake Audio Input 2]}, {is_valid=true}, {sample_rate=44100}, {channels=2}, {latency_ms=10})
[33072:0829/100911.725:VERBOSE1:content\browser\renderer_host\media\media_stream_manager.cc:1519] MDM::FinalizeDevicesEnumerated({request_id=3}, {audio_count=3}, {video_count=1})
[33072:0829/100911.920:VERBOSE1:content\browser\renderer_host\media\media_stream_manager.cc:1519] MDDH::OnAudioGotSaltAndOrigin: pending_audio_input_capabilities_requests_.size()=1
[33072:0829/100911.920:VERBOSE1:content\browser\renderer_host\media\media_stream_manager.cc:1519] MDM::EnumerateAndRankDevices({request_id=0})
[33072:0829/100911.920:VERBOSE1:content\browser\renderer_host\media\media_stream_manager.cc:1519] MDM::EnumerateDevices({request_id=0})
[33072:0829/100911.920:VERBOSE1:content\browser\renderer_host\media\media_stream_manager.cc:1519] MDDH::GotAudioInputEnumeration: no devices found or fake device command flag is passed,
[33072:0829/100911.920:VERBOSE1:content\browser\renderer_host\media\media_stream_manager.cc:1519] MDDH::FinalizeGetAudioInputCapabilities: pending_audio_input_capabilities_requests_.size()= 1,
[33072:0829/100911.920:VERBOSE1:content\browser\renderer_host\media\media_stream_manager.cc:1519] MDDH::OnAudioGotSaltAndOrigin: pending_audio_input_capabilities_requests_.size()=1
[33072:0829/100911.920:VERBOSE1:content\browser\renderer_host\media\media_stream_manager.cc:1519] MDM::EnumerateAndRankDevices({request_id=0})
[33072:0829/100911.920:VERBOSE1:content\browser\renderer_host\media\media_stream_manager.cc:1519] MDM::EnumerateDevices({request_id=0})
[33072:0829/100911.920:VERBOSE1:content\browser\renderer_host\media\media_stream_manager.cc:1519] MDDH::GotAudioInputEnumeration: no devices found or fake device command flag is passed,
[33072:0829/100911.920:VERBOSE1:content\browser\renderer_host\media\media_stream_manager.cc:1519] MDDH::FinalizeGetAudioInputCapabilities: pending_audio_input_capabilities_requests_.size()= 1,
[33072:0829/100911.921:VERBOSE1:content\browser\renderer_host\media\media_stream_manager.cc:1519] MSM::GenerateStreams({render_process_id=6}, {render_frame_id=1}, {requester_id=0}, {page_request_id=0})
[33072:0829/100911.921:VERBOSE1:content\browser\renderer_host\media\media_stream_manager.cc:1519] MSM::DR::DeviceRequest({label=}, {requesting_process_id=6}, {requesting_frame_id=1}, {requester_id=0}, {request_type=MEDIA_GENERATE_STREAM})
[33072:0829/100911.921:VERBOSE1:content\browser\renderer_host\media\media_stream_manager.cc:1519] MSM::AddRequest([requester_id=0]) => (label=1548346f-8be5-4852-b0fa-dc873ecc25fa)
[33072:0829/100911.921:VERBOSE1:content\browser\renderer_host\media\media_stream_manager.cc:1519] MSM::SetUpRequest([requester_id=0] {label=1548346f-8be5-4852-b0fa-dc873ecc25fa})
[33072:0829/100911.921:VERBOSE1:content\browser\renderer_host\media\media_stream_manager.cc:1519] MSM::DR::SetAudioType({label=1548346f-8be5-4852-b0fa-dc873ecc25fa}, [requester_id=0], {audio_type=DEVICE_AUDIO_CAPTURE})
[33072:0829/100911.921:VERBOSE1:content\browser\renderer_host\media\media_stream_manager.cc:1519] MSM::DR::SetVideoType({label=1548346f-8be5-4852-b0fa-dc873ecc25fa}, [requester_id=0], {video_type=NO_SERVICE})
[33072:0829/100911.921:VERBOSE1:content\browser\renderer_host\media\media_stream_manager.cc:1519] MSM::StartEnumeration({requester_id=0}, {label=1548346f-8be5-4852-b0fa-dc873ecc25fa})
[33072:0829/100911.921:VERBOSE1:content\browser\renderer_host\media\media_stream_manager.cc:1519] MSM::DR::SetState({label=1548346f-8be5-4852-b0fa-dc873ecc25fa}, [requester_id=0], {stream_type=DEVICE_AUDIO_CAPTURE}, {new_state=STATE_REQUESTED})
[33072:0829/100911.921:VERBOSE1:content\browser\renderer_host\media\media_stream_manager.cc:1519] MDM::EnumerateDevices({request_id=0})
[33072:0829/100911.921:VERBOSE1:content\browser\renderer_host\media\media_stream_manager.cc:1519] MSM::DevicesEnumerated({label=1548346f-8be5-4852-b0fa-dc873ecc25fa}, {requester_id=0}, {request_type=MEDIA_GENERATE_STREAM})
[33072:0829/100911.921:VERBOSE1:content\browser\renderer_host\media\media_stream_manager.cc:1519] MSM::DR::SetState({label=1548346f-8be5-4852-b0fa-dc873ecc25fa}, [requester_id=0], {stream_type=DEVICE_AUDIO_CAPTURE}, {new_state=STATE_PENDING_APPROVAL})
[33072:0829/100911.921:VERBOSE1:content\browser\renderer_host\media\media_stream_manager.cc:1519] MSM::SetUpDeviceCaptureRequest([requester_id=0] {label=1548346f-8be5-4852-b0fa-dc873ecc25fa})
[33072:0829/100911.921:VERBOSE1:content\browser\renderer_host\media\media_stream_manager.cc:1519] MSM::DR::CreateUIRequest({label=1548346f-8be5-4852-b0fa-dc873ecc25fa}, [requester_id=0], {requested_audio_device_id=default,fake_audio_input_1,fake_audio_input_2}, {requested_video_device_id=})
[33072:0829/100911.921:VERBOSE1:content\browser\renderer_host\media\media_stream_manager.cc:1519] MSM::PostRequestToUI({label=1548346f-8be5-4852-b0fa-dc873ecc25fa}
[33072:0829/100911.921:VERBOSE1:content\browser\renderer_host\media\media_stream_manager.cc:1519] MSM::DR::SetState({label=1548346f-8be5-4852-b0fa-dc873ecc25fa}, [requester_id=0], {stream_type=DEVICE_AUDIO_CAPTURE}, {new_state=STATE_PENDING_APPROVAL})
[33072:0829/100911.921:VERBOSE1:content\browser\renderer_host\media\media_stream_manager.cc:1519] MSM::HandleAccessRequestResponse({label=1548346f-8be5-4852-b0fa-dc873ecc25fa}, {request=MEDIA_GENERATE_STREAM}, {result=OK})
[33072:0829/100911.921:VERBOSE1:content\browser\renderer_host\media\media_stream_manager.cc:1519] AIDM::Open({session_id=B3E71D99A091A1996B6793D9090E7605}, {device=[type: DEVICE_AUDIO_CAPTURE, id: default, group_id: fake_group_audio_input_default, name: Fake Default Audio Input, parameters: [format: FAKE, channel_layout: 3, channels: 2, sample_rate: 44100, frames_per_buffer: 441, effects: NONE, mic_positions: , latency_tag: LatencyUnknown]]})
[33072:0829/100911.921:VERBOSE1:content\browser\renderer_host\media\media_stream_manager.cc:1519] MSM::DR::SetState({label=1548346f-8be5-4852-b0fa-dc873ecc25fa}, [requester_id=0], {stream_type=DEVICE_AUDIO_CAPTURE}, {new_state=STATE_OPENING})
[33072:0829/100911.921:VERBOSE1:content\browser\renderer_host\media\media_stream_manager.cc:1519] MSM::HandleAccessRequestResponse([label=1548346f-8be5-4852-b0fa-dc873ecc25fa]) => (opening device: [id: default, session_id: B3E71D99A091A1996B6793D9090E7605])
[33072:0829/100911.924:VERBOSE1:content\browser\renderer_host\media\media_stream_manager.cc:1519] AIDM::Opened({session_id=B3E71D99A091A1996B6793D9090E7605})
[33072:0829/100911.924:VERBOSE1:content\browser\renderer_host\media\media_stream_manager.cc:1519] MSM::Opened({stream_type=DEVICE_AUDIO_CAPTURE}, {session_id=B3E71D99A091A1996B6793D9090E7605})
[33072:0829/100911.924:VERBOSE1:content\browser\renderer_host\media\media_stream_manager.cc:1519] MSM::DR::SetState({label=1548346f-8be5-4852-b0fa-dc873ecc25fa}, [requester_id=0], {stream_type=DEVICE_AUDIO_CAPTURE}, {new_state=STATE_DONE})
[33072:0829/100911.924:VERBOSE1:content\browser\renderer_host\media\media_stream_manager.cc:1519] MSM::FinalizeGenerateStreams({label=1548346f-8be5-4852-b0fa-dc873ecc25fa}, {requester_id=0}, {request_type=MEDIA_GENERATE_STREAM})
[33072:0829/100911.924:VERBOSE1:content\browser\renderer_host\media\media_stream_manager.cc:1519] MSM::OnStreamStarted({label=1548346f-8be5-4852-b0fa-dc873ecc25fa}, {requester_id=0}, {request_type=MEDIA_GENERATE_STREAM})
[33072:0829/100911.924:VERBOSE1:content\browser\renderer_host\media\media_stream_manager.cc:1519] MSM::PanTiltZoomPermissionChecked({label=1548346f-8be5-4852-b0fa-dc873ecc25fa}, {requester_id=0}, {request_type=MEDIA_GENERATE_STREAM}, {pan_tilt_zoom_allowed=1})
[33072:0829/100911.925:VERBOSE1:content\browser\renderer_host\media\media_stream_manager.cc:1519] MSM::GenerateStreams({render_process_id=7}, {render_frame_id=1}, {requester_id=1}, {page_request_id=0})
[33072:0829/100911.925:VERBOSE1:content\browser\renderer_host\media\media_stream_manager.cc:1519] MSM::DR::DeviceRequest({label=}, {requesting_process_id=7}, {requesting_frame_id=1}, {requester_id=1}, {request_type=MEDIA_GENERATE_STREAM})
[33072:0829/100911.925:VERBOSE1:content\browser\renderer_host\media\media_stream_manager.cc:1519] MSM::AddRequest([requester_id=1]) => (label=b9f2610c-b926-4758-a235-1132f4a9eff6)
[33072:0829/100911.925:VERBOSE1:content\browser\renderer_host\media\media_stream_manager.cc:1519] MSM::SetUpRequest([requester_id=1] {label=b9f2610c-b926-4758-a235-1132f4a9eff6})
[33072:0829/100911.925:VERBOSE1:content\browser\renderer_host\media\media_stream_manager.cc:1519] MSM::DR::SetAudioType({label=b9f2610c-b926-4758-a235-1132f4a9eff6}, [requester_id=1], {audio_type=DEVICE_AUDIO_CAPTURE})
[33072:0829/100911.925:VERBOSE1:content\browser\renderer_host\media\media_stream_manager.cc:1519] MSM::DR::SetVideoType({label=b9f2610c-b926-4758-a235-1132f4a9eff6}, [requester_id=1], {video_type=NO_SERVICE})
[33072:0829/100911.925:VERBOSE1:content\browser\renderer_host\media\media_stream_manager.cc:1519] MSM::StartEnumeration({requester_id=1}, {label=b9f2610c-b926-4758-a235-1132f4a9eff6})
[33072:0829/100911.925:VERBOSE1:content\browser\renderer_host\media\media_stream_manager.cc:1519] MSM::DR::SetState({label=b9f2610c-b926-4758-a235-1132f4a9eff6}, [requester_id=1], {stream_type=DEVICE_AUDIO_CAPTURE}, {new_state=STATE_REQUESTED})
[33072:0829/100911.925:VERBOSE1:content\browser\renderer_host\media\media_stream_manager.cc:1519] MDM::EnumerateDevices({request_id=0})
[33072:0829/100911.925:VERBOSE1:content\browser\renderer_host\media\media_stream_manager.cc:1519] MSM::DevicesEnumerated({label=b9f2610c-b926-4758-a235-1132f4a9eff6}, {requester_id=1}, {request_type=MEDIA_GENERATE_STREAM})
[33072:0829/100911.925:VERBOSE1:content\browser\renderer_host\media\media_stream_manager.cc:1519] MSM::DR::SetState({label=b9f2610c-b926-4758-a235-1132f4a9eff6}, [requester_id=1], {stream_type=DEVICE_AUDIO_CAPTURE}, {new_state=STATE_PENDING_APPROVAL})
[33072:0829/100911.925:VERBOSE1:content\browser\renderer_host\media\media_stream_manager.cc:1519] MSM::SetUpDeviceCaptureRequest([requester_id=1] {label=b9f2610c-b926-4758-a235-1132f4a9eff6})
[33072:0829/100911.925:VERBOSE1:content\browser\renderer_host\media\media_stream_manager.cc:1519] MSM::DR::CreateUIRequest({label=b9f2610c-b926-4758-a235-1132f4a9eff6}, [requester_id=1], {requested_audio_device_id=default,fake_audio_input_1,fake_audio_input_2}, {requested_video_device_id=})
[33072:0829/100911.925:VERBOSE1:content\browser\renderer_host\media\media_stream_manager.cc:1519] MSM::PostRequestToUI({label=b9f2610c-b926-4758-a235-1132f4a9eff6}
[33072:0829/100911.925:VERBOSE1:content\browser\renderer_host\media\media_stream_manager.cc:1519] MSM::DR::SetState({label=b9f2610c-b926-4758-a235-1132f4a9eff6}, [requester_id=1], {stream_type=DEVICE_AUDIO_CAPTURE}, {new_state=STATE_PENDING_APPROVAL})
[33072:0829/100911.925:VERBOSE1:content\browser\renderer_host\media\media_stream_manager.cc:1519] MSM::HandleAccessRequestResponse({label=b9f2610c-b926-4758-a235-1132f4a9eff6}, {request=MEDIA_GENERATE_STREAM}, {result=OK})
[33072:0829/100911.925:VERBOSE1:content\browser\renderer_host\media\media_stream_manager.cc:1519] AIDM::Open({session_id=D3607DE16BE379BC3E38D1693F881DBF}, {device=[type: DEVICE_AUDIO_CAPTURE, id: default, group_id: fake_group_audio_input_default, name: Fake Default Audio Input, parameters: [format: FAKE, channel_layout: 3, channels: 2, sample_rate: 44100, frames_per_buffer: 441, effects: NONE, mic_positions: , latency_tag: LatencyUnknown]]})
[33072:0829/100911.925:VERBOSE1:content\browser\renderer_host\media\media_stream_manager.cc:1519] MSM::DR::SetState({label=b9f2610c-b926-4758-a235-1132f4a9eff6}, [requester_id=1], {stream_type=DEVICE_AUDIO_CAPTURE}, {new_state=STATE_OPENING})
[33072:0829/100911.925:VERBOSE1:content\browser\renderer_host\media\media_stream_manager.cc:1519] MSM::HandleAccessRequestResponse([label=b9f2610c-b926-4758-a235-1132f4a9eff6]) => (opening device: [id: default, session_id: D3607DE16BE379BC3E38D1693F881DBF])
[33072:0829/100911.929:VERBOSE1:content\browser\renderer_host\media\media_stream_manager.cc:1519] AIDM::Opened({session_id=D3607DE16BE379BC3E38D1693F881DBF})
[33072:0829/100911.929:VERBOSE1:content\browser\renderer_host\media\media_stream_manager.cc:1519] MSM::Opened({stream_type=DEVICE_AUDIO_CAPTURE}, {session_id=D3607DE16BE379BC3E38D1693F881DBF})
[33072:0829/100911.929:VERBOSE1:content\browser\renderer_host\media\media_stream_manager.cc:1519] MSM::DR::SetState({label=b9f2610c-b926-4758-a235-1132f4a9eff6}, [requester_id=1], {stream_type=DEVICE_AUDIO_CAPTURE}, {new_state=STATE_DONE})
[33072:0829/100911.929:VERBOSE1:content\browser\renderer_host\media\media_stream_manager.cc:1519] MSM::FinalizeGenerateStreams({label=b9f2610c-b926-4758-a235-1132f4a9eff6}, {requester_id=1}, {request_type=MEDIA_GENERATE_STREAM})
[33072:0829/100911.929:VERBOSE1:content\browser\renderer_host\media\media_stream_manager.cc:1519] MSM::OnStreamStarted({label=b9f2610c-b926-4758-a235-1132f4a9eff6}, {requester_id=1}, {request_type=MEDIA_GENERATE_STREAM})
[33072:0829/100911.929:VERBOSE1:content\browser\renderer_host\media\media_stream_manager.cc:1519] MSM::PanTiltZoomPermissionChecked({label=b9f2610c-b926-4758-a235-1132f4a9eff6}, {requester_id=1}, {request_type=MEDIA_GENERATE_STREAM}, {pan_tilt_zoom_allowed=1})
[33072:0829/100911.935:VERBOSE1:content\browser\renderer_host\media\media_stream_manager.cc:1519] SF::CreateInputStream(device_id=default, params=[format: FAKE, channel_layout: 2, channels: 1, sample_rate: 48000, frames_per_buffer: 480, effects: NONE, mic_positions: , latency_tag: LatencyUnknown])
[33072:0829/100911.935:VERBOSE1:content\browser\renderer_host\media\media_stream_manager.cc:1519] SF::GetNewReferenceSignalProvider()
[33072:0829/100911.935:VERBOSE1:content\browser\renderer_host\media\media_stream_manager.cc:1519] SF::GetNewReferenceSignalProvider: using OutputDeviceMixerManager
[33072:0829/100911.935:VERBOSE1:content\browser\renderer_host\media\media_stream_manager.cc:1519] AISW::InputSyncWriter({shared_memory_segment_count=10}, {params=format: FAKE, channel_layout: 2, channels: 1, sample_rate: 48000, frames_per_buffer: 480, effects: NONE, mic_positions: , latency_tag: LatencyUnknown}) [id=6E9D08F0B137A37E2AC7223CFFB4B4C2]
[33072:0829/100911.935:VERBOSE1:content\browser\renderer_host\media\media_stream_manager.cc:1519] AISW::InputSyncWriter => (shared_memory_segment_size=[1968], audio_bus_memory_size=[1920]) [id=6E9D08F0B137A37E2AC7223CFFB4B4C2]
[33072:0829/100911.935:VERBOSE1:content\browser\renderer_host\media\media_stream_manager.cc:1519] audio::IS::Ctor({device_id=default}, {params=[format: FAKE, channel_layout: 2, channels: 1, sample_rate: 48000, frames_per_buffer: 480, effects: NONE, mic_positions: , latency_tag: LatencyUnknown]}, {enable_agc=1}) [id=AB4DD658A01D4B40CA8717B0C5BE138F]
[33072:0829/100911.935:VERBOSE1:content\browser\renderer_host\media\media_stream_manager.cc:1519] AIC::InputController => (delay reporter uses ChromeWideAEC as AEC type) [id=AB4DD658A01D4B40CA8717B0C5BE138F]
[33072:0829/100911.935:VERBOSE1:content\browser\renderer_host\media\media_stream_manager.cc:1519] AIC::MaybeSetUpAudioProcessing({processing_config=[aec: yes, ns: yes, gain control: yes, multichannel capture processing: no, loopback aec: no]}, {processing_output_params=[format: FAKE, channel_layout: 2, channels: 1, sample_rate: 48000, frames_per_buffer: 480, effects: NONE, mic_positions: , latency_tag: LatencyUnknown]}, {device_params=[format: PCM_LOW_LATENCY, channel_layout: 3, channels: 2, sample_rate: 48000, frames_per_buffer: 480, effects: NONE, mic_positions: , latency_tag: LatencyUnknown, hw_capabilities: min_frames_per_buffer: 480, max_frames_per_buffer: 480, bitstream_formats:0, require_encapsulation:0, require_audio_offload:0]}) [id=AB4DD658A01D4B40CA8717B0C5BE138F]
[33072:0829/100911.935:VERBOSE1:content\browser\renderer_host\media\media_stream_manager.cc:1519] AIC::MaybeSetUpAudioProcessing => (needs WebRTC audio processing: true) [id=AB4DD658A01D4B40CA8717B0C5BE138F]
[33072:0829/100911.935:VERBOSE1:content\browser\renderer_host\media\media_stream_manager.cc:1519] AudioProcessor::Create({multi_channel_capture_processing=false, neural_residual_echo_estimator_present=false}) [id=AB4DD658A01D4B40CA8717B0C5BE138F]
[33072:0829/100911.935:VERBOSE1:content\browser\renderer_host\media\media_stream_manager.cc:1519] MSAP::AudioProcessor({input_format_=[format: FAKE, channel_layout: 3, channels: 2, sample_rate: 48000, frames_per_buffer: 480, effects: NONE, mic_positions: , latency_tag: LatencyUnknown], output_format_=[format: FAKE, channel_layout: 2, channels: 1, sample_rate: 48000, frames_per_buffer: 480, effects: NONE, mic_positions: , latency_tag: LatencyUnknown], added_aec_delay=[0]}) [this=0x65EC000E5340] [id=AB4DD658A01D4B40CA8717B0C5BE138F]
[33072:0829/100911.935:VERBOSE1:content\browser\renderer_host\media\media_stream_manager.cc:1519] MSAP::AudioProcessor => (capture FIFO: fifo_output_frames_per_buffer=480) [this=0x65EC000E5340] [id=AB4DD658A01D4B40CA8717B0C5BE138F]
[33072:0829/100911.935:VERBOSE1:content\browser\renderer_host\media\media_stream_manager.cc:1519] AIC::MaybeSetUpAudioProcessing => (echo cancellation is: enabled) [id=AB4DD658A01D4B40CA8717B0C5BE138F]
[33072:0829/100911.935:VERBOSE1:content\browser\renderer_host\media\media_stream_manager.cc:1519] AIC::DoCreate({device_name=Default - Unknown}) [id=AB4DD658A01D4B40CA8717B0C5BE138F]
[33072:0829/100911.935:VERBOSE1:content\browser\renderer_host\media\media_stream_manager.cc:1519] AMB::MakeAudioInputStream({device_id=default}, {params=[format: FAKE, channel_layout: 3, channels: 2, sample_rate: 48000, frames_per_buffer: 480, effects: NONE, mic_positions: , latency_tag: LatencyUnknown]}) [id=AB4DD658A01D4B40CA8717B0C5BE138F]
[33072:0829/100911.935:VERBOSE1:content\browser\renderer_host\media\media_stream_manager.cc:1519] AMB::MakeAudioInputStream => (number of streams=1) [id=AB4DD658A01D4B40CA8717B0C5BE138F]
[33072:0829/100911.935:VERBOSE1:content\browser\renderer_host\media\media_stream_manager.cc:1519] AIC::DoCreate => (power_measurement_is_enabled=0) [id=AB4DD658A01D4B40CA8717B0C5BE138F]
[33072:0829/100911.935:VERBOSE1:content\browser\renderer_host\media\media_stream_manager.cc:1519] audio::IS::OnCreated({muted=false}) [id=AB4DD658A01D4B40CA8717B0C5BE138F]
[33072:0829/100911.935:VERBOSE1:content\browser\renderer_host\media\media_stream_manager.cc:1519] audio::IS::OnCreated({muted=false}) => (completed, duration=0 ms) [id=AB4DD658A01D4B40CA8717B0C5BE138F]
[33072:0829/100911.935:VERBOSE1:content\browser\renderer_host\media\media_stream_manager.cc:1519] audio::IS::Create => (duration=5 ms) [id=AB4DD658A01D4B40CA8717B0C5BE138F]
[33072:0829/100911.935:VERBOSE1:content\browser\renderer_host\media\media_stream_manager.cc:1519] MDM::HandleEnumerateDevicesRequest({request_id=5}, {render_process_id=6}, {render_frame_id=1}, {audio_input=true}, {video_input=true}, {audio_output=true}, {request_audio_capabilities=true}, {request_video_capabilities=true})
[33072:0829/100911.935:VERBOSE1:content\browser\renderer_host\media\media_stream_manager.cc:1519] MDM::CheckPermissionsForEnumerateDevices({request_id=5})
[33072:0829/100911.935:VERBOSE1:content\browser\renderer_host\media\media_stream_manager.cc:1519] MDM::OnPermissionsCheckDone({request_id=5}, {has_audio_permission=true}, {has_video_permission=true})
[33072:0829/100911.935:VERBOSE1:content\browser\renderer_host\media\media_stream_manager.cc:1519] MDM::EnumerateAndRankDevices({request_id=5})
[33072:0829/100911.935:VERBOSE1:content\browser\renderer_host\media\media_stream_manager.cc:1519] MDM::EnumerateDevices({request_id=5})
[33072:0829/100911.935:VERBOSE1:content\browser\renderer_host\media\media_stream_manager.cc:1519] MDM::OnDevicesEnumeratedAndRanked({request_id=5}, {has_audio_permission=true}, {has_video_permission=true})
[33072:0829/100911.935:VERBOSE1:content\browser\renderer_host\media\media_stream_manager.cc:1519] MDM::GotAudioInputCapabilities({request_id=5}, {label=[Fake Default Audio Input]}, {is_valid=true}, {sample_rate=44100}, {channels=2}, {latency_ms=10})
[33072:0829/100911.935:VERBOSE1:content\browser\renderer_host\media\media_stream_manager.cc:1519] MDM::GotAudioInputCapabilities({request_id=5}, {label=[Fake Audio Input 1]}, {is_valid=true}, {sample_rate=44100}, {channels=2}, {latency_ms=10})
[33072:0829/100911.935:VERBOSE1:content\browser\renderer_host\media\media_stream_manager.cc:1519] MDM::GotAudioInputCapabilities({request_id=5}, {label=[Fake Audio Input 2]}, {is_valid=true}, {sample_rate=44100}, {channels=2}, {latency_ms=10})
[33072:0829/100911.935:VERBOSE1:content\browser\renderer_host\media\media_stream_manager.cc:1519] MDM::FinalizeDevicesEnumerated({request_id=5}, {audio_count=3}, {video_count=1})
[33072:0829/100911.937:VERBOSE1:content\browser\renderer_host\media\media_stream_manager.cc:1519] SF::CreateInputStream(device_id=default, params=[format: FAKE, channel_layout: 2, channels: 1, sample_rate: 48000, frames_per_buffer: 480, effects: NONE, mic_positions: , latency_tag: LatencyUnknown])
[33072:0829/100911.937:VERBOSE1:content\browser\renderer_host\media\media_stream_manager.cc:1519] SF::GetNewReferenceSignalProvider()
[33072:0829/100911.937:VERBOSE1:content\browser\renderer_host\media\media_stream_manager.cc:1519] SF::GetNewReferenceSignalProvider: using OutputDeviceMixerManager
[33072:0829/100911.937:VERBOSE1:content\browser\renderer_host\media\media_stream_manager.cc:1519] AISW::InputSyncWriter({shared_memory_segment_count=10}, {params=format: FAKE, channel_layout: 2, channels: 1, sample_rate: 48000, frames_per_buffer: 480, effects: NONE, mic_positions: , latency_tag: LatencyUnknown}) [id=688F7A16C4B186A8073E07B434301B7D]
[33072:0829/100911.937:VERBOSE1:content\browser\renderer_host\media\media_stream_manager.cc:1519] AISW::InputSyncWriter => (shared_memory_segment_size=[1968], audio_bus_memory_size=[1920]) [id=688F7A16C4B186A8073E07B434301B7D]
[33072:0829/100911.937:VERBOSE1:content\browser\renderer_host\media\media_stream_manager.cc:1519] audio::IS::Ctor({device_id=default}, {params=[format: FAKE, channel_layout: 2, channels: 1, sample_rate: 48000, frames_per_buffer: 480, effects: NONE, mic_positions: , latency_tag: LatencyUnknown]}, {enable_agc=1}) [id=53DC45F5F0B01658ADE708505588ED7F]
[33072:0829/100911.937:VERBOSE1:content\browser\renderer_host\media\media_stream_manager.cc:1519] AIC::InputController => (delay reporter uses ChromeWideAEC as AEC type) [id=53DC45F5F0B01658ADE708505588ED7F]
[33072:0829/100911.937:VERBOSE1:content\browser\renderer_host\media\media_stream_manager.cc:1519] AIC::MaybeSetUpAudioProcessing({processing_config=[aec: yes, ns: yes, gain control: yes, multichannel capture processing: no, loopback aec: no]}, {processing_output_params=[format: FAKE, channel_layout: 2, channels: 1, sample_rate: 48000, frames_per_buffer: 480, effects: NONE, mic_positions: , latency_tag: LatencyUnknown]}, {device_params=[format: PCM_LOW_LATENCY, channel_layout: 3, channels: 2, sample_rate: 48000, frames_per_buffer: 480, effects: NONE, mic_positions: , latency_tag: LatencyUnknown, hw_capabilities: min_frames_per_buffer: 480, max_frames_per_buffer: 480, bitstream_formats:0, require_encapsulation:0, require_audio_offload:0]}) [id=53DC45F5F0B01658ADE708505588ED7F]
[33072:0829/100911.937:VERBOSE1:content\browser\renderer_host\media\media_stream_manager.cc:1519] AIC::MaybeSetUpAudioProcessing => (needs WebRTC audio processing: true) [id=53DC45F5F0B01658ADE708505588ED7F]
[33072:0829/100911.937:VERBOSE1:content\browser\renderer_host\media\media_stream_manager.cc:1519] AudioProcessor::Create({multi_channel_capture_processing=false, neural_residual_echo_estimator_present=false}) [id=53DC45F5F0B01658ADE708505588ED7F]
[33072:0829/100911.937:VERBOSE1:content\browser\renderer_host\media\media_stream_manager.cc:1519] MSAP::AudioProcessor({input_format_=[format: FAKE, channel_layout: 3, channels: 2, sample_rate: 48000, frames_per_buffer: 480, effects: NONE, mic_positions: , latency_tag: LatencyUnknown], output_format_=[format: FAKE, channel_layout: 2, channels: 1, sample_rate: 48000, frames_per_buffer: 480, effects: NONE, mic_positions: , latency_tag: LatencyUnknown], added_aec_delay=[0]}) [this=0x65EC000E5DC0] [id=53DC45F5F0B01658ADE708505588ED7F]
[33072:0829/100911.937:VERBOSE1:content\browser\renderer_host\media\media_stream_manager.cc:1519] RFAOSF::RequestDeviceAuthorization({device_id=}) [process_id=6, frame_id=1]
[33072:0829/100911.937:VERBOSE1:content\browser\renderer_host\media\media_stream_manager.cc:1519] MSAP::AudioProcessor => (capture FIFO: fifo_output_frames_per_buffer=480) [this=0x65EC000E5DC0] [id=53DC45F5F0B01658ADE708505588ED7F]
[33072:0829/100911.938:VERBOSE1:content\browser\renderer_host\media\media_stream_manager.cc:1519] AIC::MaybeSetUpAudioProcessing => (echo cancellation is: enabled) [id=53DC45F5F0B01658ADE708505588ED7F]
[33072:0829/100911.938:VERBOSE1:content\browser\renderer_host\media\media_stream_manager.cc:1519] AIC::DoCreate({device_name=Default - Unknown}) [id=53DC45F5F0B01658ADE708505588ED7F]
[33072:0829/100911.938:VERBOSE1:content\browser\renderer_host\media\media_stream_manager.cc:1519] AMB::MakeAudioInputStream({device_id=default}, {params=[format: FAKE, channel_layout: 3, channels: 2, sample_rate: 48000, frames_per_buffer: 480, effects: NONE, mic_positions: , latency_tag: LatencyUnknown]}) [id=53DC45F5F0B01658ADE708505588ED7F]
[33072:0829/100911.938:VERBOSE1:content\browser\renderer_host\media\media_stream_manager.cc:1519] AMB::MakeAudioInputStream => (number of streams=2) [id=53DC45F5F0B01658ADE708505588ED7F]
[33072:0829/100911.938:VERBOSE1:content\browser\renderer_host\media\media_stream_manager.cc:1519] AIC::DoCreate => (power_measurement_is_enabled=0) [id=53DC45F5F0B01658ADE708505588ED7F]
[33072:0829/100911.938:VERBOSE1:content\browser\renderer_host\media\media_stream_manager.cc:1519] audio::IS::OnCreated({muted=false}) [id=53DC45F5F0B01658ADE708505588ED7F]
[33072:0829/100911.938:VERBOSE1:content\browser\renderer_host\media\media_stream_manager.cc:1519] audio::IS::OnCreated({muted=false}) => (completed, duration=0 ms) [id=53DC45F5F0B01658ADE708505588ED7F]
[33072:0829/100911.938:VERBOSE1:content\browser\renderer_host\media\media_stream_manager.cc:1519] audio::IS::Create => (duration=2 ms) [id=53DC45F5F0B01658ADE708505588ED7F]
[33072:0829/100911.938:VERBOSE1:content\browser\renderer_host\media\media_stream_manager.cc:1519] audio::IS::Record() [id=AB4DD658A01D4B40CA8717B0C5BE138F]
[33072:0829/100911.938:VERBOSE1:content\browser\renderer_host\media\media_stream_manager.cc:1519] AIC::Record [id=AB4DD658A01D4B40CA8717B0C5BE138F]
[33072:0829/100911.938:VERBOSE1:content\browser\renderer_host\media\media_stream_manager.cc:1519] OutputTapper: listening to output device:  [id=AB4DD658A01D4B40CA8717B0C5BE138F]
[33072:0829/100911.938:VERBOSE1:content\browser\renderer_host\media\media_stream_manager.cc:1519] audio::IS::Record() => (duration=0 ms) [id=AB4DD658A01D4B40CA8717B0C5BE138F]
[33072:0829/100911.938:VERBOSE1:content\browser\renderer_host\media\media_stream_manager.cc:1519] audio::IS::SetOutputDeviceForAec({output_device_id=}) [id=AB4DD658A01D4B40CA8717B0C5BE138F]
[33072:0829/100911.938:VERBOSE1:content\browser\renderer_host\media\media_stream_manager.cc:1519] audio::IS::Record() [id=53DC45F5F0B01658ADE708505588ED7F]
[33072:0829/100911.938:VERBOSE1:content\browser\renderer_host\media\media_stream_manager.cc:1519] AIC::Record [id=53DC45F5F0B01658ADE708505588ED7F]
[33072:0829/100911.938:VERBOSE1:content\browser\renderer_host\media\media_stream_manager.cc:1519] OutputTapper: listening to output device:  [id=53DC45F5F0B01658ADE708505588ED7F]
[33072:0829/100911.938:VERBOSE1:content\browser\renderer_host\media\media_stream_manager.cc:1519] MDM::HandleEnumerateDevicesRequest({request_id=6}, {render_process_id=7}, {render_frame_id=1}, {audio_input=true}, {video_input=true}, {audio_output=true}, {request_audio_capabilities=true}, {request_video_capabilities=true})
[33072:0829/100911.938:VERBOSE1:content\browser\renderer_host\media\media_stream_manager.cc:1519] MDM::CheckPermissionsForEnumerateDevices({request_id=6})
[33072:0829/100911.938:VERBOSE1:content\browser\renderer_host\media\media_stream_manager.cc:1519] MDM::OnPermissionsCheckDone({request_id=6}, {has_audio_permission=true}, {has_video_permission=true})
[33072:0829/100911.938:VERBOSE1:content\browser\renderer_host\media\media_stream_manager.cc:1519] MDM::EnumerateAndRankDevices({request_id=6})
[33072:0829/100911.938:VERBOSE1:content\browser\renderer_host\media\media_stream_manager.cc:1519] MDM::EnumerateDevices({request_id=6})
[33072:0829/100911.939:VERBOSE1:content\browser\renderer_host\media\media_stream_manager.cc:1519] MDM::OnDevicesEnumeratedAndRanked({request_id=6}, {has_audio_permission=true}, {has_video_permission=true})
[33072:0829/100911.939:VERBOSE1:content\browser\renderer_host\media\media_stream_manager.cc:1519] MDM::GotAudioInputCapabilities({request_id=6}, {label=[Fake Default Audio Input]}, {is_valid=true}, {sample_rate=44100}, {channels=2}, {latency_ms=10})
[33072:0829/100911.939:VERBOSE1:content\browser\renderer_host\media\media_stream_manager.cc:1519] MDM::GotAudioInputCapabilities({request_id=6}, {label=[Fake Audio Input 1]}, {is_valid=true}, {sample_rate=44100}, {channels=2}, {latency_ms=10})
[33072:0829/100911.939:VERBOSE1:content\browser\renderer_host\media\media_stream_manager.cc:1519] MDM::GotAudioInputCapabilities({request_id=6}, {label=[Fake Audio Input 2]}, {is_valid=true}, {sample_rate=44100}, {channels=2}, {latency_ms=10})
[33072:0829/100911.939:VERBOSE1:content\browser\renderer_host\media\media_stream_manager.cc:1519] MDM::FinalizeDevicesEnumerated({request_id=6}, {audio_count=3}, {video_count=1})
[33072:0829/100911.941:VERBOSE1:content\browser\renderer_host\media\media_stream_manager.cc:1519] RFAOSF::RequestDeviceAuthorization({device_id=}) [process_id=7, frame_id=1]
[33072:0829/100911.942:VERBOSE1:content\browser\renderer_host\media\media_stream_manager.cc:1519] RFAOSF::AuthorizationCompleted({status=OK}, {params=format: PCM_LOW_LATENCY, channel_layout: 14, channels: 8, sample_rate: 96000, frames_per_buffer: 960, effects: NONE, mic_positions: , latency_tag: LatencyUnknown, hw_capabilities: min_frames_per_buffer: 192, max_frames_per_buffer: 960, bitstream_formats:0, require_encapsulation:0, require_audio_offload:0}, {device_id=default}) [process_id=6, frame_id=1]
[33072:0829/100911.942:VERBOSE1:content\browser\renderer_host\media\media_stream_manager.cc:1519] RFAOSF::AuthorizationCompleted => (authorization time=4 ms) [process_id=6, frame_id=1]
[33072:0829/100911.942:VERBOSE1:content\browser\renderer_host\media\media_stream_manager.cc:1519] audio::IS::Record() => (duration=0 ms) [id=53DC45F5F0B01658ADE708505588ED7F]
[33072:0829/100911.942:VERBOSE1:content\browser\renderer_host\media\media_stream_manager.cc:1519] AISW::CheckTimeSinceLastWrite => (audio input data received for the first time: delay=9 ms) [id=6E9D08F0B137A37E2AC7223CFFB4B4C2]
[33072:0829/100911.942:VERBOSE1:content\browser\renderer_host\media\media_stream_manager.cc:1519] AISW::CheckTimeSinceLastWrite => (audio input data received for the first time: delay=3 ms) [id=688F7A16C4B186A8073E07B434301B7D]
[33072:0829/100911.942:VERBOSE1:content\browser\renderer_host\media\media_stream_manager.cc:1519] RFAOSF::RequestDeviceAuthorization({device_id=}) [process_id=6, frame_id=1]
[33072:0829/100911.946:VERBOSE1:content\browser\renderer_host\media\media_stream_manager.cc:1519] RFAOSF::AuthorizationCompleted({status=OK}, {params=format: PCM_LOW_LATENCY, channel_layout: 14, channels: 8, sample_rate: 96000, frames_per_buffer: 960, effects: NONE, mic_positions: , latency_tag: LatencyUnknown, hw_capabilities: min_frames_per_buffer: 192, max_frames_per_buffer: 960, bitstream_formats:0, require_encapsulation:0, require_audio_offload:0}, {device_id=default}) [process_id=7, frame_id=1]
[33072:0829/100911.946:VERBOSE1:content\browser\renderer_host\media\media_stream_manager.cc:1519] RFAOSF::AuthorizationCompleted => (authorization time=4 ms) [process_id=7, frame_id=1]
[33072:0829/100911.946:VERBOSE1:content\browser\renderer_host\media\media_stream_manager.cc:1519] AIC::ReportIsAlive => (stream is alive) [id=AB4DD658A01D4B40CA8717B0C5BE138F]
[33072:0829/100911.946:VERBOSE1:content\browser\renderer_host\media\media_stream_manager.cc:1519] audio::IS::SetOutputDeviceForAec({output_device_id=}) [id=53DC45F5F0B01658ADE708505588ED7F]
[33072:0829/100911.946:VERBOSE1:content\browser\renderer_host\media\media_stream_manager.cc:1519] AIC::ReportIsAlive => (stream is alive) [id=53DC45F5F0B01658ADE708505588ED7F]
[33072:0829/100911.946:VERBOSE1:content\browser\renderer_host\media\media_stream_manager.cc:1519] RFAOSF::RequestDeviceAuthorization({device_id=}) [process_id=7, frame_id=1]
[33072:0829/100911.950:VERBOSE1:content\browser\renderer_host\media\media_stream_manager.cc:1519] RFAOSF::AuthorizationCompleted({status=OK}, {params=format: PCM_LOW_LATENCY, channel_layout: 14, channels: 8, sample_rate: 96000, frames_per_buffer: 960, effects: NONE, mic_positions: , latency_tag: LatencyUnknown, hw_capabilities: min_frames_per_buffer: 192, max_frames_per_buffer: 960, bitstream_formats:0, require_encapsulation:0, require_audio_offload:0}, {device_id=default}) [process_id=6, frame_id=1]
[33072:0829/100911.950:VERBOSE1:content\browser\renderer_host\media\media_stream_manager.cc:1519] RFAOSF::AuthorizationCompleted => (authorization time=7 ms) [process_id=6, frame_id=1]
[33072:0829/100911.953:VERBOSE1:content\browser\renderer_host\media\media_stream_manager.cc:1519] RFAOSF::AuthorizationCompleted({status=OK}, {params=format: PCM_LOW_LATENCY, channel_layout: 14, channels: 8, sample_rate: 96000, frames_per_buffer: 960, effects: NONE, mic_positions: , latency_tag: LatencyUnknown, hw_capabilities: min_frames_per_buffer: 192, max_frames_per_buffer: 960, bitstream_formats:0, require_encapsulation:0, require_audio_offload:0}, {device_id=default}) [process_id=7, frame_id=1]
[33072:0829/100911.953:VERBOSE1:content\browser\renderer_host\media\media_stream_manager.cc:1519] RFAOSF::AuthorizationCompleted => (authorization time=7 ms) [process_id=7, frame_id=1]
[33072:0829/100911.958:VERBOSE1:content\browser\renderer_host\media\media_stream_manager.cc:1519] AMB::MakeAudioOutputStream({device_id={0.0.0.00000000}.{e1abc020-acae-4cca-a51a-4dd20c0ea987}}, {params=[format: PCM_LOW_LATENCY, channel_layout: 14, channels: 8, sample_rate: 96000, frames_per_buffer: 960, effects: NONE, mic_positions: , latency_tag: LatencyUnknown, hw_capabilities: min_frames_per_buffer: 192, max_frames_per_buffer: 960, bitstream_formats:0, require_encapsulation:0, require_audio_offload:0]})
[33072:0829/100911.958:VERBOSE1:content\browser\renderer_host\media\media_stream_manager.cc:1519] WAOS[id=2E21DA456A592DB5A8E24C761E37D072]: WASAPIAudioOutputStream({device_name=Unknown}, {params=[format: PCM_LOW_LATENCY, channel_layout: 14, channels: 8, sample_rate: 96000, frames_per_buffer: 960, effects: NONE, mic_positions: , latency_tag: LatencyUnknown, hw_capabilities: min_frames_per_buffer: 192, max_frames_per_buffer: 960, bitstream_formats:0, require_encapsulation:0, require_audio_offload:0]}, {role=Console})
[33072:0829/100911.958:VERBOSE1:content\browser\renderer_host\media\media_stream_manager.cc:1519] AMB::MakeAudioOutputStream => (number of streams=1)
[33072:0829/100911.958:VERBOSE1:content\browser\renderer_host\media\media_stream_manager.cc:1519] WAOS[id=2E21DA456A592DB5A8E24C761E37D072]: Open([opened=false])
[33072:0829/100911.959:VERBOSE1:content\browser\renderer_host\media\media_stream_manager.cc:1519] WAOS[id=2E21DA456A592DB5A8E24C761E37D072]: SetupWaveFormat => (audio engine format=[wFormatTag: WAVE_FORMAT_EXTENSIBLE (0xFFFE), nChannels: 8, nSamplesPerSec: 96000, nAvgBytesPerSec: 3072000, nBlockAlign: 32, wBitsPerSample: 32, cbSize: 22 [+] wValidBitsPerSample: 32, dwChannelMask: FRONT_LEFT | FRONT_RIGHT | FRONT_CENTER | LOW_FREQUENCY | BACK_LEFT | BACK_RIGHT | SIDE_LEFT | SIDE_RIGHT (8/8), SubFormat: KSDATAFORMAT_SUBTYPE_IEEE_FLOAT])
[33072:0829/100911.959:VERBOSE1:content\browser\renderer_host\media\media_stream_manager.cc:1519] WAOS[id=2E21DA456A592DB5A8E24C761E37D072]: SetupWaveFormat => (packet size=[30720 bytes/960 audio frames/10.000 ms])
[33072:0829/100911.965:VERBOSE1:content\browser\renderer_host\media\media_stream_manager.cc:1519] WAOS[id=2E21DA456A592DB5A8E24C761E37D072]: Open => (preferred_frames_per_buffer=[960 audio frames])
[33072:0829/100911.966:VERBOSE1:content\browser\renderer_host\media\media_stream_manager.cc:1519] audio::OS::Ctor({audio_manager_name=Windows}, {device_id=default}, {params=[format: PCM_LOW_LATENCY, channel_layout: 3, channels: 2, sample_rate: 96000, frames_per_buffer: 960, effects: NONE, mic_positions: , latency_tag: LatencyInteractive]}) [id=29C6D1E9B98FD44F90698DBFD853AFA7] [controller_id=6814A5AABAB33F11F69A2ABB0C76FD73]
[33072:0829/100911.966:VERBOSE1:content\browser\renderer_host\media\media_stream_manager.cc:1519] AOC::CreateStream([state=empty]) [id=6814A5AABAB33F11F69A2ABB0C76FD73]
[33072:0829/100911.966:VERBOSE1:content\browser\renderer_host\media\media_stream_manager.cc:1519] AOC::RecreateStream({reason=INITIAL_STREAM}, {device_name=Default - Unknown}, {params=[format: PCM_LOW_LATENCY, channel_layout: 3, channels: 2, sample_rate: 96000, frames_per_buffer: 960, effects: NONE, mic_positions: , latency_tag: LatencyInteractive]}, [state=empty]) [id=6814A5AABAB33F11F69A2ABB0C76FD73]
[33072:0829/100911.966:VERBOSE1:content\browser\renderer_host\media\media_stream_manager.cc:1519] AOC::CreateStream => (state=created) [id=6814A5AABAB33F11F69A2ABB0C76FD73]
[33072:0829/100911.966:VERBOSE1:content\browser\renderer_host\media\media_stream_manager.cc:1519] audio::OS::CreateAudioPipe() [id=29C6D1E9B98FD44F90698DBFD853AFA7] [controller_id=6814A5AABAB33F11F69A2ABB0C76FD73]
[33072:0829/100911.966:VERBOSE1:content\browser\renderer_host\media\media_stream_manager.cc:1519] audio::OS::CreateAudioPipe() => (duration=0 ms) [id=29C6D1E9B98FD44F90698DBFD853AFA7] [controller_id=6814A5AABAB33F11F69A2ABB0C76FD73]
[33072:0829/100911.966:VERBOSE1:content\browser\renderer_host\media\media_stream_manager.cc:1519] audio::OS::Create => (duration=12 ms) [id=29C6D1E9B98FD44F90698DBFD853AFA7] [controller_id=6814A5AABAB33F11F69A2ABB0C76FD73]
[33072:0829/100911.966:VERBOSE1:content\browser\renderer_host\media\media_stream_manager.cc:1519] audio::OS::Ctor({audio_manager_name=Windows}, {device_id=default}, {params=[format: PCM_LOW_LATENCY, channel_layout: 3, channels: 2, sample_rate: 96000, frames_per_buffer: 960, effects: NONE, mic_positions: , latency_tag: LatencyInteractive]}) [id=C014957D6E4CF440851086D166937DE0] [controller_id=F549716185D338AAD46A06064EA4BF49]
[33072:0829/100911.966:VERBOSE1:content\browser\renderer_host\media\media_stream_manager.cc:1519] AOC::CreateStream([state=empty]) [id=F549716185D338AAD46A06064EA4BF49]
[33072:0829/100911.966:VERBOSE1:content\browser\renderer_host\media\media_stream_manager.cc:1519] AOC::RecreateStream({reason=INITIAL_STREAM}, {device_name=Default - Unknown}, {params=[format: PCM_LOW_LATENCY, channel_layout: 3, channels: 2, sample_rate: 96000, frames_per_buffer: 960, effects: NONE, mic_positions: , latency_tag: LatencyInteractive]}, [state=empty]) [id=F549716185D338AAD46A06064EA4BF49]
[33072:0829/100911.966:VERBOSE1:content\browser\renderer_host\media\media_stream_manager.cc:1519] AOC::CreateStream => (state=created) [id=F549716185D338AAD46A06064EA4BF49]
[33072:0829/100911.966:VERBOSE1:content\browser\renderer_host\media\media_stream_manager.cc:1519] audio::OS::CreateAudioPipe() [id=C014957D6E4CF440851086D166937DE0] [controller_id=F549716185D338AAD46A06064EA4BF49]
[33072:0829/100911.966:VERBOSE1:content\browser\renderer_host\media\media_stream_manager.cc:1519] audio::OS::CreateAudioPipe() => (duration=0 ms) [id=C014957D6E4CF440851086D166937DE0] [controller_id=F549716185D338AAD46A06064EA4BF49]
[33072:0829/100911.966:VERBOSE1:content\browser\renderer_host\media\media_stream_manager.cc:1519] audio::OS::Create => (duration=0 ms) [id=C014957D6E4CF440851086D166937DE0] [controller_id=F549716185D338AAD46A06064EA4BF49]
[33072:0829/100911.966:VERBOSE1:content\browser\renderer_host\media\media_stream_manager.cc:1519] WAOS[id=2E21DA456A592DB5A8E24C761E37D072]: SetVolume({volume=1.00})
[33072:0829/100911.966:VERBOSE1:content\browser\renderer_host\media\media_stream_manager.cc:1519] WAOS[id=2E21DA456A592DB5A8E24C761E37D072]: Start([opened=true, started=false])
[33072:0829/100911.967:VERBOSE1:content\browser\renderer_host\media\media_stream_manager.cc:1519] audio::OS::Play() [id=29C6D1E9B98FD44F90698DBFD853AFA7] [controller_id=6814A5AABAB33F11F69A2ABB0C76FD73]
[33072:0829/100911.967:VERBOSE1:content\browser\renderer_host\media\media_stream_manager.cc:1519] AOC::Play([state=created]) [id=6814A5AABAB33F11F69A2ABB0C76FD73]
[33072:0829/100911.967:VERBOSE1:content\browser\renderer_host\media\media_stream_manager.cc:1519] AOC::StartStream => (state=playing) [id=6814A5AABAB33F11F69A2ABB0C76FD73]
[33072:0829/100911.967:VERBOSE1:content\browser\renderer_host\media\media_stream_manager.cc:1519] audio::OS::Play() => (duration=0 ms) [id=29C6D1E9B98FD44F90698DBFD853AFA7] [controller_id=6814A5AABAB33F11F69A2ABB0C76FD73]
[33072:0829/100911.967:VERBOSE1:content\browser\renderer_host\media\media_stream_manager.cc:1519] audio::OS::Play() [id=C014957D6E4CF440851086D166937DE0] [controller_id=F549716185D338AAD46A06064EA4BF49]
[33072:0829/100911.967:VERBOSE1:content\browser\renderer_host\media\media_stream_manager.cc:1519] AOC::Play([state=created]) [id=F549716185D338AAD46A06064EA4BF49]
[33072:0829/100911.967:VERBOSE1:content\browser\renderer_host\media\media_stream_manager.cc:1519] AOC::StartStream => (state=playing) [id=F549716185D338AAD46A06064EA4BF49]
[33072:0829/100911.967:VERBOSE1:content\browser\renderer_host\media\media_stream_manager.cc:1519] audio::OS::Play() => (duration=0 ms) [id=C014957D6E4CF440851086D166937DE0] [controller_id=F549716185D338AAD46A06064EA4BF49]
[33072:0829/100912.011:VERBOSE1:content\browser\renderer_host\media\media_stream_manager.cc:1519] AOC::Close([state=playing]) [id=6814A5AABAB33F11F69A2ABB0C76FD73]
[33072:0829/100912.011:VERBOSE1:content\browser\renderer_host\media\media_stream_manager.cc:1519] AOC::StopStream => (duration=0 sec) [id=6814A5AABAB33F11F69A2ABB0C76FD73]
[33072:0829/100912.011:VERBOSE1:content\browser\renderer_host\media\media_stream_manager.cc:1519] AOC::StopStream => (glitches=[duration (ms): 0, count: 0], glitch_percentage=0.000%) [id=6814A5AABAB33F11F69A2ABB0C76FD73]
[33072:0829/100912.011:VERBOSE1:content\browser\renderer_host\media\media_stream_manager.cc:1519] AOC::StopStream => (error_during_callback=false) [id=6814A5AABAB33F11F69A2ABB0C76FD73]
[33072:0829/100912.011:VERBOSE1:content\browser\renderer_host\media\media_stream_manager.cc:1519] RFAOSF::RequestDeviceAuthorization({device_id=}) [process_id=6, frame_id=1]
[33072:0829/100912.011:VERBOSE1:content\browser\renderer_host\media\media_stream_manager.cc:1519] AOC::StopStream => (average audio level=-inf dBFS) [id=6814A5AABAB33F11F69A2ABB0C76FD73]
[33072:0829/100912.011:VERBOSE1:content\browser\renderer_host\media\media_stream_manager.cc:1519] AOC::Close => (state=closed) [id=6814A5AABAB33F11F69A2ABB0C76FD73]
[33072:0829/100912.011:VERBOSE1:content\browser\renderer_host\media\media_stream_manager.cc:1519] audio::OS::Dtor => (completed, duration=0 ms) [id=29C6D1E9B98FD44F90698DBFD853AFA7] [controller_id=6814A5AABAB33F11F69A2ABB0C76FD73]
[33072:0829/100912.011:VERBOSE1:content\browser\renderer_host\media\media_stream_manager.cc:1519] ASR: number of detected audio glitches: 0 out of 5
[33072:0829/100912.016:VERBOSE1:content\browser\renderer_host\media\media_stream_manager.cc:1519] RFAOSF::AuthorizationCompleted({status=OK}, {params=format: PCM_LOW_LATENCY, channel_layout: 14, channels: 8, sample_rate: 96000, frames_per_buffer: 960, effects: NONE, mic_positions: , latency_tag: LatencyUnknown, hw_capabilities: min_frames_per_buffer: 192, max_frames_per_buffer: 960, bitstream_formats:0, require_encapsulation:0, require_audio_offload:0}, {device_id=default}) [process_id=6, frame_id=1]
[33072:0829/100912.016:VERBOSE1:content\browser\renderer_host\media\media_stream_manager.cc:1519] RFAOSF::AuthorizationCompleted => (authorization time=4 ms) [process_id=6, frame_id=1]
[33072:0829/100912.016:VERBOSE1:content\browser\renderer_host\media\media_stream_manager.cc:1519] audio::OS::Ctor({audio_manager_name=Windows}, {device_id=default}, {params=[format: PCM_LOW_LATENCY, channel_layout: 3, channels: 2, sample_rate: 96000, frames_per_buffer: 960, effects: NONE, mic_positions: , latency_tag: LatencyInteractive]}) [id=4BF33FB6B9C155F6047E8741B1C0B2B9] [controller_id=1A779E71EABFEDD28C5C5BC2038B2BF8]
[33072:0829/100912.016:VERBOSE1:content\browser\renderer_host\media\media_stream_manager.cc:1519] AOC::CreateStream([state=empty]) [id=1A779E71EABFEDD28C5C5BC2038B2BF8]
[33072:0829/100912.016:VERBOSE1:content\browser\renderer_host\media\media_stream_manager.cc:1519] AOC::RecreateStream({reason=INITIAL_STREAM}, {device_name=Default - Unknown}, {params=[format: PCM_LOW_LATENCY, channel_layout: 3, channels: 2, sample_rate: 96000, frames_per_buffer: 960, effects: NONE, mic_positions: , latency_tag: LatencyInteractive]}, [state=empty]) [id=1A779E71EABFEDD28C5C5BC2038B2BF8]
[33072:0829/100912.016:VERBOSE1:content\browser\renderer_host\media\media_stream_manager.cc:1519] AOC::CreateStream => (state=created) [id=1A779E71EABFEDD28C5C5BC2038B2BF8]
[33072:0829/100912.016:VERBOSE1:content\browser\renderer_host\media\media_stream_manager.cc:1519] audio::OS::CreateAudioPipe() [id=4BF33FB6B9C155F6047E8741B1C0B2B9] [controller_id=1A779E71EABFEDD28C5C5BC2038B2BF8]
[33072:0829/100912.016:VERBOSE1:content\browser\renderer_host\media\media_stream_manager.cc:1519] audio::OS::CreateAudioPipe() => (duration=0 ms) [id=4BF33FB6B9C155F6047E8741B1C0B2B9] [controller_id=1A779E71EABFEDD28C5C5BC2038B2BF8]
[33072:0829/100912.016:VERBOSE1:content\browser\renderer_host\media\media_stream_manager.cc:1519] audio::OS::Create => (duration=0 ms) [id=4BF33FB6B9C155F6047E8741B1C0B2B9] [controller_id=1A779E71EABFEDD28C5C5BC2038B2BF8]
[33072:0829/100912.016:VERBOSE1:content\browser\renderer_host\media\media_stream_manager.cc:1519] audio::OS::Play() [id=4BF33FB6B9C155F6047E8741B1C0B2B9] [controller_id=1A779E71EABFEDD28C5C5BC2038B2BF8]
[33072:0829/100912.016:VERBOSE1:content\browser\renderer_host\media\media_stream_manager.cc:1519] AOC::Play([state=created]) [id=1A779E71EABFEDD28C5C5BC2038B2BF8]
[33072:0829/100912.016:VERBOSE1:content\browser\renderer_host\media\media_stream_manager.cc:1519] AOC::StartStream => (state=playing) [id=1A779E71EABFEDD28C5C5BC2038B2BF8]
[33072:0829/100912.016:VERBOSE1:content\browser\renderer_host\media\media_stream_manager.cc:1519] audio::OS::Play() => (duration=0 ms) [id=4BF33FB6B9C155F6047E8741B1C0B2B9] [controller_id=1A779E71EABFEDD28C5C5BC2038B2BF8]
[33072:0829/100912.023:VERBOSE1:content\browser\renderer_host\media\media_stream_manager.cc:1519] AOC::Close([state=playing]) [id=F549716185D338AAD46A06064EA4BF49]
[33072:0829/100912.023:VERBOSE1:content\browser\renderer_host\media\media_stream_manager.cc:1519] AOC::StopStream => (duration=0 sec) [id=F549716185D338AAD46A06064EA4BF49]
[33072:0829/100912.023:VERBOSE1:content\browser\renderer_host\media\media_stream_manager.cc:1519] AOC::StopStream => (glitches=[duration (ms): 0, count: 0], glitch_percentage=0.000%) [id=F549716185D338AAD46A06064EA4BF49]
[33072:0829/100912.023:VERBOSE1:content\browser\renderer_host\media\media_stream_manager.cc:1519] AOC::StopStream => (error_during_callback=false) [id=F549716185D338AAD46A06064EA4BF49]
[33072:0829/100912.023:VERBOSE1:content\browser\renderer_host\media\media_stream_manager.cc:1519] AOC::StopStream => (average audio level=-inf dBFS) [id=F549716185D338AAD46A06064EA4BF49]
[33072:0829/100912.023:VERBOSE1:content\browser\renderer_host\media\media_stream_manager.cc:1519] AOC::Close => (state=closed) [id=F549716185D338AAD46A06064EA4BF49]
[33072:0829/100912.023:VERBOSE1:content\browser\renderer_host\media\media_stream_manager.cc:1519] audio::OS::Dtor => (completed, duration=0 ms) [id=C014957D6E4CF440851086D166937DE0] [controller_id=F549716185D338AAD46A06064EA4BF49]
[33072:0829/100912.023:VERBOSE1:content\browser\renderer_host\media\media_stream_manager.cc:1519] ASR: number of detected audio glitches: 0 out of 6
[33072:0829/100912.023:VERBOSE1:content\browser\renderer_host\media\media_stream_manager.cc:1519] RFAOSF::RequestDeviceAuthorization({device_id=}) [process_id=7, frame_id=1]
[33072:0829/100912.027:VERBOSE1:content\browser\renderer_host\media\media_stream_manager.cc:1519] RFAOSF::RequestDeviceAuthorization({device_id=}) [process_id=6, frame_id=1]
[33072:0829/100912.027:VERBOSE1:content\browser\renderer_host\media\media_stream_manager.cc:1519] RFAOSF::AuthorizationCompleted({status=OK}, {params=format: PCM_LOW_LATENCY, channel_layout: 14, channels: 8, sample_rate: 96000, frames_per_buffer: 960, effects: NONE, mic_positions: , latency_tag: LatencyUnknown, hw_capabilities: min_frames_per_buffer: 192, max_frames_per_buffer: 960, bitstream_formats:0, require_encapsulation:0, require_audio_offload:0}, {device_id=default}) [process_id=7, frame_id=1]
[33072:0829/100912.027:VERBOSE1:content\browser\renderer_host\media\media_stream_manager.cc:1519] RFAOSF::AuthorizationCompleted => (authorization time=4 ms) [process_id=7, frame_id=1]
[33072:0829/100912.027:VERBOSE1:content\browser\renderer_host\media\media_stream_manager.cc:1519] RFAOSF::RequestDeviceAuthorization({device_id=}) [process_id=6, frame_id=1]
[33072:0829/100912.029:VERBOSE1:content\browser\renderer_host\media\media_stream_manager.cc:1519] RFAOSF::RequestDeviceAuthorization({device_id=}) [process_id=7, frame_id=1]
[33072:0829/100912.029:VERBOSE1:content\browser\renderer_host\media\media_stream_manager.cc:1519] RFAOSF::RequestDeviceAuthorization({device_id=}) [process_id=7, frame_id=1]
[33072:0829/100912.032:VERBOSE1:content\browser\renderer_host\media\media_stream_manager.cc:1519] RFAOSF::AuthorizationCompleted({status=OK}, {params=format: PCM_LOW_LATENCY, channel_layout: 14, channels: 8, sample_rate: 96000, frames_per_buffer: 960, effects: NONE, mic_positions: , latency_tag: LatencyUnknown, hw_capabilities: min_frames_per_buffer: 192, max_frames_per_buffer: 960, bitstream_formats:0, require_encapsulation:0, require_audio_offload:0}, {device_id=default}) [process_id=6, frame_id=1]
[33072:0829/100912.032:VERBOSE1:content\browser\renderer_host\media\media_stream_manager.cc:1519] RFAOSF::AuthorizationCompleted => (authorization time=4 ms) [process_id=6, frame_id=1]
[33072:0829/100912.032:VERBOSE1:content\browser\renderer_host\media\media_stream_manager.cc:1519] ASR: No room in socket buffer.
[33072:0829/100912.037:VERBOSE1:content\browser\renderer_host\media\media_stream_manager.cc:1519] RFAOSF::AuthorizationCompleted({status=OK}, {params=format: PCM_LOW_LATENCY, channel_layout: 14, channels: 8, sample_rate: 96000, frames_per_buffer: 960, effects: NONE, mic_positions: , latency_tag: LatencyUnknown, hw_capabilities: min_frames_per_buffer: 192, max_frames_per_buffer: 960, bitstream_formats:0, require_encapsulation:0, require_audio_offload:0}, {device_id=default}) [process_id=6, frame_id=1]
[33072:0829/100912.037:VERBOSE1:content\browser\renderer_host\media\media_stream_manager.cc:1519] RFAOSF::AuthorizationCompleted => (authorization time=8 ms) [process_id=6, frame_id=1]
[33072:0829/100912.040:VERBOSE1:content\browser\renderer_host\media\media_stream_manager.cc:1519] RFAOSF::AuthorizationCompleted({status=OK}, {params=format: PCM_LOW_LATENCY, channel_layout: 14, channels: 8, sample_rate: 96000, frames_per_buffer: 960, effects: NONE, mic_positions: , latency_tag: LatencyUnknown, hw_capabilities: min_frames_per_buffer: 192, max_frames_per_buffer: 960, bitstream_formats:0, require_encapsulation:0, require_audio_offload:0}, {device_id=default}) [process_id=7, frame_id=1]
[33072:0829/100912.040:VERBOSE1:content\browser\renderer_host\media\media_stream_manager.cc:1519] RFAOSF::AuthorizationCompleted => (authorization time=11 ms) [process_id=7, frame_id=1]
[33072:0829/100912.044:VERBOSE1:content\browser\renderer_host\media\media_stream_manager.cc:1519] RFAOSF::AuthorizationCompleted({status=OK}, {params=format: PCM_LOW_LATENCY, channel_layout: 14, channels: 8, sample_rate: 96000, frames_per_buffer: 960, effects: NONE, mic_positions: , latency_tag: LatencyUnknown, hw_capabilities: min_frames_per_buffer: 192, max_frames_per_buffer: 960, bitstream_formats:0, require_encapsulation:0, require_audio_offload:0}, {device_id=default}) [process_id=7, frame_id=1]
[33072:0829/100912.044:VERBOSE1:content\browser\renderer_host\media\media_stream_manager.cc:1519] RFAOSF::AuthorizationCompleted => (authorization time=14 ms) [process_id=7, frame_id=1]
[33072:0829/100912.044:VERBOSE1:content\browser\renderer_host\media\media_stream_manager.cc:1519] AOC::Close([state=playing]) [id=1A779E71EABFEDD28C5C5BC2038B2BF8]
[33072:0829/100912.044:VERBOSE1:content\browser\renderer_host\media\media_stream_manager.cc:1519] AOC::StopStream => (duration=0 sec) [id=1A779E71EABFEDD28C5C5BC2038B2BF8]
[33072:0829/100912.044:VERBOSE1:content\browser\renderer_host\media\media_stream_manager.cc:1519] AOC::StopStream => (glitches=[duration (ms): 0, count: 0], glitch_percentage=0.000%) [id=1A779E71EABFEDD28C5C5BC2038B2BF8]
[33072:0829/100912.044:VERBOSE1:content\browser\renderer_host\media\media_stream_manager.cc:1519] AOC::StopStream => (error_during_callback=false) [id=1A779E71EABFEDD28C5C5BC2038B2BF8]
[33072:0829/100912.044:VERBOSE1:content\browser\renderer_host\media\media_stream_manager.cc:1519] AOC::StopStream => (average audio level=-inf dBFS) [id=1A779E71EABFEDD28C5C5BC2038B2BF8]
[33072:0829/100912.044:VERBOSE1:content\browser\renderer_host\media\media_stream_manager.cc:1519] AOC::Close => (state=closed) [id=1A779E71EABFEDD28C5C5BC2038B2BF8]
[33072:0829/100912.044:VERBOSE1:content\browser\renderer_host\media\media_stream_manager.cc:1519] audio::OS::Dtor => (completed, duration=0 ms) [id=4BF33FB6B9C155F6047E8741B1C0B2B9] [controller_id=1A779E71EABFEDD28C5C5BC2038B2BF8]
[33072:0829/100912.044:VERBOSE1:content\browser\renderer_host\media\media_stream_manager.cc:1519] ASR: number of detected audio glitches: 0 out of 2
[33072:0829/100912.044:VERBOSE1:content\browser\renderer_host\media\media_stream_manager.cc:1519] audio::OS::Ctor({audio_manager_name=Windows}, {device_id=default}, {params=[format: PCM_LOW_LATENCY, channel_layout: 3, channels: 2, sample_rate: 96000, frames_per_buffer: 960, effects: NONE, mic_positions: , latency_tag: LatencyInteractive]}) [id=BC2023EF324DDF596BCABAAA8EB9ACBF] [controller_id=7DB6EC58942665585BDDE05AB70F550A]
[33072:0829/100912.044:VERBOSE1:content\browser\renderer_host\media\media_stream_manager.cc:1519] AOC::CreateStream([state=empty]) [id=7DB6EC58942665585BDDE05AB70F550A]
[33072:0829/100912.044:VERBOSE1:content\browser\renderer_host\media\media_stream_manager.cc:1519] AOC::RecreateStream({reason=INITIAL_STREAM}, {device_name=Default - Unknown}, {params=[format: PCM_LOW_LATENCY, channel_layout: 3, channels: 2, sample_rate: 96000, frames_per_buffer: 960, effects: NONE, mic_positions: , latency_tag: LatencyInteractive]}, [state=empty]) [id=7DB6EC58942665585BDDE05AB70F550A]
[33072:0829/100912.044:VERBOSE1:content\browser\renderer_host\media\media_stream_manager.cc:1519] AOC::CreateStream => (state=created) [id=7DB6EC58942665585BDDE05AB70F550A]
[33072:0829/100912.044:VERBOSE1:content\browser\renderer_host\media\media_stream_manager.cc:1519] audio::OS::CreateAudioPipe() [id=BC2023EF324DDF596BCABAAA8EB9ACBF] [controller_id=7DB6EC58942665585BDDE05AB70F550A]
[33072:0829/100912.044:VERBOSE1:content\browser\renderer_host\media\media_stream_manager.cc:1519] audio::OS::CreateAudioPipe() => (duration=0 ms) [id=BC2023EF324DDF596BCABAAA8EB9ACBF] [controller_id=7DB6EC58942665585BDDE05AB70F550A]
[33072:0829/100912.044:VERBOSE1:content\browser\renderer_host\media\media_stream_manager.cc:1519] audio::OS::Create => (duration=0 ms) [id=BC2023EF324DDF596BCABAAA8EB9ACBF] [controller_id=7DB6EC58942665585BDDE05AB70F550A]
[33072:0829/100912.044:VERBOSE1:content\browser\renderer_host\media\media_stream_manager.cc:1519] audio::OS::Ctor({audio_manager_name=Windows}, {device_id=default}, {params=[format: PCM_LOW_LATENCY, channel_layout: 3, channels: 2, sample_rate: 96000, frames_per_buffer: 960, effects: NONE, mic_positions: , latency_tag: LatencyInteractive]}) [id=94D7556F76AFAC6F514B41D0A9802FD0] [controller_id=7CDB98181FAC41ADA983212B8D265723]
[33072:0829/100912.044:VERBOSE1:content\browser\renderer_host\media\media_stream_manager.cc:1519] AOC::CreateStream([state=empty]) [id=7CDB98181FAC41ADA983212B8D265723]
[33072:0829/100912.044:VERBOSE1:content\browser\renderer_host\media\media_stream_manager.cc:1519] AOC::RecreateStream({reason=INITIAL_STREAM}, {device_name=Default - Unknown}, {params=[format: PCM_LOW_LATENCY, channel_layout: 3, channels: 2, sample_rate: 96000, frames_per_buffer: 960, effects: NONE, mic_positions: , latency_tag: LatencyInteractive]}, [state=empty]) [id=7CDB98181FAC41ADA983212B8D265723]
[33072:0829/100912.044:VERBOSE1:content\browser\renderer_host\media\media_stream_manager.cc:1519] AOC::CreateStream => (state=created) [id=7CDB98181FAC41ADA983212B8D265723]
[33072:0829/100912.044:VERBOSE1:content\browser\renderer_host\media\media_stream_manager.cc:1519] audio::OS::CreateAudioPipe() [id=94D7556F76AFAC6F514B41D0A9802FD0] [controller_id=7CDB98181FAC41ADA983212B8D265723]
[33072:0829/100912.044:VERBOSE1:content\browser\renderer_host\media\media_stream_manager.cc:1519] audio::OS::CreateAudioPipe() => (duration=0 ms) [id=94D7556F76AFAC6F514B41D0A9802FD0] [controller_id=7CDB98181FAC41ADA983212B8D265723]
[33072:0829/100912.044:VERBOSE1:content\browser\renderer_host\media\media_stream_manager.cc:1519] audio::OS::Create => (duration=0 ms) [id=94D7556F76AFAC6F514B41D0A9802FD0] [controller_id=7CDB98181FAC41ADA983212B8D265723]
[33072:0829/100912.045:VERBOSE1:content\browser\renderer_host\media\media_stream_manager.cc:1519] audio::OS::Ctor({audio_manager_name=Windows}, {device_id=default}, {params=[format: PCM_LOW_LATENCY, channel_layout: 14, channels: 8, sample_rate: 96000, frames_per_buffer: 960, effects: NONE, mic_positions: , latency_tag: LatencyRtc]}) [id=B7AE1615A4CF8574B6A5B5FCB79A05C3] [controller_id=DDCE2BD6B2C690A278FBA9BCC5842115]
[33072:0829/100912.045:VERBOSE1:content\browser\renderer_host\media\media_stream_manager.cc:1519] AOC::CreateStream([state=empty]) [id=DDCE2BD6B2C690A278FBA9BCC5842115]
[33072:0829/100912.045:VERBOSE1:content\browser\renderer_host\media\media_stream_manager.cc:1519] AOC::RecreateStream({reason=INITIAL_STREAM}, {device_name=Default - Unknown}, {params=[format: PCM_LOW_LATENCY, channel_layout: 14, channels: 8, sample_rate: 96000, frames_per_buffer: 960, effects: NONE, mic_positions: , latency_tag: LatencyRtc]}, [state=empty]) [id=DDCE2BD6B2C690A278FBA9BCC5842115]
[33072:0829/100912.045:VERBOSE1:content\browser\renderer_host\media\media_stream_manager.cc:1519] AOC::CreateStream => (state=created) [id=DDCE2BD6B2C690A278FBA9BCC5842115]
[33072:0829/100912.045:VERBOSE1:content\browser\renderer_host\media\media_stream_manager.cc:1519] audio::OS::CreateAudioPipe() [id=B7AE1615A4CF8574B6A5B5FCB79A05C3] [controller_id=DDCE2BD6B2C690A278FBA9BCC5842115]
[33072:0829/100912.045:VERBOSE1:content\browser\renderer_host\media\media_stream_manager.cc:1519] audio::OS::CreateAudioPipe() => (duration=0 ms) [id=B7AE1615A4CF8574B6A5B5FCB79A05C3] [controller_id=DDCE2BD6B2C690A278FBA9BCC5842115]
[33072:0829/100912.045:VERBOSE1:content\browser\renderer_host\media\media_stream_manager.cc:1519] audio::OS::Create => (duration=0 ms) [id=B7AE1615A4CF8574B6A5B5FCB79A05C3] [controller_id=DDCE2BD6B2C690A278FBA9BCC5842115]
[33072:0829/100912.045:VERBOSE1:content\browser\renderer_host\media\media_stream_manager.cc:1519] AOC::Close([state=created]) [id=7DB6EC58942665585BDDE05AB70F550A]
[33072:0829/100912.046:VERBOSE1:content\browser\renderer_host\media\media_stream_manager.cc:1519] AOC::Close => (state=closed) [id=7DB6EC58942665585BDDE05AB70F550A]
[33072:0829/100912.046:VERBOSE1:content\browser\renderer_host\media\media_stream_manager.cc:1519] audio::OS::Dtor => (completed, duration=0 ms) [id=BC2023EF324DDF596BCABAAA8EB9ACBF] [controller_id=7DB6EC58942665585BDDE05AB70F550A]
[33072:0829/100912.046:VERBOSE1:content\browser\renderer_host\media\media_stream_manager.cc:1519] ASR: number of detected audio glitches: 0 out of 0
[33072:0829/100912.046:VERBOSE1:content\browser\renderer_host\media\media_stream_manager.cc:1519] audio::OS::Ctor({audio_manager_name=Windows}, {device_id=default}, {params=[format: PCM_LOW_LATENCY, channel_layout: 3, channels: 2, sample_rate: 96000, frames_per_buffer: 960, effects: NONE, mic_positions: , latency_tag: LatencyInteractive]}) [id=BE52980E2D93341FFF78866BFD381DD9] [controller_id=B7D76344E8958DC0949A107F6A1406C5]
[33072:0829/100912.046:VERBOSE1:content\browser\renderer_host\media\media_stream_manager.cc:1519] AOC::CreateStream([state=empty]) [id=B7D76344E8958DC0949A107F6A1406C5]
[33072:0829/100912.046:VERBOSE1:content\browser\renderer_host\media\media_stream_manager.cc:1519] AOC::RecreateStream({reason=INITIAL_STREAM}, {device_name=Default - Unknown}, {params=[format: PCM_LOW_LATENCY, channel_layout: 3, channels: 2, sample_rate: 96000, frames_per_buffer: 960, effects: NONE, mic_positions: , latency_tag: LatencyInteractive]}, [state=empty]) [id=B7D76344E8958DC0949A107F6A1406C5]
[33072:0829/100912.046:VERBOSE1:content\browser\renderer_host\media\media_stream_manager.cc:1519] AOC::CreateStream => (state=created) [id=B7D76344E8958DC0949A107F6A1406C5]
[33072:0829/100912.046:VERBOSE1:content\browser\renderer_host\media\media_stream_manager.cc:1519] audio::OS::CreateAudioPipe() [id=BE52980E2D93341FFF78866BFD381DD9] [controller_id=B7D76344E8958DC0949A107F6A1406C5]
[33072:0829/100912.046:VERBOSE1:content\browser\renderer_host\media\media_stream_manager.cc:1519] audio::OS::CreateAudioPipe() => (duration=0 ms) [id=BE52980E2D93341FFF78866BFD381DD9] [controller_id=B7D76344E8958DC0949A107F6A1406C5]
[33072:0829/100912.046:VERBOSE1:content\browser\renderer_host\media\media_stream_manager.cc:1519] audio::OS::Create => (duration=0 ms) [id=BE52980E2D93341FFF78866BFD381DD9] [controller_id=B7D76344E8958DC0949A107F6A1406C5]
[33072:0829/100912.046:VERBOSE1:content\browser\renderer_host\media\media_stream_manager.cc:1519] audio::OS::Ctor({audio_manager_name=Windows}, {device_id=default}, {params=[format: PCM_LOW_LATENCY, channel_layout: 14, channels: 8, sample_rate: 96000, frames_per_buffer: 960, effects: NONE, mic_positions: , latency_tag: LatencyRtc]}) [id=D4D0002D7254536402A75E9324D648D2] [controller_id=DC98CAE24E34302E7394A829099D6263]
[33072:0829/100912.046:VERBOSE1:content\browser\renderer_host\media\media_stream_manager.cc:1519] AOC::CreateStream([state=empty]) [id=DC98CAE24E34302E7394A829099D6263]
[33072:0829/100912.046:VERBOSE1:content\browser\renderer_host\media\media_stream_manager.cc:1519] AOC::RecreateStream({reason=INITIAL_STREAM}, {device_name=Default - Unknown}, {params=[format: PCM_LOW_LATENCY, channel_layout: 14, channels: 8, sample_rate: 96000, frames_per_buffer: 960, effects: NONE, mic_positions: , latency_tag: LatencyRtc]}, [state=empty]) [id=DC98CAE24E34302E7394A829099D6263]
[33072:0829/100912.046:VERBOSE1:content\browser\renderer_host\media\media_stream_manager.cc:1519] AOC::CreateStream => (state=created) [id=DC98CAE24E34302E7394A829099D6263]
[33072:0829/100912.046:VERBOSE1:content\browser\renderer_host\media\media_stream_manager.cc:1519] audio::OS::CreateAudioPipe() [id=D4D0002D7254536402A75E9324D648D2] [controller_id=DC98CAE24E34302E7394A829099D6263]
[33072:0829/100912.046:VERBOSE1:content\browser\renderer_host\media\media_stream_manager.cc:1519] audio::OS::CreateAudioPipe() => (duration=0 ms) [id=D4D0002D7254536402A75E9324D648D2] [controller_id=DC98CAE24E34302E7394A829099D6263]
[33072:0829/100912.046:VERBOSE1:content\browser\renderer_host\media\media_stream_manager.cc:1519] audio::OS::Create => (duration=0 ms) [id=D4D0002D7254536402A75E9324D648D2] [controller_id=DC98CAE24E34302E7394A829099D6263]
[33072:0829/100912.046:VERBOSE1:content\browser\renderer_host\media\media_stream_manager.cc:1519] audio::OS::Play() [id=94D7556F76AFAC6F514B41D0A9802FD0] [controller_id=7CDB98181FAC41ADA983212B8D265723]
[33072:0829/100912.046:VERBOSE1:content\browser\renderer_host\media\media_stream_manager.cc:1519] AOC::Play([state=created]) [id=7CDB98181FAC41ADA983212B8D265723]
[33072:0829/100912.046:VERBOSE1:content\browser\renderer_host\media\media_stream_manager.cc:1519] AOC::StartStream => (state=playing) [id=7CDB98181FAC41ADA983212B8D265723]
[33072:0829/100912.046:VERBOSE1:content\browser\renderer_host\media\media_stream_manager.cc:1519] audio::OS::Play() => (duration=0 ms) [id=94D7556F76AFAC6F514B41D0A9802FD0] [controller_id=7CDB98181FAC41ADA983212B8D265723]
[33072:0829/100912.046:VERBOSE1:content\browser\renderer_host\media\media_stream_manager.cc:1519] audio::OS::Play() [id=B7AE1615A4CF8574B6A5B5FCB79A05C3] [controller_id=DDCE2BD6B2C690A278FBA9BCC5842115]
[33072:0829/100912.046:VERBOSE1:content\browser\renderer_host\media\media_stream_manager.cc:1519] AOC::Play([state=created]) [id=DDCE2BD6B2C690A278FBA9BCC5842115]
[33072:0829/100912.046:VERBOSE1:content\browser\renderer_host\media\media_stream_manager.cc:1519] AOC::StartStream => (state=playing) [id=DDCE2BD6B2C690A278FBA9BCC5842115]
[33072:0829/100912.046:VERBOSE1:content\browser\renderer_host\media\media_stream_manager.cc:1519] audio::OS::Play() => (duration=0 ms) [id=B7AE1615A4CF8574B6A5B5FCB79A05C3] [controller_id=DDCE2BD6B2C690A278FBA9BCC5842115]
[33072:0829/100912.046:VERBOSE1:content\browser\renderer_host\media\media_stream_manager.cc:1519] audio::OS::Play() [id=BE52980E2D93341FFF78866BFD381DD9] [controller_id=B7D76344E8958DC0949A107F6A1406C5]
[33072:0829/100912.046:VERBOSE1:content\browser\renderer_host\media\media_stream_manager.cc:1519] AOC::Play([state=created]) [id=B7D76344E8958DC0949A107F6A1406C5]
[33072:0829/100912.046:VERBOSE1:content\browser\renderer_host\media\media_stream_manager.cc:1519] AOC::StartStream => (state=playing) [id=B7D76344E8958DC0949A107F6A1406C5]
[33072:0829/100912.046:VERBOSE1:content\browser\renderer_host\media\media_stream_manager.cc:1519] audio::OS::Play() => (duration=0 ms) [id=BE52980E2D93341FFF78866BFD381DD9] [controller_id=B7D76344E8958DC0949A107F6A1406C5]
[33072:0829/100912.046:VERBOSE1:content\browser\renderer_host\media\media_stream_manager.cc:1519] audio::OS::Play() [id=D4D0002D7254536402A75E9324D648D2] [controller_id=DC98CAE24E34302E7394A829099D6263]
[33072:0829/100912.046:VERBOSE1:content\browser\renderer_host\media\media_stream_manager.cc:1519] AOC::Play([state=created]) [id=DC98CAE24E34302E7394A829099D6263]
[33072:0829/100912.046:VERBOSE1:content\browser\renderer_host\media\media_stream_manager.cc:1519] AOC::StartStream => (state=playing) [id=DC98CAE24E34302E7394A829099D6263]
[33072:0829/100912.046:VERBOSE1:content\browser\renderer_host\media\media_stream_manager.cc:1519] audio::OS::Play() => (duration=0 ms) [id=D4D0002D7254536402A75E9324D648D2] [controller_id=DC98CAE24E34302E7394A829099D6263]
[stream-benchmark] iniciando 01-performance
[33072:0829/100912.174:WARNING:third_party\webrtc\modules\desktop_capture\win\dxgi_adapter_duplicator.cc:116] Cannot initialize any DxgiOutputDuplicator instance.
[33072:0829/100912.174:WARNING:third_party\webrtc\modules\desktop_capture\win\dxgi_duplicator_controller.cc:286] Failed to initialize DxgiAdapterDuplicator on adapter 1
[33072:0829/100912.175:WARNING:third_party\webrtc\modules\desktop_capture\win\dxgi_duplicator_controller.cc:106] Count of references reaches zero, DxgiDuplicatorController will be unloaded.
[33072:0829/100912.186:INFO:third_party\webrtc\modules\desktop_capture\window_capturer_win.cc:32] DesktopCapturer::CreateRawWindowCapturer creates DesktopCapturer of type WindowCapturerWinGdi
[33072:0829/100912.187:INFO:third_party\webrtc\modules\desktop_capture\window_capturer_win.cc:42] DesktopCapturer::CreateRawWindowCapturer creates DesktopCapturer of type FallbackDesktopCapturerWrapper which has a fallback capturer of type WgcCapturerWin
[33072:0829/100912.187:INFO:third_party\webrtc\modules\desktop_capture\screen_capturer_win.cc:45] DesktopCapturer::CreateRawScreenCapturer creates DesktopCapturer of type ScreenCapturerWinGdi
[33072:0829/100912.335:WARNING:third_party\webrtc\modules\desktop_capture\win\dxgi_adapter_duplicator.cc:116] Cannot initialize any DxgiOutputDuplicator instance.
[33072:0829/100912.335:WARNING:third_party\webrtc\modules\desktop_capture\win\dxgi_duplicator_controller.cc:286] Failed to initialize DxgiAdapterDuplicator on adapter 1
[33072:0829/100912.336:INFO:third_party\webrtc\modules\desktop_capture\screen_capturer_win.cc:30] DesktopCapturer::CreateRawScreenCapturer creates DesktopCapturer of type ScreenCapturerWinDirectx
[33072:0829/100912.375:WARNING:third_party\webrtc\modules\desktop_capture\win\dxgi_duplicator_controller.cc:106] Count of references reaches zero, DxgiDuplicatorController will be unloaded.
[33072:0829/100912.433:INFO:third_party\webrtc\modules\desktop_capture\win\wgc_capture_session.cc:277] WGC capture session is outputing CPU memory.
[33072:0829/100912.669:VERBOSE1:content\browser\renderer_host\media\media_stream_manager.cc:1519] MSM::GenerateStreams({render_process_id=6}, {render_frame_id=1}, {requester_id=2}, {page_request_id=1})
[33072:0829/100912.669:VERBOSE1:content\browser\renderer_host\media\media_stream_manager.cc:1519] MSM::DR::DeviceRequest({label=}, {requesting_process_id=6}, {requesting_frame_id=1}, {requester_id=2}, {request_type=MEDIA_GENERATE_STREAM})
[33072:0829/100912.669:VERBOSE1:content\browser\renderer_host\media\media_stream_manager.cc:1519] MSM::AddRequest([requester_id=2]) => (label=9688f5a9-8650-4817-948e-765dacd731c2)
[33072:0829/100912.669:VERBOSE1:content\browser\renderer_host\media\media_stream_manager.cc:1519] MSM::SetUpRequest([requester_id=2] {label=9688f5a9-8650-4817-948e-765dacd731c2})
[33072:0829/100912.669:VERBOSE1:content\browser\renderer_host\media\media_stream_manager.cc:1519] MSM::DR::SetAudioType({label=9688f5a9-8650-4817-948e-765dacd731c2}, [requester_id=2], {audio_type=NO_SERVICE})
[33072:0829/100912.669:VERBOSE1:content\browser\renderer_host\media\media_stream_manager.cc:1519] MSM::DR::SetVideoType({label=9688f5a9-8650-4817-948e-765dacd731c2}, [requester_id=2], {video_type=GUM_DESKTOP_VIDEO_CAPTURE})
[33072:0829/100912.669:VERBOSE1:content\browser\renderer_host\media\media_stream_manager.cc:1519] MSM::DR::CreateUIRequest({label=9688f5a9-8650-4817-948e-765dacd731c2}, [requester_id=2], {requested_audio_device_id=}, {requested_video_device_id=screen:0:0})
[33072:0829/100912.669:VERBOSE1:content\browser\renderer_host\media\media_stream_manager.cc:1519] MSM::PostRequestToUI({label=9688f5a9-8650-4817-948e-765dacd731c2}
[33072:0829/100912.669:VERBOSE1:content\browser\renderer_host\media\media_stream_manager.cc:1519] MSM::DR::SetState({label=9688f5a9-8650-4817-948e-765dacd731c2}, [requester_id=2], {stream_type=GUM_DESKTOP_VIDEO_CAPTURE}, {new_state=STATE_PENDING_APPROVAL})
[33072:0829/100912.669:VERBOSE1:content\browser\renderer_host\media\media_stream_manager.cc:1519] MSM::HandleAccessRequestResponse({label=9688f5a9-8650-4817-948e-765dacd731c2}, {request=MEDIA_GENERATE_STREAM}, {result=OK})
[33072:0829/100912.669:VERBOSE1:content\browser\renderer_host\media\media_stream_manager.cc:1519] video capture: VideoCaptureManager::Open, device.name = Screen, device.id = screen:0:0, capture_session_id = (256AB745AAD10936A68A1099A59C67A2)
[33072:0829/100912.669:VERBOSE1:content\browser\renderer_host\media\media_stream_manager.cc:1519] MSM::DR::SetState({label=9688f5a9-8650-4817-948e-765dacd731c2}, [requester_id=2], {stream_type=GUM_DESKTOP_VIDEO_CAPTURE}, {new_state=STATE_OPENING})
[33072:0829/100912.669:VERBOSE1:content\browser\renderer_host\media\media_stream_manager.cc:1519] MSM::HandleAccessRequestResponse([label=9688f5a9-8650-4817-948e-765dacd731c2]) => (opening device: [id: screen:0:0, session_id: 256AB745AAD10936A68A1099A59C67A2])
[33072:0829/100912.669:VERBOSE1:content\browser\renderer_host\media\media_stream_manager.cc:1519] MSM::DR::SetAudioType({label=9688f5a9-8650-4817-948e-765dacd731c2}, [requester_id=2], {audio_type=NO_SERVICE})
[33072:0829/100912.669:VERBOSE1:content\browser\renderer_host\media\media_stream_manager.cc:1519] MSM::Opened({stream_type=GUM_DESKTOP_VIDEO_CAPTURE}, {session_id=256AB745AAD10936A68A1099A59C67A2})
[33072:0829/100912.669:VERBOSE1:content\browser\renderer_host\media\media_stream_manager.cc:1519] MSM::DR::SetState({label=9688f5a9-8650-4817-948e-765dacd731c2}, [requester_id=2], {stream_type=GUM_DESKTOP_VIDEO_CAPTURE}, {new_state=STATE_DONE})
[33072:0829/100912.669:VERBOSE1:content\browser\renderer_host\media\media_stream_manager.cc:1519] MSM::FinalizeGenerateStreams({label=9688f5a9-8650-4817-948e-765dacd731c2}, {requester_id=2}, {request_type=MEDIA_GENERATE_STREAM})
[33072:0829/100912.669:VERBOSE1:content\browser\renderer_host\media\media_stream_manager.cc:1519] MSM::OnStreamStarted({label=9688f5a9-8650-4817-948e-765dacd731c2}, {requester_id=2}, {request_type=MEDIA_GENERATE_STREAM})
[33072:0829/100912.669:VERBOSE1:content\browser\renderer_host\media\media_stream_manager.cc:1519] MSM::PanTiltZoomPermissionChecked({label=9688f5a9-8650-4817-948e-765dacd731c2}, {requester_id=2}, {request_type=MEDIA_GENERATE_STREAM}, {pan_tilt_zoom_allowed=1})
[33072:0829/100912.671:VERBOSE1:content\browser\renderer_host\media\media_stream_manager.cc:1519] video capture: ConnectClient: session_id = (256AB745AAD10936A68A1099A59C67A2), request: (1280x720)@60.000fps, pixel format: PIXEL_FORMAT_I420
[33072:0829/100912.671:VERBOSE1:content\browser\renderer_host\media\media_stream_manager.cc:1519] video capture: VideoCaptureManager queueing device start for device_id = screen:0:0
[33072:0829/100912.671:VERBOSE1:content\browser\renderer_host\media\media_stream_manager.cc:1519] video capture: VideoCaptureManager::ProcessDeviceStartRequestQueue
[33072:0829/100912.671:VERBOSE1:content\browser\renderer_host\media\media_stream_manager.cc:1519] video capture: VideoCaptureController::CreateAndStartDeviceAsync: serial_id = 0, device_id = screen:0:0
[33072:0829/100912.671:VERBOSE1:content\browser\renderer_host\media\media_stream_manager.cc:1519] video capture: InProcessVideoCaptureDeviceLauncher::LaunchDeviceAsync: Posting start request to device thread for device_id = screen:0:0
[33072:0829/100912.671:VERBOSE1:content\browser\renderer_host\media\media_stream_manager.cc:1519] video capture: VideoCaptureController::AddClient(): id = (256AB745AAD10936A68A1099A59C67A2), session_id = 256AB745AAD10936A68A1099A59C67A2, params.requested_format = (1280x720)@60.000fps, pixel format: PIXEL_FORMAT_I420
[33072:0829/100912.671:VERBOSE1:content\browser\media\capture\desktop_capture_device.cc:959] Create(source=screen:0:0)
[33072:0829/100912.671:VERBOSE1:content\browser\media\capture\desktop_capture_device.cc:1009] DesktopCaptureOptions: options={prefer_cursor_embedded: 1, allow_wgc_screen_capturer: 1, allow_wgc_window_capturer: 1, allow_wgc_zero_hertz: 1, wgc_require_border: 0}
[33072:0829/100912.671:VERBOSE1:content\browser\renderer_host\media\media_stream_manager.cc:1519] video capture: DesktopCaptureOptions: options={prefer_cursor_embedded: 1, allow_wgc_screen_capturer: 1, allow_wgc_window_capturer: 1, allow_wgc_zero_hertz: 1, wgc_require_border: 0}
[33072:0829/100912.693:INFO:third_party\webrtc\modules\desktop_capture\desktop_capturer.cc:117] DesktopCapturer::CreateScreenCapturer creates DesktopCapturer of type WgcCapturerWin
[33072:0829/100912.693:VERBOSE1:content\browser\renderer_host\media\media_stream_manager.cc:1519] video capture: DesktopCapturer::CreateScreenCapturer creates DesktopCapturer of type WgcCapturerWin
[33072:0829/100912.727:VERBOSE1:content\browser\media\capture\desktop_capture_device.cc:1146] DesktopCaptureDevice [zero_hertz_is_supported=1]
[33072:0829/100912.727:VERBOSE1:content\browser\renderer_host\media\media_stream_manager.cc:1519] video capture: InProcessVideoCaptureDeviceLauncher::DoStartDesktopCaptureOnDeviceThread: implementation = 4, type = 1
[33072:0829/100912.727:VERBOSE1:content\browser\renderer_host\media\media_stream_manager.cc:1519] video capture: OnDeviceLaunched
[33072:0829/100912.727:VERBOSE1:content\browser\renderer_host\media\media_stream_manager.cc:1519] video capture: Launching device has succeeded. device_id = screen:0:0
[33072:0829/100912.727:VERBOSE1:media\capture\content\capture_resolution_chooser.cc:205] Recomputed snapped frame sizes: 160x90 <--> 320x180 <--> 480x270 <--> 640x360
[33072:0829/100912.727:VERBOSE1:content\browser\media\capture\desktop_capture_device.cc:488] AllocateAndStart (requested_frame_rate=60, max_frame_size=1280x720, requested_frame_duration=16, max_cpu_consumption_percentage=50)
[33072:0829/100912.846:VERBOSE1:content\browser\renderer_host\media\media_stream_manager.cc:1519] video capture: OnStarted
[33072:0829/100912.846:VERBOSE1:content\browser\renderer_host\media\media_stream_manager.cc:1519] video capture: VideoCaptureImpl changing state to VIDEO_CAPTURE_STATE_STARTED
[33072:0829/100912.846:VERBOSE1:content\browser\renderer_host\media\media_stream_manager.cc:1519] video capture: LocalVideoCapturerSource::OnStateUpdate signaling to consumer that source is now running.
[33072:0829/100912.846:VERBOSE1:content\browser\renderer_host\media\media_stream_manager.cc:1519] video capture: MediaStreamVideoCapturerSource sending OnStartDone
[33072:0829/100912.846:VERBOSE1:content\browser\renderer_host\media\media_stream_manager.cc:1519] video capture: MediaStreamVideoSource changing state to STARTED
[33072:0829/100912.846:VERBOSE1:content\browser\renderer_host\media\media_stream_manager.cc:1519] video capture: MediaStreamVideoSource invoking callback indicating result of starting track.
[33072:0829/100912.849:VERBOSE1:content\browser\renderer_host\media\media_stream_manager.cc:1519] RFAOSF::RequestDeviceAuthorization({device_id=}) [process_id=6, frame_id=1]
[33072:0829/100912.850:VERBOSE1:content\browser\renderer_host\media\media_stream_manager.cc:1519] RFAOSF::RequestDeviceAuthorization({device_id=}) [process_id=7, frame_id=1]
[33072:0829/100912.853:VERBOSE1:content\browser\renderer_host\media\media_stream_manager.cc:1519] RFAOSF::AuthorizationCompleted({status=OK}, {params=format: PCM_LOW_LATENCY, channel_layout: 14, channels: 8, sample_rate: 96000, frames_per_buffer: 960, effects: NONE, mic_positions: , latency_tag: LatencyUnknown, hw_capabilities: min_frames_per_buffer: 192, max_frames_per_buffer: 960, bitstream_formats:0, require_encapsulation:0, require_audio_offload:0}, {device_id=default}) [process_id=6, frame_id=1]
[33072:0829/100912.853:VERBOSE1:content\browser\renderer_host\media\media_stream_manager.cc:1519] RFAOSF::AuthorizationCompleted => (authorization time=3 ms) [process_id=6, frame_id=1]
[33072:0829/100912.857:VERBOSE1:content\browser\renderer_host\media\media_stream_manager.cc:1519] RFAOSF::RequestDeviceAuthorization({device_id=}) [process_id=7, frame_id=1]
[33072:0829/100912.858:VERBOSE1:content\browser\renderer_host\media\media_stream_manager.cc:1519] RFAOSF::AuthorizationCompleted({status=OK}, {params=format: PCM_LOW_LATENCY, channel_layout: 14, channels: 8, sample_rate: 96000, frames_per_buffer: 960, effects: NONE, mic_positions: , latency_tag: LatencyUnknown, hw_capabilities: min_frames_per_buffer: 192, max_frames_per_buffer: 960, bitstream_formats:0, require_encapsulation:0, require_audio_offload:0}, {device_id=default}) [process_id=7, frame_id=1]
[33072:0829/100912.858:VERBOSE1:content\browser\renderer_host\media\media_stream_manager.cc:1519] RFAOSF::AuthorizationCompleted => (authorization time=7 ms) [process_id=7, frame_id=1]
[33072:0829/100912.863:VERBOSE1:content\browser\renderer_host\media\media_stream_manager.cc:1519] RFAOSF::AuthorizationCompleted({status=OK}, {params=format: PCM_LOW_LATENCY, channel_layout: 14, channels: 8, sample_rate: 96000, frames_per_buffer: 960, effects: NONE, mic_positions: , latency_tag: LatencyUnknown, hw_capabilities: min_frames_per_buffer: 192, max_frames_per_buffer: 960, bitstream_formats:0, require_encapsulation:0, require_audio_offload:0}, {device_id=default}) [process_id=7, frame_id=1]
[33072:0829/100912.863:VERBOSE1:content\browser\renderer_host\media\media_stream_manager.cc:1519] RFAOSF::AuthorizationCompleted => (authorization time=6 ms) [process_id=7, frame_id=1]
[33072:0829/100912.863:VERBOSE1:content\browser\renderer_host\media\media_stream_manager.cc:1519] audio::OS::Ctor({audio_manager_name=Windows}, {device_id=default}, {params=[format: PCM_LOW_LATENCY, channel_layout: 3, channels: 2, sample_rate: 96000, frames_per_buffer: 960, effects: NONE, mic_positions: , latency_tag: LatencyInteractive]}) [id=191DA99A9884B8DDE4E64540BA8345C4] [controller_id=77F3EE8F5989BFB2CDA2CBD9787CD436]
[33072:0829/100912.863:VERBOSE1:content\browser\renderer_host\media\media_stream_manager.cc:1519] AOC::CreateStream([state=empty]) [id=77F3EE8F5989BFB2CDA2CBD9787CD436]
[33072:0829/100912.863:VERBOSE1:content\browser\renderer_host\media\media_stream_manager.cc:1519] AOC::RecreateStream({reason=INITIAL_STREAM}, {device_name=Default - Unknown}, {params=[format: PCM_LOW_LATENCY, channel_layout: 3, channels: 2, sample_rate: 96000, frames_per_buffer: 960, effects: NONE, mic_positions: , latency_tag: LatencyInteractive]}, [state=empty]) [id=77F3EE8F5989BFB2CDA2CBD9787CD436]
[33072:0829/100912.863:VERBOSE1:content\browser\renderer_host\media\media_stream_manager.cc:1519] AOC::CreateStream => (state=created) [id=77F3EE8F5989BFB2CDA2CBD9787CD436]
[33072:0829/100912.863:VERBOSE1:content\browser\renderer_host\media\media_stream_manager.cc:1519] audio::OS::CreateAudioPipe() [id=191DA99A9884B8DDE4E64540BA8345C4] [controller_id=77F3EE8F5989BFB2CDA2CBD9787CD436]
[33072:0829/100912.863:VERBOSE1:content\browser\renderer_host\media\media_stream_manager.cc:1519] audio::OS::CreateAudioPipe() => (duration=0 ms) [id=191DA99A9884B8DDE4E64540BA8345C4] [controller_id=77F3EE8F5989BFB2CDA2CBD9787CD436]
[33072:0829/100912.863:VERBOSE1:content\browser\renderer_host\media\media_stream_manager.cc:1519] audio::OS::Create => (duration=0 ms) [id=191DA99A9884B8DDE4E64540BA8345C4] [controller_id=77F3EE8F5989BFB2CDA2CBD9787CD436]
[33072:0829/100912.863:VERBOSE1:content\browser\renderer_host\media\media_stream_manager.cc:1519] ASR: No room in socket buffer.
[33072:0829/100912.863:VERBOSE1:content\browser\renderer_host\media\media_stream_manager.cc:1519] AOC::Close([state=playing]) [id=B7D76344E8958DC0949A107F6A1406C5]
[33072:0829/100912.863:VERBOSE1:content\browser\renderer_host\media\media_stream_manager.cc:1519] AOC::StopStream => (duration=0 sec) [id=B7D76344E8958DC0949A107F6A1406C5]
[33072:0829/100912.863:VERBOSE1:content\browser\renderer_host\media\media_stream_manager.cc:1519] AOC::StopStream => (glitches=[duration (ms): 0, count: 0], glitch_percentage=0.000%) [id=B7D76344E8958DC0949A107F6A1406C5]
[33072:0829/100912.863:VERBOSE1:content\browser\renderer_host\media\media_stream_manager.cc:1519] AOC::StopStream => (error_during_callback=false) [id=B7D76344E8958DC0949A107F6A1406C5]
[33072:0829/100912.863:VERBOSE1:content\browser\renderer_host\media\media_stream_manager.cc:1519] AOC::StopStream => (average audio level=-inf dBFS) [id=B7D76344E8958DC0949A107F6A1406C5]
[33072:0829/100912.863:VERBOSE1:content\browser\renderer_host\media\media_stream_manager.cc:1519] AOC::Close => (state=closed) [id=B7D76344E8958DC0949A107F6A1406C5]
[33072:0829/100912.863:VERBOSE1:content\browser\renderer_host\media\media_stream_manager.cc:1519] audio::OS::Dtor => (completed, duration=0 ms) [id=BE52980E2D93341FFF78866BFD381DD9] [controller_id=B7D76344E8958DC0949A107F6A1406C5]
[33072:0829/100912.863:VERBOSE1:content\browser\renderer_host\media\media_stream_manager.cc:1519] ASR: number of detected audio glitches: 0 out of 82
[33072:0829/100912.863:VERBOSE1:content\browser\renderer_host\media\media_stream_manager.cc:1519] audio::OS::Ctor({audio_manager_name=Windows}, {device_id=default}, {params=[format: PCM_LOW_LATENCY, channel_layout: 3, channels: 2, sample_rate: 96000, frames_per_buffer: 960, effects: NONE, mic_positions: , latency_tag: LatencyInteractive]}) [id=4AD80694CF8D4EAE57E01952C7C27A15] [controller_id=E5466D0E22348A9979BE737CDCC664C0]
[33072:0829/100912.863:VERBOSE1:content\browser\renderer_host\media\media_stream_manager.cc:1519] AOC::CreateStream([state=empty]) [id=E5466D0E22348A9979BE737CDCC664C0]
[33072:0829/100912.863:VERBOSE1:content\browser\renderer_host\media\media_stream_manager.cc:1519] AOC::RecreateStream({reason=INITIAL_STREAM}, {device_name=Default - Unknown}, {params=[format: PCM_LOW_LATENCY, channel_layout: 3, channels: 2, sample_rate: 96000, frames_per_buffer: 960, effects: NONE, mic_positions: , latency_tag: LatencyInteractive]}, [state=empty]) [id=E5466D0E22348A9979BE737CDCC664C0]
[33072:0829/100912.863:VERBOSE1:content\browser\renderer_host\media\media_stream_manager.cc:1519] AOC::CreateStream => (state=created) [id=E5466D0E22348A9979BE737CDCC664C0]
[33072:0829/100912.863:VERBOSE1:content\browser\renderer_host\media\media_stream_manager.cc:1519] audio::OS::CreateAudioPipe() [id=4AD80694CF8D4EAE57E01952C7C27A15] [controller_id=E5466D0E22348A9979BE737CDCC664C0]
[33072:0829/100912.863:VERBOSE1:content\browser\renderer_host\media\media_stream_manager.cc:1519] audio::OS::CreateAudioPipe() => (duration=0 ms) [id=4AD80694CF8D4EAE57E01952C7C27A15] [controller_id=E5466D0E22348A9979BE737CDCC664C0]
[33072:0829/100912.863:VERBOSE1:content\browser\renderer_host\media\media_stream_manager.cc:1519] audio::OS::Create => (duration=0 ms) [id=4AD80694CF8D4EAE57E01952C7C27A15] [controller_id=E5466D0E22348A9979BE737CDCC664C0]
[33072:0829/100912.863:VERBOSE1:content\browser\renderer_host\media\media_stream_manager.cc:1519] audio::OS::Play() [id=191DA99A9884B8DDE4E64540BA8345C4] [controller_id=77F3EE8F5989BFB2CDA2CBD9787CD436]
[33072:0829/100912.863:VERBOSE1:content\browser\renderer_host\media\media_stream_manager.cc:1519] AOC::Play([state=created]) [id=77F3EE8F5989BFB2CDA2CBD9787CD436]
[33072:0829/100912.863:VERBOSE1:content\browser\renderer_host\media\media_stream_manager.cc:1519] AOC::StartStream => (state=playing) [id=77F3EE8F5989BFB2CDA2CBD9787CD436]
[33072:0829/100912.863:VERBOSE1:content\browser\renderer_host\media\media_stream_manager.cc:1519] audio::OS::Play() => (duration=0 ms) [id=191DA99A9884B8DDE4E64540BA8345C4] [controller_id=77F3EE8F5989BFB2CDA2CBD9787CD436]
[33072:0829/100912.863:VERBOSE1:content\browser\renderer_host\media\media_stream_manager.cc:1519] audio::OS::Ctor({audio_manager_name=Windows}, {device_id=default}, {params=[format: PCM_LOW_LATENCY, channel_layout: 3, channels: 2, sample_rate: 96000, frames_per_buffer: 960, effects: NONE, mic_positions: , latency_tag: LatencyInteractive]}) [id=67B0BAB06A6CD84C18D94066F33BE729] [controller_id=32D7C1E8495455D198FC3D65A19D354E]
[33072:0829/100912.863:VERBOSE1:content\browser\renderer_host\media\media_stream_manager.cc:1519] AOC::CreateStream([state=empty]) [id=32D7C1E8495455D198FC3D65A19D354E]
[33072:0829/100912.863:VERBOSE1:content\browser\renderer_host\media\media_stream_manager.cc:1519] AOC::RecreateStream({reason=INITIAL_STREAM}, {device_name=Default - Unknown}, {params=[format: PCM_LOW_LATENCY, channel_layout: 3, channels: 2, sample_rate: 96000, frames_per_buffer: 960, effects: NONE, mic_positions: , latency_tag: LatencyInteractive]}, [state=empty]) [id=32D7C1E8495455D198FC3D65A19D354E]
[33072:0829/100912.863:VERBOSE1:content\browser\renderer_host\media\media_stream_manager.cc:1519] AOC::CreateStream => (state=created) [id=32D7C1E8495455D198FC3D65A19D354E]
[33072:0829/100912.863:VERBOSE1:content\browser\renderer_host\media\media_stream_manager.cc:1519] audio::OS::CreateAudioPipe() [id=67B0BAB06A6CD84C18D94066F33BE729] [controller_id=32D7C1E8495455D198FC3D65A19D354E]
[33072:0829/100912.863:VERBOSE1:content\browser\renderer_host\media\media_stream_manager.cc:1519] audio::OS::CreateAudioPipe() => (duration=0 ms) [id=67B0BAB06A6CD84C18D94066F33BE729] [controller_id=32D7C1E8495455D198FC3D65A19D354E]
[33072:0829/100912.863:VERBOSE1:content\browser\renderer_host\media\media_stream_manager.cc:1519] audio::OS::Create => (duration=0 ms) [id=67B0BAB06A6CD84C18D94066F33BE729] [controller_id=32D7C1E8495455D198FC3D65A19D354E]
[33072:0829/100912.863:VERBOSE1:content\browser\renderer_host\media\media_stream_manager.cc:1519] audio::OS::Play() [id=4AD80694CF8D4EAE57E01952C7C27A15] [controller_id=E5466D0E22348A9979BE737CDCC664C0]
[33072:0829/100912.863:VERBOSE1:content\browser\renderer_host\media\media_stream_manager.cc:1519] AOC::Play([state=created]) [id=E5466D0E22348A9979BE737CDCC664C0]
[33072:0829/100912.863:VERBOSE1:content\browser\renderer_host\media\media_stream_manager.cc:1519] AOC::StartStream => (state=playing) [id=E5466D0E22348A9979BE737CDCC664C0]
[33072:0829/100912.863:VERBOSE1:content\browser\renderer_host\media\media_stream_manager.cc:1519] audio::OS::Play() => (duration=0 ms) [id=4AD80694CF8D4EAE57E01952C7C27A15] [controller_id=E5466D0E22348A9979BE737CDCC664C0]
[33072:0829/100912.863:VERBOSE1:content\browser\renderer_host\media\media_stream_manager.cc:1519] audio::OS::Play() [id=67B0BAB06A6CD84C18D94066F33BE729] [controller_id=32D7C1E8495455D198FC3D65A19D354E]
[33072:0829/100912.863:VERBOSE1:content\browser\renderer_host\media\media_stream_manager.cc:1519] AOC::Play([state=created]) [id=32D7C1E8495455D198FC3D65A19D354E]
[33072:0829/100912.863:VERBOSE1:content\browser\renderer_host\media\media_stream_manager.cc:1519] AOC::StartStream => (state=playing) [id=32D7C1E8495455D198FC3D65A19D354E]
[33072:0829/100912.863:VERBOSE1:content\browser\renderer_host\media\media_stream_manager.cc:1519] audio::OS::Play() => (duration=0 ms) [id=67B0BAB06A6CD84C18D94066F33BE729] [controller_id=32D7C1E8495455D198FC3D65A19D354E]
[33072:0829/100912.869:VERBOSE1:content\browser\renderer_host\media\media_stream_manager.cc:1519] AOC::Close([state=playing]) [id=32D7C1E8495455D198FC3D65A19D354E]
[33072:0829/100912.869:VERBOSE1:content\browser\renderer_host\media\media_stream_manager.cc:1519] AOC::StopStream => (duration=0 sec) [id=32D7C1E8495455D198FC3D65A19D354E]
[33072:0829/100912.869:VERBOSE1:content\browser\renderer_host\media\media_stream_manager.cc:1519] AOC::StopStream => (glitches=[duration (ms): 0, count: 0], glitch_percentage=0.000%) [id=32D7C1E8495455D198FC3D65A19D354E]
[33072:0829/100912.869:VERBOSE1:content\browser\renderer_host\media\media_stream_manager.cc:1519] AOC::StopStream => (error_during_callback=false) [id=32D7C1E8495455D198FC3D65A19D354E]
[33072:0829/100912.869:VERBOSE1:content\browser\renderer_host\media\media_stream_manager.cc:1519] AOC::StopStream => (average audio level=-inf dBFS) [id=32D7C1E8495455D198FC3D65A19D354E]
[33072:0829/100912.869:VERBOSE1:content\browser\renderer_host\media\media_stream_manager.cc:1519] AOC::Close => (state=closed) [id=32D7C1E8495455D198FC3D65A19D354E]
[33072:0829/100912.869:VERBOSE1:content\browser\renderer_host\media\media_stream_manager.cc:1519] audio::OS::Dtor => (completed, duration=0 ms) [id=67B0BAB06A6CD84C18D94066F33BE729] [controller_id=32D7C1E8495455D198FC3D65A19D354E]
[33072:0829/100912.869:VERBOSE1:content\browser\renderer_host\media\media_stream_manager.cc:1519] ASR: number of detected audio glitches: 0 out of 1
[33072:0829/100912.869:VERBOSE1:content\browser\renderer_host\media\media_stream_manager.cc:1519] AOC::Close([state=playing]) [id=DC98CAE24E34302E7394A829099D6263]
[33072:0829/100912.869:VERBOSE1:content\browser\renderer_host\media\media_stream_manager.cc:1519] AOC::StopStream => (duration=0 sec) [id=DC98CAE24E34302E7394A829099D6263]
[33072:0829/100912.871:VERBOSE1:content\browser\renderer_host\media\media_stream_manager.cc:1519] AOC::StopStream => (glitches=[duration (ms): 0, count: 0], glitch_percentage=0.000%) [id=DC98CAE24E34302E7394A829099D6263]
[33072:0829/100912.871:VERBOSE1:content\browser\renderer_host\media\media_stream_manager.cc:1519] AOC::StopStream => (error_during_callback=false) [id=DC98CAE24E34302E7394A829099D6263]
[33072:0829/100912.871:VERBOSE1:content\browser\renderer_host\media\media_stream_manager.cc:1519] AOC::StopStream => (average audio level=-98.76 dBFS) [id=DC98CAE24E34302E7394A829099D6263]
[33072:0829/100912.871:VERBOSE1:content\browser\renderer_host\media\media_stream_manager.cc:1519] AOC::Close => (state=closed) [id=DC98CAE24E34302E7394A829099D6263]
[33072:0829/100912.871:VERBOSE1:content\browser\renderer_host\media\media_stream_manager.cc:1519] audio::OS::Dtor => (completed, duration=0 ms) [id=D4D0002D7254536402A75E9324D648D2] [controller_id=DC98CAE24E34302E7394A829099D6263]
[33072:0829/100912.871:VERBOSE1:content\browser\renderer_host\media\media_stream_manager.cc:1519] ASR: number of detected audio glitches: 0 out of 83
[33072:0829/100912.871:VERBOSE1:content\browser\renderer_host\media\media_stream_manager.cc:1519] RFAOSF::RequestDeviceAuthorization({device_id=}) [process_id=7, frame_id=1]
[33072:0829/100912.872:VERBOSE1:content\browser\renderer_host\media\media_stream_manager.cc:1519] RFAOSF::RequestDeviceAuthorization({device_id=}) [process_id=7, frame_id=1]
[33072:0829/100912.875:VERBOSE1:content\browser\renderer_host\media\media_stream_manager.cc:1519] RFAOSF::AuthorizationCompleted({status=OK}, {params=format: PCM_LOW_LATENCY, channel_layout: 14, channels: 8, sample_rate: 96000, frames_per_buffer: 960, effects: NONE, mic_positions: , latency_tag: LatencyUnknown, hw_capabilities: min_frames_per_buffer: 192, max_frames_per_buffer: 960, bitstream_formats:0, require_encapsulation:0, require_audio_offload:0}, {device_id=default}) [process_id=7, frame_id=1]
[33072:0829/100912.875:VERBOSE1:content\browser\renderer_host\media\media_stream_manager.cc:1519] RFAOSF::AuthorizationCompleted => (authorization time=4 ms) [process_id=7, frame_id=1]
[33072:0829/100912.878:VERBOSE1:content\browser\renderer_host\media\media_stream_manager.cc:1519] RFAOSF::AuthorizationCompleted({status=OK}, {params=format: PCM_LOW_LATENCY, channel_layout: 14, channels: 8, sample_rate: 96000, frames_per_buffer: 960, effects: NONE, mic_positions: , latency_tag: LatencyUnknown, hw_capabilities: min_frames_per_buffer: 192, max_frames_per_buffer: 960, bitstream_formats:0, require_encapsulation:0, require_audio_offload:0}, {device_id=default}) [process_id=7, frame_id=1]
[33072:0829/100912.879:VERBOSE1:content\browser\renderer_host\media\media_stream_manager.cc:1519] RFAOSF::AuthorizationCompleted => (authorization time=7 ms) [process_id=7, frame_id=1]
[33072:0829/100912.879:VERBOSE1:content\browser\renderer_host\media\media_stream_manager.cc:1519] audio::OS::Ctor({audio_manager_name=Windows}, {device_id=default}, {params=[format: PCM_LOW_LATENCY, channel_layout: 3, channels: 2, sample_rate: 96000, frames_per_buffer: 960, effects: NONE, mic_positions: , latency_tag: LatencyInteractive]}) [id=49518F3B7D4C62614D1460CE59CBD80D] [controller_id=568EDD0B52884FAABC4C3B77E4983DB4]
[33072:0829/100912.879:VERBOSE1:content\browser\renderer_host\media\media_stream_manager.cc:1519] AOC::CreateStream([state=empty]) [id=568EDD0B52884FAABC4C3B77E4983DB4]
[33072:0829/100912.879:VERBOSE1:content\browser\renderer_host\media\media_stream_manager.cc:1519] AOC::RecreateStream({reason=INITIAL_STREAM}, {device_name=Default - Unknown}, {params=[format: PCM_LOW_LATENCY, channel_layout: 3, channels: 2, sample_rate: 96000, frames_per_buffer: 960, effects: NONE, mic_positions: , latency_tag: LatencyInteractive]}, [state=empty]) [id=568EDD0B52884FAABC4C3B77E4983DB4]
[33072:0829/100912.879:VERBOSE1:content\browser\renderer_host\media\media_stream_manager.cc:1519] AOC::CreateStream => (state=created) [id=568EDD0B52884FAABC4C3B77E4983DB4]
[33072:0829/100912.879:VERBOSE1:content\browser\renderer_host\media\media_stream_manager.cc:1519] audio::OS::CreateAudioPipe() [id=49518F3B7D4C62614D1460CE59CBD80D] [controller_id=568EDD0B52884FAABC4C3B77E4983DB4]
[33072:0829/100912.879:VERBOSE1:content\browser\renderer_host\media\media_stream_manager.cc:1519] audio::OS::CreateAudioPipe() => (duration=0 ms) [id=49518F3B7D4C62614D1460CE59CBD80D] [controller_id=568EDD0B52884FAABC4C3B77E4983DB4]
[33072:0829/100912.879:VERBOSE1:content\browser\renderer_host\media\media_stream_manager.cc:1519] audio::OS::Create => (duration=0 ms) [id=49518F3B7D4C62614D1460CE59CBD80D] [controller_id=568EDD0B52884FAABC4C3B77E4983DB4]
[33072:0829/100912.879:VERBOSE1:content\browser\renderer_host\media\media_stream_manager.cc:1519] audio::OS::Ctor({audio_manager_name=Windows}, {device_id=default}, {params=[format: PCM_LOW_LATENCY, channel_layout: 14, channels: 8, sample_rate: 96000, frames_per_buffer: 960, effects: NONE, mic_positions: , latency_tag: LatencyRtc]}) [id=84388553E90BDE9F8CA4123399805FC2] [controller_id=3C57A44751201E6F7119027D5B033084]
[33072:0829/100912.879:VERBOSE1:content\browser\renderer_host\media\media_stream_manager.cc:1519] AOC::CreateStream([state=empty]) [id=3C57A44751201E6F7119027D5B033084]
[33072:0829/100912.879:VERBOSE1:content\browser\renderer_host\media\media_stream_manager.cc:1519] AOC::RecreateStream({reason=INITIAL_STREAM}, {device_name=Default - Unknown}, {params=[format: PCM_LOW_LATENCY, channel_layout: 14, channels: 8, sample_rate: 96000, frames_per_buffer: 960, effects: NONE, mic_positions: , latency_tag: LatencyRtc]}, [state=empty]) [id=3C57A44751201E6F7119027D5B033084]
[33072:0829/100912.879:VERBOSE1:content\browser\renderer_host\media\media_stream_manager.cc:1519] AOC::CreateStream => (state=created) [id=3C57A44751201E6F7119027D5B033084]
[33072:0829/100912.879:VERBOSE1:content\browser\renderer_host\media\media_stream_manager.cc:1519] audio::OS::CreateAudioPipe() [id=84388553E90BDE9F8CA4123399805FC2] [controller_id=3C57A44751201E6F7119027D5B033084]
[33072:0829/100912.879:VERBOSE1:content\browser\renderer_host\media\media_stream_manager.cc:1519] audio::OS::CreateAudioPipe() => (duration=0 ms) [id=84388553E90BDE9F8CA4123399805FC2] [controller_id=3C57A44751201E6F7119027D5B033084]
[33072:0829/100912.879:VERBOSE1:content\browser\renderer_host\media\media_stream_manager.cc:1519] audio::OS::Create => (duration=0 ms) [id=84388553E90BDE9F8CA4123399805FC2] [controller_id=3C57A44751201E6F7119027D5B033084]
[33072:0829/100912.879:VERBOSE1:content\browser\renderer_host\media\media_stream_manager.cc:1519] audio::OS::Play() [id=49518F3B7D4C62614D1460CE59CBD80D] [controller_id=568EDD0B52884FAABC4C3B77E4983DB4]
[33072:0829/100912.879:VERBOSE1:content\browser\renderer_host\media\media_stream_manager.cc:1519] AOC::Play([state=created]) [id=568EDD0B52884FAABC4C3B77E4983DB4]
[33072:0829/100912.879:VERBOSE1:content\browser\renderer_host\media\media_stream_manager.cc:1519] AOC::StartStream => (state=playing) [id=568EDD0B52884FAABC4C3B77E4983DB4]
[33072:0829/100912.879:VERBOSE1:content\browser\renderer_host\media\media_stream_manager.cc:1519] audio::OS::Play() => (duration=0 ms) [id=49518F3B7D4C62614D1460CE59CBD80D] [controller_id=568EDD0B52884FAABC4C3B77E4983DB4]
[33072:0829/100912.879:VERBOSE1:content\browser\renderer_host\media\media_stream_manager.cc:1519] audio::OS::Play() [id=84388553E90BDE9F8CA4123399805FC2] [controller_id=3C57A44751201E6F7119027D5B033084]
[33072:0829/100912.879:VERBOSE1:content\browser\renderer_host\media\media_stream_manager.cc:1519] AOC::Play([state=created]) [id=3C57A44751201E6F7119027D5B033084]
[33072:0829/100912.879:VERBOSE1:content\browser\renderer_host\media\media_stream_manager.cc:1519] AOC::StartStream => (state=playing) [id=3C57A44751201E6F7119027D5B033084]
[33072:0829/100912.879:VERBOSE1:content\browser\renderer_host\media\media_stream_manager.cc:1519] audio::OS::Play() => (duration=0 ms) [id=84388553E90BDE9F8CA4123399805FC2] [controller_id=3C57A44751201E6F7119027D5B033084]
[33072:0829/100912.888:VERBOSE1:content\browser\renderer_host\media\media_stream_manager.cc:1519] AOC::Close([state=playing]) [id=7CDB98181FAC41ADA983212B8D265723]
[33072:0829/100912.888:VERBOSE1:content\browser\renderer_host\media\media_stream_manager.cc:1519] AOC::StopStream => (duration=0 sec) [id=7CDB98181FAC41ADA983212B8D265723]
[33072:0829/100912.888:VERBOSE1:content\browser\renderer_host\media\media_stream_manager.cc:1519] AOC::StopStream => (glitches=[duration (ms): 0, count: 0], glitch_percentage=0.000%) [id=7CDB98181FAC41ADA983212B8D265723]
[33072:0829/100912.888:VERBOSE1:content\browser\renderer_host\media\media_stream_manager.cc:1519] AOC::StopStream => (error_during_callback=false) [id=7CDB98181FAC41ADA983212B8D265723]
[33072:0829/100912.888:VERBOSE1:content\browser\renderer_host\media\media_stream_manager.cc:1519] AOC::StopStream => (average audio level=-inf dBFS) [id=7CDB98181FAC41ADA983212B8D265723]
[33072:0829/100912.888:VERBOSE1:content\browser\renderer_host\media\media_stream_manager.cc:1519] AOC::Close => (state=closed) [id=7CDB98181FAC41ADA983212B8D265723]
[33072:0829/100912.888:VERBOSE1:content\browser\renderer_host\media\media_stream_manager.cc:1519] audio::OS::Dtor => (completed, duration=0 ms) [id=94D7556F76AFAC6F514B41D0A9802FD0] [controller_id=7CDB98181FAC41ADA983212B8D265723]
[33072:0829/100912.888:VERBOSE1:content\browser\renderer_host\media\media_stream_manager.cc:1519] ASR: number of detected audio glitches: 0 out of 85
[33072:0829/100912.890:VERBOSE1:content\browser\renderer_host\media\media_stream_manager.cc:1519] AOC::Close([state=playing]) [id=DDCE2BD6B2C690A278FBA9BCC5842115]
[33072:0829/100912.890:VERBOSE1:content\browser\renderer_host\media\media_stream_manager.cc:1519] AOC::StopStream => (duration=0 sec) [id=DDCE2BD6B2C690A278FBA9BCC5842115]
[33072:0829/100912.890:VERBOSE1:content\browser\renderer_host\media\media_stream_manager.cc:1519] AOC::StopStream => (glitches=[duration (ms): 0, count: 0], glitch_percentage=0.000%) [id=DDCE2BD6B2C690A278FBA9BCC5842115]
[33072:0829/100912.890:VERBOSE1:content\browser\renderer_host\media\media_stream_manager.cc:1519] AOC::StopStream => (error_during_callback=false) [id=DDCE2BD6B2C690A278FBA9BCC5842115]
[33072:0829/100912.890:VERBOSE1:content\browser\renderer_host\media\media_stream_manager.cc:1519] AOC::StopStream => (average audio level=-99.18 dBFS) [id=DDCE2BD6B2C690A278FBA9BCC5842115]
[33072:0829/100912.890:VERBOSE1:content\browser\renderer_host\media\media_stream_manager.cc:1519] AOC::Close => (state=closed) [id=DDCE2BD6B2C690A278FBA9BCC5842115]
[33072:0829/100912.890:VERBOSE1:content\browser\renderer_host\media\media_stream_manager.cc:1519] audio::OS::Dtor => (completed, duration=0 ms) [id=B7AE1615A4CF8574B6A5B5FCB79A05C3] [controller_id=DDCE2BD6B2C690A278FBA9BCC5842115]
[33072:0829/100912.890:VERBOSE1:content\browser\renderer_host\media\media_stream_manager.cc:1519] ASR: number of detected audio glitches: 0 out of 85
[33072:0829/100912.890:VERBOSE1:content\browser\renderer_host\media\media_stream_manager.cc:1519] RFAOSF::RequestDeviceAuthorization({device_id=}) [process_id=6, frame_id=1]
[33072:0829/100912.890:VERBOSE1:content\browser\renderer_host\media\media_stream_manager.cc:1519] RFAOSF::RequestDeviceAuthorization({device_id=}) [process_id=6, frame_id=1]
[33072:0829/100912.894:VERBOSE1:content\browser\renderer_host\media\media_stream_manager.cc:1519] RFAOSF::AuthorizationCompleted({status=OK}, {params=format: PCM_LOW_LATENCY, channel_layout: 14, channels: 8, sample_rate: 96000, frames_per_buffer: 960, effects: NONE, mic_positions: , latency_tag: LatencyUnknown, hw_capabilities: min_frames_per_buffer: 192, max_frames_per_buffer: 960, bitstream_formats:0, require_encapsulation:0, require_audio_offload:0}, {device_id=default}) [process_id=6, frame_id=1]
[33072:0829/100912.894:VERBOSE1:content\browser\renderer_host\media\media_stream_manager.cc:1519] RFAOSF::AuthorizationCompleted => (authorization time=4 ms) [process_id=6, frame_id=1]
[33072:0829/100912.898:VERBOSE1:content\browser\renderer_host\media\media_stream_manager.cc:1519] RFAOSF::AuthorizationCompleted({status=OK}, {params=format: PCM_LOW_LATENCY, channel_layout: 14, channels: 8, sample_rate: 96000, frames_per_buffer: 960, effects: NONE, mic_positions: , latency_tag: LatencyUnknown, hw_capabilities: min_frames_per_buffer: 192, max_frames_per_buffer: 960, bitstream_formats:0, require_encapsulation:0, require_audio_offload:0}, {device_id=default}) [process_id=6, frame_id=1]
[33072:0829/100912.898:VERBOSE1:content\browser\renderer_host\media\media_stream_manager.cc:1519] RFAOSF::AuthorizationCompleted => (authorization time=8 ms) [process_id=6, frame_id=1]
[33072:0829/100912.898:VERBOSE1:content\browser\renderer_host\media\media_stream_manager.cc:1519] audio::OS::Ctor({audio_manager_name=Windows}, {device_id=default}, {params=[format: PCM_LOW_LATENCY, channel_layout: 3, channels: 2, sample_rate: 96000, frames_per_buffer: 960, effects: NONE, mic_positions: , latency_tag: LatencyInteractive]}) [id=071CC509A0425B6DD77AD8CE2719CCAC] [controller_id=6BF17C0996983147004D730869854848]
[33072:0829/100912.898:VERBOSE1:content\browser\renderer_host\media\media_stream_manager.cc:1519] AOC::CreateStream([state=empty]) [id=6BF17C0996983147004D730869854848]
[33072:0829/100912.898:VERBOSE1:content\browser\renderer_host\media\media_stream_manager.cc:1519] AOC::RecreateStream({reason=INITIAL_STREAM}, {device_name=Default - Unknown}, {params=[format: PCM_LOW_LATENCY, channel_layout: 3, channels: 2, sample_rate: 96000, frames_per_buffer: 960, effects: NONE, mic_positions: , latency_tag: LatencyInteractive]}, [state=empty]) [id=6BF17C0996983147004D730869854848]
[33072:0829/100912.898:VERBOSE1:content\browser\renderer_host\media\media_stream_manager.cc:1519] AOC::CreateStream => (state=created) [id=6BF17C0996983147004D730869854848]
[33072:0829/100912.898:VERBOSE1:content\browser\renderer_host\media\media_stream_manager.cc:1519] audio::OS::CreateAudioPipe() [id=071CC509A0425B6DD77AD8CE2719CCAC] [controller_id=6BF17C0996983147004D730869854848]
[33072:0829/100912.898:VERBOSE1:content\browser\renderer_host\media\media_stream_manager.cc:1519] audio::OS::CreateAudioPipe() => (duration=0 ms) [id=071CC509A0425B6DD77AD8CE2719CCAC] [controller_id=6BF17C0996983147004D730869854848]
[33072:0829/100912.898:VERBOSE1:content\browser\renderer_host\media\media_stream_manager.cc:1519] audio::OS::Create => (duration=0 ms) [id=071CC509A0425B6DD77AD8CE2719CCAC] [controller_id=6BF17C0996983147004D730869854848]
[33072:0829/100912.899:VERBOSE1:content\browser\renderer_host\media\media_stream_manager.cc:1519] audio::OS::Ctor({audio_manager_name=Windows}, {device_id=default}, {params=[format: PCM_LOW_LATENCY, channel_layout: 14, channels: 8, sample_rate: 96000, frames_per_buffer: 960, effects: NONE, mic_positions: , latency_tag: LatencyRtc]}) [id=1E5FE758826E84C85A96E2D41B56FA61] [controller_id=2538876A98A4AAB5190F41B6C17EBB40]
[33072:0829/100912.899:VERBOSE1:content\browser\renderer_host\media\media_stream_manager.cc:1519] AOC::CreateStream([state=empty]) [id=2538876A98A4AAB5190F41B6C17EBB40]
[33072:0829/100912.899:VERBOSE1:content\browser\renderer_host\media\media_stream_manager.cc:1519] AOC::RecreateStream({reason=INITIAL_STREAM}, {device_name=Default - Unknown}, {params=[format: PCM_LOW_LATENCY, channel_layout: 14, channels: 8, sample_rate: 96000, frames_per_buffer: 960, effects: NONE, mic_positions: , latency_tag: LatencyRtc]}, [state=empty]) [id=2538876A98A4AAB5190F41B6C17EBB40]
[33072:0829/100912.899:VERBOSE1:content\browser\renderer_host\media\media_stream_manager.cc:1519] AOC::CreateStream => (state=created) [id=2538876A98A4AAB5190F41B6C17EBB40]
[33072:0829/100912.899:VERBOSE1:content\browser\renderer_host\media\media_stream_manager.cc:1519] audio::OS::CreateAudioPipe() [id=1E5FE758826E84C85A96E2D41B56FA61] [controller_id=2538876A98A4AAB5190F41B6C17EBB40]
[33072:0829/100912.899:VERBOSE1:content\browser\renderer_host\media\media_stream_manager.cc:1519] audio::OS::CreateAudioPipe() => (duration=0 ms) [id=1E5FE758826E84C85A96E2D41B56FA61] [controller_id=2538876A98A4AAB5190F41B6C17EBB40]
[33072:0829/100912.899:VERBOSE1:content\browser\renderer_host\media\media_stream_manager.cc:1519] audio::OS::Create => (duration=0 ms) [id=1E5FE758826E84C85A96E2D41B56FA61] [controller_id=2538876A98A4AAB5190F41B6C17EBB40]
[33072:0829/100912.899:VERBOSE1:content\browser\renderer_host\media\media_stream_manager.cc:1519] audio::OS::Play() [id=071CC509A0425B6DD77AD8CE2719CCAC] [controller_id=6BF17C0996983147004D730869854848]
[33072:0829/100912.899:VERBOSE1:content\browser\renderer_host\media\media_stream_manager.cc:1519] AOC::Play([state=created]) [id=6BF17C0996983147004D730869854848]
[33072:0829/100912.899:VERBOSE1:content\browser\renderer_host\media\media_stream_manager.cc:1519] AOC::StartStream => (state=playing) [id=6BF17C0996983147004D730869854848]
[33072:0829/100912.899:VERBOSE1:content\browser\renderer_host\media\media_stream_manager.cc:1519] audio::OS::Play() => (duration=0 ms) [id=071CC509A0425B6DD77AD8CE2719CCAC] [controller_id=6BF17C0996983147004D730869854848]
[33072:0829/100912.899:VERBOSE1:content\browser\renderer_host\media\media_stream_manager.cc:1519] audio::OS::Play() [id=1E5FE758826E84C85A96E2D41B56FA61] [controller_id=2538876A98A4AAB5190F41B6C17EBB40]
[33072:0829/100912.899:VERBOSE1:content\browser\renderer_host\media\media_stream_manager.cc:1519] AOC::Play([state=created]) [id=2538876A98A4AAB5190F41B6C17EBB40]
[33072:0829/100912.899:VERBOSE1:content\browser\renderer_host\media\media_stream_manager.cc:1519] AOC::StartStream => (state=playing) [id=2538876A98A4AAB5190F41B6C17EBB40]
[33072:0829/100912.899:VERBOSE1:content\browser\renderer_host\media\media_stream_manager.cc:1519] audio::OS::Play() => (duration=0 ms) [id=1E5FE758826E84C85A96E2D41B56FA61] [controller_id=2538876A98A4AAB5190F41B6C17EBB40]
[33072:0829/100912.918:INFO:third_party\webrtc\modules\desktop_capture\win\wgc_capture_session.cc:277] WGC capture session is outputing CPU memory.
[33072:0829/100912.940:VERBOSE1:media\capture\content\capture_resolution_chooser.cc:205] Recomputed snapped frame sizes: 160x90 <--> 320x180 <--> 480x270 <--> 640x360 <--> 800x450 <--> 960x540 <--> 1120x630 <--> 1280x720
[33072:0829/100912.940:VERBOSE1:media\capture\content\capture_resolution_chooser.cc:157] Recomputed capture size from 640x360 to 1280x720 (100% of ideal size)
[33072:0829/100912.943:VERBOSE1:content\browser\renderer_host\media\media_stream_manager.cc:1519] video capture: Pixel format: PIXEL_FORMAT_I420
[33072:0829/100912.943:VERBOSE1:content\browser\renderer_host\media\media_stream_manager.cc:1519] video capture: First frame received at VideoCaptureController
[33072:0829/100912.943:VERBOSE1:content\browser\renderer_host\media\media_stream_manager.cc:1519] video capture: First frame received for this VideoCaptureImpl instance
[33072:0829/100912.947:VERBOSE1:third_party\webrtc\modules\desktop_capture\win\wgc_capture_session.cc:405] ProcessFrame failed, using existing frame: -2147467259
[33072:0829/100912.949:VERBOSE1:content\browser\renderer_host\media\media_stream_manager.cc:1519] video capture: Frame dropped with reason code 23.
[33072:0829/100912.962:VERBOSE1:third_party\webrtc\modules\desktop_capture\win\wgc_capture_session.cc:405] ProcessFrame failed, using existing frame: -2147467259
[33072:0829/100912.964:VERBOSE1:content\browser\renderer_host\media\media_stream_manager.cc:1519] video capture: Frame dropped with reason code 23.
[33072:0829/100912.967:VERBOSE1:third_party\webrtc\modules\desktop_capture\win\wgc_capture_session.cc:405] ProcessFrame failed, using existing frame: -2147467259
[33072:0829/100912.969:VERBOSE1:content\browser\renderer_host\media\media_stream_manager.cc:1519] video capture: Frame dropped with reason code 23. Additional logs will be partially suppressed.
[33072:0829/100913.025:VERBOSE1:content\browser\renderer_host\media\media_stream_manager.cc:1519] video capture: Frame dropped with reason code 15.
[33072:0829/100913.042:VERBOSE1:content\browser\renderer_host\media\media_stream_manager.cc:1519] video capture: Frame dropped with reason code 15.
[33072:0829/100913.060:VERBOSE1:content\browser\renderer_host\media\media_stream_manager.cc:1519] video capture: Frame dropped with reason code 15. Additional logs will be partially suppressed.
[33072:0829/100913.315:VERBOSE1:third_party\webrtc\modules\desktop_capture\win\wgc_capture_session.cc:405] ProcessFrame failed, using existing frame: -2147467259
[stream-benchmark] aquecendo por 1000 ms
[33072:0829/100913.825:VERBOSE1:third_party\webrtc\modules\desktop_capture\win\wgc_capture_session.cc:405] ProcessFrame failed, using existing frame: -2147467259
[33072:0829/100914.241:VERBOSE1:third_party\webrtc\modules\desktop_capture\win\wgc_capture_session.cc:405] ProcessFrame failed, using existing frame: -2147467259
[33072:0829/100914.713:VERBOSE1:third_party\webrtc\modules\desktop_capture\win\wgc_capture_session.cc:405] ProcessFrame failed, using existing frame: -2147467259
[33072:0829/100915.097:VERBOSE1:third_party\webrtc\modules\desktop_capture\win\wgc_capture_session.cc:405] ProcessFrame failed, using existing frame: -2147467259
[33072:0829/100915.552:VERBOSE1:third_party\webrtc\modules\desktop_capture\win\wgc_capture_session.cc:405] ProcessFrame failed, using existing frame: -2147467259
[33072:0829/100915.896:VERBOSE1:third_party\webrtc\modules\desktop_capture\win\wgc_capture_session.cc:405] ProcessFrame failed, using existing frame: -2147467259
[33072:0829/100916.385:VERBOSE1:third_party\webrtc\modules\desktop_capture\win\wgc_capture_session.cc:405] ProcessFrame failed, using existing frame: -2147467259
[33072:0829/100916.842:VERBOSE1:third_party\webrtc\modules\desktop_capture\win\wgc_capture_session.cc:405] ProcessFrame failed, using existing frame: -2147467259
[33072:0829/100917.189:VERBOSE1:third_party\webrtc\modules\desktop_capture\win\wgc_capture_session.cc:405] ProcessFrame failed, using existing frame: -2147467259
[33072:0829/100917.607:VERBOSE1:third_party\webrtc\modules\desktop_capture\win\wgc_capture_session.cc:405] ProcessFrame failed, using existing frame: -2147467259
[stream-benchmark] qualidade visual indisponível para esta fonte
[33072:0829/100917.617:VERBOSE1:content\browser\renderer_host\media\media_stream_manager.cc:1519] video capture: VideoCaptureImpl changing state to VIDEO_CAPTURE_STATE_STOPPING
[33072:0829/100917.617:VERBOSE1:content\browser\renderer_host\media\media_stream_manager.cc:1519] MSM::StopStreamDevice({render_process_id=6}, {render_frame_id=1}, {requester_id=2}, {device_id=screen:0:0}, {session_id=256AB745AAD10936A68A1099A59C67A2})
[33072:0829/100917.617:VERBOSE1:content\browser\renderer_host\media\media_stream_manager.cc:1519] MSM::StopDevice({type=GUM_DESKTOP_VIDEO_CAPTURE}, {session_id=256AB745AAD10936A68A1099A59C67A2})
[33072:0829/100917.617:VERBOSE1:content\browser\renderer_host\media\media_stream_manager.cc:1519] MSM::CloseDevice({type=GUM_DESKTOP_VIDEO_CAPTURE}, {session_id=256AB745AAD10936A68A1099A59C67A2})
[33072:0829/100917.617:VERBOSE1:content\browser\renderer_host\media\media_stream_manager.cc:1519] video capture: VideoCaptureManager::Close, capture_session_id = (256AB745AAD10936A68A1099A59C67A2)
[33072:0829/100917.617:VERBOSE1:content\browser\renderer_host\media\media_stream_manager.cc:1519] video capture: VideoCaptureController::StopSession: session_id = (256AB745AAD10936A68A1099A59C67A2)
[33072:0829/100917.617:VERBOSE1:content\browser\renderer_host\media\media_stream_manager.cc:1519] MSM::DR::SetState({label=9688f5a9-8650-4817-948e-765dacd731c2}, [requester_id=2], {stream_type=GUM_DESKTOP_VIDEO_CAPTURE}, {new_state=STATE_CLOSING})
[33072:0829/100917.617:VERBOSE1:content\browser\renderer_host\media\media_stream_manager.cc:1519] MSM::DeleteRequest([label=9688f5a9-8650-4817-948e-765dacd731c2])
[33072:0829/100917.617:VERBOSE1:content\browser\renderer_host\media\media_stream_manager.cc:1519] video capture: VideoCaptureController::RemoveClient: id = (256AB745AAD10936A68A1099A59C67A2)
[33072:0829/100917.617:VERBOSE1:content\browser\renderer_host\media\media_stream_manager.cc:1519] video capture: DisconnectClient: session_id = (256AB745AAD10936A68A1099A59C67A2)
[33072:0829/100917.617:VERBOSE1:content\browser\renderer_host\media\media_stream_manager.cc:1519] video capture: VideoCaptureManager stopping device (stream_type = GUM_DESKTOP_VIDEO_CAPTURE, device_id = screen:0:0)
[33072:0829/100917.617:VERBOSE1:content\browser\renderer_host\media\media_stream_manager.cc:1519] video capture: VideoCaptureController::ReleaseDeviceAsync: serial_id = 0, device_id = screen:0:0
[33072:0829/100917.617:VERBOSE1:content\browser\renderer_host\media\media_stream_manager.cc:1519] MSM::Closed({stream_type=GUM_DESKTOP_VIDEO_CAPTURE}, {session_id=256AB745AAD10936A68A1099A59C67A2})
[33072:0829/100917.619:VERBOSE1:content\browser\renderer_host\media\media_stream_manager.cc:1519] RFAOSF::RequestDeviceAuthorization({device_id=}) [process_id=7, frame_id=1]
[33072:0829/100917.619:VERBOSE1:content\browser\renderer_host\media\media_stream_manager.cc:1519] AOC::Close([state=playing]) [id=568EDD0B52884FAABC4C3B77E4983DB4]
[33072:0829/100917.619:VERBOSE1:content\browser\renderer_host\media\media_stream_manager.cc:1519] AOC::StopStream => (duration=4 sec) [id=568EDD0B52884FAABC4C3B77E4983DB4]
[33072:0829/100917.619:VERBOSE1:content\browser\renderer_host\media\media_stream_manager.cc:1519] AOC::StopStream => (glitches=[duration (ms): 0, count: 0], glitch_percentage=0.000%) [id=568EDD0B52884FAABC4C3B77E4983DB4]
[33072:0829/100917.619:VERBOSE1:content\browser\renderer_host\media\media_stream_manager.cc:1519] AOC::StopStream => (error_during_callback=false) [id=568EDD0B52884FAABC4C3B77E4983DB4]
[33072:0829/100917.619:VERBOSE1:content\browser\renderer_host\media\media_stream_manager.cc:1519] AOC::StopStream => (average audio level=-inf dBFS) [id=568EDD0B52884FAABC4C3B77E4983DB4]
[33072:0829/100917.619:VERBOSE1:content\browser\renderer_host\media\media_stream_manager.cc:1519] AOC::Close => (state=closed) [id=568EDD0B52884FAABC4C3B77E4983DB4]
[33072:0829/100917.619:VERBOSE1:content\browser\renderer_host\media\media_stream_manager.cc:1519] audio::OS::Dtor => (completed, duration=0 ms) [id=49518F3B7D4C62614D1460CE59CBD80D] [controller_id=568EDD0B52884FAABC4C3B77E4983DB4]
[33072:0829/100917.619:VERBOSE1:content\browser\renderer_host\media\media_stream_manager.cc:1519] ASR: number of detected audio glitches: 0 out of 474
[33072:0829/100917.625:VERBOSE1:content\browser\renderer_host\media\media_stream_manager.cc:1519] RFAOSF::AuthorizationCompleted({status=OK}, {params=format: PCM_LOW_LATENCY, channel_layout: 14, channels: 8, sample_rate: 96000, frames_per_buffer: 960, effects: NONE, mic_positions: , latency_tag: LatencyUnknown, hw_capabilities: min_frames_per_buffer: 192, max_frames_per_buffer: 960, bitstream_formats:0, require_encapsulation:0, require_audio_offload:0}, {device_id=default}) [process_id=7, frame_id=1]
[33072:0829/100917.625:VERBOSE1:content\browser\renderer_host\media\media_stream_manager.cc:1519] RFAOSF::AuthorizationCompleted => (authorization time=5 ms) [process_id=7, frame_id=1]
[33072:0829/100917.626:VERBOSE1:content\browser\renderer_host\media\media_stream_manager.cc:1519] RFAOSF::RequestDeviceAuthorization({device_id=}) [process_id=7, frame_id=1]
[33072:0829/100917.628:VERBOSE1:content\browser\renderer_host\media\media_stream_manager.cc:1519] RFAOSF::AuthorizationCompleted({status=OK}, {params=format: PCM_LOW_LATENCY, channel_layout: 14, channels: 8, sample_rate: 96000, frames_per_buffer: 960, effects: NONE, mic_positions: , latency_tag: LatencyUnknown, hw_capabilities: min_frames_per_buffer: 192, max_frames_per_buffer: 960, bitstream_formats:0, require_encapsulation:0, require_audio_offload:0}, {device_id=default}) [process_id=7, frame_id=1]
[33072:0829/100917.628:VERBOSE1:content\browser\renderer_host\media\media_stream_manager.cc:1519] RFAOSF::AuthorizationCompleted => (authorization time=3 ms) [process_id=7, frame_id=1]
[33072:0829/100917.630:VERBOSE1:content\browser\renderer_host\media\media_stream_manager.cc:1519] audio::OS::Ctor({audio_manager_name=Windows}, {device_id=default}, {params=[format: PCM_LOW_LATENCY, channel_layout: 3, channels: 2, sample_rate: 96000, frames_per_buffer: 960, effects: NONE, mic_positions: , latency_tag: LatencyInteractive]}) [id=186F2412E983C900B41162E5732D3C75] [controller_id=F877C528D43B17B1E3B0D93FAAD3D20A]
[33072:0829/100917.630:VERBOSE1:content\browser\renderer_host\media\media_stream_manager.cc:1519] AOC::CreateStream([state=empty]) [id=F877C528D43B17B1E3B0D93FAAD3D20A]
[33072:0829/100917.630:VERBOSE1:content\browser\renderer_host\media\media_stream_manager.cc:1519] AOC::RecreateStream({reason=INITIAL_STREAM}, {device_name=Default - Unknown}, {params=[format: PCM_LOW_LATENCY, channel_layout: 3, channels: 2, sample_rate: 96000, frames_per_buffer: 960, effects: NONE, mic_positions: , latency_tag: LatencyInteractive]}, [state=empty]) [id=F877C528D43B17B1E3B0D93FAAD3D20A]
[33072:0829/100917.630:VERBOSE1:content\browser\renderer_host\media\media_stream_manager.cc:1519] AOC::CreateStream => (state=created) [id=F877C528D43B17B1E3B0D93FAAD3D20A]
[33072:0829/100917.630:VERBOSE1:content\browser\renderer_host\media\media_stream_manager.cc:1519] audio::OS::CreateAudioPipe() [id=186F2412E983C900B41162E5732D3C75] [controller_id=F877C528D43B17B1E3B0D93FAAD3D20A]
[33072:0829/100917.630:VERBOSE1:content\browser\renderer_host\media\media_stream_manager.cc:1519] audio::OS::CreateAudioPipe() => (duration=0 ms) [id=186F2412E983C900B41162E5732D3C75] [controller_id=F877C528D43B17B1E3B0D93FAAD3D20A]
[33072:0829/100917.630:VERBOSE1:content\browser\renderer_host\media\media_stream_manager.cc:1519] audio::OS::Create => (duration=0 ms) [id=186F2412E983C900B41162E5732D3C75] [controller_id=F877C528D43B17B1E3B0D93FAAD3D20A]
[33072:0829/100917.630:VERBOSE1:content\browser\renderer_host\media\media_stream_manager.cc:1519] audio::OS::Play() [id=186F2412E983C900B41162E5732D3C75] [controller_id=F877C528D43B17B1E3B0D93FAAD3D20A]
[33072:0829/100917.630:VERBOSE1:content\browser\renderer_host\media\media_stream_manager.cc:1519] AOC::Play([state=created]) [id=F877C528D43B17B1E3B0D93FAAD3D20A]
[33072:0829/100917.630:VERBOSE1:content\browser\renderer_host\media\media_stream_manager.cc:1519] AOC::StartStream => (state=playing) [id=F877C528D43B17B1E3B0D93FAAD3D20A]
[33072:0829/100917.630:VERBOSE1:content\browser\renderer_host\media\media_stream_manager.cc:1519] audio::OS::Play() => (duration=0 ms) [id=186F2412E983C900B41162E5732D3C75] [controller_id=F877C528D43B17B1E3B0D93FAAD3D20A]
[33072:0829/100917.864:VERBOSE1:content\browser\renderer_host\media\media_stream_manager.cc:1519] AOC::WedgeCheck => (stream is alive) [id=77F3EE8F5989BFB2CDA2CBD9787CD436]
[33072:0829/100917.864:VERBOSE1:content\browser\renderer_host\media\media_stream_manager.cc:1519] AOC::WedgeCheck => (stream is alive) [id=E5466D0E22348A9979BE737CDCC664C0]
[33072:0829/100917.880:VERBOSE1:content\browser\renderer_host\media\media_stream_manager.cc:1519] AOC::WedgeCheck => (stream is alive) [id=3C57A44751201E6F7119027D5B033084]
[33072:0829/100917.900:VERBOSE1:content\browser\renderer_host\media\media_stream_manager.cc:1519] AOC::WedgeCheck => (stream is alive) [id=6BF17C0996983147004D730869854848]
[33072:0829/100917.900:VERBOSE1:content\browser\renderer_host\media\media_stream_manager.cc:1519] AOC::WedgeCheck => (stream is alive) [id=2538876A98A4AAB5190F41B6C17EBB40]
[stream-benchmark] 01-performance: apresentado 2.81 FPS, encode 3.67 FPS, perda 0.00%, bitrate CV 0.569, SSIM n/a, CPU 6.4%, GPU n/a%, validade sender-receiver-resolution-mismatch
[stream-benchmark] relatório salvo em C:\Projects\discord p2p\artifacts\probe-m150-b-screen-wgc.json
{
  "schemaVersion": 5,
  "benchmark": "jump-screen-share-loopback",
  "config": {
    "warmupMs": 1000,
    "durationMs": 3000,
    "repeats": 1,
    "viewers": 1,
    "sampleMs": 250,
    "resourceSampleMs": 1000,
    "sourceFps": 60,
    "sourceWidth": 1920,
    "sourceHeight": 1080,
    "sourceSeed": 1247104336,
    "gpuLoad": 0,
    "qualitySamples": 0,
    "qualityWidth": 1920,
    "qualityHeight": 1080,
    "qualitySettleMs": 750,
    "externalSource": false,
    "externalSourceMode": "ffplay",
    "captureType": "screen",
    "disableFeatures": "",
    "enableFeatures": "",
    "preferredSoftwareCodec": "",
    "nvidiaSmiEnabled": false,
    "networkEmulation": {
      "packetLossPercent": 0,
      "packetQueueLength": 0,
      "packetReordering": false,
      "latencyMs": 0,
      "downloadKbps": 0,
      "uploadKbps": 0,
      "enabled": false
    },
    "profiles": [
      "performance"
    ],
    "outputPath": "C:\\Projects\\discord p2p\\artifacts\\probe-m150-b-screen-wgc.json",
    "pretty": true,
    "stdout": true,
    "sfuEnabled": true,
    "expectSfu": false
  },
  "environment": {
    "generatedAt": "2026-08-29T13:09:18.123Z",
    "git": {
      "commit": "5d290024c0b854d236eb1f770033333b5dcb9929",
      "status": "M electron/main.cjs\n M tests/screen-share-benchmark.e2e.cjs\n?? electron/media-runtime-config.cjs\n?? tests/media-runtime-config.e2e.cjs\n?? tests/media-runtime-config.test.cjs",
      "sourceSha256": {
        "electron/main.cjs": "4646ba3c30911278b7cb1dd6027b2d4fdd5a6219650511e2ea19811b3db3937d",
        "src/hooks/useScreenShare.js": "1191be41a8ca7845182526ecf8b3531d103a4f41aa08637be046d09e3eeac3d7",
        "src/media/screenShareProfiles.js": "9dda3e555fdb00167e227748ab2ed8359db500af60627e2ce71e719dd30b9bb7",
        "src/media/screenShareTelemetry.js": "0ffc6116cb2874abfbb21a5fd70ec13d0e4422ba83c5050841586ff45075ea72",
        "src/webrtc/usePeerMesh.js": "6469e5ba7c3cd9e68f4f29558bda07e3f1d78aff2531b49c5766b8f26d5f998a",
        "tests/screen-share-benchmark.e2e.cjs": "29d90605837b0d72b5ccfaa553d7ca659b045481a86a1e83db94df141b93b0d5",
        "tests/fixtures/motion-source.html": "a5d4f15b248f3a2ef622da89ee19ce8a7dd0e0f7f4d081bb50e8167cba29f25a"
      }
    },
    "runtime": {
      "node": "24.18.1",
      "acorn": "8.16.0",
      "ada": "3.4.4",
      "amaro": "1.1.9",
      "ares": "1.34.6",
      "brotli": "1.2.0",
      "cldr": "48.0",
      "icu": "78.2",
      "llhttp": "9.4.3",
      "merve": "1.2.2",
      "modules": "148",
      "napi": "10",
      "nbytes": "0.1.4",
      "ncrypto": "0.0.1",
      "nghttp2": "1.69.0",
      "nghttp3": "",
      "ngtcp2": "",
      "openssl": "0.0.0",
      "simdjson": "4.6.4",
      "simdutf": "7.7.0",
      "sqlite": "3.53.1",
      "tz": "2025c",
      "undici": "7.29.0",
      "unicode": "17.0",
      "uv": "1.52.1",
      "uvwasi": "0.0.23",
      "v8": "15.0.245.28-electron.0",
      "zlib": "1.3.2.1-motley",
      "zstd": "1.6.0",
      "electron": "43.4.1",
      "chrome": "150.0.7871.224"
    },
    "chromiumSwitches": {
      "disableFeatures": "",
      "enableFeatures": "",
      "argv": [
        "C:\\Projects\\discord p2p\\node_modules\\electron\\dist\\electron.exe",
        "--enable-logging=stderr",
        "--v=1",
        "--trace-startup=disabled-by-default-video_and_image_capture,webrtc,media,gpu",
        "--trace-startup-file=C:\\Projects\\discord p2p\\artifacts\\probe-m150-b-screen-wgc.trace.json",
        "tests/screen-share-benchmark.e2e.cjs"
      ]
    },
    "platform": {
      "platform": "win32",
      "arch": "x64",
      "osType": "Windows_NT",
      "osRelease": "10.0.26200",
      "osVersion": "Windows 11 Pro",
      "cpu": "AMD Ryzen 7 5700X 8-Core Processor             ",
      "logicalCpuCount": 16,
      "totalMemoryBytes": 34305277952
    },
    "electronGpu": {
      "hardwareAcceleration": true,
      "featureStatus": {
        "2d_canvas": "enabled",
        "direct_rendering_display_compositor": "disabled_off_ok",
        "gpu_compositing": "enabled",
        "multiple_raster_threads": "enabled_on",
        "opengl": "enabled_on",
        "rasterization": "enabled",
        "raw_draw": "disabled_off_ok",
        "skia_graphite": "disabled_off",
        "trees_in_viz": "disabled_off",
        "video_decode": "enabled",
        "video_encode": "enabled",
        "webgl": "enabled",
        "webgpu": "enabled",
        "webnn": "disabled_off"
      },
      "info": {
        "auxAttributes": {
          "amdSwitchable": false,
          "canSupportThreadedTextureMailbox": false,
          "directMLFeatureLevel": "Not supported",
          "dx12FeatureLevel": "Not supported",
          "glImplementationParts": "(gl=none,angle=none)",
          "glResetNotificationStrategy": 0,
          "inProcessGpu": true,
          "initializationTime": 0,
          "isAsan": false,
          "isClangCoverage": false,
          "jpegDecodeAcceleratorSupported": false,
          "optimus": false,
          "overlayInfo": {
            "bgra8OverlaySupport": "NONE",
            "directComposition": false,
            "nv12OverlaySupport": "NONE",
            "p010OverlaySupport": "NONE",
            "rgb10a2OverlaySupport": "NONE",
            "supportsOverlays": false,
            "yuy2OverlaySupport": "NONE"
          },
          "passthroughCmdDecoder": false,
          "sandboxed": false,
          "skiaBackendType": "None",
          "subpixelFontRendering": true,
          "supportsD3dSharedImages": false,
          "supportsDirectML": false,
          "supportsDx12": false,
          "supportsVulkan": false,
          "targetCpuBits": 64,
          "visibilityCallbackCallCount": 0,
          "vulkanVersion": "Not supported"
        },
        "gpuDevice": [
          {
            "active": false,
            "deviceId": 9476,
            "deviceString": "NVIDIA GeForce RTX 3060",
            "driverVersion": "32.0.15.9636",
            "gpuPreference": 0,
            "revision": 161,
            "subSysId": 964498530,
            "vendorId": 4318
          },
          {
            "active": false,
            "deviceId": 140,
            "deviceString": "Microsoft Basic Render Driver",
            "driverVersion": "10.0.26100.8972",
            "gpuPreference": 0,
            "revision": 0,
            "subSysId": 0,
            "vendorId": 5140
          }
        ]
      }
    },
    "resourceTelemetry": {
      "appGetAppMetrics": true,
      "processGetCPUUsage": true,
      "processGetProcessMemoryInfo": true,
      "processGetSystemMemoryInfo": true,
      "nvidiaSmi": {
        "enabled": false,
        "detected": false,
        "available": false,
        "path": "",
        "successfulSamples": 0,
        "failedSamples": 0,
        "lastError": null
      }
    },
    "externalSource": null,
    "captureBackend": {
      "wgcScreenCapturerDisabled": false,
      "confirmedByTrace": false,
      "note": "The switch expresses preference; Chromium may use an internal fallback unless a trace confirms the capturer."
    },
    "isolation": {
      "receiver": "visible-offscreen-outside-all-displays",
      "loopbackSameMachine": true
    },
    "networkEmulation": {
      "requested": false,
      "active": false,
      "target": null,
      "mode": null,
      "ruleIds": [],
      "fallbackReason": null,
      "error": null
    },
    "displays": [
      {
        "id": 2036301598,
        "bounds": {
          "x": 0,
          "y": 0,
          "width": 2560,
          "height": 1440
        },
        "workArea": {
          "x": 0,
          "y": 0,
          "width": 2560,
          "height": 1392
        },
        "scaleFactor": 1,
        "displayFrequency": 165,
        "colorDepth": 24
      }
    ],
    "fixtureSource": {
      "id": "screen:0:0",
      "name": "Tela cheia",
      "type": "screen",
      "displayId": "2036301598",
      "selectionValidation": "display-id"
    }
  },
  "runs": [
    {
      "runId": "01-performance",
      "repeat": 1,
      "orderIndex": 0,
      "profile": "performance",
      "captureSource": {
        "id": "screen:0:0",
        "name": "Tela cheia",
        "type": "screen",
        "displayId": "2036301598",
        "selectionValidation": "display-id"
      },
      "validity": {
        "validForPerformance": false,
        "validForVisualQuality": false,
        "reasons": [
          "sender-receiver-resolution-mismatch"
        ],
        "warnings": [
          "sender-bitrate-oscillation",
          "sender-pacer-delay",
          "visual-quality-unavailable:disabled"
        ],
        "stratum": {
          "transportMode": "mesh",
          "codec": "video/H264",
          "encoder": "MediaFoundationVideoEncodeAccelerator (NVIDIA H.264 Encoder MFT)",
          "resolution": "960x540",
          "adaptationScale": 1.3333333333333333
        },
        "stratumKey": "{\"transportMode\":\"mesh\",\"codec\":\"video/H264\",\"encoder\":\"MediaFoundationVideoEncodeAccelerator (NVIDIA H.264 Encoder MFT)\",\"resolution\":\"960x540\",\"adaptationScale\":1.3333333333333333}"
      },
      "startedAt": "2026-08-29T13:09:14.606Z",
      "endedAt": "2026-08-29T13:09:17.615Z",
      "sourceStart": {
        "targetFps": 60,
        "seed": 1247104336,
        "epochMs": 3760.800000000745,
        "nowMs": 3761.300000000745,
        "frameId": -1,
        "drawnFrames": 0,
        "skippedSlots": 0,
        "lastDrawMs": 0,
        "width": 2560,
        "height": 1392,
        "gpuLoad": 0,
        "gpuLoadActive": false,
        "gpuLoadError": "",
        "frozen": false
      },
      "sourceEnd": {
        "targetFps": 60,
        "seed": 1247104336,
        "epochMs": 3760.800000000745,
        "nowMs": 6762.5999999996275,
        "frameId": 179,
        "drawnFrames": 180,
        "skippedSlots": 0,
        "lastDrawMs": 6746.8,
        "width": 2560,
        "height": 1392,
        "gpuLoad": 0,
        "gpuLoadActive": false,
        "gpuLoadError": "",
        "frozen": false
      },
      "senderSamples": [
        {
          "benchmarkElapsedMs": 0.0029999999997016857,
          "collectedAt": 1788008954608.7,
          "role": "sender",
          "transportMode": "mesh",
          "peerId": "ee1503a4",
          "connectionState": "connected",
          "iceConnectionState": "connected",
          "signalingState": "stable",
          "track": {
            "id": "deb75fa8-9a36-47f6-9ddb-cfe7f0e96067",
            "label": "Screen",
            "enabled": true,
            "muted": false,
            "readyState": "live",
            "settings": {
              "aspectRatio": 1.7777777777777777,
              "deviceId": "screen:0:0",
              "frameRate": 60,
              "height": 720,
              "resizeMode": "crop-and-scale",
              "screenPixelRatio": 1,
              "width": 1280
            },
            "constraints": {
              "frameRate": {
                "max": 60,
                "ideal": 60
              },
              "height": {
                "max": 720,
                "ideal": 720
              },
              "width": {
                "max": 1280,
                "ideal": 1280
              }
            }
          },
          "senderParameters": {
            "degradationPreference": "maintain-resolution",
            "transactionId": "e47c4bea-bd5a-401c-a200-bbec0d70fb0e",
            "encodings": [
              {
                "active": true,
                "maxBitrate": 238029,
                "maxFramerate": 60,
                "scaleResolutionDownBy": 1,
                "priority": "high",
                "networkPriority": "high"
              }
            ]
          },
          "adaptation": {
            "profileId": "performance",
            "level": 0,
            "temporalLevel": 0,
            "poorSamples": 0,
            "stableSamples": 0,
            "sourceSamples": 0,
            "networkSamples": 2,
            "sampleCount": 2,
            "cooldownSamples": 0,
            "scale": 1,
            "frameRate": 60,
            "reason": "startup-observation",
            "targetFps": 60,
            "measuredFps": 3.9944160092604917,
            "captureFps": 48.59872811266932,
            "encodedFps": 3.9944160092604917,
            "encoderDeliveryRatio": 0.0821917808219178,
            "bottleneck": "network",
            "sourceLimited": false,
            "networkPressure": true,
            "capacityPressure": true,
            "transportPressure": true,
            "packetLossPressure": false,
            "retransmissionPressure": false,
            "pacerPressure": true,
            "discardedPacketPressure": false,
            "packetLossRatio": 0,
            "retransmissionRatio": 0,
            "averagePacketSendDelayMs": 231.97181428571426,
            "packetsDiscardedOnSend": 0,
            "pressureSamplesRequired": 2,
            "networkSustained": true,
            "networkHeadroomRatio": 0.077744125,
            "requiredBitrate": 8000000,
            "recoveryRequiredBitrate": 8000000,
            "networkRecoveryHeadroomRatio": 0.077744125,
            "networkRecoveryReady": true,
            "projectedRecoveryEncodeMs": 4.166666666666667,
            "encoderRecoveryReady": true,
            "encoderTrial": null,
            "downscaleEffectiveness": {
              "status": "idle",
              "samplesObserved": 0,
              "samplesRequired": 3,
              "requiredDeliveryGain": 0.08,
              "requiredEncodeCostReductionRatio": 0.15
            },
            "averageEncodeTimeMs": 4.166666666666667,
            "fpsEma": 1.6776547238894064,
            "encodeEma": 4.166666666666667,
            "effectiveWidth": 1280,
            "effectiveHeight": 720,
            "temporalChanged": false,
            "softwareEncoder": false,
            "encoderImplementation": "MediaFoundationVideoEncodeAccelerator (NVIDIA H.264 Encoder MFT)",
            "trackId": "deb75fa8-9a36-47f6-9ddb-cfe7f0e96067"
          },
          "videoCodecPolicyKey": "hardware-or-unknown",
          "videoMutationCounts": {
            "total": 2,
            "structural": 1,
            "bitrate": 2,
            "active": 0,
            "track": 1
          },
          "lastVideoMutation": {
            "sequence": 2,
            "type": "adapt",
            "timestampMs": 1788008952870,
            "peerId": "ee1503a4",
            "structural": false,
            "bitrate": true,
            "active": false,
            "trackChanged": false,
            "before": {
              "trackId": "deb75fa8-9a36-47f6-9ddb-cfe7f0e96067",
              "degradationPreference": "maintain-resolution",
              "encodings": [
                {
                  "active": true,
                  "maxBitrate": 8000000,
                  "maxFramerate": 60,
                  "scaleResolutionDownBy": 1,
                  "scalabilityMode": null
                }
              ]
            },
            "after": {
              "trackId": "deb75fa8-9a36-47f6-9ddb-cfe7f0e96067",
              "degradationPreference": "maintain-resolution",
              "encodings": [
                {
                  "active": true,
                  "maxBitrate": 238029,
                  "maxFramerate": 60,
                  "scaleResolutionDownBy": 1,
                  "scalabilityMode": null
                }
              ]
            },
            "countersBeforeNextSample": {
              "keyFramesEncoded": 0,
              "hugeFramesSent": 0,
              "nackCount": 0,
              "pliCount": 0,
              "firCount": 0,
              "bytesSent": 0
            },
            "profileId": "performance",
            "adaptationReason": "network-observation",
            "adaptationLevel": 0,
            "temporalLevel": 0
          },
          "jitterBufferTarget": null,
          "topology": {
            "sfuViewerCount": 0,
            "sfuConsumerCount": 0,
            "meshScreenSenders": 1,
            "meshActiveScreenSenders": 1,
            "meshViaSfuCount": 0,
            "meshBytesSentTotal": 68083,
            "publisherUploadBytes": 68083
          },
          "reports": {
            "source": {
              "id": "SV2",
              "timestamp": 1788008954607.965,
              "trackIdentifier": "deb75fa8-9a36-47f6-9ddb-cfe7f0e96067",
              "kind": "video",
              "width": 1280,
              "height": 720,
              "frames": 86,
              "framesPerSecond": 55
            },
            "outbound": {
              "id": "OT01V1223051103",
              "timestamp": 1788008954607.965,
              "ssrc": 1223051103,
              "kind": "video",
              "mid": "1",
              "active": true,
              "codecId": "COT01_103_level-asymmetry-allowed=1;packetization-mode=1;profile-level-id=42001f",
              "mediaSourceId": "SV2",
              "remoteId": "RIV1223051103",
              "transportId": "T01",
              "bytesSent": 68083,
              "headerBytesSent": 3566,
              "packetsSent": 74,
              "retransmittedBytesSent": 0,
              "retransmittedPacketsSent": 0,
              "framesEncoded": 7,
              "framesSent": 7,
              "hugeFramesSent": 7,
              "keyFramesEncoded": 1,
              "framesPerSecond": 3,
              "frameWidth": 1280,
              "frameHeight": 720,
              "qpSum": 346,
              "totalEncodeTime": 0.028,
              "totalEncodedBytesTarget": 0,
              "totalPacketSendDelay": 16.238032999999998,
              "targetBitrate": 198333,
              "qualityLimitationReason": "none",
              "qualityLimitationDurations": {
                "bandwidth": 0,
                "cpu": 0,
                "none": 1.746,
                "other": 0
              },
              "qualityLimitationResolutionChanges": 0,
              "nackCount": 0,
              "firCount": 0,
              "pliCount": 0,
              "encoderImplementation": "MediaFoundationVideoEncodeAccelerator (NVIDIA H.264 Encoder MFT)",
              "powerEfficientEncoder": true
            },
            "remoteInbound": {
              "id": "RIV1223051103",
              "timestamp": 1788008953374.142,
              "ssrc": 1223051103,
              "kind": "video",
              "codecId": "COT01_103_level-asymmetry-allowed=1;packetization-mode=1;profile-level-id=42001f",
              "localId": "OT01V1223051103",
              "transportId": "T01",
              "packetsLost": 0,
              "jitter": 0,
              "totalRoundTripTime": 0,
              "roundTripTimeMeasurements": 0,
              "fractionLost": 0
            },
            "inbound": null,
            "remoteOutbound": null,
            "codec": {
              "id": "COT01_103_level-asymmetry-allowed=1;packetization-mode=1;profile-level-id=42001f",
              "timestamp": 1788008954607.965,
              "payloadType": 103,
              "mimeType": "video/H264",
              "clockRate": 90000,
              "sdpFmtpLine": "level-asymmetry-allowed=1;packetization-mode=1;profile-level-id=42001f"
            },
            "transport": {
              "id": "T01",
              "timestamp": 1788008954607.965,
              "bytesSent": 89513,
              "bytesReceived": 15812,
              "packetsSent": 261,
              "packetsReceived": 188,
              "selectedCandidatePairId": "CP348oK6Hm_DQjSK4X2",
              "dtlsState": "connected",
              "iceRole": "controlled"
            },
            "candidatePair": {
              "id": "CP348oK6Hm_DQjSK4X2",
              "timestamp": 1788008954607.965,
              "state": "succeeded",
              "nominated": true,
              "writable": true,
              "bytesSent": 84445,
              "bytesReceived": 12069,
              "currentRoundTripTime": 0,
              "totalRoundTripTime": 0.002,
              "responsesReceived": 5,
              "availableOutgoingBitrate": 637082,
              "requestsReceived": 5,
              "requestsSent": 5,
              "localCandidateId": "I348oK6Hm",
              "remoteCandidateId": "IDQjSK4X2",
              "packetsDiscardedOnSend": 0,
              "bytesDiscardedOnSend": 0
            },
            "localCandidate": {
              "id": "I348oK6Hm",
              "timestamp": 1788008954607.965,
              "candidateType": "host",
              "protocol": "udp",
              "networkType": "ethernet",
              "address": "fdfd::1ab2:41f1",
              "port": 55251,
              "priority": 2122199807
            },
            "remoteCandidate": {
              "id": "IDQjSK4X2",
              "timestamp": 1788008954607.965,
              "candidateType": "host",
              "protocol": "udp",
              "address": "fdfd::1ab2:41f1",
              "port": 52144,
              "priority": 2122199807
            }
          }
        },
        {
          "benchmarkElapsedMs": 249.54699999999957,
          "collectedAt": 1788008954858.9,
          "role": "sender",
          "transportMode": "mesh",
          "peerId": "ee1503a4",
          "connectionState": "connected",
          "iceConnectionState": "connected",
          "signalingState": "stable",
          "track": {
            "id": "deb75fa8-9a36-47f6-9ddb-cfe7f0e96067",
            "label": "Screen",
            "enabled": true,
            "muted": false,
            "readyState": "live",
            "settings": {
              "aspectRatio": 1.7777777777777777,
              "deviceId": "screen:0:0",
              "frameRate": 60,
              "height": 720,
              "resizeMode": "crop-and-scale",
              "screenPixelRatio": 1,
              "width": 1280
            },
            "constraints": {
              "frameRate": {
                "max": 60,
                "ideal": 60
              },
              "height": {
                "max": 720,
                "ideal": 720
              },
              "width": {
                "max": 1280,
                "ideal": 1280
              }
            }
          },
          "senderParameters": {
            "degradationPreference": "maintain-resolution",
            "transactionId": "7b5b87a9-b191-4581-9552-4a23d634e523",
            "encodings": [
              {
                "active": true,
                "maxBitrate": 238029,
                "maxFramerate": 60,
                "scaleResolutionDownBy": 1,
                "priority": "high",
                "networkPriority": "high"
              }
            ]
          },
          "adaptation": {
            "profileId": "performance",
            "level": 0,
            "temporalLevel": 0,
            "poorSamples": 0,
            "stableSamples": 0,
            "sourceSamples": 0,
            "networkSamples": 2,
            "sampleCount": 2,
            "cooldownSamples": 0,
            "scale": 1,
            "frameRate": 60,
            "reason": "startup-observation",
            "targetFps": 60,
            "measuredFps": 3.9944160092604917,
            "captureFps": 48.59872811266932,
            "encodedFps": 3.9944160092604917,
            "encoderDeliveryRatio": 0.0821917808219178,
            "bottleneck": "network",
            "sourceLimited": false,
            "networkPressure": true,
            "capacityPressure": true,
            "transportPressure": true,
            "packetLossPressure": false,
            "retransmissionPressure": false,
            "pacerPressure": true,
            "discardedPacketPressure": false,
            "packetLossRatio": 0,
            "retransmissionRatio": 0,
            "averagePacketSendDelayMs": 231.97181428571426,
            "packetsDiscardedOnSend": 0,
            "pressureSamplesRequired": 2,
            "networkSustained": true,
            "networkHeadroomRatio": 0.077744125,
            "requiredBitrate": 8000000,
            "recoveryRequiredBitrate": 8000000,
            "networkRecoveryHeadroomRatio": 0.077744125,
            "networkRecoveryReady": true,
            "projectedRecoveryEncodeMs": 4.166666666666667,
            "encoderRecoveryReady": true,
            "encoderTrial": null,
            "downscaleEffectiveness": {
              "status": "idle",
              "samplesObserved": 0,
              "samplesRequired": 3,
              "requiredDeliveryGain": 0.08,
              "requiredEncodeCostReductionRatio": 0.15
            },
            "averageEncodeTimeMs": 4.166666666666667,
            "fpsEma": 1.6776547238894064,
            "encodeEma": 4.166666666666667,
            "effectiveWidth": 1280,
            "effectiveHeight": 720,
            "temporalChanged": false,
            "softwareEncoder": false,
            "encoderImplementation": "MediaFoundationVideoEncodeAccelerator (NVIDIA H.264 Encoder MFT)",
            "trackId": "deb75fa8-9a36-47f6-9ddb-cfe7f0e96067"
          },
          "videoCodecPolicyKey": "hardware-or-unknown",
          "videoMutationCounts": {
            "total": 2,
            "structural": 1,
            "bitrate": 2,
            "active": 0,
            "track": 1
          },
          "lastVideoMutation": {
            "sequence": 2,
            "type": "adapt",
            "timestampMs": 1788008952870,
            "peerId": "ee1503a4",
            "structural": false,
            "bitrate": true,
            "active": false,
            "trackChanged": false,
            "before": {
              "trackId": "deb75fa8-9a36-47f6-9ddb-cfe7f0e96067",
              "degradationPreference": "maintain-resolution",
              "encodings": [
                {
                  "active": true,
                  "maxBitrate": 8000000,
                  "maxFramerate": 60,
                  "scaleResolutionDownBy": 1,
                  "scalabilityMode": null
                }
              ]
            },
            "after": {
              "trackId": "deb75fa8-9a36-47f6-9ddb-cfe7f0e96067",
              "degradationPreference": "maintain-resolution",
              "encodings": [
                {
                  "active": true,
                  "maxBitrate": 238029,
                  "maxFramerate": 60,
                  "scaleResolutionDownBy": 1,
                  "scalabilityMode": null
                }
              ]
            },
            "countersBeforeNextSample": {
              "keyFramesEncoded": 0,
              "hugeFramesSent": 0,
              "nackCount": 0,
              "pliCount": 0,
              "firCount": 0,
              "bytesSent": 0
            },
            "profileId": "performance",
            "adaptationReason": "network-observation",
            "adaptationLevel": 0,
            "temporalLevel": 0
          },
          "jitterBufferTarget": null,
          "topology": {
            "sfuViewerCount": 0,
            "sfuConsumerCount": 0,
            "meshScreenSenders": 1,
            "meshActiveScreenSenders": 1,
            "meshViaSfuCount": 0,
            "meshBytesSentTotal": 73701,
            "publisherUploadBytes": 73701
          },
          "reports": {
            "source": {
              "id": "SV2",
              "timestamp": 1788008954857.7,
              "trackIdentifier": "deb75fa8-9a36-47f6-9ddb-cfe7f0e96067",
              "kind": "video",
              "width": 1280,
              "height": 720,
              "frames": 99,
              "framesPerSecond": 55
            },
            "outbound": {
              "id": "OT01V1223051103",
              "timestamp": 1788008954857.7,
              "ssrc": 1223051103,
              "kind": "video",
              "mid": "1",
              "active": true,
              "codecId": "COT01_103_level-asymmetry-allowed=1;packetization-mode=1;profile-level-id=42001f",
              "mediaSourceId": "SV2",
              "remoteId": "RIV1223051103",
              "transportId": "T01",
              "bytesSent": 73701,
              "headerBytesSent": 3702,
              "packetsSent": 79,
              "retransmittedBytesSent": 0,
              "retransmittedPacketsSent": 0,
              "framesEncoded": 7,
              "framesSent": 7,
              "hugeFramesSent": 7,
              "keyFramesEncoded": 1,
              "framesPerSecond": 3,
              "frameWidth": 1280,
              "frameHeight": 720,
              "qpSum": 346,
              "totalEncodeTime": 0.028,
              "totalEncodedBytesTarget": 0,
              "totalPacketSendDelay": 16.544476,
              "targetBitrate": 198333,
              "qualityLimitationReason": "none",
              "qualityLimitationDurations": {
                "bandwidth": 0,
                "cpu": 0,
                "none": 1.996,
                "other": 0
              },
              "qualityLimitationResolutionChanges": 0,
              "nackCount": 0,
              "firCount": 0,
              "pliCount": 0,
              "encoderImplementation": "MediaFoundationVideoEncodeAccelerator (NVIDIA H.264 Encoder MFT)",
              "powerEfficientEncoder": true
            },
            "remoteInbound": {
              "id": "RIV1223051103",
              "timestamp": 1788008954718.09,
              "ssrc": 1223051103,
              "kind": "video",
              "codecId": "COT01_103_level-asymmetry-allowed=1;packetization-mode=1;profile-level-id=42001f",
              "localId": "OT01V1223051103",
              "transportId": "T01",
              "packetsLost": 0,
              "jitter": 0.059966,
              "roundTripTime": 0.001,
              "totalRoundTripTime": 0.001,
              "roundTripTimeMeasurements": 1,
              "fractionLost": 0
            },
            "inbound": null,
            "remoteOutbound": null,
            "codec": {
              "id": "COT01_103_level-asymmetry-allowed=1;packetization-mode=1;profile-level-id=42001f",
              "timestamp": 1788008954857.7,
              "payloadType": 103,
              "mimeType": "video/H264",
              "clockRate": 90000,
              "sdpFmtpLine": "level-asymmetry-allowed=1;packetization-mode=1;profile-level-id=42001f"
            },
            "transport": {
              "id": "T01",
              "timestamp": 1788008954857.7,
              "bytesSent": 96480,
              "bytesReceived": 17026,
              "packetsSent": 283,
              "packetsReceived": 205,
              "selectedCandidatePairId": "CP348oK6Hm_DQjSK4X2",
              "dtlsState": "connected",
              "iceRole": "controlled"
            },
            "candidatePair": {
              "id": "CP348oK6Hm_DQjSK4X2",
              "timestamp": 1788008954857.7,
              "state": "succeeded",
              "nominated": true,
              "writable": true,
              "bytesSent": 91412,
              "bytesReceived": 13283,
              "currentRoundTripTime": 0,
              "totalRoundTripTime": 0.002,
              "responsesReceived": 5,
              "availableOutgoingBitrate": 646356,
              "requestsReceived": 5,
              "requestsSent": 5,
              "localCandidateId": "I348oK6Hm",
              "remoteCandidateId": "IDQjSK4X2",
              "packetsDiscardedOnSend": 0,
              "bytesDiscardedOnSend": 0
            },
            "localCandidate": {
              "id": "I348oK6Hm",
              "timestamp": 1788008954857.7,
              "candidateType": "host",
              "protocol": "udp",
              "networkType": "ethernet",
              "address": "fdfd::1ab2:41f1",
              "port": 55251,
              "priority": 2122199807
            },
            "remoteCandidate": {
              "id": "IDQjSK4X2",
              "timestamp": 1788008954857.7,
              "candidateType": "host",
              "protocol": "udp",
              "address": "fdfd::1ab2:41f1",
              "port": 52144,
              "priority": 2122199807
            }
          }
        },
        {
          "benchmarkElapsedMs": 500.0002999999997,
          "collectedAt": 1788008955108.9,
          "role": "sender",
          "transportMode": "mesh",
          "peerId": "ee1503a4",
          "connectionState": "connected",
          "iceConnectionState": "connected",
          "signalingState": "stable",
          "track": {
            "id": "deb75fa8-9a36-47f6-9ddb-cfe7f0e96067",
            "label": "Screen",
            "enabled": true,
            "muted": false,
            "readyState": "live",
            "settings": {
              "aspectRatio": 1.7777777777777777,
              "deviceId": "screen:0:0",
              "frameRate": 60,
              "height": 720,
              "resizeMode": "crop-and-scale",
              "screenPixelRatio": 1,
              "width": 1280
            },
            "constraints": {
              "frameRate": {
                "max": 60,
                "ideal": 60
              },
              "height": {
                "max": 720,
                "ideal": 720
              },
              "width": {
                "max": 1280,
                "ideal": 1280
              }
            }
          },
          "senderParameters": {
            "degradationPreference": "maintain-resolution",
            "transactionId": "8c8c1d97-3ad1-4a07-8aa1-a91dbef6da3a",
            "encodings": [
              {
                "active": true,
                "maxBitrate": 238029,
                "maxFramerate": 60,
                "scaleResolutionDownBy": 1,
                "priority": "high",
                "networkPriority": "high"
              }
            ]
          },
          "adaptation": {
            "profileId": "performance",
            "level": 0,
            "temporalLevel": 0,
            "poorSamples": 0,
            "stableSamples": 0,
            "sourceSamples": 0,
            "networkSamples": 2,
            "sampleCount": 2,
            "cooldownSamples": 0,
            "scale": 1,
            "frameRate": 60,
            "reason": "startup-observation",
            "targetFps": 60,
            "measuredFps": 3.9944160092604917,
            "captureFps": 48.59872811266932,
            "encodedFps": 3.9944160092604917,
            "encoderDeliveryRatio": 0.0821917808219178,
            "bottleneck": "network",
            "sourceLimited": false,
            "networkPressure": true,
            "capacityPressure": true,
            "transportPressure": true,
            "packetLossPressure": false,
            "retransmissionPressure": false,
            "pacerPressure": true,
            "discardedPacketPressure": false,
            "packetLossRatio": 0,
            "retransmissionRatio": 0,
            "averagePacketSendDelayMs": 231.97181428571426,
            "packetsDiscardedOnSend": 0,
            "pressureSamplesRequired": 2,
            "networkSustained": true,
            "networkHeadroomRatio": 0.077744125,
            "requiredBitrate": 8000000,
            "recoveryRequiredBitrate": 8000000,
            "networkRecoveryHeadroomRatio": 0.077744125,
            "networkRecoveryReady": true,
            "projectedRecoveryEncodeMs": 4.166666666666667,
            "encoderRecoveryReady": true,
            "encoderTrial": null,
            "downscaleEffectiveness": {
              "status": "idle",
              "samplesObserved": 0,
              "samplesRequired": 3,
              "requiredDeliveryGain": 0.08,
              "requiredEncodeCostReductionRatio": 0.15
            },
            "averageEncodeTimeMs": 4.166666666666667,
            "fpsEma": 1.6776547238894064,
            "encodeEma": 4.166666666666667,
            "effectiveWidth": 1280,
            "effectiveHeight": 720,
            "temporalChanged": false,
            "softwareEncoder": false,
            "encoderImplementation": "MediaFoundationVideoEncodeAccelerator (NVIDIA H.264 Encoder MFT)",
            "trackId": "deb75fa8-9a36-47f6-9ddb-cfe7f0e96067"
          },
          "videoCodecPolicyKey": "hardware-or-unknown",
          "videoMutationCounts": {
            "total": 2,
            "structural": 1,
            "bitrate": 2,
            "active": 0,
            "track": 1
          },
          "lastVideoMutation": {
            "sequence": 2,
            "type": "adapt",
            "timestampMs": 1788008952870,
            "peerId": "ee1503a4",
            "structural": false,
            "bitrate": true,
            "active": false,
            "trackChanged": false,
            "before": {
              "trackId": "deb75fa8-9a36-47f6-9ddb-cfe7f0e96067",
              "degradationPreference": "maintain-resolution",
              "encodings": [
                {
                  "active": true,
                  "maxBitrate": 8000000,
                  "maxFramerate": 60,
                  "scaleResolutionDownBy": 1,
                  "scalabilityMode": null
                }
              ]
            },
            "after": {
              "trackId": "deb75fa8-9a36-47f6-9ddb-cfe7f0e96067",
              "degradationPreference": "maintain-resolution",
              "encodings": [
                {
                  "active": true,
                  "maxBitrate": 238029,
                  "maxFramerate": 60,
                  "scaleResolutionDownBy": 1,
                  "scalabilityMode": null
                }
              ]
            },
            "countersBeforeNextSample": {
              "keyFramesEncoded": 0,
              "hugeFramesSent": 0,
              "nackCount": 0,
              "pliCount": 0,
              "firCount": 0,
              "bytesSent": 0
            },
            "profileId": "performance",
            "adaptationReason": "network-observation",
            "adaptationLevel": 0,
            "temporalLevel": 0
          },
          "jitterBufferTarget": null,
          "topology": {
            "sfuViewerCount": 0,
            "sfuConsumerCount": 0,
            "meshScreenSenders": 1,
            "meshActiveScreenSenders": 1,
            "meshViaSfuCount": 0,
            "meshBytesSentTotal": 82748,
            "publisherUploadBytes": 82748
          },
          "reports": {
            "source": {
              "id": "SV2",
              "timestamp": 1788008955108.034,
              "trackIdentifier": "deb75fa8-9a36-47f6-9ddb-cfe7f0e96067",
              "kind": "video",
              "width": 1280,
              "height": 720,
              "frames": 113,
              "framesPerSecond": 54
            },
            "outbound": {
              "id": "OT01V1223051103",
              "timestamp": 1788008955108.034,
              "ssrc": 1223051103,
              "kind": "video",
              "mid": "1",
              "active": true,
              "codecId": "COT01_103_level-asymmetry-allowed=1;packetization-mode=1;profile-level-id=42001f",
              "mediaSourceId": "SV2",
              "remoteId": "RIV1223051103",
              "transportId": "T01",
              "bytesSent": 82748,
              "headerBytesSent": 3934,
              "packetsSent": 88,
              "retransmittedBytesSent": 0,
              "retransmittedPacketsSent": 0,
              "framesEncoded": 8,
              "framesSent": 8,
              "hugeFramesSent": 8,
              "keyFramesEncoded": 1,
              "framesPerSecond": 3,
              "frameWidth": 1280,
              "frameHeight": 720,
              "qpSum": 397,
              "totalEncodeTime": 0.031,
              "totalEncodedBytesTarget": 0,
              "totalPacketSendDelay": 16.847227999999998,
              "targetBitrate": 198333,
              "qualityLimitationReason": "none",
              "qualityLimitationDurations": {
                "bandwidth": 0,
                "cpu": 0,
                "none": 2.246,
                "other": 0
              },
              "qualityLimitationResolutionChanges": 0,
              "nackCount": 0,
              "firCount": 0,
              "pliCount": 0,
              "encoderImplementation": "MediaFoundationVideoEncodeAccelerator (NVIDIA H.264 Encoder MFT)",
              "powerEfficientEncoder": true
            },
            "remoteInbound": {
              "id": "RIV1223051103",
              "timestamp": 1788008954718.09,
              "ssrc": 1223051103,
              "kind": "video",
              "codecId": "COT01_103_level-asymmetry-allowed=1;packetization-mode=1;profile-level-id=42001f",
              "localId": "OT01V1223051103",
              "transportId": "T01",
              "packetsLost": 0,
              "jitter": 0.059966,
              "roundTripTime": 0.001,
              "totalRoundTripTime": 0.001,
              "roundTripTimeMeasurements": 1,
              "fractionLost": 0
            },
            "inbound": null,
            "remoteOutbound": null,
            "codec": {
              "id": "COT01_103_level-asymmetry-allowed=1;packetization-mode=1;profile-level-id=42001f",
              "timestamp": 1788008955108.034,
              "payloadType": 103,
              "mimeType": "video/H264",
              "clockRate": 90000,
              "sdpFmtpLine": "level-asymmetry-allowed=1;packetization-mode=1;profile-level-id=42001f"
            },
            "transport": {
              "id": "T01",
              "timestamp": 1788008955108.034,
              "bytesSent": 107378,
              "bytesReceived": 18438,
              "packetsSent": 309,
              "packetsReceived": 222,
              "selectedCandidatePairId": "CP348oK6Hm_DQjSK4X2",
              "dtlsState": "connected",
              "iceRole": "controlled"
            },
            "candidatePair": {
              "id": "CP348oK6Hm_DQjSK4X2",
              "timestamp": 1788008955108.034,
              "state": "succeeded",
              "nominated": true,
              "writable": true,
              "bytesSent": 102310,
              "bytesReceived": 14695,
              "currentRoundTripTime": 0,
              "totalRoundTripTime": 0.002,
              "responsesReceived": 5,
              "availableOutgoingBitrate": 646356,
              "requestsReceived": 5,
              "requestsSent": 5,
              "localCandidateId": "I348oK6Hm",
              "remoteCandidateId": "IDQjSK4X2",
              "packetsDiscardedOnSend": 0,
              "bytesDiscardedOnSend": 0
            },
            "localCandidate": {
              "id": "I348oK6Hm",
              "timestamp": 1788008955108.034,
              "candidateType": "host",
              "protocol": "udp",
              "networkType": "ethernet",
              "address": "fdfd::1ab2:41f1",
              "port": 55251,
              "priority": 2122199807
            },
            "remoteCandidate": {
              "id": "IDQjSK4X2",
              "timestamp": 1788008955108.034,
              "candidateType": "host",
              "protocol": "udp",
              "address": "fdfd::1ab2:41f1",
              "port": 52144,
              "priority": 2122199807
            }
          }
        },
        {
          "benchmarkElapsedMs": 749.9785000000002,
          "collectedAt": 1788008955358.9,
          "role": "sender",
          "transportMode": "mesh",
          "peerId": "ee1503a4",
          "connectionState": "connected",
          "iceConnectionState": "connected",
          "signalingState": "stable",
          "track": {
            "id": "deb75fa8-9a36-47f6-9ddb-cfe7f0e96067",
            "label": "Screen",
            "enabled": true,
            "muted": false,
            "readyState": "live",
            "settings": {
              "aspectRatio": 1.7777777777777777,
              "deviceId": "screen:0:0",
              "frameRate": 60,
              "height": 720,
              "resizeMode": "crop-and-scale",
              "screenPixelRatio": 1,
              "width": 1280
            },
            "constraints": {
              "frameRate": {
                "max": 60,
                "ideal": 60
              },
              "height": {
                "max": 720,
                "ideal": 720
              },
              "width": {
                "max": 1280,
                "ideal": 1280
              }
            }
          },
          "senderParameters": {
            "degradationPreference": "maintain-resolution",
            "transactionId": "2fe4499b-de01-48f6-84dc-5b3ee89b9e48",
            "encodings": [
              {
                "active": true,
                "maxBitrate": 238029,
                "maxFramerate": 60,
                "scaleResolutionDownBy": 1,
                "priority": "high",
                "networkPriority": "high"
              }
            ]
          },
          "adaptation": {
            "profileId": "performance",
            "level": 0,
            "temporalLevel": 0,
            "poorSamples": 0,
            "stableSamples": 0,
            "sourceSamples": 0,
            "networkSamples": 2,
            "sampleCount": 2,
            "cooldownSamples": 0,
            "scale": 1,
            "frameRate": 60,
            "reason": "startup-observation",
            "targetFps": 60,
            "measuredFps": 3.9944160092604917,
            "captureFps": 48.59872811266932,
            "encodedFps": 3.9944160092604917,
            "encoderDeliveryRatio": 0.0821917808219178,
            "bottleneck": "network",
            "sourceLimited": false,
            "networkPressure": true,
            "capacityPressure": true,
            "transportPressure": true,
            "packetLossPressure": false,
            "retransmissionPressure": false,
            "pacerPressure": true,
            "discardedPacketPressure": false,
            "packetLossRatio": 0,
            "retransmissionRatio": 0,
            "averagePacketSendDelayMs": 231.97181428571426,
            "packetsDiscardedOnSend": 0,
            "pressureSamplesRequired": 2,
            "networkSustained": true,
            "networkHeadroomRatio": 0.077744125,
            "requiredBitrate": 8000000,
            "recoveryRequiredBitrate": 8000000,
            "networkRecoveryHeadroomRatio": 0.077744125,
            "networkRecoveryReady": true,
            "projectedRecoveryEncodeMs": 4.166666666666667,
            "encoderRecoveryReady": true,
            "encoderTrial": null,
            "downscaleEffectiveness": {
              "status": "idle",
              "samplesObserved": 0,
              "samplesRequired": 3,
              "requiredDeliveryGain": 0.08,
              "requiredEncodeCostReductionRatio": 0.15
            },
            "averageEncodeTimeMs": 4.166666666666667,
            "fpsEma": 1.6776547238894064,
            "encodeEma": 4.166666666666667,
            "effectiveWidth": 1280,
            "effectiveHeight": 720,
            "temporalChanged": false,
            "softwareEncoder": false,
            "encoderImplementation": "MediaFoundationVideoEncodeAccelerator (NVIDIA H.264 Encoder MFT)",
            "trackId": "deb75fa8-9a36-47f6-9ddb-cfe7f0e96067"
          },
          "videoCodecPolicyKey": "hardware-or-unknown",
          "videoMutationCounts": {
            "total": 2,
            "structural": 1,
            "bitrate": 2,
            "active": 0,
            "track": 1
          },
          "lastVideoMutation": {
            "sequence": 2,
            "type": "adapt",
            "timestampMs": 1788008952870,
            "peerId": "ee1503a4",
            "structural": false,
            "bitrate": true,
            "active": false,
            "trackChanged": false,
            "before": {
              "trackId": "deb75fa8-9a36-47f6-9ddb-cfe7f0e96067",
              "degradationPreference": "maintain-resolution",
              "encodings": [
                {
                  "active": true,
                  "maxBitrate": 8000000,
                  "maxFramerate": 60,
                  "scaleResolutionDownBy": 1,
                  "scalabilityMode": null
                }
              ]
            },
            "after": {
              "trackId": "deb75fa8-9a36-47f6-9ddb-cfe7f0e96067",
              "degradationPreference": "maintain-resolution",
              "encodings": [
                {
                  "active": true,
                  "maxBitrate": 238029,
                  "maxFramerate": 60,
                  "scaleResolutionDownBy": 1,
                  "scalabilityMode": null
                }
              ]
            },
            "countersBeforeNextSample": {
              "keyFramesEncoded": 0,
              "hugeFramesSent": 0,
              "nackCount": 0,
              "pliCount": 0,
              "firCount": 0,
              "bytesSent": 0
            },
            "profileId": "performance",
            "adaptationReason": "network-observation",
            "adaptationLevel": 0,
            "temporalLevel": 0
          },
          "jitterBufferTarget": null,
          "topology": {
            "sfuViewerCount": 0,
            "sfuConsumerCount": 0,
            "meshScreenSenders": 1,
            "meshActiveScreenSenders": 1,
            "meshViaSfuCount": 0,
            "meshBytesSentTotal": 87130,
            "publisherUploadBytes": 87130
          },
          "reports": {
            "source": {
              "id": "SV2",
              "timestamp": 1788008955358.043,
              "trackIdentifier": "deb75fa8-9a36-47f6-9ddb-cfe7f0e96067",
              "kind": "video",
              "width": 1280,
              "height": 720,
              "frames": 127,
              "framesPerSecond": 55
            },
            "outbound": {
              "id": "OT01V1223051103",
              "timestamp": 1788008955358.043,
              "ssrc": 1223051103,
              "kind": "video",
              "mid": "1",
              "active": true,
              "codecId": "COT01_103_level-asymmetry-allowed=1;packetization-mode=1;profile-level-id=42001f",
              "mediaSourceId": "SV2",
              "remoteId": "RIV1223051103",
              "transportId": "T01",
              "bytesSent": 87130,
              "headerBytesSent": 4054,
              "packetsSent": 93,
              "retransmittedBytesSent": 0,
              "retransmittedPacketsSent": 0,
              "framesEncoded": 9,
              "framesSent": 9,
              "hugeFramesSent": 9,
              "keyFramesEncoded": 1,
              "framesPerSecond": 3,
              "frameWidth": 1280,
              "frameHeight": 720,
              "qpSum": 448,
              "totalEncodeTime": 0.034,
              "totalEncodedBytesTarget": 0,
              "totalPacketSendDelay": 16.872286,
              "targetBitrate": 198333,
              "qualityLimitationReason": "none",
              "qualityLimitationDurations": {
                "bandwidth": 0,
                "cpu": 0,
                "none": 2.496,
                "other": 0
              },
              "qualityLimitationResolutionChanges": 0,
              "nackCount": 0,
              "firCount": 0,
              "pliCount": 0,
              "encoderImplementation": "MediaFoundationVideoEncodeAccelerator (NVIDIA H.264 Encoder MFT)",
              "powerEfficientEncoder": true
            },
            "remoteInbound": {
              "id": "RIV1223051103",
              "timestamp": 1788008954718.09,
              "ssrc": 1223051103,
              "kind": "video",
              "codecId": "COT01_103_level-asymmetry-allowed=1;packetization-mode=1;profile-level-id=42001f",
              "localId": "OT01V1223051103",
              "transportId": "T01",
              "packetsLost": 0,
              "jitter": 0.059966,
              "roundTripTime": 0.001,
              "totalRoundTripTime": 0.001,
              "roundTripTimeMeasurements": 1,
              "fractionLost": 0
            },
            "inbound": null,
            "remoteOutbound": null,
            "codec": {
              "id": "COT01_103_level-asymmetry-allowed=1;packetization-mode=1;profile-level-id=42001f",
              "timestamp": 1788008955358.043,
              "payloadType": 103,
              "mimeType": "video/H264",
              "clockRate": 90000,
              "sdpFmtpLine": "level-asymmetry-allowed=1;packetization-mode=1;profile-level-id=42001f"
            },
            "transport": {
              "id": "T01",
              "timestamp": 1788008955358.043,
              "bytesSent": 113349,
              "bytesReceived": 19633,
              "packetsSent": 330,
              "packetsReceived": 238,
              "selectedCandidatePairId": "CP348oK6Hm_DQjSK4X2",
              "dtlsState": "connected",
              "iceRole": "controlled"
            },
            "candidatePair": {
              "id": "CP348oK6Hm_DQjSK4X2",
              "timestamp": 1788008955358.043,
              "state": "succeeded",
              "nominated": true,
              "writable": true,
              "bytesSent": 108281,
              "bytesReceived": 15890,
              "currentRoundTripTime": 0,
              "totalRoundTripTime": 0.002,
              "responsesReceived": 5,
              "availableOutgoingBitrate": 646356,
              "requestsReceived": 5,
              "requestsSent": 5,
              "localCandidateId": "I348oK6Hm",
              "remoteCandidateId": "IDQjSK4X2",
              "packetsDiscardedOnSend": 0,
              "bytesDiscardedOnSend": 0
            },
            "localCandidate": {
              "id": "I348oK6Hm",
              "timestamp": 1788008955358.043,
              "candidateType": "host",
              "protocol": "udp",
              "networkType": "ethernet",
              "address": "fdfd::1ab2:41f1",
              "port": 55251,
              "priority": 2122199807
            },
            "remoteCandidate": {
              "id": "IDQjSK4X2",
              "timestamp": 1788008955358.043,
              "candidateType": "host",
              "protocol": "udp",
              "address": "fdfd::1ab2:41f1",
              "port": 52144,
              "priority": 2122199807
            }
          }
        },
        {
          "benchmarkElapsedMs": 999.9502000000002,
          "collectedAt": 1788008955608.9,
          "role": "sender",
          "transportMode": "mesh",
          "peerId": "ee1503a4",
          "connectionState": "connected",
          "iceConnectionState": "connected",
          "signalingState": "stable",
          "track": {
            "id": "deb75fa8-9a36-47f6-9ddb-cfe7f0e96067",
            "label": "Screen",
            "enabled": true,
            "muted": false,
            "readyState": "live",
            "settings": {
              "aspectRatio": 1.7777777777777777,
              "deviceId": "screen:0:0",
              "frameRate": 60,
              "height": 720,
              "resizeMode": "crop-and-scale",
              "screenPixelRatio": 1,
              "width": 1280
            },
            "constraints": {
              "frameRate": {
                "max": 60,
                "ideal": 60
              },
              "height": {
                "max": 720,
                "ideal": 720
              },
              "width": {
                "max": 1280,
                "ideal": 1280
              }
            }
          },
          "senderParameters": {
            "degradationPreference": "maintain-resolution",
            "transactionId": "7477180b-08ef-47bb-9844-6394401ac7a9",
            "encodings": [
              {
                "active": true,
                "maxBitrate": 238029,
                "maxFramerate": 60,
                "scaleResolutionDownBy": 1,
                "priority": "high",
                "networkPriority": "high"
              }
            ]
          },
          "adaptation": {
            "profileId": "performance",
            "level": 0,
            "temporalLevel": 0,
            "poorSamples": 0,
            "stableSamples": 0,
            "sourceSamples": 0,
            "networkSamples": 2,
            "sampleCount": 2,
            "cooldownSamples": 0,
            "scale": 1,
            "frameRate": 60,
            "reason": "startup-observation",
            "targetFps": 60,
            "measuredFps": 3.9944160092604917,
            "captureFps": 48.59872811266932,
            "encodedFps": 3.9944160092604917,
            "encoderDeliveryRatio": 0.0821917808219178,
            "bottleneck": "network",
            "sourceLimited": false,
            "networkPressure": true,
            "capacityPressure": true,
            "transportPressure": true,
            "packetLossPressure": false,
            "retransmissionPressure": false,
            "pacerPressure": true,
            "discardedPacketPressure": false,
            "packetLossRatio": 0,
            "retransmissionRatio": 0,
            "averagePacketSendDelayMs": 231.97181428571426,
            "packetsDiscardedOnSend": 0,
            "pressureSamplesRequired": 2,
            "networkSustained": true,
            "networkHeadroomRatio": 0.077744125,
            "requiredBitrate": 8000000,
            "recoveryRequiredBitrate": 8000000,
            "networkRecoveryHeadroomRatio": 0.077744125,
            "networkRecoveryReady": true,
            "projectedRecoveryEncodeMs": 4.166666666666667,
            "encoderRecoveryReady": true,
            "encoderTrial": null,
            "downscaleEffectiveness": {
              "status": "idle",
              "samplesObserved": 0,
              "samplesRequired": 3,
              "requiredDeliveryGain": 0.08,
              "requiredEncodeCostReductionRatio": 0.15
            },
            "averageEncodeTimeMs": 4.166666666666667,
            "fpsEma": 1.6776547238894064,
            "encodeEma": 4.166666666666667,
            "effectiveWidth": 1280,
            "effectiveHeight": 720,
            "temporalChanged": false,
            "softwareEncoder": false,
            "encoderImplementation": "MediaFoundationVideoEncodeAccelerator (NVIDIA H.264 Encoder MFT)",
            "trackId": "deb75fa8-9a36-47f6-9ddb-cfe7f0e96067"
          },
          "videoCodecPolicyKey": "hardware-or-unknown",
          "videoMutationCounts": {
            "total": 2,
            "structural": 1,
            "bitrate": 2,
            "active": 0,
            "track": 1
          },
          "lastVideoMutation": {
            "sequence": 2,
            "type": "adapt",
            "timestampMs": 1788008952870,
            "peerId": "ee1503a4",
            "structural": false,
            "bitrate": true,
            "active": false,
            "trackChanged": false,
            "before": {
              "trackId": "deb75fa8-9a36-47f6-9ddb-cfe7f0e96067",
              "degradationPreference": "maintain-resolution",
              "encodings": [
                {
                  "active": true,
                  "maxBitrate": 8000000,
                  "maxFramerate": 60,
                  "scaleResolutionDownBy": 1,
                  "scalabilityMode": null
                }
              ]
            },
            "after": {
              "trackId": "deb75fa8-9a36-47f6-9ddb-cfe7f0e96067",
              "degradationPreference": "maintain-resolution",
              "encodings": [
                {
                  "active": true,
                  "maxBitrate": 238029,
                  "maxFramerate": 60,
                  "scaleResolutionDownBy": 1,
                  "scalabilityMode": null
                }
              ]
            },
            "countersBeforeNextSample": {
              "keyFramesEncoded": 0,
              "hugeFramesSent": 0,
              "nackCount": 0,
              "pliCount": 0,
              "firCount": 0,
              "bytesSent": 0
            },
            "profileId": "performance",
            "adaptationReason": "network-observation",
            "adaptationLevel": 0,
            "temporalLevel": 0
          },
          "jitterBufferTarget": null,
          "topology": {
            "sfuViewerCount": 0,
            "sfuConsumerCount": 0,
            "meshScreenSenders": 1,
            "meshActiveScreenSenders": 1,
            "meshViaSfuCount": 0,
            "meshBytesSentTotal": 91494,
            "publisherUploadBytes": 91494
          },
          "reports": {
            "source": {
              "id": "SV2",
              "timestamp": 1788008955607.989,
              "trackIdentifier": "deb75fa8-9a36-47f6-9ddb-cfe7f0e96067",
              "kind": "video",
              "width": 1280,
              "height": 720,
              "frames": 141,
              "framesPerSecond": 55
            },
            "outbound": {
              "id": "OT01V1223051103",
              "timestamp": 1788008955607.989,
              "ssrc": 1223051103,
              "kind": "video",
              "mid": "1",
              "active": true,
              "codecId": "COT01_103_level-asymmetry-allowed=1;packetization-mode=1;profile-level-id=42001f",
              "mediaSourceId": "SV2",
              "remoteId": "RIV1223051103",
              "transportId": "T01",
              "bytesSent": 91494,
              "headerBytesSent": 4166,
              "packetsSent": 97,
              "retransmittedBytesSent": 0,
              "retransmittedPacketsSent": 0,
              "framesEncoded": 9,
              "framesSent": 9,
              "hugeFramesSent": 9,
              "keyFramesEncoded": 1,
              "framesPerSecond": 2,
              "frameWidth": 1280,
              "frameHeight": 720,
              "qpSum": 448,
              "totalEncodeTime": 0.034,
              "totalEncodedBytesTarget": 0,
              "totalPacketSendDelay": 17.130762999999998,
              "targetBitrate": 198333,
              "qualityLimitationReason": "none",
              "qualityLimitationDurations": {
                "bandwidth": 0,
                "cpu": 0,
                "none": 2.746,
                "other": 0
              },
              "qualityLimitationResolutionChanges": 0,
              "nackCount": 0,
              "firCount": 0,
              "pliCount": 0,
              "encoderImplementation": "MediaFoundationVideoEncodeAccelerator (NVIDIA H.264 Encoder MFT)",
              "powerEfficientEncoder": true
            },
            "remoteInbound": {
              "id": "RIV1223051103",
              "timestamp": 1788008955499.281,
              "ssrc": 1223051103,
              "kind": "video",
              "codecId": "COT01_103_level-asymmetry-allowed=1;packetization-mode=1;profile-level-id=42001f",
              "localId": "OT01V1223051103",
              "transportId": "T01",
              "packetsLost": 0,
              "jitter": 0.064233,
              "roundTripTime": 0.001,
              "totalRoundTripTime": 0.002,
              "roundTripTimeMeasurements": 2,
              "fractionLost": 0
            },
            "inbound": null,
            "remoteOutbound": null,
            "codec": {
              "id": "COT01_103_level-asymmetry-allowed=1;packetization-mode=1;profile-level-id=42001f",
              "timestamp": 1788008955607.989,
              "payloadType": 103,
              "mimeType": "video/H264",
              "clockRate": 90000,
              "sdpFmtpLine": "level-asymmetry-allowed=1;packetization-mode=1;profile-level-id=42001f"
            },
            "transport": {
              "id": "T01",
              "timestamp": 1788008955607.989,
              "bytesSent": 119272,
              "bytesReceived": 21108,
              "packetsSent": 351,
              "packetsReceived": 256,
              "selectedCandidatePairId": "CP348oK6Hm_DQjSK4X2",
              "dtlsState": "connected",
              "iceRole": "controlled"
            },
            "candidatePair": {
              "id": "CP348oK6Hm_DQjSK4X2",
              "timestamp": 1788008955607.989,
              "state": "succeeded",
              "nominated": true,
              "writable": true,
              "bytesSent": 114204,
              "bytesReceived": 17365,
              "currentRoundTripTime": 0,
              "totalRoundTripTime": 0.002,
              "responsesReceived": 5,
              "availableOutgoingBitrate": 646356,
              "requestsReceived": 5,
              "requestsSent": 5,
              "localCandidateId": "I348oK6Hm",
              "remoteCandidateId": "IDQjSK4X2",
              "packetsDiscardedOnSend": 0,
              "bytesDiscardedOnSend": 0
            },
            "localCandidate": {
              "id": "I348oK6Hm",
              "timestamp": 1788008955607.989,
              "candidateType": "host",
              "protocol": "udp",
              "networkType": "ethernet",
              "address": "fdfd::1ab2:41f1",
              "port": 55251,
              "priority": 2122199807
            },
            "remoteCandidate": {
              "id": "IDQjSK4X2",
              "timestamp": 1788008955607.989,
              "candidateType": "host",
              "protocol": "udp",
              "address": "fdfd::1ab2:41f1",
              "port": 52144,
              "priority": 2122199807
            }
          }
        },
        {
          "benchmarkElapsedMs": 1249.8711999999996,
          "collectedAt": 1788008955859.4,
          "role": "sender",
          "transportMode": "mesh",
          "peerId": "ee1503a4",
          "connectionState": "connected",
          "iceConnectionState": "connected",
          "signalingState": "stable",
          "track": {
            "id": "deb75fa8-9a36-47f6-9ddb-cfe7f0e96067",
            "label": "Screen",
            "enabled": true,
            "muted": false,
            "readyState": "live",
            "settings": {
              "aspectRatio": 1.7777777777777777,
              "deviceId": "screen:0:0",
              "frameRate": 60,
              "height": 720,
              "resizeMode": "crop-and-scale",
              "screenPixelRatio": 1,
              "width": 1280
            },
            "constraints": {
              "frameRate": {
                "max": 60,
                "ideal": 60
              },
              "height": {
                "max": 720,
                "ideal": 720
              },
              "width": {
                "max": 1280,
                "ideal": 1280
              }
            }
          },
          "senderParameters": {
            "degradationPreference": "maintain-resolution",
            "transactionId": "921517d5-5313-4202-a49b-7ec835dc45a5",
            "encodings": [
              {
                "active": true,
                "maxBitrate": 238029,
                "maxFramerate": 60,
                "scaleResolutionDownBy": 1,
                "priority": "high",
                "networkPriority": "high"
              }
            ]
          },
          "adaptation": {
            "profileId": "performance",
            "level": 0,
            "temporalLevel": 0,
            "poorSamples": 0,
            "stableSamples": 0,
            "sourceSamples": 0,
            "networkSamples": 2,
            "sampleCount": 2,
            "cooldownSamples": 0,
            "scale": 1,
            "frameRate": 60,
            "reason": "startup-observation",
            "targetFps": 60,
            "measuredFps": 3.9944160092604917,
            "captureFps": 48.59872811266932,
            "encodedFps": 3.9944160092604917,
            "encoderDeliveryRatio": 0.0821917808219178,
            "bottleneck": "network",
            "sourceLimited": false,
            "networkPressure": true,
            "capacityPressure": true,
            "transportPressure": true,
            "packetLossPressure": false,
            "retransmissionPressure": false,
            "pacerPressure": true,
            "discardedPacketPressure": false,
            "packetLossRatio": 0,
            "retransmissionRatio": 0,
            "averagePacketSendDelayMs": 231.97181428571426,
            "packetsDiscardedOnSend": 0,
            "pressureSamplesRequired": 2,
            "networkSustained": true,
            "networkHeadroomRatio": 0.077744125,
            "requiredBitrate": 8000000,
            "recoveryRequiredBitrate": 8000000,
            "networkRecoveryHeadroomRatio": 0.077744125,
            "networkRecoveryReady": true,
            "projectedRecoveryEncodeMs": 4.166666666666667,
            "encoderRecoveryReady": true,
            "encoderTrial": null,
            "downscaleEffectiveness": {
              "status": "idle",
              "samplesObserved": 0,
              "samplesRequired": 3,
              "requiredDeliveryGain": 0.08,
              "requiredEncodeCostReductionRatio": 0.15
            },
            "averageEncodeTimeMs": 4.166666666666667,
            "fpsEma": 1.6776547238894064,
            "encodeEma": 4.166666666666667,
            "effectiveWidth": 1280,
            "effectiveHeight": 720,
            "temporalChanged": false,
            "softwareEncoder": false,
            "encoderImplementation": "MediaFoundationVideoEncodeAccelerator (NVIDIA H.264 Encoder MFT)",
            "trackId": "deb75fa8-9a36-47f6-9ddb-cfe7f0e96067"
          },
          "videoCodecPolicyKey": "hardware-or-unknown",
          "videoMutationCounts": {
            "total": 2,
            "structural": 1,
            "bitrate": 2,
            "active": 0,
            "track": 1
          },
          "lastVideoMutation": {
            "sequence": 2,
            "type": "adapt",
            "timestampMs": 1788008952870,
            "peerId": "ee1503a4",
            "structural": false,
            "bitrate": true,
            "active": false,
            "trackChanged": false,
            "before": {
              "trackId": "deb75fa8-9a36-47f6-9ddb-cfe7f0e96067",
              "degradationPreference": "maintain-resolution",
              "encodings": [
                {
                  "active": true,
                  "maxBitrate": 8000000,
                  "maxFramerate": 60,
                  "scaleResolutionDownBy": 1,
                  "scalabilityMode": null
                }
              ]
            },
            "after": {
              "trackId": "deb75fa8-9a36-47f6-9ddb-cfe7f0e96067",
              "degradationPreference": "maintain-resolution",
              "encodings": [
                {
                  "active": true,
                  "maxBitrate": 238029,
                  "maxFramerate": 60,
                  "scaleResolutionDownBy": 1,
                  "scalabilityMode": null
                }
              ]
            },
            "countersBeforeNextSample": {
              "keyFramesEncoded": 0,
              "hugeFramesSent": 0,
              "nackCount": 0,
              "pliCount": 0,
              "firCount": 0,
              "bytesSent": 0
            },
            "profileId": "performance",
            "adaptationReason": "network-observation",
            "adaptationLevel": 0,
            "temporalLevel": 0
          },
          "jitterBufferTarget": null,
          "topology": {
            "sfuViewerCount": 0,
            "sfuConsumerCount": 0,
            "meshScreenSenders": 1,
            "meshActiveScreenSenders": 1,
            "meshViaSfuCount": 0,
            "meshBytesSentTotal": 100295,
            "publisherUploadBytes": 100295
          },
          "reports": {
            "source": {
              "id": "SV2",
              "timestamp": 1788008955858.512,
              "trackIdentifier": "deb75fa8-9a36-47f6-9ddb-cfe7f0e96067",
              "kind": "video",
              "width": 1280,
              "height": 720,
              "frames": 155,
              "framesPerSecond": 55
            },
            "outbound": {
              "id": "OT01V1223051103",
              "timestamp": 1788008955858.512,
              "ssrc": 1223051103,
              "kind": "video",
              "mid": "1",
              "active": true,
              "codecId": "COT01_103_level-asymmetry-allowed=1;packetization-mode=1;profile-level-id=42001f",
              "mediaSourceId": "SV2",
              "remoteId": "RIV1223051103",
              "transportId": "T01",
              "bytesSent": 100295,
              "headerBytesSent": 4398,
              "packetsSent": 106,
              "retransmittedBytesSent": 0,
              "retransmittedPacketsSent": 0,
              "framesEncoded": 10,
              "framesSent": 10,
              "hugeFramesSent": 10,
              "keyFramesEncoded": 1,
              "framesPerSecond": 3,
              "frameWidth": 1280,
              "frameHeight": 720,
              "qpSum": 499,
              "totalEncodeTime": 0.037,
              "totalEncodedBytesTarget": 0,
              "totalPacketSendDelay": 17.41191,
              "targetBitrate": 198333,
              "qualityLimitationReason": "none",
              "qualityLimitationDurations": {
                "bandwidth": 0,
                "cpu": 0,
                "none": 2.997,
                "other": 0
              },
              "qualityLimitationResolutionChanges": 0,
              "nackCount": 0,
              "firCount": 0,
              "pliCount": 0,
              "encoderImplementation": "MediaFoundationVideoEncodeAccelerator (NVIDIA H.264 Encoder MFT)",
              "powerEfficientEncoder": true
            },
            "remoteInbound": {
              "id": "RIV1223051103",
              "timestamp": 1788008955499.281,
              "ssrc": 1223051103,
              "kind": "video",
              "codecId": "COT01_103_level-asymmetry-allowed=1;packetization-mode=1;profile-level-id=42001f",
              "localId": "OT01V1223051103",
              "transportId": "T01",
              "packetsLost": 0,
              "jitter": 0.064233,
              "roundTripTime": 0.001,
              "totalRoundTripTime": 0.002,
              "roundTripTimeMeasurements": 2,
              "fractionLost": 0
            },
            "inbound": null,
            "remoteOutbound": null,
            "codec": {
              "id": "COT01_103_level-asymmetry-allowed=1;packetization-mode=1;profile-level-id=42001f",
              "timestamp": 1788008955858.512,
              "payloadType": 103,
              "mimeType": "video/H264",
              "clockRate": 90000,
              "sdpFmtpLine": "level-asymmetry-allowed=1;packetization-mode=1;profile-level-id=42001f"
            },
            "transport": {
              "id": "T01",
              "timestamp": 1788008955858.512,
              "bytesSent": 129753,
              "bytesReceived": 22266,
              "packetsSent": 376,
              "packetsReceived": 271,
              "selectedCandidatePairId": "CP348oK6Hm_DQjSK4X2",
              "dtlsState": "connected",
              "iceRole": "controlled"
            },
            "candidatePair": {
              "id": "CP348oK6Hm_DQjSK4X2",
              "timestamp": 1788008955858.512,
              "state": "succeeded",
              "nominated": true,
              "writable": true,
              "bytesSent": 124685,
              "bytesReceived": 18523,
              "currentRoundTripTime": 0,
              "totalRoundTripTime": 0.002,
              "responsesReceived": 5,
              "availableOutgoingBitrate": 646356,
              "requestsReceived": 5,
              "requestsSent": 5,
              "localCandidateId": "I348oK6Hm",
              "remoteCandidateId": "IDQjSK4X2",
              "packetsDiscardedOnSend": 0,
              "bytesDiscardedOnSend": 0
            },
            "localCandidate": {
              "id": "I348oK6Hm",
              "timestamp": 1788008955858.512,
              "candidateType": "host",
              "protocol": "udp",
              "networkType": "ethernet",
              "address": "fdfd::1ab2:41f1",
              "port": 55251,
              "priority": 2122199807
            },
            "remoteCandidate": {
              "id": "IDQjSK4X2",
              "timestamp": 1788008955858.512,
              "candidateType": "host",
              "protocol": "udp",
              "address": "fdfd::1ab2:41f1",
              "port": 52144,
              "priority": 2122199807
            }
          }
        },
        {
          "benchmarkElapsedMs": 1499.8872999999994,
          "collectedAt": 1788008956109.0999,
          "role": "sender",
          "transportMode": "mesh",
          "peerId": "ee1503a4",
          "connectionState": "connected",
          "iceConnectionState": "connected",
          "signalingState": "stable",
          "track": {
            "id": "deb75fa8-9a36-47f6-9ddb-cfe7f0e96067",
            "label": "Screen",
            "enabled": true,
            "muted": false,
            "readyState": "live",
            "settings": {
              "aspectRatio": 1.7777777777777777,
              "deviceId": "screen:0:0",
              "frameRate": 60,
              "height": 720,
              "resizeMode": "crop-and-scale",
              "screenPixelRatio": 1,
              "width": 1280
            },
            "constraints": {
              "frameRate": {
                "max": 60,
                "ideal": 60
              },
              "height": {
                "max": 720,
                "ideal": 720
              },
              "width": {
                "max": 1280,
                "ideal": 1280
              }
            }
          },
          "senderParameters": {
            "degradationPreference": "maintain-resolution",
            "transactionId": "adae4eab-d4a9-461a-931f-9558afef6768",
            "encodings": [
              {
                "active": true,
                "maxBitrate": 238029,
                "maxFramerate": 60,
                "scaleResolutionDownBy": 1,
                "priority": "high",
                "networkPriority": "high"
              }
            ]
          },
          "adaptation": {
            "profileId": "performance",
            "level": 0,
            "temporalLevel": 0,
            "poorSamples": 0,
            "stableSamples": 0,
            "sourceSamples": 0,
            "networkSamples": 3,
            "sampleCount": 3,
            "cooldownSamples": 0,
            "scale": 1,
            "frameRate": 60,
            "reason": "startup-observation",
            "targetFps": 60,
            "measuredFps": 2.6864948702606952,
            "captureFps": 55.07314484034425,
            "encodedFps": 2.6864948702606952,
            "encoderDeliveryRatio": 0.04878048780487805,
            "bottleneck": "network",
            "sourceLimited": false,
            "networkPressure": true,
            "capacityPressure": true,
            "transportPressure": true,
            "packetLossPressure": false,
            "retransmissionPressure": false,
            "pacerPressure": true,
            "discardedPacketPressure": false,
            "packetLossRatio": 0,
            "retransmissionRatio": 0,
            "averagePacketSendDelayMs": 32.60786111111111,
            "packetsDiscardedOnSend": 0,
            "pressureSamplesRequired": 2,
            "networkSustained": true,
            "networkHeadroomRatio": 0.0807945,
            "requiredBitrate": 8000000,
            "recoveryRequiredBitrate": 8000000,
            "networkRecoveryHeadroomRatio": 0.0807945,
            "networkRecoveryReady": true,
            "projectedRecoveryEncodeMs": 3.676666666666666,
            "encoderRecoveryReady": true,
            "encoderTrial": null,
            "downscaleEffectiveness": {
              "status": "idle",
              "samplesObserved": 0,
              "samplesRequired": 3,
              "requiredDeliveryGain": 0.08,
              "requiredEncodeCostReductionRatio": 0.15
            },
            "averageEncodeTimeMs": 2.999999999999999,
            "fpsEma": 2.101367585365348,
            "encodeEma": 3.676666666666666,
            "effectiveWidth": 1280,
            "effectiveHeight": 720,
            "temporalChanged": false,
            "softwareEncoder": false,
            "encoderImplementation": "MediaFoundationVideoEncodeAccelerator (NVIDIA H.264 Encoder MFT)",
            "trackId": "deb75fa8-9a36-47f6-9ddb-cfe7f0e96067"
          },
          "videoCodecPolicyKey": "hardware-or-unknown",
          "videoMutationCounts": {
            "total": 2,
            "structural": 1,
            "bitrate": 2,
            "active": 0,
            "track": 1
          },
          "lastVideoMutation": {
            "sequence": 2,
            "type": "adapt",
            "timestampMs": 1788008952870,
            "peerId": "ee1503a4",
            "structural": false,
            "bitrate": true,
            "active": false,
            "trackChanged": false,
            "before": {
              "trackId": "deb75fa8-9a36-47f6-9ddb-cfe7f0e96067",
              "degradationPreference": "maintain-resolution",
              "encodings": [
                {
                  "active": true,
                  "maxBitrate": 8000000,
                  "maxFramerate": 60,
                  "scaleResolutionDownBy": 1,
                  "scalabilityMode": null
                }
              ]
            },
            "after": {
              "trackId": "deb75fa8-9a36-47f6-9ddb-cfe7f0e96067",
              "degradationPreference": "maintain-resolution",
              "encodings": [
                {
                  "active": true,
                  "maxBitrate": 238029,
                  "maxFramerate": 60,
                  "scaleResolutionDownBy": 1,
                  "scalabilityMode": null
                }
              ]
            },
            "countersBeforeNextSample": {
              "keyFramesEncoded": 0,
              "hugeFramesSent": 0,
              "nackCount": 0,
              "pliCount": 0,
              "firCount": 0,
              "bytesSent": 0
            },
            "profileId": "performance",
            "adaptationReason": "network-observation",
            "adaptationLevel": 0,
            "temporalLevel": 0
          },
          "jitterBufferTarget": null,
          "topology": {
            "sfuViewerCount": 0,
            "sfuConsumerCount": 0,
            "meshScreenSenders": 1,
            "meshActiveScreenSenders": 1,
            "meshViaSfuCount": 0,
            "meshBytesSentTotal": 107969,
            "publisherUploadBytes": 107969
          },
          "reports": {
            "source": {
              "id": "SV2",
              "timestamp": 1788008956108.039,
              "trackIdentifier": "deb75fa8-9a36-47f6-9ddb-cfe7f0e96067",
              "kind": "video",
              "width": 1280,
              "height": 720,
              "frames": 168,
              "framesPerSecond": 55
            },
            "outbound": {
              "id": "OT01V1223051103",
              "timestamp": 1788008956108.039,
              "ssrc": 1223051103,
              "kind": "video",
              "mid": "1",
              "active": true,
              "codecId": "COT01_103_level-asymmetry-allowed=1;packetization-mode=1;profile-level-id=42001f",
              "mediaSourceId": "SV2",
              "remoteId": "RIV1223051103",
              "transportId": "T01",
              "bytesSent": 107969,
              "headerBytesSent": 4590,
              "packetsSent": 114,
              "retransmittedBytesSent": 0,
              "retransmittedPacketsSent": 0,
              "framesEncoded": 11,
              "framesSent": 11,
              "hugeFramesSent": 11,
              "keyFramesEncoded": 1,
              "framesPerSecond": 3,
              "frameWidth": 1280,
              "frameHeight": 720,
              "qpSum": 550,
              "totalEncodeTime": 0.041,
              "totalEncodedBytesTarget": 0,
              "totalPacketSendDelay": 17.602498999999998,
              "targetBitrate": 198333,
              "qualityLimitationReason": "none",
              "qualityLimitationDurations": {
                "bandwidth": 0,
                "cpu": 0,
                "none": 3.246,
                "other": 0
              },
              "qualityLimitationResolutionChanges": 0,
              "nackCount": 0,
              "firCount": 0,
              "pliCount": 0,
              "encoderImplementation": "MediaFoundationVideoEncodeAccelerator (NVIDIA H.264 Encoder MFT)",
              "powerEfficientEncoder": true
            },
            "remoteInbound": {
              "id": "RIV1223051103",
              "timestamp": 1788008955499.281,
              "ssrc": 1223051103,
              "kind": "video",
              "codecId": "COT01_103_level-asymmetry-allowed=1;packetization-mode=1;profile-level-id=42001f",
              "localId": "OT01V1223051103",
              "transportId": "T01",
              "packetsLost": 0,
              "jitter": 0.064233,
              "roundTripTime": 0.001,
              "totalRoundTripTime": 0.002,
              "roundTripTimeMeasurements": 2,
              "fractionLost": 0
            },
            "inbound": null,
            "remoteOutbound": null,
            "codec": {
              "id": "COT01_103_level-asymmetry-allowed=1;packetization-mode=1;profile-level-id=42001f",
              "timestamp": 1788008956108.039,
              "payloadType": 103,
              "mimeType": "video/H264",
              "clockRate": 90000,
              "sdpFmtpLine": "level-asymmetry-allowed=1;packetization-mode=1;profile-level-id=42001f"
            },
            "transport": {
              "id": "T01",
              "timestamp": 1788008956108.039,
              "bytesSent": 139130,
              "bytesReceived": 23526,
              "packetsSent": 401,
              "packetsReceived": 288,
              "selectedCandidatePairId": "CP348oK6Hm_DQjSK4X2",
              "dtlsState": "connected",
              "iceRole": "controlled"
            },
            "candidatePair": {
              "id": "CP348oK6Hm_DQjSK4X2",
              "timestamp": 1788008956108.039,
              "state": "succeeded",
              "nominated": true,
              "writable": true,
              "bytesSent": 134062,
              "bytesReceived": 19783,
              "currentRoundTripTime": 0,
              "totalRoundTripTime": 0.002,
              "responsesReceived": 5,
              "availableOutgoingBitrate": 646356,
              "requestsReceived": 5,
              "requestsSent": 5,
              "localCandidateId": "I348oK6Hm",
              "remoteCandidateId": "IDQjSK4X2",
              "packetsDiscardedOnSend": 0,
              "bytesDiscardedOnSend": 0
            },
            "localCandidate": {
              "id": "I348oK6Hm",
              "timestamp": 1788008956108.039,
              "candidateType": "host",
              "protocol": "udp",
              "networkType": "ethernet",
              "address": "fdfd::1ab2:41f1",
              "port": 55251,
              "priority": 2122199807
            },
            "remoteCandidate": {
              "id": "IDQjSK4X2",
              "timestamp": 1788008956108.039,
              "candidateType": "host",
              "protocol": "udp",
              "address": "fdfd::1ab2:41f1",
              "port": 52144,
              "priority": 2122199807
            }
          }
        },
        {
          "benchmarkElapsedMs": 1749.6072999999997,
          "collectedAt": 1788008956358.5999,
          "role": "sender",
          "transportMode": "mesh",
          "peerId": "ee1503a4",
          "connectionState": "connected",
          "iceConnectionState": "connected",
          "signalingState": "stable",
          "track": {
            "id": "deb75fa8-9a36-47f6-9ddb-cfe7f0e96067",
            "label": "Screen",
            "enabled": true,
            "muted": false,
            "readyState": "live",
            "settings": {
              "aspectRatio": 1.7777777777777777,
              "deviceId": "screen:0:0",
              "frameRate": 60,
              "height": 720,
              "resizeMode": "crop-and-scale",
              "screenPixelRatio": 1,
              "width": 1280
            },
            "constraints": {
              "frameRate": {
                "max": 60,
                "ideal": 60
              },
              "height": {
                "max": 720,
                "ideal": 720
              },
              "width": {
                "max": 1280,
                "ideal": 1280
              }
            }
          },
          "senderParameters": {
            "degradationPreference": "maintain-resolution",
            "transactionId": "6f930fe5-9fb3-4ae0-8f85-59c79d9d149a",
            "encodings": [
              {
                "active": true,
                "maxBitrate": 238029,
                "maxFramerate": 60,
                "scaleResolutionDownBy": 1,
                "priority": "high",
                "networkPriority": "high"
              }
            ]
          },
          "adaptation": {
            "profileId": "performance",
            "level": 0,
            "temporalLevel": 0,
            "poorSamples": 0,
            "stableSamples": 0,
            "sourceSamples": 0,
            "networkSamples": 3,
            "sampleCount": 3,
            "cooldownSamples": 0,
            "scale": 1,
            "frameRate": 60,
            "reason": "startup-observation",
            "targetFps": 60,
            "measuredFps": 2.6864948702606952,
            "captureFps": 55.07314484034425,
            "encodedFps": 2.6864948702606952,
            "encoderDeliveryRatio": 0.04878048780487805,
            "bottleneck": "network",
            "sourceLimited": false,
            "networkPressure": true,
            "capacityPressure": true,
            "transportPressure": true,
            "packetLossPressure": false,
            "retransmissionPressure": false,
            "pacerPressure": true,
            "discardedPacketPressure": false,
            "packetLossRatio": 0,
            "retransmissionRatio": 0,
            "averagePacketSendDelayMs": 32.60786111111111,
            "packetsDiscardedOnSend": 0,
            "pressureSamplesRequired": 2,
            "networkSustained": true,
            "networkHeadroomRatio": 0.0807945,
            "requiredBitrate": 8000000,
            "recoveryRequiredBitrate": 8000000,
            "networkRecoveryHeadroomRatio": 0.0807945,
            "networkRecoveryReady": true,
            "projectedRecoveryEncodeMs": 3.676666666666666,
            "encoderRecoveryReady": true,
            "encoderTrial": null,
            "downscaleEffectiveness": {
              "status": "idle",
              "samplesObserved": 0,
              "samplesRequired": 3,
              "requiredDeliveryGain": 0.08,
              "requiredEncodeCostReductionRatio": 0.15
            },
            "averageEncodeTimeMs": 2.999999999999999,
            "fpsEma": 2.101367585365348,
            "encodeEma": 3.676666666666666,
            "effectiveWidth": 1280,
            "effectiveHeight": 720,
            "temporalChanged": false,
            "softwareEncoder": false,
            "encoderImplementation": "MediaFoundationVideoEncodeAccelerator (NVIDIA H.264 Encoder MFT)",
            "trackId": "deb75fa8-9a36-47f6-9ddb-cfe7f0e96067"
          },
          "videoCodecPolicyKey": "hardware-or-unknown",
          "videoMutationCounts": {
            "total": 2,
            "structural": 1,
            "bitrate": 2,
            "active": 0,
            "track": 1
          },
          "lastVideoMutation": {
            "sequence": 2,
            "type": "adapt",
            "timestampMs": 1788008952870,
            "peerId": "ee1503a4",
            "structural": false,
            "bitrate": true,
            "active": false,
            "trackChanged": false,
            "before": {
              "trackId": "deb75fa8-9a36-47f6-9ddb-cfe7f0e96067",
              "degradationPreference": "maintain-resolution",
              "encodings": [
                {
                  "active": true,
                  "maxBitrate": 8000000,
                  "maxFramerate": 60,
                  "scaleResolutionDownBy": 1,
                  "scalabilityMode": null
                }
              ]
            },
            "after": {
              "trackId": "deb75fa8-9a36-47f6-9ddb-cfe7f0e96067",
              "degradationPreference": "maintain-resolution",
              "encodings": [
                {
                  "active": true,
                  "maxBitrate": 238029,
                  "maxFramerate": 60,
                  "scaleResolutionDownBy": 1,
                  "scalabilityMode": null
                }
              ]
            },
            "countersBeforeNextSample": {
              "keyFramesEncoded": 0,
              "hugeFramesSent": 0,
              "nackCount": 0,
              "pliCount": 0,
              "firCount": 0,
              "bytesSent": 0
            },
            "profileId": "performance",
            "adaptationReason": "network-observation",
            "adaptationLevel": 0,
            "temporalLevel": 0
          },
          "jitterBufferTarget": null,
          "topology": {
            "sfuViewerCount": 0,
            "sfuConsumerCount": 0,
            "meshScreenSenders": 1,
            "meshActiveScreenSenders": 1,
            "meshViaSfuCount": 0,
            "meshBytesSentTotal": 109050,
            "publisherUploadBytes": 109050
          },
          "reports": {
            "source": {
              "id": "SV2",
              "timestamp": 1788008956357.684,
              "trackIdentifier": "deb75fa8-9a36-47f6-9ddb-cfe7f0e96067",
              "kind": "video",
              "width": 1280,
              "height": 720,
              "frames": 183,
              "framesPerSecond": 56
            },
            "outbound": {
              "id": "OT01V1223051103",
              "timestamp": 1788008956357.684,
              "ssrc": 1223051103,
              "kind": "video",
              "mid": "1",
              "active": true,
              "codecId": "COT01_103_level-asymmetry-allowed=1;packetization-mode=1;profile-level-id=42001f",
              "mediaSourceId": "SV2",
              "remoteId": "RIV1223051103",
              "transportId": "T01",
              "bytesSent": 109050,
              "headerBytesSent": 4630,
              "packetsSent": 115,
              "retransmittedBytesSent": 0,
              "retransmittedPacketsSent": 0,
              "framesEncoded": 11,
              "framesSent": 11,
              "hugeFramesSent": 11,
              "keyFramesEncoded": 1,
              "framesPerSecond": 2,
              "frameWidth": 1280,
              "frameHeight": 720,
              "qpSum": 550,
              "totalEncodeTime": 0.041,
              "totalEncodedBytesTarget": 0,
              "totalPacketSendDelay": 17.695037,
              "targetBitrate": 198333,
              "qualityLimitationReason": "none",
              "qualityLimitationDurations": {
                "bandwidth": 0,
                "cpu": 0,
                "none": 3.496,
                "other": 0
              },
              "qualityLimitationResolutionChanges": 0,
              "nackCount": 0,
              "firCount": 0,
              "pliCount": 0,
              "encoderImplementation": "MediaFoundationVideoEncodeAccelerator (NVIDIA H.264 Encoder MFT)",
              "powerEfficientEncoder": true
            },
            "remoteInbound": {
              "id": "RIV1223051103",
              "timestamp": 1788008955499.281,
              "ssrc": 1223051103,
              "kind": "video",
              "codecId": "COT01_103_level-asymmetry-allowed=1;packetization-mode=1;profile-level-id=42001f",
              "localId": "OT01V1223051103",
              "transportId": "T01",
              "packetsLost": 0,
              "jitter": 0.064233,
              "roundTripTime": 0.001,
              "totalRoundTripTime": 0.002,
              "roundTripTimeMeasurements": 2,
              "fractionLost": 0
            },
            "inbound": null,
            "remoteOutbound": null,
            "codec": {
              "id": "COT01_103_level-asymmetry-allowed=1;packetization-mode=1;profile-level-id=42001f",
              "timestamp": 1788008956357.684,
              "payloadType": 103,
              "mimeType": "video/H264",
              "clockRate": 90000,
              "sdpFmtpLine": "level-asymmetry-allowed=1;packetization-mode=1;profile-level-id=42001f"
            },
            "transport": {
              "id": "T01",
              "timestamp": 1788008956357.684,
              "bytesSent": 141672,
              "bytesReceived": 24700,
              "packetsSent": 418,
              "packetsReceived": 304,
              "selectedCandidatePairId": "CP348oK6Hm_DQjSK4X2",
              "dtlsState": "connected",
              "iceRole": "controlled"
            },
            "candidatePair": {
              "id": "CP348oK6Hm_DQjSK4X2",
              "timestamp": 1788008956357.684,
              "state": "succeeded",
              "nominated": true,
              "writable": true,
              "bytesSent": 136604,
              "bytesReceived": 20957,
              "currentRoundTripTime": 0,
              "totalRoundTripTime": 0.002,
              "responsesReceived": 5,
              "availableOutgoingBitrate": 646356,
              "requestsReceived": 5,
              "requestsSent": 5,
              "localCandidateId": "I348oK6Hm",
              "remoteCandidateId": "IDQjSK4X2",
              "packetsDiscardedOnSend": 0,
              "bytesDiscardedOnSend": 0
            },
            "localCandidate": {
              "id": "I348oK6Hm",
              "timestamp": 1788008956357.684,
              "candidateType": "host",
              "protocol": "udp",
              "networkType": "ethernet",
              "address": "fdfd::1ab2:41f1",
              "port": 55251,
              "priority": 2122199807
            },
            "remoteCandidate": {
              "id": "IDQjSK4X2",
              "timestamp": 1788008956357.684,
              "candidateType": "host",
              "protocol": "udp",
              "address": "fdfd::1ab2:41f1",
              "port": 52144,
              "priority": 2122199807
            }
          }
        },
        {
          "benchmarkElapsedMs": 2000.04,
          "collectedAt": 1788008956609.2,
          "role": "sender",
          "transportMode": "mesh",
          "peerId": "ee1503a4",
          "connectionState": "connected",
          "iceConnectionState": "connected",
          "signalingState": "stable",
          "track": {
            "id": "deb75fa8-9a36-47f6-9ddb-cfe7f0e96067",
            "label": "Screen",
            "enabled": true,
            "muted": false,
            "readyState": "live",
            "settings": {
              "aspectRatio": 1.7777777777777777,
              "deviceId": "screen:0:0",
              "frameRate": 60,
              "height": 720,
              "resizeMode": "crop-and-scale",
              "screenPixelRatio": 1,
              "width": 1280
            },
            "constraints": {
              "frameRate": {
                "max": 60,
                "ideal": 60
              },
              "height": {
                "max": 720,
                "ideal": 720
              },
              "width": {
                "max": 1280,
                "ideal": 1280
              }
            }
          },
          "senderParameters": {
            "degradationPreference": "maintain-resolution",
            "transactionId": "e6b3da48-cef1-43b2-b873-d157c955e75f",
            "encodings": [
              {
                "active": true,
                "maxBitrate": 238029,
                "maxFramerate": 60,
                "scaleResolutionDownBy": 1,
                "priority": "high",
                "networkPriority": "high"
              }
            ]
          },
          "adaptation": {
            "profileId": "performance",
            "level": 0,
            "temporalLevel": 0,
            "poorSamples": 0,
            "stableSamples": 0,
            "sourceSamples": 0,
            "networkSamples": 3,
            "sampleCount": 3,
            "cooldownSamples": 0,
            "scale": 1,
            "frameRate": 60,
            "reason": "startup-observation",
            "targetFps": 60,
            "measuredFps": 2.6864948702606952,
            "captureFps": 55.07314484034425,
            "encodedFps": 2.6864948702606952,
            "encoderDeliveryRatio": 0.04878048780487805,
            "bottleneck": "network",
            "sourceLimited": false,
            "networkPressure": true,
            "capacityPressure": true,
            "transportPressure": true,
            "packetLossPressure": false,
            "retransmissionPressure": false,
            "pacerPressure": true,
            "discardedPacketPressure": false,
            "packetLossRatio": 0,
            "retransmissionRatio": 0,
            "averagePacketSendDelayMs": 32.60786111111111,
            "packetsDiscardedOnSend": 0,
            "pressureSamplesRequired": 2,
            "networkSustained": true,
            "networkHeadroomRatio": 0.0807945,
            "requiredBitrate": 8000000,
            "recoveryRequiredBitrate": 8000000,
            "networkRecoveryHeadroomRatio": 0.0807945,
            "networkRecoveryReady": true,
            "projectedRecoveryEncodeMs": 3.676666666666666,
            "encoderRecoveryReady": true,
            "encoderTrial": null,
            "downscaleEffectiveness": {
              "status": "idle",
              "samplesObserved": 0,
              "samplesRequired": 3,
              "requiredDeliveryGain": 0.08,
              "requiredEncodeCostReductionRatio": 0.15
            },
            "averageEncodeTimeMs": 2.999999999999999,
            "fpsEma": 2.101367585365348,
            "encodeEma": 3.676666666666666,
            "effectiveWidth": 1280,
            "effectiveHeight": 720,
            "temporalChanged": false,
            "softwareEncoder": false,
            "encoderImplementation": "MediaFoundationVideoEncodeAccelerator (NVIDIA H.264 Encoder MFT)",
            "trackId": "deb75fa8-9a36-47f6-9ddb-cfe7f0e96067"
          },
          "videoCodecPolicyKey": "hardware-or-unknown",
          "videoMutationCounts": {
            "total": 2,
            "structural": 1,
            "bitrate": 2,
            "active": 0,
            "track": 1
          },
          "lastVideoMutation": {
            "sequence": 2,
            "type": "adapt",
            "timestampMs": 1788008952870,
            "peerId": "ee1503a4",
            "structural": false,
            "bitrate": true,
            "active": false,
            "trackChanged": false,
            "before": {
              "trackId": "deb75fa8-9a36-47f6-9ddb-cfe7f0e96067",
              "degradationPreference": "maintain-resolution",
              "encodings": [
                {
                  "active": true,
                  "maxBitrate": 8000000,
                  "maxFramerate": 60,
                  "scaleResolutionDownBy": 1,
                  "scalabilityMode": null
                }
              ]
            },
            "after": {
              "trackId": "deb75fa8-9a36-47f6-9ddb-cfe7f0e96067",
              "degradationPreference": "maintain-resolution",
              "encodings": [
                {
                  "active": true,
                  "maxBitrate": 238029,
                  "maxFramerate": 60,
                  "scaleResolutionDownBy": 1,
                  "scalabilityMode": null
                }
              ]
            },
            "countersBeforeNextSample": {
              "keyFramesEncoded": 0,
              "hugeFramesSent": 0,
              "nackCount": 0,
              "pliCount": 0,
              "firCount": 0,
              "bytesSent": 0
            },
            "profileId": "performance",
            "adaptationReason": "network-observation",
            "adaptationLevel": 0,
            "temporalLevel": 0
          },
          "jitterBufferTarget": null,
          "topology": {
            "sfuViewerCount": 0,
            "sfuConsumerCount": 0,
            "meshScreenSenders": 1,
            "meshActiveScreenSenders": 1,
            "meshViaSfuCount": 0,
            "meshBytesSentTotal": 117781,
            "publisherUploadBytes": 117781
          },
          "reports": {
            "source": {
              "id": "SV2",
              "timestamp": 1788008956608.375,
              "trackIdentifier": "deb75fa8-9a36-47f6-9ddb-cfe7f0e96067",
              "kind": "video",
              "width": 1280,
              "height": 720,
              "frames": 196,
              "framesPerSecond": 55
            },
            "outbound": {
              "id": "OT01V1223051103",
              "timestamp": 1788008956608.375,
              "ssrc": 1223051103,
              "kind": "video",
              "mid": "1",
              "active": true,
              "codecId": "COT01_103_level-asymmetry-allowed=1;packetization-mode=1;profile-level-id=42001f",
              "mediaSourceId": "SV2",
              "remoteId": "RIV1223051103",
              "transportId": "T01",
              "bytesSent": 117781,
              "headerBytesSent": 4862,
              "packetsSent": 124,
              "retransmittedBytesSent": 0,
              "retransmittedPacketsSent": 0,
              "framesEncoded": 12,
              "framesSent": 12,
              "hugeFramesSent": 12,
              "keyFramesEncoded": 1,
              "framesPerSecond": 3,
              "frameWidth": 1280,
              "frameHeight": 720,
              "qpSum": 601,
              "totalEncodeTime": 0.044,
              "totalEncodedBytesTarget": 0,
              "totalPacketSendDelay": 17.963299,
              "targetBitrate": 198333,
              "qualityLimitationReason": "none",
              "qualityLimitationDurations": {
                "bandwidth": 0,
                "cpu": 0,
                "none": 3.747,
                "other": 0
              },
              "qualityLimitationResolutionChanges": 0,
              "nackCount": 0,
              "firCount": 0,
              "pliCount": 0,
              "encoderImplementation": "MediaFoundationVideoEncodeAccelerator (NVIDIA H.264 Encoder MFT)",
              "powerEfficientEncoder": true
            },
            "remoteInbound": {
              "id": "RIV1223051103",
              "timestamp": 1788008956358.244,
              "ssrc": 1223051103,
              "kind": "video",
              "codecId": "COT01_103_level-asymmetry-allowed=1;packetization-mode=1;profile-level-id=42001f",
              "localId": "OT01V1223051103",
              "transportId": "T01",
              "packetsLost": 0,
              "jitter": 0.06632199999999999,
              "roundTripTime": 0.001,
              "totalRoundTripTime": 0.003,
              "roundTripTimeMeasurements": 3,
              "fractionLost": 0
            },
            "inbound": null,
            "remoteOutbound": null,
            "codec": {
              "id": "COT01_103_level-asymmetry-allowed=1;packetization-mode=1;profile-level-id=42001f",
              "timestamp": 1788008956608.375,
              "payloadType": 103,
              "mimeType": "video/H264",
              "clockRate": 90000,
              "sdpFmtpLine": "level-asymmetry-allowed=1;packetization-mode=1;profile-level-id=42001f"
            },
            "transport": {
              "id": "T01",
              "timestamp": 1788008956608.375,
              "bytesSent": 151971,
              "bytesReceived": 26038,
              "packetsSent": 444,
              "packetsReceived": 322,
              "selectedCandidatePairId": "CP348oK6Hm_DQjSK4X2",
              "dtlsState": "connected",
              "iceRole": "controlled"
            },
            "candidatePair": {
              "id": "CP348oK6Hm_DQjSK4X2",
              "timestamp": 1788008956608.375,
              "state": "succeeded",
              "nominated": true,
              "writable": true,
              "bytesSent": 146903,
              "bytesReceived": 22295,
              "currentRoundTripTime": 0,
              "totalRoundTripTime": 0.002,
              "responsesReceived": 5,
              "availableOutgoingBitrate": 646356,
              "requestsReceived": 5,
              "requestsSent": 5,
              "localCandidateId": "I348oK6Hm",
              "remoteCandidateId": "IDQjSK4X2",
              "packetsDiscardedOnSend": 0,
              "bytesDiscardedOnSend": 0
            },
            "localCandidate": {
              "id": "I348oK6Hm",
              "timestamp": 1788008956608.375,
              "candidateType": "host",
              "protocol": "udp",
              "networkType": "ethernet",
              "address": "fdfd::1ab2:41f1",
              "port": 55251,
              "priority": 2122199807
            },
            "remoteCandidate": {
              "id": "IDQjSK4X2",
              "timestamp": 1788008956608.375,
              "candidateType": "host",
              "protocol": "udp",
              "address": "fdfd::1ab2:41f1",
              "port": 52144,
              "priority": 2122199807
            }
          }
        },
        {
          "benchmarkElapsedMs": 2249.4030999999995,
          "collectedAt": 1788008956858.4,
          "role": "sender",
          "transportMode": "mesh",
          "peerId": "ee1503a4",
          "connectionState": "connected",
          "iceConnectionState": "connected",
          "signalingState": "stable",
          "track": {
            "id": "deb75fa8-9a36-47f6-9ddb-cfe7f0e96067",
            "label": "Screen",
            "enabled": true,
            "muted": false,
            "readyState": "live",
            "settings": {
              "aspectRatio": 1.7777777777777777,
              "deviceId": "screen:0:0",
              "frameRate": 60,
              "height": 720,
              "resizeMode": "crop-and-scale",
              "screenPixelRatio": 1,
              "width": 1280
            },
            "constraints": {
              "frameRate": {
                "max": 60,
                "ideal": 60
              },
              "height": {
                "max": 720,
                "ideal": 720
              },
              "width": {
                "max": 1280,
                "ideal": 1280
              }
            }
          },
          "senderParameters": {
            "degradationPreference": "maintain-resolution",
            "transactionId": "3f0b5b23-e1e0-4d6e-91e7-8c96bb85d8c1",
            "encodings": [
              {
                "active": true,
                "maxBitrate": 238029,
                "maxFramerate": 60,
                "scaleResolutionDownBy": 1,
                "priority": "high",
                "networkPriority": "high"
              }
            ]
          },
          "adaptation": {
            "profileId": "performance",
            "level": 0,
            "temporalLevel": 0,
            "poorSamples": 0,
            "stableSamples": 0,
            "sourceSamples": 0,
            "networkSamples": 3,
            "sampleCount": 3,
            "cooldownSamples": 0,
            "scale": 1,
            "frameRate": 60,
            "reason": "startup-observation",
            "targetFps": 60,
            "measuredFps": 2.6864948702606952,
            "captureFps": 55.07314484034425,
            "encodedFps": 2.6864948702606952,
            "encoderDeliveryRatio": 0.04878048780487805,
            "bottleneck": "network",
            "sourceLimited": false,
            "networkPressure": true,
            "capacityPressure": true,
            "transportPressure": true,
            "packetLossPressure": false,
            "retransmissionPressure": false,
            "pacerPressure": true,
            "discardedPacketPressure": false,
            "packetLossRatio": 0,
            "retransmissionRatio": 0,
            "averagePacketSendDelayMs": 32.60786111111111,
            "packetsDiscardedOnSend": 0,
            "pressureSamplesRequired": 2,
            "networkSustained": true,
            "networkHeadroomRatio": 0.0807945,
            "requiredBitrate": 8000000,
            "recoveryRequiredBitrate": 8000000,
            "networkRecoveryHeadroomRatio": 0.0807945,
            "networkRecoveryReady": true,
            "projectedRecoveryEncodeMs": 3.676666666666666,
            "encoderRecoveryReady": true,
            "encoderTrial": null,
            "downscaleEffectiveness": {
              "status": "idle",
              "samplesObserved": 0,
              "samplesRequired": 3,
              "requiredDeliveryGain": 0.08,
              "requiredEncodeCostReductionRatio": 0.15
            },
            "averageEncodeTimeMs": 2.999999999999999,
            "fpsEma": 2.101367585365348,
            "encodeEma": 3.676666666666666,
            "effectiveWidth": 1280,
            "effectiveHeight": 720,
            "temporalChanged": false,
            "softwareEncoder": false,
            "encoderImplementation": "MediaFoundationVideoEncodeAccelerator (NVIDIA H.264 Encoder MFT)",
            "trackId": "deb75fa8-9a36-47f6-9ddb-cfe7f0e96067"
          },
          "videoCodecPolicyKey": "hardware-or-unknown",
          "videoMutationCounts": {
            "total": 2,
            "structural": 1,
            "bitrate": 2,
            "active": 0,
            "track": 1
          },
          "lastVideoMutation": {
            "sequence": 2,
            "type": "adapt",
            "timestampMs": 1788008952870,
            "peerId": "ee1503a4",
            "structural": false,
            "bitrate": true,
            "active": false,
            "trackChanged": false,
            "before": {
              "trackId": "deb75fa8-9a36-47f6-9ddb-cfe7f0e96067",
              "degradationPreference": "maintain-resolution",
              "encodings": [
                {
                  "active": true,
                  "maxBitrate": 8000000,
                  "maxFramerate": 60,
                  "scaleResolutionDownBy": 1,
                  "scalabilityMode": null
                }
              ]
            },
            "after": {
              "trackId": "deb75fa8-9a36-47f6-9ddb-cfe7f0e96067",
              "degradationPreference": "maintain-resolution",
              "encodings": [
                {
                  "active": true,
                  "maxBitrate": 238029,
                  "maxFramerate": 60,
                  "scaleResolutionDownBy": 1,
                  "scalabilityMode": null
                }
              ]
            },
            "countersBeforeNextSample": {
              "keyFramesEncoded": 0,
              "hugeFramesSent": 0,
              "nackCount": 0,
              "pliCount": 0,
              "firCount": 0,
              "bytesSent": 0
            },
            "profileId": "performance",
            "adaptationReason": "network-observation",
            "adaptationLevel": 0,
            "temporalLevel": 0
          },
          "jitterBufferTarget": null,
          "topology": {
            "sfuViewerCount": 0,
            "sfuConsumerCount": 0,
            "meshScreenSenders": 1,
            "meshActiveScreenSenders": 1,
            "meshViaSfuCount": 0,
            "meshBytesSentTotal": 126719,
            "publisherUploadBytes": 126719
          },
          "reports": {
            "source": {
              "id": "SV2",
              "timestamp": 1788008956857.464,
              "trackIdentifier": "deb75fa8-9a36-47f6-9ddb-cfe7f0e96067",
              "kind": "video",
              "width": 1280,
              "height": 720,
              "frames": 209,
              "framesPerSecond": 54
            },
            "outbound": {
              "id": "OT01V1223051103",
              "timestamp": 1788008956857.464,
              "ssrc": 1223051103,
              "kind": "video",
              "mid": "1",
              "active": true,
              "codecId": "COT01_103_level-asymmetry-allowed=1;packetization-mode=1;profile-level-id=42001f",
              "mediaSourceId": "SV2",
              "remoteId": "RIV1223051103",
              "transportId": "T01",
              "bytesSent": 126719,
              "headerBytesSent": 5094,
              "packetsSent": 133,
              "retransmittedBytesSent": 0,
              "retransmittedPacketsSent": 0,
              "framesEncoded": 13,
              "framesSent": 13,
              "hugeFramesSent": 13,
              "keyFramesEncoded": 1,
              "framesPerSecond": 3,
              "frameWidth": 1280,
              "frameHeight": 720,
              "qpSum": 652,
              "totalEncodeTime": 0.048,
              "totalEncodedBytesTarget": 0,
              "totalPacketSendDelay": 18.264442,
              "targetBitrate": 198333,
              "qualityLimitationReason": "none",
              "qualityLimitationDurations": {
                "bandwidth": 0,
                "cpu": 0,
                "none": 3.996,
                "other": 0
              },
              "qualityLimitationResolutionChanges": 0,
              "nackCount": 0,
              "firCount": 0,
              "pliCount": 0,
              "encoderImplementation": "MediaFoundationVideoEncodeAccelerator (NVIDIA H.264 Encoder MFT)",
              "powerEfficientEncoder": true
            },
            "remoteInbound": {
              "id": "RIV1223051103",
              "timestamp": 1788008956358.244,
              "ssrc": 1223051103,
              "kind": "video",
              "codecId": "COT01_103_level-asymmetry-allowed=1;packetization-mode=1;profile-level-id=42001f",
              "localId": "OT01V1223051103",
              "transportId": "T01",
              "packetsLost": 0,
              "jitter": 0.06632199999999999,
              "roundTripTime": 0.001,
              "totalRoundTripTime": 0.003,
              "roundTripTimeMeasurements": 3,
              "fractionLost": 0
            },
            "inbound": null,
            "remoteOutbound": null,
            "codec": {
              "id": "COT01_103_level-asymmetry-allowed=1;packetization-mode=1;profile-level-id=42001f",
              "timestamp": 1788008956857.464,
              "payloadType": 103,
              "mimeType": "video/H264",
              "clockRate": 90000,
              "sdpFmtpLine": "level-asymmetry-allowed=1;packetization-mode=1;profile-level-id=42001f"
            },
            "transport": {
              "id": "T01",
              "timestamp": 1788008956857.464,
              "bytesSent": 162385,
              "bytesReceived": 27252,
              "packetsSent": 469,
              "packetsReceived": 338,
              "selectedCandidatePairId": "CP348oK6Hm_DQjSK4X2",
              "dtlsState": "connected",
              "iceRole": "controlled"
            },
            "candidatePair": {
              "id": "CP348oK6Hm_DQjSK4X2",
              "timestamp": 1788008956857.464,
              "state": "succeeded",
              "nominated": true,
              "writable": true,
              "bytesSent": 157317,
              "bytesReceived": 23509,
              "currentRoundTripTime": 0,
              "totalRoundTripTime": 0.002,
              "responsesReceived": 5,
              "availableOutgoingBitrate": 646356,
              "requestsReceived": 5,
              "requestsSent": 5,
              "localCandidateId": "I348oK6Hm",
              "remoteCandidateId": "IDQjSK4X2",
              "packetsDiscardedOnSend": 0,
              "bytesDiscardedOnSend": 0
            },
            "localCandidate": {
              "id": "I348oK6Hm",
              "timestamp": 1788008956857.464,
              "candidateType": "host",
              "protocol": "udp",
              "networkType": "ethernet",
              "address": "fdfd::1ab2:41f1",
              "port": 55251,
              "priority": 2122199807
            },
            "remoteCandidate": {
              "id": "IDQjSK4X2",
              "timestamp": 1788008956857.464,
              "candidateType": "host",
              "protocol": "udp",
              "address": "fdfd::1ab2:41f1",
              "port": 52144,
              "priority": 2122199807
            }
          }
        },
        {
          "benchmarkElapsedMs": 2499.4491,
          "collectedAt": 1788008957108.3,
          "role": "sender",
          "transportMode": "mesh",
          "peerId": "ee1503a4",
          "connectionState": "connected",
          "iceConnectionState": "connected",
          "signalingState": "stable",
          "track": {
            "id": "deb75fa8-9a36-47f6-9ddb-cfe7f0e96067",
            "label": "Screen",
            "enabled": true,
            "muted": false,
            "readyState": "live",
            "settings": {
              "aspectRatio": 1.7777777777777777,
              "deviceId": "screen:0:0",
              "frameRate": 60,
              "height": 720,
              "resizeMode": "crop-and-scale",
              "screenPixelRatio": 1,
              "width": 1280
            },
            "constraints": {
              "frameRate": {
                "max": 60,
                "ideal": 60
              },
              "height": {
                "max": 720,
                "ideal": 720
              },
              "width": {
                "max": 1280,
                "ideal": 1280
              }
            }
          },
          "senderParameters": {
            "degradationPreference": "maintain-resolution",
            "transactionId": "67a40e19-cd79-4c71-b7de-c7adc7ae2f15",
            "encodings": [
              {
                "active": true,
                "maxBitrate": 238029,
                "maxFramerate": 60,
                "scaleResolutionDownBy": 1,
                "priority": "high",
                "networkPriority": "high"
              }
            ]
          },
          "adaptation": {
            "profileId": "performance",
            "level": 0,
            "temporalLevel": 0,
            "poorSamples": 0,
            "stableSamples": 0,
            "sourceSamples": 0,
            "networkSamples": 3,
            "sampleCount": 3,
            "cooldownSamples": 0,
            "scale": 1,
            "frameRate": 60,
            "reason": "startup-observation",
            "targetFps": 60,
            "measuredFps": 2.6864948702606952,
            "captureFps": 55.07314484034425,
            "encodedFps": 2.6864948702606952,
            "encoderDeliveryRatio": 0.04878048780487805,
            "bottleneck": "network",
            "sourceLimited": false,
            "networkPressure": true,
            "capacityPressure": true,
            "transportPressure": true,
            "packetLossPressure": false,
            "retransmissionPressure": false,
            "pacerPressure": true,
            "discardedPacketPressure": false,
            "packetLossRatio": 0,
            "retransmissionRatio": 0,
            "averagePacketSendDelayMs": 32.60786111111111,
            "packetsDiscardedOnSend": 0,
            "pressureSamplesRequired": 2,
            "networkSustained": true,
            "networkHeadroomRatio": 0.0807945,
            "requiredBitrate": 8000000,
            "recoveryRequiredBitrate": 8000000,
            "networkRecoveryHeadroomRatio": 0.0807945,
            "networkRecoveryReady": true,
            "projectedRecoveryEncodeMs": 3.676666666666666,
            "encoderRecoveryReady": true,
            "encoderTrial": null,
            "downscaleEffectiveness": {
              "status": "idle",
              "samplesObserved": 0,
              "samplesRequired": 3,
              "requiredDeliveryGain": 0.08,
              "requiredEncodeCostReductionRatio": 0.15
            },
            "averageEncodeTimeMs": 2.999999999999999,
            "fpsEma": 2.101367585365348,
            "encodeEma": 3.676666666666666,
            "effectiveWidth": 1280,
            "effectiveHeight": 720,
            "temporalChanged": false,
            "softwareEncoder": false,
            "encoderImplementation": "MediaFoundationVideoEncodeAccelerator (NVIDIA H.264 Encoder MFT)",
            "trackId": "deb75fa8-9a36-47f6-9ddb-cfe7f0e96067"
          },
          "videoCodecPolicyKey": "hardware-or-unknown",
          "videoMutationCounts": {
            "total": 2,
            "structural": 1,
            "bitrate": 2,
            "active": 0,
            "track": 1
          },
          "lastVideoMutation": {
            "sequence": 2,
            "type": "adapt",
            "timestampMs": 1788008952870,
            "peerId": "ee1503a4",
            "structural": false,
            "bitrate": true,
            "active": false,
            "trackChanged": false,
            "before": {
              "trackId": "deb75fa8-9a36-47f6-9ddb-cfe7f0e96067",
              "degradationPreference": "maintain-resolution",
              "encodings": [
                {
                  "active": true,
                  "maxBitrate": 8000000,
                  "maxFramerate": 60,
                  "scaleResolutionDownBy": 1,
                  "scalabilityMode": null
                }
              ]
            },
            "after": {
              "trackId": "deb75fa8-9a36-47f6-9ddb-cfe7f0e96067",
              "degradationPreference": "maintain-resolution",
              "encodings": [
                {
                  "active": true,
                  "maxBitrate": 238029,
                  "maxFramerate": 60,
                  "scaleResolutionDownBy": 1,
                  "scalabilityMode": null
                }
              ]
            },
            "countersBeforeNextSample": {
              "keyFramesEncoded": 0,
              "hugeFramesSent": 0,
              "nackCount": 0,
              "pliCount": 0,
              "firCount": 0,
              "bytesSent": 0
            },
            "profileId": "performance",
            "adaptationReason": "network-observation",
            "adaptationLevel": 0,
            "temporalLevel": 0
          },
          "jitterBufferTarget": null,
          "topology": {
            "sfuViewerCount": 0,
            "sfuConsumerCount": 0,
            "meshScreenSenders": 1,
            "meshActiveScreenSenders": 1,
            "meshViaSfuCount": 0,
            "meshBytesSentTotal": 130057,
            "publisherUploadBytes": 130057
          },
          "reports": {
            "source": {
              "id": "SV2",
              "timestamp": 1788008957107.485,
              "trackIdentifier": "deb75fa8-9a36-47f6-9ddb-cfe7f0e96067",
              "kind": "video",
              "width": 1280,
              "height": 720,
              "frames": 224,
              "framesPerSecond": 56
            },
            "outbound": {
              "id": "OT01V1223051103",
              "timestamp": 1788008957107.485,
              "ssrc": 1223051103,
              "kind": "video",
              "mid": "1",
              "active": true,
              "codecId": "COT01_103_level-asymmetry-allowed=1;packetization-mode=1;profile-level-id=42001f",
              "mediaSourceId": "SV2",
              "remoteId": "RIV1223051103",
              "transportId": "T01",
              "bytesSent": 130057,
              "headerBytesSent": 5190,
              "packetsSent": 137,
              "retransmittedBytesSent": 0,
              "retransmittedPacketsSent": 0,
              "framesEncoded": 14,
              "framesSent": 14,
              "hugeFramesSent": 14,
              "keyFramesEncoded": 1,
              "framesPerSecond": 3,
              "frameWidth": 1280,
              "frameHeight": 720,
              "qpSum": 703,
              "totalEncodeTime": 0.052,
              "totalEncodedBytesTarget": 0,
              "totalPacketSendDelay": 18.264446,
              "targetBitrate": 198333,
              "qualityLimitationReason": "none",
              "qualityLimitationDurations": {
                "bandwidth": 0,
                "cpu": 0,
                "none": 4.246,
                "other": 0
              },
              "qualityLimitationResolutionChanges": 0,
              "nackCount": 0,
              "firCount": 0,
              "pliCount": 0,
              "encoderImplementation": "MediaFoundationVideoEncodeAccelerator (NVIDIA H.264 Encoder MFT)",
              "powerEfficientEncoder": true
            },
            "remoteInbound": {
              "id": "RIV1223051103",
              "timestamp": 1788008956952.884,
              "ssrc": 1223051103,
              "kind": "video",
              "codecId": "COT01_103_level-asymmetry-allowed=1;packetization-mode=1;profile-level-id=42001f",
              "localId": "OT01V1223051103",
              "transportId": "T01",
              "packetsLost": 0,
              "jitter": 0.068866,
              "roundTripTime": 0.001,
              "totalRoundTripTime": 0.004,
              "roundTripTimeMeasurements": 4,
              "fractionLost": 0
            },
            "inbound": null,
            "remoteOutbound": null,
            "codec": {
              "id": "COT01_103_level-asymmetry-allowed=1;packetization-mode=1;profile-level-id=42001f",
              "timestamp": 1788008957107.485,
              "payloadType": 103,
              "mimeType": "video/H264",
              "clockRate": 90000,
              "sdpFmtpLine": "level-asymmetry-allowed=1;packetization-mode=1;profile-level-id=42001f"
            },
            "transport": {
              "id": "T01",
              "timestamp": 1788008957107.485,
              "bytesSent": 167251,
              "bytesReceived": 28727,
              "packetsSent": 490,
              "packetsReceived": 356,
              "selectedCandidatePairId": "CP348oK6Hm_DQjSK4X2",
              "dtlsState": "connected",
              "iceRole": "controlled"
            },
            "candidatePair": {
              "id": "CP348oK6Hm_DQjSK4X2",
              "timestamp": 1788008957107.485,
              "state": "succeeded",
              "nominated": true,
              "writable": true,
              "bytesSent": 162183,
              "bytesReceived": 24984,
              "currentRoundTripTime": 0,
              "totalRoundTripTime": 0.002,
              "responsesReceived": 5,
              "availableOutgoingBitrate": 646356,
              "requestsReceived": 6,
              "requestsSent": 5,
              "localCandidateId": "I348oK6Hm",
              "remoteCandidateId": "IDQjSK4X2",
              "packetsDiscardedOnSend": 0,
              "bytesDiscardedOnSend": 0
            },
            "localCandidate": {
              "id": "I348oK6Hm",
              "timestamp": 1788008957107.485,
              "candidateType": "host",
              "protocol": "udp",
              "networkType": "ethernet",
              "address": "fdfd::1ab2:41f1",
              "port": 55251,
              "priority": 2122199807
            },
            "remoteCandidate": {
              "id": "IDQjSK4X2",
              "timestamp": 1788008957107.485,
              "candidateType": "host",
              "protocol": "udp",
              "address": "fdfd::1ab2:41f1",
              "port": 52144,
              "priority": 2122199807
            }
          }
        },
        {
          "benchmarkElapsedMs": 2749.9978,
          "collectedAt": 1788008957358.9,
          "role": "sender",
          "transportMode": "mesh",
          "peerId": "ee1503a4",
          "connectionState": "connected",
          "iceConnectionState": "connected",
          "signalingState": "stable",
          "track": {
            "id": "deb75fa8-9a36-47f6-9ddb-cfe7f0e96067",
            "label": "Screen",
            "enabled": true,
            "muted": false,
            "readyState": "live",
            "settings": {
              "aspectRatio": 1.7777777777777777,
              "deviceId": "screen:0:0",
              "frameRate": 60,
              "height": 720,
              "resizeMode": "crop-and-scale",
              "screenPixelRatio": 1,
              "width": 1280
            },
            "constraints": {
              "frameRate": {
                "max": 60,
                "ideal": 60
              },
              "height": {
                "max": 720,
                "ideal": 720
              },
              "width": {
                "max": 1280,
                "ideal": 1280
              }
            }
          },
          "senderParameters": {
            "degradationPreference": "maintain-resolution",
            "transactionId": "4f26aeec-288a-4c90-81ba-218c1a1a0686",
            "encodings": [
              {
                "active": true,
                "maxBitrate": 238029,
                "maxFramerate": 60,
                "scaleResolutionDownBy": 1,
                "priority": "high",
                "networkPriority": "high"
              }
            ]
          },
          "adaptation": {
            "profileId": "performance",
            "level": 0,
            "temporalLevel": 0,
            "poorSamples": 0,
            "stableSamples": 0,
            "sourceSamples": 0,
            "networkSamples": 3,
            "sampleCount": 3,
            "cooldownSamples": 0,
            "scale": 1,
            "frameRate": 60,
            "reason": "startup-observation",
            "targetFps": 60,
            "measuredFps": 2.6864948702606952,
            "captureFps": 55.07314484034425,
            "encodedFps": 2.6864948702606952,
            "encoderDeliveryRatio": 0.04878048780487805,
            "bottleneck": "network",
            "sourceLimited": false,
            "networkPressure": true,
            "capacityPressure": true,
            "transportPressure": true,
            "packetLossPressure": false,
            "retransmissionPressure": false,
            "pacerPressure": true,
            "discardedPacketPressure": false,
            "packetLossRatio": 0,
            "retransmissionRatio": 0,
            "averagePacketSendDelayMs": 32.60786111111111,
            "packetsDiscardedOnSend": 0,
            "pressureSamplesRequired": 2,
            "networkSustained": true,
            "networkHeadroomRatio": 0.0807945,
            "requiredBitrate": 8000000,
            "recoveryRequiredBitrate": 8000000,
            "networkRecoveryHeadroomRatio": 0.0807945,
            "networkRecoveryReady": true,
            "projectedRecoveryEncodeMs": 3.676666666666666,
            "encoderRecoveryReady": true,
            "encoderTrial": null,
            "downscaleEffectiveness": {
              "status": "idle",
              "samplesObserved": 0,
              "samplesRequired": 3,
              "requiredDeliveryGain": 0.08,
              "requiredEncodeCostReductionRatio": 0.15
            },
            "averageEncodeTimeMs": 2.999999999999999,
            "fpsEma": 2.101367585365348,
            "encodeEma": 3.676666666666666,
            "effectiveWidth": 1280,
            "effectiveHeight": 720,
            "temporalChanged": false,
            "softwareEncoder": false,
            "encoderImplementation": "MediaFoundationVideoEncodeAccelerator (NVIDIA H.264 Encoder MFT)",
            "trackId": "deb75fa8-9a36-47f6-9ddb-cfe7f0e96067"
          },
          "videoCodecPolicyKey": "hardware-or-unknown",
          "videoMutationCounts": {
            "total": 2,
            "structural": 1,
            "bitrate": 2,
            "active": 0,
            "track": 1
          },
          "lastVideoMutation": {
            "sequence": 2,
            "type": "adapt",
            "timestampMs": 1788008952870,
            "peerId": "ee1503a4",
            "structural": false,
            "bitrate": true,
            "active": false,
            "trackChanged": false,
            "before": {
              "trackId": "deb75fa8-9a36-47f6-9ddb-cfe7f0e96067",
              "degradationPreference": "maintain-resolution",
              "encodings": [
                {
                  "active": true,
                  "maxBitrate": 8000000,
                  "maxFramerate": 60,
                  "scaleResolutionDownBy": 1,
                  "scalabilityMode": null
                }
              ]
            },
            "after": {
              "trackId": "deb75fa8-9a36-47f6-9ddb-cfe7f0e96067",
              "degradationPreference": "maintain-resolution",
              "encodings": [
                {
                  "active": true,
                  "maxBitrate": 238029,
                  "maxFramerate": 60,
                  "scaleResolutionDownBy": 1,
                  "scalabilityMode": null
                }
              ]
            },
            "countersBeforeNextSample": {
              "keyFramesEncoded": 0,
              "hugeFramesSent": 0,
              "nackCount": 0,
              "pliCount": 0,
              "firCount": 0,
              "bytesSent": 0
            },
            "profileId": "performance",
            "adaptationReason": "network-observation",
            "adaptationLevel": 0,
            "temporalLevel": 0
          },
          "jitterBufferTarget": null,
          "topology": {
            "sfuViewerCount": 0,
            "sfuConsumerCount": 0,
            "meshScreenSenders": 1,
            "meshActiveScreenSenders": 1,
            "meshViaSfuCount": 0,
            "meshBytesSentTotal": 135606,
            "publisherUploadBytes": 135606
          },
          "reports": {
            "source": {
              "id": "SV2",
              "timestamp": 1788008957358.037,
              "trackIdentifier": "deb75fa8-9a36-47f6-9ddb-cfe7f0e96067",
              "kind": "video",
              "width": 1280,
              "height": 720,
              "frames": 237,
              "framesPerSecond": 54
            },
            "outbound": {
              "id": "OT01V1223051103",
              "timestamp": 1788008957358.037,
              "ssrc": 1223051103,
              "kind": "video",
              "mid": "1",
              "active": true,
              "codecId": "COT01_103_level-asymmetry-allowed=1;packetization-mode=1;profile-level-id=42001f",
              "mediaSourceId": "SV2",
              "remoteId": "RIV1223051103",
              "transportId": "T01",
              "bytesSent": 135606,
              "headerBytesSent": 5326,
              "packetsSent": 142,
              "retransmittedBytesSent": 0,
              "retransmittedPacketsSent": 0,
              "framesEncoded": 14,
              "framesSent": 14,
              "hugeFramesSent": 14,
              "keyFramesEncoded": 1,
              "framesPerSecond": 3,
              "frameWidth": 1280,
              "frameHeight": 720,
              "qpSum": 703,
              "totalEncodeTime": 0.052,
              "totalEncodedBytesTarget": 0,
              "totalPacketSendDelay": 18.550608999999998,
              "targetBitrate": 198333,
              "qualityLimitationReason": "none",
              "qualityLimitationDurations": {
                "bandwidth": 0,
                "cpu": 0,
                "none": 4.496,
                "other": 0
              },
              "qualityLimitationResolutionChanges": 0,
              "nackCount": 0,
              "firCount": 0,
              "pliCount": 0,
              "encoderImplementation": "MediaFoundationVideoEncodeAccelerator (NVIDIA H.264 Encoder MFT)",
              "powerEfficientEncoder": true
            },
            "remoteInbound": {
              "id": "RIV1223051103",
              "timestamp": 1788008956952.884,
              "ssrc": 1223051103,
              "kind": "video",
              "codecId": "COT01_103_level-asymmetry-allowed=1;packetization-mode=1;profile-level-id=42001f",
              "localId": "OT01V1223051103",
              "transportId": "T01",
              "packetsLost": 0,
              "jitter": 0.068866,
              "roundTripTime": 0.001,
              "totalRoundTripTime": 0.004,
              "roundTripTimeMeasurements": 4,
              "fractionLost": 0
            },
            "inbound": {
              "id": "IT01V1017702280",
              "timestamp": 1788008957358.037,
              "ssrc": 1017702280,
              "kind": "video",
              "mid": "1",
              "transportId": "T01",
              "bytesReceived": 0,
              "headerBytesReceived": 849,
              "packetsReceived": 3,
              "packetsLost": 0,
              "jitter": 0,
              "framesReceived": 0,
              "framesDecoded": 0,
              "framesDropped": 0,
              "keyFramesDecoded": 0,
              "totalDecodeTime": 0,
              "totalProcessingDelay": 0,
              "totalInterFrameDelay": 0,
              "totalSquaredInterFrameDelay": 0,
              "freezeCount": 0,
              "totalFreezesDuration": 0,
              "pauseCount": 0,
              "totalPausesDuration": 0,
              "jitterBufferDelay": 0,
              "jitterBufferTargetDelay": 0,
              "jitterBufferMinimumDelay": 0,
              "jitterBufferEmittedCount": 0,
              "nackCount": 0,
              "firCount": 0,
              "pliCount": 0,
              "framesAssembledFromMultiplePackets": 0,
              "totalAssemblyTime": 0,
              "retransmittedBytesReceived": 0
            },
            "remoteOutbound": null,
            "codec": {
              "id": "COT01_103_level-asymmetry-allowed=1;packetization-mode=1;profile-level-id=42001f",
              "timestamp": 1788008957358.037,
              "payloadType": 103,
              "mimeType": "video/H264",
              "clockRate": 90000,
              "sdpFmtpLine": "level-asymmetry-allowed=1;packetization-mode=1;profile-level-id=42001f"
            },
            "transport": {
              "id": "T01",
              "timestamp": 1788008957358.037,
              "bytesSent": 174218,
              "bytesReceived": 30793,
              "packetsSent": 512,
              "packetsReceived": 375,
              "selectedCandidatePairId": "CP348oK6Hm_DQjSK4X2",
              "dtlsState": "connected",
              "iceRole": "controlled"
            },
            "candidatePair": {
              "id": "CP348oK6Hm_DQjSK4X2",
              "timestamp": 1788008957358.037,
              "state": "succeeded",
              "nominated": true,
              "writable": true,
              "bytesSent": 169150,
              "bytesReceived": 27050,
              "currentRoundTripTime": 0,
              "totalRoundTripTime": 0.002,
              "responsesReceived": 6,
              "availableOutgoingBitrate": 646356,
              "requestsReceived": 6,
              "requestsSent": 6,
              "localCandidateId": "I348oK6Hm",
              "remoteCandidateId": "IDQjSK4X2",
              "packetsDiscardedOnSend": 0,
              "bytesDiscardedOnSend": 0
            },
            "localCandidate": {
              "id": "I348oK6Hm",
              "timestamp": 1788008957358.037,
              "candidateType": "host",
              "protocol": "udp",
              "networkType": "ethernet",
              "address": "fdfd::1ab2:41f1",
              "port": 55251,
              "priority": 2122199807
            },
            "remoteCandidate": {
              "id": "IDQjSK4X2",
              "timestamp": 1788008957358.037,
              "candidateType": "host",
              "protocol": "udp",
              "address": "fdfd::1ab2:41f1",
              "port": 52144,
              "priority": 2122199807
            }
          }
        },
        {
          "benchmarkElapsedMs": 2999.5074999999997,
          "collectedAt": 1788008957608.5,
          "role": "sender",
          "transportMode": "mesh",
          "peerId": "ee1503a4",
          "connectionState": "connected",
          "iceConnectionState": "connected",
          "signalingState": "stable",
          "track": {
            "id": "deb75fa8-9a36-47f6-9ddb-cfe7f0e96067",
            "label": "Screen",
            "enabled": true,
            "muted": false,
            "readyState": "live",
            "settings": {
              "aspectRatio": 1.7777777777777777,
              "deviceId": "screen:0:0",
              "frameRate": 60,
              "height": 720,
              "resizeMode": "crop-and-scale",
              "screenPixelRatio": 1,
              "width": 1280
            },
            "constraints": {
              "frameRate": {
                "max": 60,
                "ideal": 60
              },
              "height": {
                "max": 720,
                "ideal": 720
              },
              "width": {
                "max": 1280,
                "ideal": 1280
              }
            }
          },
          "senderParameters": {
            "degradationPreference": "maintain-resolution",
            "transactionId": "affa6705-f21d-4f31-b601-e4267298fb06",
            "encodings": [
              {
                "active": true,
                "maxBitrate": 333241,
                "maxFramerate": 60,
                "scaleResolutionDownBy": 1.3333333333333333,
                "priority": "high",
                "networkPriority": "high"
              }
            ]
          },
          "adaptation": {
            "profileId": "performance",
            "level": 1,
            "temporalLevel": 0,
            "poorSamples": 0,
            "stableSamples": 0,
            "sourceSamples": 0,
            "networkSamples": 0,
            "sampleCount": 4,
            "cooldownSamples": 2,
            "scale": 1.3333333333333333,
            "frameRate": 60,
            "reason": "network-spatial-downshift",
            "targetFps": 60,
            "measuredFps": 2.667511118021574,
            "captureFps": 54.68397791944227,
            "encodedFps": 2.667511118021574,
            "encoderDeliveryRatio": 0.048780487804878044,
            "bottleneck": "network",
            "sourceLimited": false,
            "networkPressure": true,
            "capacityPressure": true,
            "transportPressure": true,
            "packetLossPressure": false,
            "retransmissionPressure": false,
            "pacerPressure": true,
            "discardedPacketPressure": false,
            "packetLossRatio": 0,
            "retransmissionRatio": 0,
            "averagePacketSendDelayMs": 31.630527777777747,
            "packetsDiscardedOnSend": 0,
            "pressureSamplesRequired": 2,
            "networkSustained": true,
            "networkHeadroomRatio": 0.0807945,
            "requiredBitrate": 8000000,
            "recoveryRequiredBitrate": 8000000,
            "networkRecoveryHeadroomRatio": 0.0807945,
            "networkRecoveryReady": true,
            "projectedRecoveryEncodeMs": 3.707466666666666,
            "encoderRecoveryReady": true,
            "encoderTrial": null,
            "downscaleEffectiveness": {
              "status": "idle",
              "samplesObserved": 0,
              "samplesRequired": 3,
              "requiredDeliveryGain": 0.08,
              "requiredEncodeCostReductionRatio": 0.15
            },
            "averageEncodeTimeMs": 3.75,
            "fpsEma": 2.339147869080963,
            "encodeEma": 3.707466666666666,
            "effectiveWidth": 960,
            "effectiveHeight": 540,
            "temporalChanged": false,
            "softwareEncoder": false,
            "encoderImplementation": "MediaFoundationVideoEncodeAccelerator (NVIDIA H.264 Encoder MFT)",
            "trackId": "deb75fa8-9a36-47f6-9ddb-cfe7f0e96067"
          },
          "videoCodecPolicyKey": "hardware-or-unknown",
          "videoMutationCounts": {
            "total": 3,
            "structural": 2,
            "bitrate": 3,
            "active": 0,
            "track": 1
          },
          "lastVideoMutation": {
            "sequence": 3,
            "type": "adapt",
            "timestampMs": 1788008957370,
            "peerId": "ee1503a4",
            "structural": true,
            "bitrate": true,
            "active": false,
            "trackChanged": false,
            "before": {
              "trackId": "deb75fa8-9a36-47f6-9ddb-cfe7f0e96067",
              "degradationPreference": "maintain-resolution",
              "encodings": [
                {
                  "active": true,
                  "maxBitrate": 238029,
                  "maxFramerate": 60,
                  "scaleResolutionDownBy": 1,
                  "scalabilityMode": null
                }
              ]
            },
            "after": {
              "trackId": "deb75fa8-9a36-47f6-9ddb-cfe7f0e96067",
              "degradationPreference": "maintain-resolution",
              "encodings": [
                {
                  "active": true,
                  "maxBitrate": 333241,
                  "maxFramerate": 60,
                  "scaleResolutionDownBy": 1.3333333333333333,
                  "scalabilityMode": null
                }
              ]
            },
            "countersBeforeNextSample": {
              "keyFramesEncoded": 1,
              "hugeFramesSent": 14,
              "nackCount": 0,
              "pliCount": 0,
              "firCount": 0,
              "bytesSent": 135606
            },
            "profileId": "performance",
            "adaptationReason": "network-spatial-downshift",
            "adaptationLevel": 1,
            "temporalLevel": 0
          },
          "jitterBufferTarget": 140,
          "topology": {
            "sfuViewerCount": 0,
            "sfuConsumerCount": 0,
            "meshScreenSenders": 1,
            "meshActiveScreenSenders": 1,
            "meshViaSfuCount": 0,
            "meshBytesSentTotal": 153329,
            "publisherUploadBytes": 153329
          },
          "reports": {
            "source": {
              "id": "SV2",
              "timestamp": 1788008957607.556,
              "trackIdentifier": "deb75fa8-9a36-47f6-9ddb-cfe7f0e96067",
              "kind": "video",
              "width": 1280,
              "height": 720,
              "frames": 251,
              "framesPerSecond": 55
            },
            "outbound": {
              "id": "OT01V1223051103",
              "timestamp": 1788008957607.556,
              "ssrc": 1223051103,
              "kind": "video",
              "mid": "1",
              "active": true,
              "codecId": "COT01_103_level-asymmetry-allowed=1;packetization-mode=1;profile-level-id=42001f",
              "mediaSourceId": "SV2",
              "remoteId": "RIV1223051103",
              "transportId": "T01",
              "bytesSent": 153329,
              "headerBytesSent": 5878,
              "packetsSent": 163,
              "retransmittedBytesSent": 0,
              "retransmittedPacketsSent": 0,
              "framesEncoded": 18,
              "framesSent": 18,
              "hugeFramesSent": 18,
              "keyFramesEncoded": 2,
              "framesPerSecond": 6,
              "frameWidth": 960,
              "frameHeight": 540,
              "qpSum": 907,
              "totalEncodeTime": 0.068,
              "totalEncodedBytesTarget": 0,
              "totalPacketSendDelay": 20.084632,
              "targetBitrate": 277500,
              "qualityLimitationReason": "none",
              "qualityLimitationDurations": {
                "bandwidth": 0,
                "cpu": 0,
                "none": 4.746,
                "other": 0
              },
              "qualityLimitationResolutionChanges": 0,
              "nackCount": 0,
              "firCount": 0,
              "pliCount": 0,
              "encoderImplementation": "MediaFoundationVideoEncodeAccelerator (NVIDIA H.264 Encoder MFT)",
              "powerEfficientEncoder": true
            },
            "remoteInbound": {
              "id": "RIV1223051103",
              "timestamp": 1788008956952.884,
              "ssrc": 1223051103,
              "kind": "video",
              "codecId": "COT01_103_level-asymmetry-allowed=1;packetization-mode=1;profile-level-id=42001f",
              "localId": "OT01V1223051103",
              "transportId": "T01",
              "packetsLost": 0,
              "jitter": 0.068866,
              "roundTripTime": 0.001,
              "totalRoundTripTime": 0.004,
              "roundTripTimeMeasurements": 4,
              "fractionLost": 0
            },
            "inbound": {
              "id": "IT01V1017702280",
              "timestamp": 1788008957607.556,
              "ssrc": 1017702280,
              "kind": "video",
              "mid": "1",
              "transportId": "T01",
              "bytesReceived": 0,
              "headerBytesReceived": 849,
              "packetsReceived": 3,
              "packetsLost": 0,
              "jitter": 0,
              "framesReceived": 0,
              "framesDecoded": 0,
              "framesDropped": 0,
              "keyFramesDecoded": 0,
              "totalDecodeTime": 0,
              "totalProcessingDelay": 0,
              "totalInterFrameDelay": 0,
              "totalSquaredInterFrameDelay": 0,
              "freezeCount": 0,
              "totalFreezesDuration": 0,
              "pauseCount": 0,
              "totalPausesDuration": 0,
              "jitterBufferDelay": 0,
              "jitterBufferTargetDelay": 0,
              "jitterBufferMinimumDelay": 0,
              "jitterBufferEmittedCount": 0,
              "nackCount": 0,
              "firCount": 0,
              "pliCount": 0,
              "framesAssembledFromMultiplePackets": 0,
              "totalAssemblyTime": 0,
              "retransmittedBytesReceived": 0
            },
            "remoteOutbound": null,
            "codec": {
              "id": "COT01_103_level-asymmetry-allowed=1;packetization-mode=1;profile-level-id=42001f",
              "timestamp": 1788008957607.556,
              "payloadType": 103,
              "mimeType": "video/H264",
              "clockRate": 90000,
              "sdpFmtpLine": "level-asymmetry-allowed=1;packetization-mode=1;profile-level-id=42001f"
            },
            "transport": {
              "id": "T01",
              "timestamp": 1788008957607.556,
              "bytesSent": 193959,
              "bytesReceived": 32024,
              "packetsSent": 551,
              "packetsReceived": 392,
              "selectedCandidatePairId": "CP348oK6Hm_DQjSK4X2",
              "dtlsState": "connected",
              "iceRole": "controlled"
            },
            "candidatePair": {
              "id": "CP348oK6Hm_DQjSK4X2",
              "timestamp": 1788008957607.556,
              "state": "succeeded",
              "nominated": true,
              "writable": true,
              "bytesSent": 188891,
              "bytesReceived": 28281,
              "currentRoundTripTime": 0,
              "totalRoundTripTime": 0.002,
              "responsesReceived": 6,
              "availableOutgoingBitrate": 646356,
              "requestsReceived": 6,
              "requestsSent": 6,
              "localCandidateId": "I348oK6Hm",
              "remoteCandidateId": "IDQjSK4X2",
              "packetsDiscardedOnSend": 0,
              "bytesDiscardedOnSend": 0
            },
            "localCandidate": {
              "id": "I348oK6Hm",
              "timestamp": 1788008957607.556,
              "candidateType": "host",
              "protocol": "udp",
              "networkType": "ethernet",
              "address": "fdfd::1ab2:41f1",
              "port": 55251,
              "priority": 2122199807
            },
            "remoteCandidate": {
              "id": "IDQjSK4X2",
              "timestamp": 1788008957607.556,
              "candidateType": "host",
              "protocol": "udp",
              "address": "fdfd::1ab2:41f1",
              "port": 52144,
              "priority": 2122199807
            }
          }
        }
      ],
      "receiverSamples": [
        {
          "benchmarkElapsedMs": 0.0029999999997016857,
          "collectedAt": 1788008954608.6,
          "role": "receiver",
          "transportMode": "mesh",
          "peerId": "efb44eec",
          "connectionState": "connected",
          "iceConnectionState": "connected",
          "signalingState": "stable",
          "track": {
            "id": "32a1aff3-ecb3-470d-be0b-55246d8c68c9",
            "label": "remote video",
            "enabled": true,
            "muted": false,
            "readyState": "live",
            "settings": {
              "aspectRatio": 1.7777777777777777,
              "deviceId": "32a1aff3-ecb3-470d-be0b-55246d8c68c9",
              "frameRate": 30,
              "height": 720,
              "resizeMode": "none",
              "width": 1280
            },
            "constraints": {}
          },
          "senderParameters": null,
          "adaptation": null,
          "videoCodecPolicyKey": "hardware-or-unknown",
          "videoMutationCounts": null,
          "lastVideoMutation": null,
          "jitterBufferTarget": 332,
          "topology": {
            "sfuViewerCount": 0,
            "sfuConsumerCount": 0,
            "meshScreenSenders": 0,
            "meshActiveScreenSenders": 0,
            "meshViaSfuCount": 0,
            "meshBytesSentTotal": 0,
            "publisherUploadBytes": null
          },
          "reports": {
            "source": null,
            "outbound": {
              "id": "OT01V1017702280",
              "timestamp": 1788008954607.96,
              "ssrc": 1017702280,
              "kind": "video",
              "mid": "1",
              "active": true,
              "codecId": "COT01_103_level-asymmetry-allowed=1;packetization-mode=1;profile-level-id=42001f",
              "mediaSourceId": "SV0",
              "transportId": "T01",
              "bytesSent": 0,
              "headerBytesSent": 0,
              "packetsSent": 0,
              "retransmittedBytesSent": 0,
              "retransmittedPacketsSent": 0,
              "framesEncoded": 0,
              "framesSent": 0,
              "hugeFramesSent": 0,
              "keyFramesEncoded": 0,
              "totalEncodeTime": 0,
              "totalEncodedBytesTarget": 0,
              "totalPacketSendDelay": 0,
              "qualityLimitationReason": "none",
              "qualityLimitationDurations": {
                "bandwidth": 0,
                "cpu": 0,
                "none": 2.589,
                "other": 0
              },
              "qualityLimitationResolutionChanges": 0,
              "nackCount": 0,
              "firCount": 0,
              "pliCount": 0
            },
            "remoteInbound": null,
            "inbound": {
              "id": "IT01V1223051103",
              "timestamp": 1788008954607.96,
              "ssrc": 1223051103,
              "kind": "video",
              "mid": "1",
              "codecId": "CIT01_103_level-asymmetry-allowed=1;packetization-mode=1;profile-level-id=42001f",
              "remoteId": "ROV1223051103",
              "transportId": "T01",
              "bytesReceived": 68083,
              "headerBytesReceived": 3566,
              "packetsReceived": 74,
              "packetsLost": 0,
              "jitter": 0.059,
              "framesReceived": 6,
              "framesDecoded": 6,
              "framesDropped": 0,
              "keyFramesDecoded": 1,
              "framesPerSecond": 5,
              "frameWidth": 1280,
              "frameHeight": 720,
              "totalDecodeTime": 0.024687,
              "totalProcessingDelay": 1.649908,
              "totalInterFrameDelay": 0.824,
              "totalSquaredInterFrameDelay": 0.14345,
              "freezeCount": 0,
              "totalFreezesDuration": 0,
              "pauseCount": 0,
              "totalPausesDuration": 0,
              "jitterBufferDelay": 1.619846,
              "jitterBufferTargetDelay": 0.7799999999999999,
              "jitterBufferMinimumDelay": 0.27044999999999997,
              "jitterBufferEmittedCount": 6,
              "nackCount": 0,
              "firCount": 0,
              "pliCount": 0,
              "decoderImplementation": "ExternalDecoder (D3D11VideoDecoder)",
              "powerEfficientDecoder": true,
              "framesAssembledFromMultiplePackets": 6,
              "totalAssemblyTime": 0.944329,
              "retransmittedBytesReceived": 0
            },
            "remoteOutbound": {
              "id": "ROV1223051103",
              "timestamp": 1788008954311.864,
              "ssrc": 1223051103,
              "kind": "video",
              "codecId": "CIT01_103_level-asymmetry-allowed=1;packetization-mode=1;profile-level-id=42001f",
              "localId": "IT01V1223051103",
              "transportId": "T01",
              "bytesSent": 64703,
              "packetsSent": 70,
              "remoteTimestamp": 1788008954310.263,
              "reportsSent": 2,
              "totalRoundTripTime": 0
            },
            "codec": {
              "id": "CIT01_103_level-asymmetry-allowed=1;packetization-mode=1;profile-level-id=42001f",
              "timestamp": 1788008954607.96,
              "payloadType": 103,
              "mimeType": "video/H264",
              "clockRate": 90000,
              "sdpFmtpLine": "level-asymmetry-allowed=1;packetization-mode=1;profile-level-id=42001f"
            },
            "transport": {
              "id": "T01",
              "timestamp": 1788008954607.96,
              "bytesSent": 15812,
              "bytesReceived": 89471,
              "packetsSent": 188,
              "packetsReceived": 260,
              "selectedCandidatePairId": "CProcYmvPn_X+IJarRF",
              "dtlsState": "connected",
              "iceRole": "controlling"
            },
            "candidatePair": {
              "id": "CProcYmvPn_X+IJarRF",
              "timestamp": 1788008954607.96,
              "state": "succeeded",
              "nominated": true,
              "writable": true,
              "bytesSent": 12069,
              "bytesReceived": 84403,
              "currentRoundTripTime": 0,
              "totalRoundTripTime": 0.002,
              "responsesReceived": 5,
              "availableOutgoingBitrate": 302464,
              "requestsReceived": 5,
              "requestsSent": 5,
              "localCandidateId": "IrocYmvPn",
              "remoteCandidateId": "IX+IJarRF",
              "packetsDiscardedOnSend": 0,
              "bytesDiscardedOnSend": 0
            },
            "localCandidate": {
              "id": "IrocYmvPn",
              "timestamp": 1788008954607.96,
              "candidateType": "host",
              "protocol": "udp",
              "networkType": "ethernet",
              "address": "fdfd::1ab2:41f1",
              "port": 52144,
              "priority": 2122199807
            },
            "remoteCandidate": {
              "id": "IX+IJarRF",
              "timestamp": 1788008954607.96,
              "candidateType": "host",
              "protocol": "udp",
              "address": "fdfd::1ab2:41f1",
              "port": 55251,
              "priority": 2122199807
            }
          }
        },
        {
          "benchmarkElapsedMs": 249.54699999999957,
          "collectedAt": 1788008954858.8,
          "role": "receiver",
          "transportMode": "mesh",
          "peerId": "efb44eec",
          "connectionState": "connected",
          "iceConnectionState": "connected",
          "signalingState": "stable",
          "track": {
            "id": "32a1aff3-ecb3-470d-be0b-55246d8c68c9",
            "label": "remote video",
            "enabled": true,
            "muted": false,
            "readyState": "live",
            "settings": {
              "aspectRatio": 1.7777777777777777,
              "deviceId": "32a1aff3-ecb3-470d-be0b-55246d8c68c9",
              "frameRate": 30,
              "height": 720,
              "resizeMode": "none",
              "width": 1280
            },
            "constraints": {}
          },
          "senderParameters": null,
          "adaptation": null,
          "videoCodecPolicyKey": "hardware-or-unknown",
          "videoMutationCounts": null,
          "lastVideoMutation": null,
          "jitterBufferTarget": 332,
          "topology": {
            "sfuViewerCount": 0,
            "sfuConsumerCount": 0,
            "meshScreenSenders": 0,
            "meshActiveScreenSenders": 0,
            "meshViaSfuCount": 0,
            "meshBytesSentTotal": 0,
            "publisherUploadBytes": null
          },
          "reports": {
            "source": null,
            "outbound": {
              "id": "OT01V1017702280",
              "timestamp": 1788008954857.7,
              "ssrc": 1017702280,
              "kind": "video",
              "mid": "1",
              "active": true,
              "codecId": "COT01_103_level-asymmetry-allowed=1;packetization-mode=1;profile-level-id=42001f",
              "mediaSourceId": "SV0",
              "transportId": "T01",
              "bytesSent": 0,
              "headerBytesSent": 0,
              "packetsSent": 0,
              "retransmittedBytesSent": 0,
              "retransmittedPacketsSent": 0,
              "framesEncoded": 0,
              "framesSent": 0,
              "hugeFramesSent": 0,
              "keyFramesEncoded": 0,
              "totalEncodeTime": 0,
              "totalEncodedBytesTarget": 0,
              "totalPacketSendDelay": 0,
              "qualityLimitationReason": "none",
              "qualityLimitationDurations": {
                "bandwidth": 0,
                "cpu": 0,
                "none": 2.839,
                "other": 0
              },
              "qualityLimitationResolutionChanges": 0,
              "nackCount": 0,
              "firCount": 0,
              "pliCount": 0
            },
            "remoteInbound": null,
            "inbound": {
              "id": "IT01V1223051103",
              "timestamp": 1788008954857.7,
              "ssrc": 1223051103,
              "kind": "video",
              "mid": "1",
              "codecId": "CIT01_103_level-asymmetry-allowed=1;packetization-mode=1;profile-level-id=42001f",
              "remoteId": "ROV1223051103",
              "transportId": "T01",
              "bytesReceived": 73701,
              "headerBytesReceived": 3702,
              "packetsReceived": 79,
              "packetsLost": 0,
              "jitter": 0.059,
              "framesReceived": 7,
              "framesDecoded": 6,
              "framesDropped": 0,
              "keyFramesDecoded": 1,
              "framesPerSecond": 4,
              "frameWidth": 1280,
              "frameHeight": 720,
              "totalDecodeTime": 0.024687,
              "totalProcessingDelay": 1.649908,
              "totalInterFrameDelay": 0.824,
              "totalSquaredInterFrameDelay": 0.14345,
              "freezeCount": 0,
              "totalFreezesDuration": 0,
              "pauseCount": 0,
              "totalPausesDuration": 0,
              "jitterBufferDelay": 1.619846,
              "jitterBufferTargetDelay": 0.7799999999999999,
              "jitterBufferMinimumDelay": 0.27044999999999997,
              "jitterBufferEmittedCount": 6,
              "nackCount": 0,
              "firCount": 0,
              "pliCount": 0,
              "decoderImplementation": "ExternalDecoder (D3D11VideoDecoder)",
              "powerEfficientDecoder": true,
              "framesAssembledFromMultiplePackets": 6,
              "totalAssemblyTime": 0.944329,
              "retransmittedBytesReceived": 0
            },
            "remoteOutbound": {
              "id": "ROV1223051103",
              "timestamp": 1788008954749.582,
              "ssrc": 1223051103,
              "kind": "video",
              "codecId": "CIT01_103_level-asymmetry-allowed=1;packetization-mode=1;profile-level-id=42001f",
              "localId": "IT01V1223051103",
              "transportId": "T01",
              "bytesSent": 73701,
              "packetsSent": 79,
              "remoteTimestamp": 1788008954747.986,
              "reportsSent": 3,
              "totalRoundTripTime": 0
            },
            "codec": {
              "id": "CIT01_103_level-asymmetry-allowed=1;packetization-mode=1;profile-level-id=42001f",
              "timestamp": 1788008954857.7,
              "payloadType": 103,
              "mimeType": "video/H264",
              "clockRate": 90000,
              "sdpFmtpLine": "level-asymmetry-allowed=1;packetization-mode=1;profile-level-id=42001f"
            },
            "transport": {
              "id": "T01",
              "timestamp": 1788008954857.7,
              "bytesSent": 17026,
              "bytesReceived": 96438,
              "packetsSent": 205,
              "packetsReceived": 282,
              "selectedCandidatePairId": "CProcYmvPn_X+IJarRF",
              "dtlsState": "connected",
              "iceRole": "controlling"
            },
            "candidatePair": {
              "id": "CProcYmvPn_X+IJarRF",
              "timestamp": 1788008954857.7,
              "state": "succeeded",
              "nominated": true,
              "writable": true,
              "bytesSent": 13283,
              "bytesReceived": 91370,
              "currentRoundTripTime": 0,
              "totalRoundTripTime": 0.002,
              "responsesReceived": 5,
              "availableOutgoingBitrate": 302464,
              "requestsReceived": 5,
              "requestsSent": 5,
              "localCandidateId": "IrocYmvPn",
              "remoteCandidateId": "IX+IJarRF",
              "packetsDiscardedOnSend": 0,
              "bytesDiscardedOnSend": 0
            },
            "localCandidate": {
              "id": "IrocYmvPn",
              "timestamp": 1788008954857.7,
              "candidateType": "host",
              "protocol": "udp",
              "networkType": "ethernet",
              "address": "fdfd::1ab2:41f1",
              "port": 52144,
              "priority": 2122199807
            },
            "remoteCandidate": {
              "id": "IX+IJarRF",
              "timestamp": 1788008954857.7,
              "candidateType": "host",
              "protocol": "udp",
              "address": "fdfd::1ab2:41f1",
              "port": 55251,
              "priority": 2122199807
            }
          }
        },
        {
          "benchmarkElapsedMs": 500.0002999999997,
          "collectedAt": 1788008955109,
          "role": "receiver",
          "transportMode": "mesh",
          "peerId": "efb44eec",
          "connectionState": "connected",
          "iceConnectionState": "connected",
          "signalingState": "stable",
          "track": {
            "id": "32a1aff3-ecb3-470d-be0b-55246d8c68c9",
            "label": "remote video",
            "enabled": true,
            "muted": false,
            "readyState": "live",
            "settings": {
              "aspectRatio": 1.7777777777777777,
              "deviceId": "32a1aff3-ecb3-470d-be0b-55246d8c68c9",
              "frameRate": 11.942193649890505,
              "height": 720,
              "resizeMode": "none",
              "width": 1280
            },
            "constraints": {}
          },
          "senderParameters": null,
          "adaptation": null,
          "videoCodecPolicyKey": "hardware-or-unknown",
          "videoMutationCounts": null,
          "lastVideoMutation": null,
          "jitterBufferTarget": 332,
          "topology": {
            "sfuViewerCount": 0,
            "sfuConsumerCount": 0,
            "meshScreenSenders": 0,
            "meshActiveScreenSenders": 0,
            "meshViaSfuCount": 0,
            "meshBytesSentTotal": 0,
            "publisherUploadBytes": null
          },
          "reports": {
            "source": null,
            "outbound": {
              "id": "OT01V1017702280",
              "timestamp": 1788008955108.053,
              "ssrc": 1017702280,
              "kind": "video",
              "mid": "1",
              "active": true,
              "codecId": "COT01_103_level-asymmetry-allowed=1;packetization-mode=1;profile-level-id=42001f",
              "mediaSourceId": "SV0",
              "transportId": "T01",
              "bytesSent": 0,
              "headerBytesSent": 0,
              "packetsSent": 0,
              "retransmittedBytesSent": 0,
              "retransmittedPacketsSent": 0,
              "framesEncoded": 0,
              "framesSent": 0,
              "hugeFramesSent": 0,
              "keyFramesEncoded": 0,
              "totalEncodeTime": 0,
              "totalEncodedBytesTarget": 0,
              "totalPacketSendDelay": 0,
              "qualityLimitationReason": "none",
              "qualityLimitationDurations": {
                "bandwidth": 0,
                "cpu": 0,
                "none": 3.089,
                "other": 0
              },
              "qualityLimitationResolutionChanges": 0,
              "nackCount": 0,
              "firCount": 0,
              "pliCount": 0
            },
            "remoteInbound": null,
            "inbound": {
              "id": "IT01V1223051103",
              "timestamp": 1788008955108.053,
              "ssrc": 1223051103,
              "kind": "video",
              "mid": "1",
              "codecId": "CIT01_103_level-asymmetry-allowed=1;packetization-mode=1;profile-level-id=42001f",
              "remoteId": "ROV1223051103",
              "transportId": "T01",
              "bytesReceived": 82748,
              "headerBytesReceived": 3934,
              "packetsReceived": 88,
              "packetsLost": 0,
              "jitter": 0.062,
              "framesReceived": 8,
              "framesDecoded": 7,
              "framesDropped": 0,
              "keyFramesDecoded": 1,
              "framesPerSecond": 3,
              "frameWidth": 1280,
              "frameHeight": 720,
              "totalDecodeTime": 0.025398,
              "totalProcessingDelay": 1.988036,
              "totalInterFrameDelay": 1.339,
              "totalSquaredInterFrameDelay": 0.408675,
              "freezeCount": 0,
              "totalFreezesDuration": 0,
              "pauseCount": 0,
              "totalPausesDuration": 0,
              "jitterBufferDelay": 1.957241,
              "jitterBufferTargetDelay": 1.101,
              "jitterBufferMinimumDelay": 0.27044999999999997,
              "jitterBufferEmittedCount": 7,
              "nackCount": 0,
              "firCount": 0,
              "pliCount": 0,
              "decoderImplementation": "ExternalDecoder (D3D11VideoDecoder)",
              "powerEfficientDecoder": true,
              "framesAssembledFromMultiplePackets": 7,
              "totalAssemblyTime": 1.041922,
              "retransmittedBytesReceived": 0
            },
            "remoteOutbound": {
              "id": "ROV1223051103",
              "timestamp": 1788008954749.582,
              "ssrc": 1223051103,
              "kind": "video",
              "codecId": "CIT01_103_level-asymmetry-allowed=1;packetization-mode=1;profile-level-id=42001f",
              "localId": "IT01V1223051103",
              "transportId": "T01",
              "bytesSent": 73701,
              "packetsSent": 79,
              "remoteTimestamp": 1788008954747.986,
              "reportsSent": 3,
              "totalRoundTripTime": 0
            },
            "codec": {
              "id": "CIT01_103_level-asymmetry-allowed=1;packetization-mode=1;profile-level-id=42001f",
              "timestamp": 1788008955108.053,
              "payloadType": 103,
              "mimeType": "video/H264",
              "clockRate": 90000,
              "sdpFmtpLine": "level-asymmetry-allowed=1;packetization-mode=1;profile-level-id=42001f"
            },
            "transport": {
              "id": "T01",
              "timestamp": 1788008955108.053,
              "bytesSent": 18438,
              "bytesReceived": 107336,
              "packetsSent": 222,
              "packetsReceived": 308,
              "selectedCandidatePairId": "CProcYmvPn_X+IJarRF",
              "dtlsState": "connected",
              "iceRole": "controlling"
            },
            "candidatePair": {
              "id": "CProcYmvPn_X+IJarRF",
              "timestamp": 1788008955108.053,
              "state": "succeeded",
              "nominated": true,
              "writable": true,
              "bytesSent": 14695,
              "bytesReceived": 102268,
              "currentRoundTripTime": 0,
              "totalRoundTripTime": 0.002,
              "responsesReceived": 5,
              "availableOutgoingBitrate": 302464,
              "requestsReceived": 5,
              "requestsSent": 5,
              "localCandidateId": "IrocYmvPn",
              "remoteCandidateId": "IX+IJarRF",
              "packetsDiscardedOnSend": 0,
              "bytesDiscardedOnSend": 0
            },
            "localCandidate": {
              "id": "IrocYmvPn",
              "timestamp": 1788008955108.053,
              "candidateType": "host",
              "protocol": "udp",
              "networkType": "ethernet",
              "address": "fdfd::1ab2:41f1",
              "port": 52144,
              "priority": 2122199807
            },
            "remoteCandidate": {
              "id": "IX+IJarRF",
              "timestamp": 1788008955108.053,
              "candidateType": "host",
              "protocol": "udp",
              "address": "fdfd::1ab2:41f1",
              "port": 55251,
              "priority": 2122199807
            }
          }
        },
        {
          "benchmarkElapsedMs": 749.9785000000002,
          "collectedAt": 1788008955358.8,
          "role": "receiver",
          "transportMode": "mesh",
          "peerId": "efb44eec",
          "connectionState": "connected",
          "iceConnectionState": "connected",
          "signalingState": "stable",
          "track": {
            "id": "32a1aff3-ecb3-470d-be0b-55246d8c68c9",
            "label": "remote video",
            "enabled": true,
            "muted": false,
            "readyState": "live",
            "settings": {
              "aspectRatio": 1.7777777777777777,
              "deviceId": "32a1aff3-ecb3-470d-be0b-55246d8c68c9",
              "frameRate": 11.942193649890505,
              "height": 720,
              "resizeMode": "none",
              "width": 1280
            },
            "constraints": {}
          },
          "senderParameters": null,
          "adaptation": null,
          "videoCodecPolicyKey": "hardware-or-unknown",
          "videoMutationCounts": null,
          "lastVideoMutation": null,
          "jitterBufferTarget": 332,
          "topology": {
            "sfuViewerCount": 0,
            "sfuConsumerCount": 0,
            "meshScreenSenders": 0,
            "meshActiveScreenSenders": 0,
            "meshViaSfuCount": 0,
            "meshBytesSentTotal": 0,
            "publisherUploadBytes": null
          },
          "reports": {
            "source": null,
            "outbound": {
              "id": "OT01V1017702280",
              "timestamp": 1788008955358.044,
              "ssrc": 1017702280,
              "kind": "video",
              "mid": "1",
              "active": true,
              "codecId": "COT01_103_level-asymmetry-allowed=1;packetization-mode=1;profile-level-id=42001f",
              "mediaSourceId": "SV0",
              "transportId": "T01",
              "bytesSent": 0,
              "headerBytesSent": 0,
              "packetsSent": 0,
              "retransmittedBytesSent": 0,
              "retransmittedPacketsSent": 0,
              "framesEncoded": 0,
              "framesSent": 0,
              "hugeFramesSent": 0,
              "keyFramesEncoded": 0,
              "totalEncodeTime": 0,
              "totalEncodedBytesTarget": 0,
              "totalPacketSendDelay": 0,
              "qualityLimitationReason": "none",
              "qualityLimitationDurations": {
                "bandwidth": 0,
                "cpu": 0,
                "none": 3.339,
                "other": 0
              },
              "qualityLimitationResolutionChanges": 0,
              "nackCount": 0,
              "firCount": 0,
              "pliCount": 0
            },
            "remoteInbound": null,
            "inbound": {
              "id": "IT01V1223051103",
              "timestamp": 1788008955358.044,
              "ssrc": 1223051103,
              "kind": "video",
              "mid": "1",
              "codecId": "CIT01_103_level-asymmetry-allowed=1;packetization-mode=1;profile-level-id=42001f",
              "remoteId": "ROV1223051103",
              "transportId": "T01",
              "bytesReceived": 87130,
              "headerBytesReceived": 4054,
              "packetsReceived": 93,
              "packetsLost": 0,
              "jitter": 0.064,
              "framesReceived": 8,
              "framesDecoded": 8,
              "framesDropped": 0,
              "keyFramesDecoded": 1,
              "framesPerSecond": 3,
              "frameWidth": 1280,
              "frameHeight": 720,
              "totalDecodeTime": 0.025793,
              "totalProcessingDelay": 2.2903279999999997,
              "totalInterFrameDelay": 1.668,
              "totalSquaredInterFrameDelay": 0.516916,
              "freezeCount": 0,
              "totalFreezesDuration": 0,
              "pauseCount": 0,
              "totalPausesDuration": 0,
              "jitterBufferDelay": 2.2591099999999997,
              "jitterBufferTargetDelay": 1.422,
              "jitterBufferMinimumDelay": 0.27044999999999997,
              "jitterBufferEmittedCount": 8,
              "nackCount": 0,
              "firCount": 0,
              "pliCount": 0,
              "decoderImplementation": "ExternalDecoder (D3D11VideoDecoder)",
              "powerEfficientDecoder": true,
              "framesAssembledFromMultiplePackets": 8,
              "totalAssemblyTime": 1.1342379999999999,
              "retransmittedBytesReceived": 0
            },
            "remoteOutbound": {
              "id": "ROV1223051103",
              "timestamp": 1788008954749.582,
              "ssrc": 1223051103,
              "kind": "video",
              "codecId": "CIT01_103_level-asymmetry-allowed=1;packetization-mode=1;profile-level-id=42001f",
              "localId": "IT01V1223051103",
              "transportId": "T01",
              "bytesSent": 73701,
              "packetsSent": 79,
              "remoteTimestamp": 1788008954747.986,
              "reportsSent": 3,
              "totalRoundTripTime": 0
            },
            "codec": {
              "id": "CIT01_103_level-asymmetry-allowed=1;packetization-mode=1;profile-level-id=42001f",
              "timestamp": 1788008955358.044,
              "payloadType": 103,
              "mimeType": "video/H264",
              "clockRate": 90000,
              "sdpFmtpLine": "level-asymmetry-allowed=1;packetization-mode=1;profile-level-id=42001f"
            },
            "transport": {
              "id": "T01",
              "timestamp": 1788008955358.044,
              "bytesSent": 19633,
              "bytesReceived": 113307,
              "packetsSent": 238,
              "packetsReceived": 329,
              "selectedCandidatePairId": "CProcYmvPn_X+IJarRF",
              "dtlsState": "connected",
              "iceRole": "controlling"
            },
            "candidatePair": {
              "id": "CProcYmvPn_X+IJarRF",
              "timestamp": 1788008955358.044,
              "state": "succeeded",
              "nominated": true,
              "writable": true,
              "bytesSent": 15890,
              "bytesReceived": 108239,
              "currentRoundTripTime": 0,
              "totalRoundTripTime": 0.002,
              "responsesReceived": 5,
              "availableOutgoingBitrate": 302464,
              "requestsReceived": 5,
              "requestsSent": 5,
              "localCandidateId": "IrocYmvPn",
              "remoteCandidateId": "IX+IJarRF",
              "packetsDiscardedOnSend": 0,
              "bytesDiscardedOnSend": 0
            },
            "localCandidate": {
              "id": "IrocYmvPn",
              "timestamp": 1788008955358.044,
              "candidateType": "host",
              "protocol": "udp",
              "networkType": "ethernet",
              "address": "fdfd::1ab2:41f1",
              "port": 52144,
              "priority": 2122199807
            },
            "remoteCandidate": {
              "id": "IX+IJarRF",
              "timestamp": 1788008955358.044,
              "candidateType": "host",
              "protocol": "udp",
              "address": "fdfd::1ab2:41f1",
              "port": 55251,
              "priority": 2122199807
            }
          }
        },
        {
          "benchmarkElapsedMs": 999.9502000000002,
          "collectedAt": 1788008955608.9,
          "role": "receiver",
          "transportMode": "mesh",
          "peerId": "efb44eec",
          "connectionState": "connected",
          "iceConnectionState": "connected",
          "signalingState": "stable",
          "track": {
            "id": "32a1aff3-ecb3-470d-be0b-55246d8c68c9",
            "label": "remote video",
            "enabled": true,
            "muted": false,
            "readyState": "live",
            "settings": {
              "aspectRatio": 1.7777777777777777,
              "deviceId": "32a1aff3-ecb3-470d-be0b-55246d8c68c9",
              "frameRate": 11.942193649890505,
              "height": 720,
              "resizeMode": "none",
              "width": 1280
            },
            "constraints": {}
          },
          "senderParameters": null,
          "adaptation": null,
          "videoCodecPolicyKey": "hardware-or-unknown",
          "videoMutationCounts": null,
          "lastVideoMutation": null,
          "jitterBufferTarget": 332,
          "topology": {
            "sfuViewerCount": 0,
            "sfuConsumerCount": 0,
            "meshScreenSenders": 0,
            "meshActiveScreenSenders": 0,
            "meshViaSfuCount": 0,
            "meshBytesSentTotal": 0,
            "publisherUploadBytes": null
          },
          "reports": {
            "source": null,
            "outbound": {
              "id": "OT01V1017702280",
              "timestamp": 1788008955608.02,
              "ssrc": 1017702280,
              "kind": "video",
              "mid": "1",
              "active": true,
              "codecId": "COT01_103_level-asymmetry-allowed=1;packetization-mode=1;profile-level-id=42001f",
              "mediaSourceId": "SV0",
              "transportId": "T01",
              "bytesSent": 0,
              "headerBytesSent": 0,
              "packetsSent": 0,
              "retransmittedBytesSent": 0,
              "retransmittedPacketsSent": 0,
              "framesEncoded": 0,
              "framesSent": 0,
              "hugeFramesSent": 0,
              "keyFramesEncoded": 0,
              "totalEncodeTime": 0,
              "totalEncodedBytesTarget": 0,
              "totalPacketSendDelay": 0,
              "qualityLimitationReason": "none",
              "qualityLimitationDurations": {
                "bandwidth": 0,
                "cpu": 0,
                "none": 3.589,
                "other": 0
              },
              "qualityLimitationResolutionChanges": 0,
              "nackCount": 0,
              "firCount": 0,
              "pliCount": 0
            },
            "remoteInbound": null,
            "inbound": {
              "id": "IT01V1223051103",
              "timestamp": 1788008955608.02,
              "ssrc": 1223051103,
              "kind": "video",
              "mid": "1",
              "codecId": "CIT01_103_level-asymmetry-allowed=1;packetization-mode=1;profile-level-id=42001f",
              "remoteId": "ROV1223051103",
              "transportId": "T01",
              "bytesReceived": 91494,
              "headerBytesReceived": 4166,
              "packetsReceived": 97,
              "packetsLost": 0,
              "jitter": 0.064,
              "framesReceived": 9,
              "framesDecoded": 8,
              "framesDropped": 0,
              "keyFramesDecoded": 1,
              "framesPerSecond": 2,
              "frameWidth": 1280,
              "frameHeight": 720,
              "totalDecodeTime": 0.025793,
              "totalProcessingDelay": 2.2903279999999997,
              "totalInterFrameDelay": 1.668,
              "totalSquaredInterFrameDelay": 0.516916,
              "freezeCount": 0,
              "totalFreezesDuration": 0,
              "pauseCount": 0,
              "totalPausesDuration": 0,
              "jitterBufferDelay": 2.2591099999999997,
              "jitterBufferTargetDelay": 1.422,
              "jitterBufferMinimumDelay": 0.27044999999999997,
              "jitterBufferEmittedCount": 8,
              "nackCount": 0,
              "firCount": 0,
              "pliCount": 0,
              "decoderImplementation": "ExternalDecoder (D3D11VideoDecoder)",
              "powerEfficientDecoder": true,
              "framesAssembledFromMultiplePackets": 8,
              "totalAssemblyTime": 1.1342379999999999,
              "retransmittedBytesReceived": 0
            },
            "remoteOutbound": {
              "id": "ROV1223051103",
              "timestamp": 1788008954749.582,
              "ssrc": 1223051103,
              "kind": "video",
              "codecId": "CIT01_103_level-asymmetry-allowed=1;packetization-mode=1;profile-level-id=42001f",
              "localId": "IT01V1223051103",
              "transportId": "T01",
              "bytesSent": 73701,
              "packetsSent": 79,
              "remoteTimestamp": 1788008954747.986,
              "reportsSent": 3,
              "totalRoundTripTime": 0
            },
            "codec": {
              "id": "CIT01_103_level-asymmetry-allowed=1;packetization-mode=1;profile-level-id=42001f",
              "timestamp": 1788008955608.02,
              "payloadType": 103,
              "mimeType": "video/H264",
              "clockRate": 90000,
              "sdpFmtpLine": "level-asymmetry-allowed=1;packetization-mode=1;profile-level-id=42001f"
            },
            "transport": {
              "id": "T01",
              "timestamp": 1788008955608.02,
              "bytesSent": 21108,
              "bytesReceived": 119230,
              "packetsSent": 256,
              "packetsReceived": 350,
              "selectedCandidatePairId": "CProcYmvPn_X+IJarRF",
              "dtlsState": "connected",
              "iceRole": "controlling"
            },
            "candidatePair": {
              "id": "CProcYmvPn_X+IJarRF",
              "timestamp": 1788008955608.02,
              "state": "succeeded",
              "nominated": true,
              "writable": true,
              "bytesSent": 17365,
              "bytesReceived": 114162,
              "currentRoundTripTime": 0,
              "totalRoundTripTime": 0.002,
              "responsesReceived": 5,
              "availableOutgoingBitrate": 302464,
              "requestsReceived": 5,
              "requestsSent": 5,
              "localCandidateId": "IrocYmvPn",
              "remoteCandidateId": "IX+IJarRF",
              "packetsDiscardedOnSend": 0,
              "bytesDiscardedOnSend": 0
            },
            "localCandidate": {
              "id": "IrocYmvPn",
              "timestamp": 1788008955608.02,
              "candidateType": "host",
              "protocol": "udp",
              "networkType": "ethernet",
              "address": "fdfd::1ab2:41f1",
              "port": 52144,
              "priority": 2122199807
            },
            "remoteCandidate": {
              "id": "IX+IJarRF",
              "timestamp": 1788008955608.02,
              "candidateType": "host",
              "protocol": "udp",
              "address": "fdfd::1ab2:41f1",
              "port": 55251,
              "priority": 2122199807
            }
          }
        },
        {
          "benchmarkElapsedMs": 1249.8711999999996,
          "collectedAt": 1788008955859.4,
          "role": "receiver",
          "transportMode": "mesh",
          "peerId": "efb44eec",
          "connectionState": "connected",
          "iceConnectionState": "connected",
          "signalingState": "stable",
          "track": {
            "id": "32a1aff3-ecb3-470d-be0b-55246d8c68c9",
            "label": "remote video",
            "enabled": true,
            "muted": false,
            "readyState": "live",
            "settings": {
              "aspectRatio": 1.7777777777777777,
              "deviceId": "32a1aff3-ecb3-470d-be0b-55246d8c68c9",
              "frameRate": 11.942193649890505,
              "height": 720,
              "resizeMode": "none",
              "width": 1280
            },
            "constraints": {}
          },
          "senderParameters": null,
          "adaptation": null,
          "videoCodecPolicyKey": "hardware-or-unknown",
          "videoMutationCounts": null,
          "lastVideoMutation": null,
          "jitterBufferTarget": 332,
          "topology": {
            "sfuViewerCount": 0,
            "sfuConsumerCount": 0,
            "meshScreenSenders": 0,
            "meshActiveScreenSenders": 0,
            "meshViaSfuCount": 0,
            "meshBytesSentTotal": 0,
            "publisherUploadBytes": null
          },
          "reports": {
            "source": null,
            "outbound": {
              "id": "OT01V1017702280",
              "timestamp": 1788008955858.539,
              "ssrc": 1017702280,
              "kind": "video",
              "mid": "1",
              "active": true,
              "codecId": "COT01_103_level-asymmetry-allowed=1;packetization-mode=1;profile-level-id=42001f",
              "mediaSourceId": "SV0",
              "transportId": "T01",
              "bytesSent": 0,
              "headerBytesSent": 0,
              "packetsSent": 0,
              "retransmittedBytesSent": 0,
              "retransmittedPacketsSent": 0,
              "framesEncoded": 0,
              "framesSent": 0,
              "hugeFramesSent": 0,
              "keyFramesEncoded": 0,
              "totalEncodeTime": 0,
              "totalEncodedBytesTarget": 0,
              "totalPacketSendDelay": 0,
              "qualityLimitationReason": "none",
              "qualityLimitationDurations": {
                "bandwidth": 0,
                "cpu": 0,
                "none": 3.84,
                "other": 0
              },
              "qualityLimitationResolutionChanges": 0,
              "nackCount": 0,
              "firCount": 0,
              "pliCount": 0
            },
            "remoteInbound": null,
            "inbound": {
              "id": "IT01V1223051103",
              "timestamp": 1788008955858.539,
              "ssrc": 1223051103,
              "kind": "video",
              "mid": "1",
              "codecId": "CIT01_103_level-asymmetry-allowed=1;packetization-mode=1;profile-level-id=42001f",
              "remoteId": "ROV1223051103",
              "transportId": "T01",
              "bytesReceived": 100295,
              "headerBytesReceived": 4398,
              "packetsReceived": 106,
              "packetsLost": 0,
              "jitter": 0.065,
              "framesReceived": 10,
              "framesDecoded": 9,
              "framesDropped": 0,
              "keyFramesDecoded": 1,
              "framesPerSecond": 3,
              "frameWidth": 1280,
              "frameHeight": 720,
              "totalDecodeTime": 0.026275,
              "totalProcessingDelay": 2.5836449999999997,
              "totalInterFrameDelay": 2.027,
              "totalSquaredInterFrameDelay": 0.6457970000000001,
              "freezeCount": 0,
              "totalFreezesDuration": 0,
              "pauseCount": 0,
              "totalPausesDuration": 0,
              "jitterBufferDelay": 2.5519179999999997,
              "jitterBufferTargetDelay": 1.7429999999999999,
              "jitterBufferMinimumDelay": 0.27044999999999997,
              "jitterBufferEmittedCount": 9,
              "nackCount": 0,
              "firCount": 0,
              "pliCount": 0,
              "decoderImplementation": "ExternalDecoder (D3D11VideoDecoder)",
              "powerEfficientDecoder": true,
              "framesAssembledFromMultiplePackets": 9,
              "totalAssemblyTime": 1.2192049999999999,
              "retransmittedBytesReceived": 0
            },
            "remoteOutbound": {
              "id": "ROV1223051103",
              "timestamp": 1788008954749.582,
              "ssrc": 1223051103,
              "kind": "video",
              "codecId": "CIT01_103_level-asymmetry-allowed=1;packetization-mode=1;profile-level-id=42001f",
              "localId": "IT01V1223051103",
              "transportId": "T01",
              "bytesSent": 73701,
              "packetsSent": 79,
              "remoteTimestamp": 1788008954747.986,
              "reportsSent": 3,
              "totalRoundTripTime": 0
            },
            "codec": {
              "id": "CIT01_103_level-asymmetry-allowed=1;packetization-mode=1;profile-level-id=42001f",
              "timestamp": 1788008955858.539,
              "payloadType": 103,
              "mimeType": "video/H264",
              "clockRate": 90000,
              "sdpFmtpLine": "level-asymmetry-allowed=1;packetization-mode=1;profile-level-id=42001f"
            },
            "transport": {
              "id": "T01",
              "timestamp": 1788008955858.539,
              "bytesSent": 22308,
              "bytesReceived": 129711,
              "packetsSent": 272,
              "packetsReceived": 375,
              "selectedCandidatePairId": "CProcYmvPn_X+IJarRF",
              "dtlsState": "connected",
              "iceRole": "controlling"
            },
            "candidatePair": {
              "id": "CProcYmvPn_X+IJarRF",
              "timestamp": 1788008955858.539,
              "state": "succeeded",
              "nominated": true,
              "writable": true,
              "bytesSent": 18565,
              "bytesReceived": 124643,
              "currentRoundTripTime": 0,
              "totalRoundTripTime": 0.002,
              "responsesReceived": 5,
              "availableOutgoingBitrate": 302464,
              "requestsReceived": 5,
              "requestsSent": 5,
              "localCandidateId": "IrocYmvPn",
              "remoteCandidateId": "IX+IJarRF",
              "packetsDiscardedOnSend": 0,
              "bytesDiscardedOnSend": 0
            },
            "localCandidate": {
              "id": "IrocYmvPn",
              "timestamp": 1788008955858.539,
              "candidateType": "host",
              "protocol": "udp",
              "networkType": "ethernet",
              "address": "fdfd::1ab2:41f1",
              "port": 52144,
              "priority": 2122199807
            },
            "remoteCandidate": {
              "id": "IX+IJarRF",
              "timestamp": 1788008955858.539,
              "candidateType": "host",
              "protocol": "udp",
              "address": "fdfd::1ab2:41f1",
              "port": 55251,
              "priority": 2122199807
            }
          }
        },
        {
          "benchmarkElapsedMs": 1499.8872999999994,
          "collectedAt": 1788008956109.2,
          "role": "receiver",
          "transportMode": "mesh",
          "peerId": "efb44eec",
          "connectionState": "connected",
          "iceConnectionState": "connected",
          "signalingState": "stable",
          "track": {
            "id": "32a1aff3-ecb3-470d-be0b-55246d8c68c9",
            "label": "remote video",
            "enabled": true,
            "muted": false,
            "readyState": "live",
            "settings": {
              "aspectRatio": 1.7777777777777777,
              "deviceId": "32a1aff3-ecb3-470d-be0b-55246d8c68c9",
              "frameRate": 7.50879947321483,
              "height": 720,
              "resizeMode": "none",
              "width": 1280
            },
            "constraints": {}
          },
          "senderParameters": null,
          "adaptation": null,
          "videoCodecPolicyKey": "hardware-or-unknown",
          "videoMutationCounts": null,
          "lastVideoMutation": null,
          "jitterBufferTarget": 360,
          "topology": {
            "sfuViewerCount": 0,
            "sfuConsumerCount": 0,
            "meshScreenSenders": 0,
            "meshActiveScreenSenders": 0,
            "meshViaSfuCount": 0,
            "meshBytesSentTotal": 0,
            "publisherUploadBytes": null
          },
          "reports": {
            "source": null,
            "outbound": {
              "id": "OT01V1017702280",
              "timestamp": 1788008956108.039,
              "ssrc": 1017702280,
              "kind": "video",
              "mid": "1",
              "active": true,
              "codecId": "COT01_103_level-asymmetry-allowed=1;packetization-mode=1;profile-level-id=42001f",
              "mediaSourceId": "SV0",
              "transportId": "T01",
              "bytesSent": 0,
              "headerBytesSent": 0,
              "packetsSent": 0,
              "retransmittedBytesSent": 0,
              "retransmittedPacketsSent": 0,
              "framesEncoded": 0,
              "framesSent": 0,
              "hugeFramesSent": 0,
              "keyFramesEncoded": 0,
              "totalEncodeTime": 0,
              "totalEncodedBytesTarget": 0,
              "totalPacketSendDelay": 0,
              "qualityLimitationReason": "none",
              "qualityLimitationDurations": {
                "bandwidth": 0,
                "cpu": 0,
                "none": 4.089,
                "other": 0
              },
              "qualityLimitationResolutionChanges": 0,
              "nackCount": 0,
              "firCount": 0,
              "pliCount": 0
            },
            "remoteInbound": null,
            "inbound": {
              "id": "IT01V1223051103",
              "timestamp": 1788008956108.039,
              "ssrc": 1223051103,
              "kind": "video",
              "mid": "1",
              "codecId": "CIT01_103_level-asymmetry-allowed=1;packetization-mode=1;profile-level-id=42001f",
              "remoteId": "ROV1223051103",
              "transportId": "T01",
              "bytesReceived": 107969,
              "headerBytesReceived": 4590,
              "packetsReceived": 114,
              "packetsLost": 0,
              "jitter": 0.066,
              "framesReceived": 10,
              "framesDecoded": 10,
              "framesDropped": 0,
              "keyFramesDecoded": 1,
              "framesPerSecond": 3,
              "frameWidth": 1280,
              "frameHeight": 720,
              "totalDecodeTime": 0.026823,
              "totalProcessingDelay": 2.8726149999999997,
              "totalInterFrameDelay": 2.387,
              "totalSquaredInterFrameDelay": 0.7753970000000001,
              "freezeCount": 0,
              "totalFreezesDuration": 0,
              "pauseCount": 0,
              "totalPausesDuration": 0,
              "jitterBufferDelay": 2.8403,
              "jitterBufferTargetDelay": 2.064,
              "jitterBufferMinimumDelay": 0.27044999999999997,
              "jitterBufferEmittedCount": 10,
              "nackCount": 0,
              "firCount": 0,
              "pliCount": 0,
              "decoderImplementation": "ExternalDecoder (D3D11VideoDecoder)",
              "powerEfficientDecoder": true,
              "framesAssembledFromMultiplePackets": 10,
              "totalAssemblyTime": 1.299291,
              "retransmittedBytesReceived": 0
            },
            "remoteOutbound": {
              "id": "ROV1223051103",
              "timestamp": 1788008954749.582,
              "ssrc": 1223051103,
              "kind": "video",
              "codecId": "CIT01_103_level-asymmetry-allowed=1;packetization-mode=1;profile-level-id=42001f",
              "localId": "IT01V1223051103",
              "transportId": "T01",
              "bytesSent": 73701,
              "packetsSent": 79,
              "remoteTimestamp": 1788008954747.986,
              "reportsSent": 3,
              "totalRoundTripTime": 0
            },
            "codec": {
              "id": "CIT01_103_level-asymmetry-allowed=1;packetization-mode=1;profile-level-id=42001f",
              "timestamp": 1788008956108.039,
              "payloadType": 103,
              "mimeType": "video/H264",
              "clockRate": 90000,
              "sdpFmtpLine": "level-asymmetry-allowed=1;packetization-mode=1;profile-level-id=42001f"
            },
            "transport": {
              "id": "T01",
              "timestamp": 1788008956108.039,
              "bytesSent": 23572,
              "bytesReceived": 139060,
              "packetsSent": 289,
              "packetsReceived": 400,
              "selectedCandidatePairId": "CProcYmvPn_X+IJarRF",
              "dtlsState": "connected",
              "iceRole": "controlling"
            },
            "candidatePair": {
              "id": "CProcYmvPn_X+IJarRF",
              "timestamp": 1788008956108.039,
              "state": "succeeded",
              "nominated": true,
              "writable": true,
              "bytesSent": 19829,
              "bytesReceived": 133992,
              "currentRoundTripTime": 0,
              "totalRoundTripTime": 0.002,
              "responsesReceived": 5,
              "availableOutgoingBitrate": 302464,
              "requestsReceived": 5,
              "requestsSent": 5,
              "localCandidateId": "IrocYmvPn",
              "remoteCandidateId": "IX+IJarRF",
              "packetsDiscardedOnSend": 0,
              "bytesDiscardedOnSend": 0
            },
            "localCandidate": {
              "id": "IrocYmvPn",
              "timestamp": 1788008956108.039,
              "candidateType": "host",
              "protocol": "udp",
              "networkType": "ethernet",
              "address": "fdfd::1ab2:41f1",
              "port": 52144,
              "priority": 2122199807
            },
            "remoteCandidate": {
              "id": "IX+IJarRF",
              "timestamp": 1788008956108.039,
              "candidateType": "host",
              "protocol": "udp",
              "address": "fdfd::1ab2:41f1",
              "port": 55251,
              "priority": 2122199807
            }
          }
        },
        {
          "benchmarkElapsedMs": 1749.6072999999997,
          "collectedAt": 1788008956358.6,
          "role": "receiver",
          "transportMode": "mesh",
          "peerId": "efb44eec",
          "connectionState": "connected",
          "iceConnectionState": "connected",
          "signalingState": "stable",
          "track": {
            "id": "32a1aff3-ecb3-470d-be0b-55246d8c68c9",
            "label": "remote video",
            "enabled": true,
            "muted": false,
            "readyState": "live",
            "settings": {
              "aspectRatio": 1.7777777777777777,
              "deviceId": "32a1aff3-ecb3-470d-be0b-55246d8c68c9",
              "frameRate": 7.50879947321483,
              "height": 720,
              "resizeMode": "none",
              "width": 1280
            },
            "constraints": {}
          },
          "senderParameters": null,
          "adaptation": null,
          "videoCodecPolicyKey": "hardware-or-unknown",
          "videoMutationCounts": null,
          "lastVideoMutation": null,
          "jitterBufferTarget": 360,
          "topology": {
            "sfuViewerCount": 0,
            "sfuConsumerCount": 0,
            "meshScreenSenders": 0,
            "meshActiveScreenSenders": 0,
            "meshViaSfuCount": 0,
            "meshBytesSentTotal": 0,
            "publisherUploadBytes": null
          },
          "reports": {
            "source": null,
            "outbound": {
              "id": "OT01V1017702280",
              "timestamp": 1788008956357.677,
              "ssrc": 1017702280,
              "kind": "video",
              "mid": "1",
              "active": true,
              "codecId": "COT01_103_level-asymmetry-allowed=1;packetization-mode=1;profile-level-id=42001f",
              "mediaSourceId": "SV0",
              "transportId": "T01",
              "bytesSent": 0,
              "headerBytesSent": 0,
              "packetsSent": 0,
              "retransmittedBytesSent": 0,
              "retransmittedPacketsSent": 0,
              "framesEncoded": 0,
              "framesSent": 0,
              "hugeFramesSent": 0,
              "keyFramesEncoded": 0,
              "totalEncodeTime": 0,
              "totalEncodedBytesTarget": 0,
              "totalPacketSendDelay": 0,
              "qualityLimitationReason": "none",
              "qualityLimitationDurations": {
                "bandwidth": 0,
                "cpu": 0,
                "none": 4.339,
                "other": 0
              },
              "qualityLimitationResolutionChanges": 0,
              "nackCount": 0,
              "firCount": 0,
              "pliCount": 0
            },
            "remoteInbound": null,
            "inbound": {
              "id": "IT01V1223051103",
              "timestamp": 1788008956357.677,
              "ssrc": 1223051103,
              "kind": "video",
              "mid": "1",
              "codecId": "CIT01_103_level-asymmetry-allowed=1;packetization-mode=1;profile-level-id=42001f",
              "remoteId": "ROV1223051103",
              "transportId": "T01",
              "bytesReceived": 109050,
              "headerBytesReceived": 4630,
              "packetsReceived": 115,
              "packetsLost": 0,
              "jitter": 0.066,
              "framesReceived": 11,
              "framesDecoded": 11,
              "framesDropped": 0,
              "keyFramesDecoded": 1,
              "framesPerSecond": 3,
              "frameWidth": 1280,
              "frameHeight": 720,
              "totalDecodeTime": 0.027406,
              "totalProcessingDelay": 3.188567,
              "totalInterFrameDelay": 2.761,
              "totalSquaredInterFrameDelay": 0.9152730000000001,
              "freezeCount": 0,
              "totalFreezesDuration": 0,
              "pauseCount": 0,
              "totalPausesDuration": 0,
              "jitterBufferDelay": 3.155649,
              "jitterBufferTargetDelay": 2.413,
              "jitterBufferMinimumDelay": 0.27044999999999997,
              "jitterBufferEmittedCount": 11,
              "nackCount": 0,
              "firCount": 0,
              "pliCount": 0,
              "decoderImplementation": "ExternalDecoder (D3D11VideoDecoder)",
              "powerEfficientDecoder": true,
              "framesAssembledFromMultiplePackets": 11,
              "totalAssemblyTime": 1.391881,
              "retransmittedBytesReceived": 0
            },
            "remoteOutbound": {
              "id": "ROV1223051103",
              "timestamp": 1788008956108.689,
              "ssrc": 1223051103,
              "kind": "video",
              "codecId": "CIT01_103_level-asymmetry-allowed=1;packetization-mode=1;profile-level-id=42001f",
              "localId": "IT01V1223051103",
              "transportId": "T01",
              "bytesSent": 107969,
              "packetsSent": 114,
              "remoteTimestamp": 1788008956107.016,
              "reportsSent": 4,
              "totalRoundTripTime": 0
            },
            "codec": {
              "id": "CIT01_103_level-asymmetry-allowed=1;packetization-mode=1;profile-level-id=42001f",
              "timestamp": 1788008956357.677,
              "payloadType": 103,
              "mimeType": "video/H264",
              "clockRate": 90000,
              "sdpFmtpLine": "level-asymmetry-allowed=1;packetization-mode=1;profile-level-id=42001f"
            },
            "transport": {
              "id": "T01",
              "timestamp": 1788008956357.677,
              "bytesSent": 24812,
              "bytesReceived": 141672,
              "packetsSent": 306,
              "packetsReceived": 418,
              "selectedCandidatePairId": "CProcYmvPn_X+IJarRF",
              "dtlsState": "connected",
              "iceRole": "controlling"
            },
            "candidatePair": {
              "id": "CProcYmvPn_X+IJarRF",
              "timestamp": 1788008956357.677,
              "state": "succeeded",
              "nominated": true,
              "writable": true,
              "bytesSent": 21069,
              "bytesReceived": 136604,
              "currentRoundTripTime": 0,
              "totalRoundTripTime": 0.002,
              "responsesReceived": 5,
              "availableOutgoingBitrate": 302464,
              "requestsReceived": 5,
              "requestsSent": 5,
              "localCandidateId": "IrocYmvPn",
              "remoteCandidateId": "IX+IJarRF",
              "packetsDiscardedOnSend": 0,
              "bytesDiscardedOnSend": 0
            },
            "localCandidate": {
              "id": "IrocYmvPn",
              "timestamp": 1788008956357.677,
              "candidateType": "host",
              "protocol": "udp",
              "networkType": "ethernet",
              "address": "fdfd::1ab2:41f1",
              "port": 52144,
              "priority": 2122199807
            },
            "remoteCandidate": {
              "id": "IX+IJarRF",
              "timestamp": 1788008956357.677,
              "candidateType": "host",
              "protocol": "udp",
              "address": "fdfd::1ab2:41f1",
              "port": 55251,
              "priority": 2122199807
            }
          }
        },
        {
          "benchmarkElapsedMs": 2000.04,
          "collectedAt": 1788008956609.1,
          "role": "receiver",
          "transportMode": "mesh",
          "peerId": "efb44eec",
          "connectionState": "connected",
          "iceConnectionState": "connected",
          "signalingState": "stable",
          "track": {
            "id": "32a1aff3-ecb3-470d-be0b-55246d8c68c9",
            "label": "remote video",
            "enabled": true,
            "muted": false,
            "readyState": "live",
            "settings": {
              "aspectRatio": 1.7777777777777777,
              "deviceId": "32a1aff3-ecb3-470d-be0b-55246d8c68c9",
              "frameRate": 7.50879947321483,
              "height": 720,
              "resizeMode": "none",
              "width": 1280
            },
            "constraints": {}
          },
          "senderParameters": null,
          "adaptation": null,
          "videoCodecPolicyKey": "hardware-or-unknown",
          "videoMutationCounts": null,
          "lastVideoMutation": null,
          "jitterBufferTarget": 360,
          "topology": {
            "sfuViewerCount": 0,
            "sfuConsumerCount": 0,
            "meshScreenSenders": 0,
            "meshActiveScreenSenders": 0,
            "meshViaSfuCount": 0,
            "meshBytesSentTotal": 0,
            "publisherUploadBytes": null
          },
          "reports": {
            "source": null,
            "outbound": {
              "id": "OT01V1017702280",
              "timestamp": 1788008956608.382,
              "ssrc": 1017702280,
              "kind": "video",
              "mid": "1",
              "active": true,
              "codecId": "COT01_103_level-asymmetry-allowed=1;packetization-mode=1;profile-level-id=42001f",
              "mediaSourceId": "SV0",
              "transportId": "T01",
              "bytesSent": 0,
              "headerBytesSent": 0,
              "packetsSent": 0,
              "retransmittedBytesSent": 0,
              "retransmittedPacketsSent": 0,
              "framesEncoded": 0,
              "framesSent": 0,
              "hugeFramesSent": 0,
              "keyFramesEncoded": 0,
              "totalEncodeTime": 0,
              "totalEncodedBytesTarget": 0,
              "totalPacketSendDelay": 0,
              "qualityLimitationReason": "none",
              "qualityLimitationDurations": {
                "bandwidth": 0,
                "cpu": 0,
                "none": 4.59,
                "other": 0
              },
              "qualityLimitationResolutionChanges": 0,
              "nackCount": 0,
              "firCount": 0,
              "pliCount": 0
            },
            "remoteInbound": null,
            "inbound": {
              "id": "IT01V1223051103",
              "timestamp": 1788008956608.382,
              "ssrc": 1223051103,
              "kind": "video",
              "mid": "1",
              "codecId": "CIT01_103_level-asymmetry-allowed=1;packetization-mode=1;profile-level-id=42001f",
              "remoteId": "ROV1223051103",
              "transportId": "T01",
              "bytesReceived": 117781,
              "headerBytesReceived": 4862,
              "packetsReceived": 124,
              "packetsLost": 0,
              "jitter": 0.068,
              "framesReceived": 12,
              "framesDecoded": 11,
              "framesDropped": 0,
              "keyFramesDecoded": 1,
              "framesPerSecond": 2,
              "frameWidth": 1280,
              "frameHeight": 720,
              "totalDecodeTime": 0.027406,
              "totalProcessingDelay": 3.188567,
              "totalInterFrameDelay": 2.761,
              "totalSquaredInterFrameDelay": 0.9152730000000001,
              "freezeCount": 0,
              "totalFreezesDuration": 0,
              "pauseCount": 0,
              "totalPausesDuration": 0,
              "jitterBufferDelay": 3.155649,
              "jitterBufferTargetDelay": 2.413,
              "jitterBufferMinimumDelay": 0.27044999999999997,
              "jitterBufferEmittedCount": 11,
              "nackCount": 0,
              "firCount": 0,
              "pliCount": 0,
              "decoderImplementation": "ExternalDecoder (D3D11VideoDecoder)",
              "powerEfficientDecoder": true,
              "framesAssembledFromMultiplePackets": 11,
              "totalAssemblyTime": 1.391881,
              "retransmittedBytesReceived": 0
            },
            "remoteOutbound": {
              "id": "ROV1223051103",
              "timestamp": 1788008956108.689,
              "ssrc": 1223051103,
              "kind": "video",
              "codecId": "CIT01_103_level-asymmetry-allowed=1;packetization-mode=1;profile-level-id=42001f",
              "localId": "IT01V1223051103",
              "transportId": "T01",
              "bytesSent": 107969,
              "packetsSent": 114,
              "remoteTimestamp": 1788008956107.016,
              "reportsSent": 4,
              "totalRoundTripTime": 0
            },
            "codec": {
              "id": "CIT01_103_level-asymmetry-allowed=1;packetization-mode=1;profile-level-id=42001f",
              "timestamp": 1788008956608.382,
              "payloadType": 103,
              "mimeType": "video/H264",
              "clockRate": 90000,
              "sdpFmtpLine": "level-asymmetry-allowed=1;packetization-mode=1;profile-level-id=42001f"
            },
            "transport": {
              "id": "T01",
              "timestamp": 1788008956608.382,
              "bytesSent": 26038,
              "bytesReceived": 151971,
              "packetsSent": 322,
              "packetsReceived": 444,
              "selectedCandidatePairId": "CProcYmvPn_X+IJarRF",
              "dtlsState": "connected",
              "iceRole": "controlling"
            },
            "candidatePair": {
              "id": "CProcYmvPn_X+IJarRF",
              "timestamp": 1788008956608.382,
              "state": "succeeded",
              "nominated": true,
              "writable": true,
              "bytesSent": 22295,
              "bytesReceived": 146903,
              "currentRoundTripTime": 0,
              "totalRoundTripTime": 0.002,
              "responsesReceived": 5,
              "availableOutgoingBitrate": 302464,
              "requestsReceived": 5,
              "requestsSent": 5,
              "localCandidateId": "IrocYmvPn",
              "remoteCandidateId": "IX+IJarRF",
              "packetsDiscardedOnSend": 0,
              "bytesDiscardedOnSend": 0
            },
            "localCandidate": {
              "id": "IrocYmvPn",
              "timestamp": 1788008956608.382,
              "candidateType": "host",
              "protocol": "udp",
              "networkType": "ethernet",
              "address": "fdfd::1ab2:41f1",
              "port": 52144,
              "priority": 2122199807
            },
            "remoteCandidate": {
              "id": "IX+IJarRF",
              "timestamp": 1788008956608.382,
              "candidateType": "host",
              "protocol": "udp",
              "address": "fdfd::1ab2:41f1",
              "port": 55251,
              "priority": 2122199807
            }
          }
        },
        {
          "benchmarkElapsedMs": 2249.4030999999995,
          "collectedAt": 1788008956858.4,
          "role": "receiver",
          "transportMode": "mesh",
          "peerId": "efb44eec",
          "connectionState": "connected",
          "iceConnectionState": "connected",
          "signalingState": "stable",
          "track": {
            "id": "32a1aff3-ecb3-470d-be0b-55246d8c68c9",
            "label": "remote video",
            "enabled": true,
            "muted": false,
            "readyState": "live",
            "settings": {
              "aspectRatio": 1.7777777777777777,
              "deviceId": "32a1aff3-ecb3-470d-be0b-55246d8c68c9",
              "frameRate": 7.50879947321483,
              "height": 720,
              "resizeMode": "none",
              "width": 1280
            },
            "constraints": {}
          },
          "senderParameters": null,
          "adaptation": null,
          "videoCodecPolicyKey": "hardware-or-unknown",
          "videoMutationCounts": null,
          "lastVideoMutation": null,
          "jitterBufferTarget": 360,
          "topology": {
            "sfuViewerCount": 0,
            "sfuConsumerCount": 0,
            "meshScreenSenders": 0,
            "meshActiveScreenSenders": 0,
            "meshViaSfuCount": 0,
            "meshBytesSentTotal": 0,
            "publisherUploadBytes": null
          },
          "reports": {
            "source": null,
            "outbound": {
              "id": "OT01V1017702280",
              "timestamp": 1788008956857.47,
              "ssrc": 1017702280,
              "kind": "video",
              "mid": "1",
              "active": true,
              "codecId": "COT01_103_level-asymmetry-allowed=1;packetization-mode=1;profile-level-id=42001f",
              "mediaSourceId": "SV0",
              "transportId": "T01",
              "bytesSent": 0,
              "headerBytesSent": 0,
              "packetsSent": 0,
              "retransmittedBytesSent": 0,
              "retransmittedPacketsSent": 0,
              "framesEncoded": 0,
              "framesSent": 0,
              "hugeFramesSent": 0,
              "keyFramesEncoded": 0,
              "totalEncodeTime": 0,
              "totalEncodedBytesTarget": 0,
              "totalPacketSendDelay": 0,
              "qualityLimitationReason": "none",
              "qualityLimitationDurations": {
                "bandwidth": 0,
                "cpu": 0,
                "none": 4.839,
                "other": 0
              },
              "qualityLimitationResolutionChanges": 0,
              "nackCount": 0,
              "firCount": 0,
              "pliCount": 0
            },
            "remoteInbound": null,
            "inbound": {
              "id": "IT01V1223051103",
              "timestamp": 1788008956857.47,
              "ssrc": 1223051103,
              "kind": "video",
              "mid": "1",
              "codecId": "CIT01_103_level-asymmetry-allowed=1;packetization-mode=1;profile-level-id=42001f",
              "remoteId": "ROV1223051103",
              "transportId": "T01",
              "bytesReceived": 126719,
              "headerBytesReceived": 5094,
              "packetsReceived": 133,
              "packetsLost": 0,
              "jitter": 0.068,
              "framesReceived": 13,
              "framesDecoded": 12,
              "framesDropped": 0,
              "keyFramesDecoded": 1,
              "framesPerSecond": 3,
              "frameWidth": 1280,
              "frameHeight": 720,
              "totalDecodeTime": 0.027979,
              "totalProcessingDelay": 3.498256,
              "totalInterFrameDelay": 3.106,
              "totalSquaredInterFrameDelay": 1.0342980000000002,
              "freezeCount": 0,
              "totalFreezesDuration": 0,
              "pauseCount": 0,
              "totalPausesDuration": 0,
              "jitterBufferDelay": 3.464734,
              "jitterBufferTargetDelay": 2.762,
              "jitterBufferMinimumDelay": 0.27044999999999997,
              "jitterBufferEmittedCount": 12,
              "nackCount": 0,
              "firCount": 0,
              "pliCount": 0,
              "decoderImplementation": "ExternalDecoder (D3D11VideoDecoder)",
              "powerEfficientDecoder": true,
              "framesAssembledFromMultiplePackets": 12,
              "totalAssemblyTime": 1.4741199999999999,
              "retransmittedBytesReceived": 0
            },
            "remoteOutbound": {
              "id": "ROV1223051103",
              "timestamp": 1788008956108.689,
              "ssrc": 1223051103,
              "kind": "video",
              "codecId": "CIT01_103_level-asymmetry-allowed=1;packetization-mode=1;profile-level-id=42001f",
              "localId": "IT01V1223051103",
              "transportId": "T01",
              "bytesSent": 107969,
              "packetsSent": 114,
              "remoteTimestamp": 1788008956107.016,
              "reportsSent": 4,
              "totalRoundTripTime": 0
            },
            "codec": {
              "id": "CIT01_103_level-asymmetry-allowed=1;packetization-mode=1;profile-level-id=42001f",
              "timestamp": 1788008956857.47,
              "payloadType": 103,
              "mimeType": "video/H264",
              "clockRate": 90000,
              "sdpFmtpLine": "level-asymmetry-allowed=1;packetization-mode=1;profile-level-id=42001f"
            },
            "transport": {
              "id": "T01",
              "timestamp": 1788008956857.47,
              "bytesSent": 27252,
              "bytesReceived": 162385,
              "packetsSent": 338,
              "packetsReceived": 469,
              "selectedCandidatePairId": "CProcYmvPn_X+IJarRF",
              "dtlsState": "connected",
              "iceRole": "controlling"
            },
            "candidatePair": {
              "id": "CProcYmvPn_X+IJarRF",
              "timestamp": 1788008956857.47,
              "state": "succeeded",
              "nominated": true,
              "writable": true,
              "bytesSent": 23509,
              "bytesReceived": 157317,
              "currentRoundTripTime": 0,
              "totalRoundTripTime": 0.002,
              "responsesReceived": 5,
              "availableOutgoingBitrate": 302464,
              "requestsReceived": 5,
              "requestsSent": 5,
              "localCandidateId": "IrocYmvPn",
              "remoteCandidateId": "IX+IJarRF",
              "packetsDiscardedOnSend": 0,
              "bytesDiscardedOnSend": 0
            },
            "localCandidate": {
              "id": "IrocYmvPn",
              "timestamp": 1788008956857.47,
              "candidateType": "host",
              "protocol": "udp",
              "networkType": "ethernet",
              "address": "fdfd::1ab2:41f1",
              "port": 52144,
              "priority": 2122199807
            },
            "remoteCandidate": {
              "id": "IX+IJarRF",
              "timestamp": 1788008956857.47,
              "candidateType": "host",
              "protocol": "udp",
              "address": "fdfd::1ab2:41f1",
              "port": 55251,
              "priority": 2122199807
            }
          }
        },
        {
          "benchmarkElapsedMs": 2499.4491,
          "collectedAt": 1788008957108.2,
          "role": "receiver",
          "transportMode": "mesh",
          "peerId": "efb44eec",
          "connectionState": "connected",
          "iceConnectionState": "connected",
          "signalingState": "stable",
          "track": {
            "id": "32a1aff3-ecb3-470d-be0b-55246d8c68c9",
            "label": "remote video",
            "enabled": true,
            "muted": false,
            "readyState": "live",
            "settings": {
              "aspectRatio": 1.7777777777777777,
              "deviceId": "32a1aff3-ecb3-470d-be0b-55246d8c68c9",
              "frameRate": 5.2131841540644945,
              "height": 720,
              "resizeMode": "none",
              "width": 1280
            },
            "constraints": {}
          },
          "senderParameters": null,
          "adaptation": null,
          "videoCodecPolicyKey": "hardware-or-unknown",
          "videoMutationCounts": null,
          "lastVideoMutation": null,
          "jitterBufferTarget": 360,
          "topology": {
            "sfuViewerCount": 0,
            "sfuConsumerCount": 0,
            "meshScreenSenders": 0,
            "meshActiveScreenSenders": 0,
            "meshViaSfuCount": 0,
            "meshBytesSentTotal": 0,
            "publisherUploadBytes": null
          },
          "reports": {
            "source": null,
            "outbound": {
              "id": "OT01V1017702280",
              "timestamp": 1788008957107.497,
              "ssrc": 1017702280,
              "kind": "video",
              "mid": "1",
              "active": true,
              "codecId": "COT01_103_level-asymmetry-allowed=1;packetization-mode=1;profile-level-id=42001f",
              "mediaSourceId": "SV0",
              "transportId": "T01",
              "bytesSent": 0,
              "headerBytesSent": 0,
              "packetsSent": 0,
              "retransmittedBytesSent": 0,
              "retransmittedPacketsSent": 0,
              "framesEncoded": 0,
              "framesSent": 0,
              "hugeFramesSent": 0,
              "keyFramesEncoded": 0,
              "totalEncodeTime": 0,
              "totalEncodedBytesTarget": 0,
              "totalPacketSendDelay": 0,
              "qualityLimitationReason": "none",
              "qualityLimitationDurations": {
                "bandwidth": 0,
                "cpu": 0,
                "none": 5.089,
                "other": 0
              },
              "qualityLimitationResolutionChanges": 0,
              "nackCount": 0,
              "firCount": 0,
              "pliCount": 0
            },
            "remoteInbound": null,
            "inbound": {
              "id": "IT01V1223051103",
              "timestamp": 1788008957107.497,
              "ssrc": 1223051103,
              "kind": "video",
              "mid": "1",
              "codecId": "CIT01_103_level-asymmetry-allowed=1;packetization-mode=1;profile-level-id=42001f",
              "remoteId": "ROV1223051103",
              "transportId": "T01",
              "bytesReceived": 130057,
              "headerBytesReceived": 5190,
              "packetsReceived": 137,
              "packetsLost": 0,
              "jitter": 0.07,
              "framesReceived": 13,
              "framesDecoded": 13,
              "framesDropped": 0,
              "keyFramesDecoded": 1,
              "framesPerSecond": 3,
              "frameWidth": 1280,
              "frameHeight": 720,
              "totalDecodeTime": 0.028485,
              "totalProcessingDelay": 3.817567,
              "totalInterFrameDelay": 3.465,
              "totalSquaredInterFrameDelay": 1.1631790000000002,
              "freezeCount": 0,
              "totalFreezesDuration": 0,
              "pauseCount": 0,
              "totalPausesDuration": 0,
              "jitterBufferDelay": 3.783511,
              "jitterBufferTargetDelay": 3.1109999999999998,
              "jitterBufferMinimumDelay": 0.27044999999999997,
              "jitterBufferEmittedCount": 13,
              "nackCount": 0,
              "firCount": 0,
              "pliCount": 0,
              "decoderImplementation": "ExternalDecoder (D3D11VideoDecoder)",
              "powerEfficientDecoder": true,
              "framesAssembledFromMultiplePackets": 13,
              "totalAssemblyTime": 1.566646,
              "retransmittedBytesReceived": 0
            },
            "remoteOutbound": {
              "id": "ROV1223051103",
              "timestamp": 1788008956108.689,
              "ssrc": 1223051103,
              "kind": "video",
              "codecId": "CIT01_103_level-asymmetry-allowed=1;packetization-mode=1;profile-level-id=42001f",
              "localId": "IT01V1223051103",
              "transportId": "T01",
              "bytesSent": 107969,
              "packetsSent": 114,
              "remoteTimestamp": 1788008956107.016,
              "reportsSent": 4,
              "totalRoundTripTime": 0
            },
            "codec": {
              "id": "CIT01_103_level-asymmetry-allowed=1;packetization-mode=1;profile-level-id=42001f",
              "timestamp": 1788008957107.497,
              "payloadType": 103,
              "mimeType": "video/H264",
              "clockRate": 90000,
              "sdpFmtpLine": "level-asymmetry-allowed=1;packetization-mode=1;profile-level-id=42001f"
            },
            "transport": {
              "id": "T01",
              "timestamp": 1788008957107.497,
              "bytesSent": 28727,
              "bytesReceived": 167251,
              "packetsSent": 356,
              "packetsReceived": 490,
              "selectedCandidatePairId": "CProcYmvPn_X+IJarRF",
              "dtlsState": "connected",
              "iceRole": "controlling"
            },
            "candidatePair": {
              "id": "CProcYmvPn_X+IJarRF",
              "timestamp": 1788008957107.497,
              "state": "succeeded",
              "nominated": true,
              "writable": true,
              "bytesSent": 24984,
              "bytesReceived": 162183,
              "currentRoundTripTime": 0,
              "totalRoundTripTime": 0.002,
              "responsesReceived": 6,
              "availableOutgoingBitrate": 302464,
              "requestsReceived": 5,
              "requestsSent": 6,
              "localCandidateId": "IrocYmvPn",
              "remoteCandidateId": "IX+IJarRF",
              "packetsDiscardedOnSend": 0,
              "bytesDiscardedOnSend": 0
            },
            "localCandidate": {
              "id": "IrocYmvPn",
              "timestamp": 1788008957107.497,
              "candidateType": "host",
              "protocol": "udp",
              "networkType": "ethernet",
              "address": "fdfd::1ab2:41f1",
              "port": 52144,
              "priority": 2122199807
            },
            "remoteCandidate": {
              "id": "IX+IJarRF",
              "timestamp": 1788008957107.497,
              "candidateType": "host",
              "protocol": "udp",
              "address": "fdfd::1ab2:41f1",
              "port": 55251,
              "priority": 2122199807
            }
          }
        },
        {
          "benchmarkElapsedMs": 2749.9978,
          "collectedAt": 1788008957358.8,
          "role": "receiver",
          "transportMode": "mesh",
          "peerId": "efb44eec",
          "connectionState": "connected",
          "iceConnectionState": "connected",
          "signalingState": "stable",
          "track": {
            "id": "32a1aff3-ecb3-470d-be0b-55246d8c68c9",
            "label": "remote video",
            "enabled": true,
            "muted": false,
            "readyState": "live",
            "settings": {
              "aspectRatio": 1.7777777777777777,
              "deviceId": "32a1aff3-ecb3-470d-be0b-55246d8c68c9",
              "frameRate": 5.2131841540644945,
              "height": 720,
              "resizeMode": "none",
              "width": 1280
            },
            "constraints": {}
          },
          "senderParameters": null,
          "adaptation": null,
          "videoCodecPolicyKey": "hardware-or-unknown",
          "videoMutationCounts": null,
          "lastVideoMutation": null,
          "jitterBufferTarget": 360,
          "topology": {
            "sfuViewerCount": 0,
            "sfuConsumerCount": 0,
            "meshScreenSenders": 0,
            "meshActiveScreenSenders": 0,
            "meshViaSfuCount": 0,
            "meshBytesSentTotal": 0,
            "publisherUploadBytes": null
          },
          "reports": {
            "source": null,
            "outbound": {
              "id": "OT01V1017702280",
              "timestamp": 1788008957358.037,
              "ssrc": 1017702280,
              "kind": "video",
              "mid": "1",
              "active": true,
              "codecId": "COT01_103_level-asymmetry-allowed=1;packetization-mode=1;profile-level-id=42001f",
              "mediaSourceId": "SV0",
              "transportId": "T01",
              "bytesSent": 0,
              "headerBytesSent": 849,
              "packetsSent": 3,
              "retransmittedBytesSent": 0,
              "retransmittedPacketsSent": 0,
              "framesEncoded": 0,
              "framesSent": 0,
              "hugeFramesSent": 0,
              "keyFramesEncoded": 0,
              "totalEncodeTime": 0,
              "totalEncodedBytesTarget": 0,
              "totalPacketSendDelay": 0,
              "qualityLimitationReason": "none",
              "qualityLimitationDurations": {
                "bandwidth": 0,
                "cpu": 0,
                "none": 5.339,
                "other": 0
              },
              "qualityLimitationResolutionChanges": 0,
              "nackCount": 0,
              "firCount": 0,
              "pliCount": 0
            },
            "remoteInbound": null,
            "inbound": {
              "id": "IT01V1223051103",
              "timestamp": 1788008957358.037,
              "ssrc": 1223051103,
              "kind": "video",
              "mid": "1",
              "codecId": "CIT01_103_level-asymmetry-allowed=1;packetization-mode=1;profile-level-id=42001f",
              "remoteId": "ROV1223051103",
              "transportId": "T01",
              "bytesReceived": 135606,
              "headerBytesReceived": 5326,
              "packetsReceived": 142,
              "packetsLost": 0,
              "jitter": 0.07,
              "framesReceived": 14,
              "framesDecoded": 13,
              "framesDropped": 0,
              "keyFramesDecoded": 1,
              "framesPerSecond": 2,
              "frameWidth": 1280,
              "frameHeight": 720,
              "totalDecodeTime": 0.028485,
              "totalProcessingDelay": 3.817567,
              "totalInterFrameDelay": 3.465,
              "totalSquaredInterFrameDelay": 1.1631790000000002,
              "freezeCount": 0,
              "totalFreezesDuration": 0,
              "pauseCount": 0,
              "totalPausesDuration": 0,
              "jitterBufferDelay": 3.783511,
              "jitterBufferTargetDelay": 3.1109999999999998,
              "jitterBufferMinimumDelay": 0.27044999999999997,
              "jitterBufferEmittedCount": 13,
              "nackCount": 0,
              "firCount": 0,
              "pliCount": 0,
              "decoderImplementation": "ExternalDecoder (D3D11VideoDecoder)",
              "powerEfficientDecoder": true,
              "framesAssembledFromMultiplePackets": 13,
              "totalAssemblyTime": 1.566646,
              "retransmittedBytesReceived": 0
            },
            "remoteOutbound": {
              "id": "ROV1223051103",
              "timestamp": 1788008956108.689,
              "ssrc": 1223051103,
              "kind": "video",
              "codecId": "CIT01_103_level-asymmetry-allowed=1;packetization-mode=1;profile-level-id=42001f",
              "localId": "IT01V1223051103",
              "transportId": "T01",
              "bytesSent": 107969,
              "packetsSent": 114,
              "remoteTimestamp": 1788008956107.016,
              "reportsSent": 4,
              "totalRoundTripTime": 0
            },
            "codec": {
              "id": "CIT01_103_level-asymmetry-allowed=1;packetization-mode=1;profile-level-id=42001f",
              "timestamp": 1788008957358.037,
              "payloadType": 103,
              "mimeType": "video/H264",
              "clockRate": 90000,
              "sdpFmtpLine": "level-asymmetry-allowed=1;packetization-mode=1;profile-level-id=42001f"
            },
            "transport": {
              "id": "T01",
              "timestamp": 1788008957358.037,
              "bytesSent": 30793,
              "bytesReceived": 174148,
              "packetsSent": 375,
              "packetsReceived": 511,
              "selectedCandidatePairId": "CProcYmvPn_X+IJarRF",
              "dtlsState": "connected",
              "iceRole": "controlling"
            },
            "candidatePair": {
              "id": "CProcYmvPn_X+IJarRF",
              "timestamp": 1788008957358.037,
              "state": "succeeded",
              "nominated": true,
              "writable": true,
              "bytesSent": 27050,
              "bytesReceived": 169080,
              "currentRoundTripTime": 0,
              "totalRoundTripTime": 0.002,
              "responsesReceived": 6,
              "availableOutgoingBitrate": 302464,
              "requestsReceived": 6,
              "requestsSent": 6,
              "localCandidateId": "IrocYmvPn",
              "remoteCandidateId": "IX+IJarRF",
              "packetsDiscardedOnSend": 0,
              "bytesDiscardedOnSend": 0
            },
            "localCandidate": {
              "id": "IrocYmvPn",
              "timestamp": 1788008957358.037,
              "candidateType": "host",
              "protocol": "udp",
              "networkType": "ethernet",
              "address": "fdfd::1ab2:41f1",
              "port": 52144,
              "priority": 2122199807
            },
            "remoteCandidate": {
              "id": "IX+IJarRF",
              "timestamp": 1788008957358.037,
              "candidateType": "host",
              "protocol": "udp",
              "address": "fdfd::1ab2:41f1",
              "port": 55251,
              "priority": 2122199807
            }
          }
        },
        {
          "benchmarkElapsedMs": 2999.5074999999997,
          "collectedAt": 1788008957608.4,
          "role": "receiver",
          "transportMode": "mesh",
          "peerId": "efb44eec",
          "connectionState": "connected",
          "iceConnectionState": "connected",
          "signalingState": "stable",
          "track": {
            "id": "32a1aff3-ecb3-470d-be0b-55246d8c68c9",
            "label": "remote video",
            "enabled": true,
            "muted": false,
            "readyState": "live",
            "settings": {
              "aspectRatio": 1.7777777777777777,
              "deviceId": "32a1aff3-ecb3-470d-be0b-55246d8c68c9",
              "frameRate": 5.2131841540644945,
              "height": 720,
              "resizeMode": "none",
              "width": 1280
            },
            "constraints": {}
          },
          "senderParameters": null,
          "adaptation": null,
          "videoCodecPolicyKey": "hardware-or-unknown",
          "videoMutationCounts": null,
          "lastVideoMutation": null,
          "jitterBufferTarget": 360,
          "topology": {
            "sfuViewerCount": 0,
            "sfuConsumerCount": 0,
            "meshScreenSenders": 0,
            "meshActiveScreenSenders": 0,
            "meshViaSfuCount": 0,
            "meshBytesSentTotal": 0,
            "publisherUploadBytes": null
          },
          "reports": {
            "source": null,
            "outbound": {
              "id": "OT01V1017702280",
              "timestamp": 1788008957607.578,
              "ssrc": 1017702280,
              "kind": "video",
              "mid": "1",
              "active": true,
              "codecId": "COT01_103_level-asymmetry-allowed=1;packetization-mode=1;profile-level-id=42001f",
              "mediaSourceId": "SV0",
              "transportId": "T01",
              "bytesSent": 0,
              "headerBytesSent": 849,
              "packetsSent": 3,
              "retransmittedBytesSent": 0,
              "retransmittedPacketsSent": 0,
              "framesEncoded": 0,
              "framesSent": 0,
              "hugeFramesSent": 0,
              "keyFramesEncoded": 0,
              "totalEncodeTime": 0,
              "totalEncodedBytesTarget": 0,
              "totalPacketSendDelay": 0,
              "qualityLimitationReason": "none",
              "qualityLimitationDurations": {
                "bandwidth": 0,
                "cpu": 0,
                "none": 5.589,
                "other": 0
              },
              "qualityLimitationResolutionChanges": 0,
              "nackCount": 0,
              "firCount": 0,
              "pliCount": 0
            },
            "remoteInbound": null,
            "inbound": {
              "id": "IT01V1223051103",
              "timestamp": 1788008957607.578,
              "ssrc": 1223051103,
              "kind": "video",
              "mid": "1",
              "codecId": "CIT01_103_level-asymmetry-allowed=1;packetization-mode=1;profile-level-id=42001f",
              "remoteId": "ROV1223051103",
              "transportId": "T01",
              "bytesReceived": 153329,
              "headerBytesReceived": 5878,
              "packetsReceived": 163,
              "packetsLost": 0,
              "jitter": 0.066,
              "framesReceived": 17,
              "framesDecoded": 14,
              "framesDropped": 0,
              "keyFramesDecoded": 2,
              "framesPerSecond": 3,
              "frameWidth": 1280,
              "frameHeight": 720,
              "totalDecodeTime": 0.028939999999999997,
              "totalProcessingDelay": 4.128565,
              "totalInterFrameDelay": 3.824,
              "totalSquaredInterFrameDelay": 1.2920600000000002,
              "freezeCount": 0,
              "totalFreezesDuration": 0,
              "pauseCount": 0,
              "totalPausesDuration": 0,
              "jitterBufferDelay": 4.094023,
              "jitterBufferTargetDelay": 3.46,
              "jitterBufferMinimumDelay": 0.27044999999999997,
              "jitterBufferEmittedCount": 14,
              "nackCount": 0,
              "firCount": 0,
              "pliCount": 0,
              "decoderImplementation": "ExternalDecoder (D3D11VideoDecoder)",
              "powerEfficientDecoder": true,
              "framesAssembledFromMultiplePackets": 14,
              "totalAssemblyTime": 1.651443,
              "retransmittedBytesReceived": 0
            },
            "remoteOutbound": {
              "id": "ROV1223051103",
              "timestamp": 1788008957358.468,
              "ssrc": 1223051103,
              "kind": "video",
              "codecId": "CIT01_103_level-asymmetry-allowed=1;packetization-mode=1;profile-level-id=42001f",
              "localId": "IT01V1223051103",
              "transportId": "T01",
              "bytesSent": 135606,
              "packetsSent": 142,
              "remoteTimestamp": 1788008957356.94,
              "reportsSent": 5,
              "totalRoundTripTime": 0
            },
            "codec": {
              "id": "CIT01_103_level-asymmetry-allowed=1;packetization-mode=1;profile-level-id=42001f",
              "timestamp": 1788008957607.578,
              "payloadType": 103,
              "mimeType": "video/H264",
              "clockRate": 90000,
              "sdpFmtpLine": "level-asymmetry-allowed=1;packetization-mode=1;profile-level-id=42001f"
            },
            "transport": {
              "id": "T01",
              "timestamp": 1788008957607.578,
              "bytesSent": 32024,
              "bytesReceived": 193959,
              "packetsSent": 392,
              "packetsReceived": 551,
              "selectedCandidatePairId": "CProcYmvPn_X+IJarRF",
              "dtlsState": "connected",
              "iceRole": "controlling"
            },
            "candidatePair": {
              "id": "CProcYmvPn_X+IJarRF",
              "timestamp": 1788008957607.578,
              "state": "succeeded",
              "nominated": true,
              "writable": true,
              "bytesSent": 28281,
              "bytesReceived": 188891,
              "currentRoundTripTime": 0,
              "totalRoundTripTime": 0.002,
              "responsesReceived": 6,
              "availableOutgoingBitrate": 267714,
              "requestsReceived": 6,
              "requestsSent": 6,
              "localCandidateId": "IrocYmvPn",
              "remoteCandidateId": "IX+IJarRF",
              "packetsDiscardedOnSend": 0,
              "bytesDiscardedOnSend": 0
            },
            "localCandidate": {
              "id": "IrocYmvPn",
              "timestamp": 1788008957607.578,
              "candidateType": "host",
              "protocol": "udp",
              "networkType": "ethernet",
              "address": "fdfd::1ab2:41f1",
              "port": 52144,
              "priority": 2122199807
            },
            "remoteCandidate": {
              "id": "IX+IJarRF",
              "timestamp": 1788008957607.578,
              "candidateType": "host",
              "protocol": "udp",
              "address": "fdfd::1ab2:41f1",
              "port": 55251,
              "priority": 2122199807
            }
          }
        }
      ],
      "renderSamples": [
        {
          "callbackNow": 3598.3,
          "absoluteCallbackTime": 1788008954932.8,
          "expectedDisplayTime": 3598.3,
          "presentationTime": 3592.3,
          "captureTime": null,
          "receiveTime": 3346.2,
          "mediaTime": 1.239,
          "processingDuration": 0.0007,
          "presentedFrames": 7,
          "rtpTimestamp": 2701773798,
          "width": 1280,
          "height": 720,
          "videoWidth": 1280,
          "videoHeight": 720,
          "currentTime": 1.239,
          "readyState": 4
        },
        {
          "callbackNow": 3937.7,
          "absoluteCallbackTime": 1788008955272.2,
          "expectedDisplayTime": 3937.7,
          "presentationTime": 3931.7,
          "captureTime": null,
          "receiveTime": 3705.2,
          "mediaTime": 1.579,
          "processingDuration": 0.0003,
          "presentedFrames": 8,
          "rtpTimestamp": 2701806558,
          "width": 1280,
          "height": 720,
          "videoWidth": 1280,
          "videoHeight": 720,
          "currentTime": 1.579,
          "readyState": 4
        },
        {
          "callbackNow": 4289.2,
          "absoluteCallbackTime": 1788008955623.7,
          "expectedDisplayTime": 4289.2,
          "presentationTime": 4283.2,
          "captureTime": null,
          "receiveTime": 4066,
          "mediaTime": 1.931,
          "processingDuration": 0.0004,
          "presentedFrames": 9,
          "rtpTimestamp": 2701839768,
          "width": 1280,
          "height": 720,
          "videoWidth": 1280,
          "videoHeight": 720,
          "currentTime": 1.931,
          "readyState": 4
        },
        {
          "callbackNow": 4640.7,
          "absoluteCallbackTime": 1788008955975.2,
          "expectedDisplayTime": 4646.7,
          "presentationTime": 4640.8,
          "captureTime": null,
          "receiveTime": 4425.5,
          "mediaTime": 2.286,
          "processingDuration": 0.0005,
          "presentedFrames": 10,
          "rtpTimestamp": 2701872528,
          "width": 1280,
          "height": 720,
          "videoWidth": 1280,
          "videoHeight": 720,
          "currentTime": 2.286,
          "readyState": 4
        },
        {
          "callbackNow": 5022.5,
          "absoluteCallbackTime": 1788008956357,
          "expectedDisplayTime": 5022.5,
          "presentationTime": 5016.6,
          "captureTime": null,
          "receiveTime": 4785.5,
          "mediaTime": 2.662,
          "processingDuration": 0.0005,
          "presentedFrames": 11,
          "rtpTimestamp": 2701903668,
          "width": 1280,
          "height": 720,
          "videoWidth": 1280,
          "videoHeight": 720,
          "currentTime": 2.662,
          "readyState": 4
        },
        {
          "callbackNow": 5555.9,
          "absoluteCallbackTime": 1788008956890.4,
          "expectedDisplayTime": 5549.8,
          "presentationTime": 5550,
          "captureTime": null,
          "receiveTime": 5126.4,
          "mediaTime": 3.011,
          "processingDuration": 0.0005,
          "presentedFrames": 12,
          "rtpTimestamp": 2701935348,
          "width": 1280,
          "height": 720,
          "videoWidth": 1280,
          "videoHeight": 720,
          "currentTime": 3.011,
          "readyState": 4
        },
        {
          "callbackNow": 5725.5,
          "absoluteCallbackTime": 1788008957060,
          "expectedDisplayTime": 5725.5,
          "presentationTime": 5719.7,
          "captureTime": null,
          "receiveTime": 5486.2,
          "mediaTime": 3.362,
          "processingDuration": 0.0005,
          "presentedFrames": 13,
          "rtpTimestamp": 2701966758,
          "width": 1280,
          "height": 720,
          "videoWidth": 1280,
          "videoHeight": 720,
          "currentTime": 3.362,
          "readyState": 4
        },
        {
          "callbackNow": 6089.1,
          "absoluteCallbackTime": 1788008957423.6,
          "expectedDisplayTime": 6089.1,
          "presentationTime": 6083.3,
          "captureTime": null,
          "receiveTime": 5845.5,
          "mediaTime": 3.728,
          "processingDuration": 0.0004,
          "presentedFrames": 14,
          "rtpTimestamp": 2701999788,
          "width": 1280,
          "height": 720,
          "videoWidth": 1280,
          "videoHeight": 720,
          "currentTime": 3.728,
          "readyState": 4
        }
      ],
      "resourceSamples": [
        {
          "benchmarkElapsedMs": 1249.8711999999996,
          "collectedAt": 5478.6269,
          "wallTime": "2026-08-29T13:09:15.859Z",
          "electronProcesses": [
            {
              "pid": 33072,
              "role": "main",
              "type": "Browser",
              "name": null,
              "serviceName": null,
              "creationTime": 1788008950361.351,
              "sandboxed": false,
              "integrityLevel": "medium",
              "cpu": {
                "percentCPUUsage": 1.5434065723837445,
                "idleWakeupsPerSecond": 0
              },
              "memoryKiB": {
                "workingSet": 248584,
                "peakWorkingSet": 249088,
                "private": 157764,
                "shared": null
              }
            },
            {
              "pid": 33764,
              "role": "gpu-process",
              "type": "GPU",
              "name": null,
              "serviceName": "GPU",
              "creationTime": 1788008950456.248,
              "sandboxed": true,
              "integrityLevel": "low",
              "cpu": {
                "percentCPUUsage": 1.6856456597447795,
                "idleWakeupsPerSecond": 0
              },
              "memoryKiB": {
                "workingSet": 238940,
                "peakWorkingSet": 241644,
                "private": 255568,
                "shared": null
              }
            },
            {
              "pid": 21576,
              "role": "utility-process",
              "type": "Utility",
              "name": "Network Service",
              "serviceName": "network.mojom.NetworkService",
              "creationTime": 1788008950460.665,
              "sandboxed": false,
              "integrityLevel": "medium",
              "cpu": {
                "percentCPUUsage": 0.10519943054007821,
                "idleWakeupsPerSecond": 0
              },
              "memoryKiB": {
                "workingSet": 111960,
                "peakWorkingSet": 111960,
                "private": 18372,
                "shared": null
              }
            },
            {
              "pid": 30892,
              "role": "utility-process",
              "type": "Utility",
              "name": "Tracing Service",
              "serviceName": "tracing.mojom.TracingService",
              "creationTime": 1788008950498.321,
              "sandboxed": true,
              "integrityLevel": "untrusted",
              "cpu": {
                "percentCPUUsage": 0.010078515772902094,
                "idleWakeupsPerSecond": 0
              },
              "memoryKiB": {
                "workingSet": 103324,
                "peakWorkingSet": 103324,
                "private": 15248,
                "shared": null
              }
            },
            {
              "pid": 31316,
              "role": "fixture-renderer",
              "type": "Tab",
              "name": null,
              "serviceName": null,
              "creationTime": 1788008950853.279,
              "sandboxed": true,
              "integrityLevel": "untrusted",
              "cpu": {
                "percentCPUUsage": 0.7341822602180108,
                "idleWakeupsPerSecond": 0
              },
              "memoryKiB": {
                "workingSet": 133168,
                "peakWorkingSet": 136828,
                "private": 46980,
                "shared": null
              }
            },
            {
              "pid": 34084,
              "role": "sender-renderer",
              "type": "Tab",
              "name": null,
              "serviceName": null,
              "creationTime": 1788008951267.575,
              "sandboxed": true,
              "integrityLevel": "untrusted",
              "cpu": {
                "percentCPUUsage": 0.9925270520715012,
                "idleWakeupsPerSecond": 0
              },
              "memoryKiB": {
                "workingSet": 160776,
                "peakWorkingSet": 162128,
                "private": 74004,
                "shared": null
              }
            },
            {
              "pid": 8948,
              "role": "receiver-renderer",
              "type": "Tab",
              "name": null,
              "serviceName": null,
              "creationTime": 1788008951341.871,
              "sandboxed": true,
              "integrityLevel": "untrusted",
              "cpu": {
                "percentCPUUsage": 0.9783698664751463,
                "idleWakeupsPerSecond": 0
              },
              "memoryKiB": {
                "workingSet": 150412,
                "peakWorkingSet": 150412,
                "private": 67540,
                "shared": null
              }
            },
            {
              "pid": 14928,
              "role": "utility-process",
              "type": "Utility",
              "name": "Audio Service",
              "serviceName": "audio.mojom.AudioService",
              "creationTime": 1788008951377.046,
              "sandboxed": true,
              "integrityLevel": "low",
              "cpu": {
                "percentCPUUsage": 0.39481702578115474,
                "idleWakeupsPerSecond": 0
              },
              "memoryKiB": {
                "workingSet": 110952,
                "peakWorkingSet": 110952,
                "private": 16724,
                "shared": null
              }
            },
            {
              "pid": 22508,
              "role": "utility-process",
              "type": "Utility",
              "name": "Video Capture",
              "serviceName": "video_capture.mojom.VideoCaptureService",
              "creationTime": 1788008951376.121,
              "sandboxed": false,
              "integrityLevel": "medium",
              "cpu": {
                "percentCPUUsage": 0.005146378344597907,
                "idleWakeupsPerSecond": 0
              },
              "memoryKiB": {
                "workingSet": 130792,
                "peakWorkingSet": 133088,
                "private": 73464,
                "shared": null
              }
            }
          ],
          "mainProcess": {
            "pid": 33072,
            "cpu": {
              "percentCPUUsage": 1.5428179206994936,
              "idleWakeupsPerSecond": 0
            },
            "memoryKiB": {
              "residentSet": 248588,
              "private": 157768,
              "shared": 7060
            },
            "nodeMemoryBytes": {
              "rss": 254550016,
              "heapTotal": 10223616,
              "heapUsed": 6717584,
              "external": 4148169,
              "arrayBuffers": 0
            }
          },
          "systemMemoryKiB": {
            "total": 33501248,
            "free": 17027248,
            "swapTotal": 39268416,
            "swapFree": 16824876
          },
          "nvidia": null
        },
        {
          "benchmarkElapsedMs": 2000.04,
          "collectedAt": 6228.3364,
          "wallTime": "2026-08-29T13:09:16.609Z",
          "electronProcesses": [
            {
              "pid": 33072,
              "role": "main",
              "type": "Browser",
              "name": null,
              "serviceName": null,
              "creationTime": 1788008950361.351,
              "sandboxed": false,
              "integrityLevel": "medium",
              "cpu": {
                "percentCPUUsage": 1.6657440906255165,
                "idleWakeupsPerSecond": 0
              },
              "memoryKiB": {
                "workingSet": 248680,
                "peakWorkingSet": 249088,
                "private": 157824,
                "shared": null
              }
            },
            {
              "pid": 33764,
              "role": "gpu-process",
              "type": "GPU",
              "name": null,
              "serviceName": "GPU",
              "creationTime": 1788008950456.248,
              "sandboxed": true,
              "integrityLevel": "low",
              "cpu": {
                "percentCPUUsage": 1.6138710442858686,
                "idleWakeupsPerSecond": 0
              },
              "memoryKiB": {
                "workingSet": 239584,
                "peakWorkingSet": 242288,
                "private": 237896,
                "shared": null
              }
            },
            {
              "pid": 21576,
              "role": "utility-process",
              "type": "Utility",
              "name": "Network Service",
              "serviceName": "network.mojom.NetworkService",
              "creationTime": 1788008950460.665,
              "sandboxed": false,
              "integrityLevel": "medium",
              "cpu": {
                "percentCPUUsage": 0.10510495998762903,
                "idleWakeupsPerSecond": 0
              },
              "memoryKiB": {
                "workingSet": 111960,
                "peakWorkingSet": 111960,
                "private": 18372,
                "shared": null
              }
            },
            {
              "pid": 30892,
              "role": "utility-process",
              "type": "Utility",
              "name": "Tracing Service",
              "serviceName": "tracing.mojom.TracingService",
              "creationTime": 1788008950498.321,
              "sandboxed": true,
              "integrityLevel": "untrusted",
              "cpu": {
                "percentCPUUsage": 0.010206482557829513,
                "idleWakeupsPerSecond": 0
              },
              "memoryKiB": {
                "workingSet": 104404,
                "peakWorkingSet": 104404,
                "private": 15264,
                "shared": null
              }
            },
            {
              "pid": 31316,
              "role": "fixture-renderer",
              "type": "Tab",
              "name": null,
              "serviceName": null,
              "creationTime": 1788008950853.279,
              "sandboxed": true,
              "integrityLevel": "untrusted",
              "cpu": {
                "percentCPUUsage": 0.5796138818049599,
                "idleWakeupsPerSecond": 0
              },
              "memoryKiB": {
                "workingSet": 134700,
                "peakWorkingSet": 136828,
                "private": 48488,
                "shared": null
              }
            },
            {
              "pid": 34084,
              "role": "sender-renderer",
              "type": "Tab",
              "name": null,
              "serviceName": null,
              "creationTime": 1788008951267.575,
              "sandboxed": true,
              "integrityLevel": "untrusted",
              "cpu": {
                "percentCPUUsage": 1.0320155360151868,
                "idleWakeupsPerSecond": 0
              },
              "memoryKiB": {
                "workingSet": 161536,
                "peakWorkingSet": 162888,
                "private": 74464,
                "shared": null
              }
            },
            {
              "pid": 8948,
              "role": "receiver-renderer",
              "type": "Tab",
              "name": null,
              "serviceName": null,
              "creationTime": 1788008951341.871,
              "sandboxed": true,
              "integrityLevel": "untrusted",
              "cpu": {
                "percentCPUUsage": 0.9411418881627887,
                "idleWakeupsPerSecond": 0
              },
              "memoryKiB": {
                "workingSet": 151484,
                "peakWorkingSet": 151484,
                "private": 68312,
                "shared": null
              }
            },
            {
              "pid": 14928,
              "role": "utility-process",
              "type": "Utility",
              "name": "Audio Service",
              "serviceName": "audio.mojom.AudioService",
              "creationTime": 1788008951377.046,
              "sandboxed": true,
              "integrityLevel": "low",
              "cpu": {
                "percentCPUUsage": 0.3916097317113814,
                "idleWakeupsPerSecond": 0
              },
              "memoryKiB": {
                "workingSet": 110952,
                "peakWorkingSet": 110952,
                "private": 16724,
                "shared": null
              }
            },
            {
              "pid": 22508,
              "role": "utility-process",
              "type": "Utility",
              "name": "Video Capture",
              "serviceName": "video_capture.mojom.VideoCaptureService",
              "creationTime": 1788008951376.121,
              "sandboxed": false,
              "integrityLevel": "medium",
              "cpu": {
                "percentCPUUsage": 0.004632573591264366,
                "idleWakeupsPerSecond": 0
              },
              "memoryKiB": {
                "workingSet": 130792,
                "peakWorkingSet": 133088,
                "private": 73464,
                "shared": null
              }
            }
          ],
          "mainProcess": {
            "pid": 33072,
            "cpu": {
              "percentCPUUsage": 1.6652673826734534,
              "idleWakeupsPerSecond": 0
            },
            "memoryKiB": {
              "residentSet": 248680,
              "private": 157824,
              "shared": 7068
            },
            "nodeMemoryBytes": {
              "rss": 254648320,
              "heapTotal": 10223616,
              "heapUsed": 6785244,
              "external": 4148169,
              "arrayBuffers": 0
            }
          },
          "systemMemoryKiB": {
            "total": 33501248,
            "free": 17026468,
            "swapTotal": 39268416,
            "swapFree": 16845848
          },
          "nvidia": null
        }
      ],
      "summary": {
        "elapsedSeconds": 2.999800048828125,
        "source": {
          "fixtureFps": 59.9740112618089,
          "fixtureFrames": 180,
          "fixtureClockFps": null,
          "fixtureClockFrames": null,
          "frameCountEstimated": false,
          "skippedSlots": 0,
          "captureFps": 55.00366601582576,
          "reportedFpsMedian": 55,
          "capturedFrames": 165,
          "width": 1280,
          "height": 720
        },
        "sender": {
          "transportMode": "mesh",
          "totalUploadBitrateBps": 227337.81882109493,
          "topology": {
            "sfuViewerCount": 0,
            "sfuConsumerCount": 0,
            "meshScreenSenders": 1,
            "meshActiveScreenSenders": 1,
            "meshViaSfuCount": 0,
            "meshBytesSentTotal": 153329,
            "publisherUploadBytes": 153329
          },
          "encodeFps": 3.6669110677217174,
          "sendFps": 3.6669110677217174,
          "bitrateBps": 227337.81882109493,
          "retransmittedBitrateBps": 0,
          "packetsSent": 89,
          "retransmittedPacketsSent": 0,
          "retransmissionRatio": 0,
          "averageEncodeTimeMs": 3.636363636363637,
          "averagePacketSendDelayMs": 43.22021348314608,
          "averageQp": 51,
          "framesEncoded": 11,
          "keyFramesEncoded": 1,
          "keyFramesPerMinute": 20.001333096663913,
          "keyFrameRatio": 0.09090909090909091,
          "hugeFramesSent": 11,
          "nackCount": 0,
          "pliCount": 0,
          "firCount": 0,
          "framesSent": 11,
          "frameWidth": 960,
          "frameHeight": 540,
          "targetBitrate": 277500,
          "availableOutgoingBitrateMedian": 646356,
          "roundTripTimeMsMedian": 0,
          "qualityLimitationReason": "none",
          "encoderImplementation": "MediaFoundationVideoEncodeAccelerator (NVIDIA H.264 Encoder MFT)",
          "powerEfficientEncoder": true,
          "codec": {
            "id": "COT01_103_level-asymmetry-allowed=1;packetization-mode=1;profile-level-id=42001f",
            "timestamp": 1788008957607.556,
            "payloadType": 103,
            "mimeType": "video/H264",
            "clockRate": 90000,
            "sdpFmtpLine": "level-asymmetry-allowed=1;packetization-mode=1;profile-level-id=42001f"
          },
          "codecPolicy": "hardware-or-unknown",
          "adaptation": {
            "profileId": "performance",
            "level": 1,
            "temporalLevel": 0,
            "poorSamples": 0,
            "stableSamples": 0,
            "sourceSamples": 0,
            "networkSamples": 0,
            "sampleCount": 4,
            "cooldownSamples": 2,
            "scale": 1.3333333333333333,
            "frameRate": 60,
            "reason": "network-spatial-downshift",
            "targetFps": 60,
            "measuredFps": 2.667511118021574,
            "captureFps": 54.68397791944227,
            "encodedFps": 2.667511118021574,
            "encoderDeliveryRatio": 0.048780487804878044,
            "bottleneck": "network",
            "sourceLimited": false,
            "networkPressure": true,
            "capacityPressure": true,
            "transportPressure": true,
            "packetLossPressure": false,
            "retransmissionPressure": false,
            "pacerPressure": true,
            "discardedPacketPressure": false,
            "packetLossRatio": 0,
            "retransmissionRatio": 0,
            "averagePacketSendDelayMs": 31.630527777777747,
            "packetsDiscardedOnSend": 0,
            "pressureSamplesRequired": 2,
            "networkSustained": true,
            "networkHeadroomRatio": 0.0807945,
            "requiredBitrate": 8000000,
            "recoveryRequiredBitrate": 8000000,
            "networkRecoveryHeadroomRatio": 0.0807945,
            "networkRecoveryReady": true,
            "projectedRecoveryEncodeMs": 3.707466666666666,
            "encoderRecoveryReady": true,
            "encoderTrial": null,
            "downscaleEffectiveness": {
              "status": "idle",
              "samplesObserved": 0,
              "samplesRequired": 3,
              "requiredDeliveryGain": 0.08,
              "requiredEncodeCostReductionRatio": 0.15
            },
            "averageEncodeTimeMs": 3.75,
            "fpsEma": 2.339147869080963,
            "encodeEma": 3.707466666666666,
            "effectiveWidth": 960,
            "effectiveHeight": 540,
            "temporalChanged": false,
            "softwareEncoder": false,
            "encoderImplementation": "MediaFoundationVideoEncodeAccelerator (NVIDIA H.264 Encoder MFT)",
            "trackId": "deb75fa8-9a36-47f6-9ddb-cfe7f0e96067"
          },
          "settings": {
            "aspectRatio": 1.7777777777777777,
            "deviceId": "screen:0:0",
            "frameRate": 60,
            "height": 720,
            "resizeMode": "crop-and-scale",
            "screenPixelRatio": 1,
            "width": 1280
          },
          "parameters": {
            "degradationPreference": "maintain-resolution",
            "transactionId": "affa6705-f21d-4f31-b601-e4267298fb06",
            "encodings": [
              {
                "active": true,
                "maxBitrate": 333241,
                "maxFramerate": 60,
                "scaleResolutionDownBy": 1.3333333333333333,
                "priority": "high",
                "networkPriority": "high"
              }
            ]
          },
          "mutations": {
            "total": 1,
            "structural": 1,
            "bitrate": 1,
            "active": 0,
            "track": 0,
            "last": {
              "sequence": 3,
              "type": "adapt",
              "timestampMs": 1788008957370,
              "peerId": "ee1503a4",
              "structural": true,
              "bitrate": true,
              "active": false,
              "trackChanged": false,
              "before": {
                "trackId": "deb75fa8-9a36-47f6-9ddb-cfe7f0e96067",
                "degradationPreference": "maintain-resolution",
                "encodings": [
                  {
                    "active": true,
                    "maxBitrate": 238029,
                    "maxFramerate": 60,
                    "scaleResolutionDownBy": 1,
                    "scalabilityMode": null
                  }
                ]
              },
              "after": {
                "trackId": "deb75fa8-9a36-47f6-9ddb-cfe7f0e96067",
                "degradationPreference": "maintain-resolution",
                "encodings": [
                  {
                    "active": true,
                    "maxBitrate": 333241,
                    "maxFramerate": 60,
                    "scaleResolutionDownBy": 1.3333333333333333,
                    "scalabilityMode": null
                  }
                ]
              },
              "countersBeforeNextSample": {
                "keyFramesEncoded": 1,
                "hugeFramesSent": 14,
                "nackCount": 0,
                "pliCount": 0,
                "firCount": 0,
                "bytesSent": 135606
              },
              "profileId": "performance",
              "adaptationReason": "network-spatial-downshift",
              "adaptationLevel": 1,
              "temporalLevel": 0
            }
          }
        },
        "receiver": {
          "transportMode": "mesh",
          "receiveFps": 3.666911366155619,
          "decodeFps": 2.6668446299313593,
          "statsRenderFps": null,
          "bitrateBps": 227337.83732312865,
          "averageDecodeTimeMs": 0.5316249999999996,
          "averageProcessingTimeMs": 309.832125,
          "averageJitterBufferMs": 309.272125,
          "averageJitterBufferTargetMs": 335,
          "averageJitterBufferMinimumMs": 0,
          "framesReceived": 11,
          "framesDecoded": 8,
          "keyFramesDecoded": 1,
          "framesRendered": null,
          "framesDropped": 0,
          "frameWidth": 1280,
          "frameHeight": 720,
          "packetsLost": 0,
          "packetsReceived": 89,
          "packetLossRatio": 0,
          "freezeCount": 0,
          "totalFreezesDuration": 0,
          "nackCount": 0,
          "pliCount": 0,
          "firCount": 0,
          "decoderImplementation": "ExternalDecoder (D3D11VideoDecoder)",
          "powerEfficientDecoder": true,
          "jitterBufferTarget": 360,
          "codec": {
            "id": "CIT01_103_level-asymmetry-allowed=1;packetization-mode=1;profile-level-id=42001f",
            "timestamp": 1788008957607.578,
            "payloadType": 103,
            "mimeType": "video/H264",
            "clockRate": 90000,
            "sdpFmtpLine": "level-asymmetry-allowed=1;packetization-mode=1;profile-level-id=42001f"
          },
          "settings": {
            "aspectRatio": 1.7777777777777777,
            "deviceId": "32a1aff3-ecb3-470d-be0b-55246d8c68c9",
            "frameRate": 5.2131841540644945,
            "height": 720,
            "resizeMode": "none",
            "width": 1280
          }
        },
        "render": {
          "callbackSamples": 8,
          "presentedFrames": 7,
          "presentedFps": 2.8103420587762966,
          "callbackFps": 2.8103420587762966,
          "missedCallbacks": 0,
          "intervalMs": {
            "p50": 357.5,
            "p95": 481.8500000000001,
            "p99": 518.21,
            "max": 527.3000000000002
          },
          "captureToCompositorMs": {
            "p50": null,
            "p95": null,
            "p99": null
          },
          "networkMs": {
            "p50": null,
            "p95": null
          },
          "postReceiveMs": {
            "p50": 238.1500000000001,
            "p95": 363.4450000000004
          },
          "processingDurationMs": {
            "p50": 0.5,
            "p95": 0.6299999999999999
          },
          "callbackLatenessMs": {
            "p50": 0,
            "p95": 3.964999999999642
          },
          "width": 1280,
          "height": 720
        },
        "retention": {
          "encodedPerCaptured": 0.06666666666666667,
          "decodedPerEncoded": 0.7272727272727273,
          "presentedPerCaptured": 0.04242424242424243
        },
        "transport": {
          "sendBitrateBps": {
            "count": 12,
            "mean": 227358.84071827834,
            "standardDeviation": 129447.98554929567,
            "coefficientOfVariation": 0.5693554081307769,
            "min": 34661.32264529058,
            "p05": 74369.86966329036,
            "p50": 212747.70647083037,
            "p95": 414847.292296075,
            "max": 568044.6495468337
          },
          "totalUploadBitrateBps": {
            "count": 12,
            "mean": 227358.84071827834,
            "standardDeviation": 129447.98554929567,
            "coefficientOfVariation": 0.5693554081307769,
            "min": 34661.32264529058,
            "p05": 74369.86966329036,
            "p50": 212747.70647083037,
            "p95": 414847.292296075,
            "max": 568044.6495468337
          },
          "retransmitBitrateBps": {
            "count": 12,
            "mean": 0,
            "standardDeviation": 0,
            "coefficientOfVariation": null,
            "min": 0,
            "p05": 0,
            "p50": 0,
            "p95": 0,
            "max": 0
          },
          "sendFps": {
            "count": 12,
            "mean": 3.668943239659713,
            "standardDeviation": 4.156331058329829,
            "coefficientOfVariation": 1.1328414714628618,
            "min": 0,
            "p05": 0,
            "p50": 3.996007984031936,
            "p95": 9.41859867278978,
            "max": 16.025634755595377
          },
          "keyFramesEncoded": {
            "count": 12,
            "mean": 0.33386739074157035,
            "standardDeviation": 1.1073128648247652,
            "coefficientOfVariation": 3.3166247903554003,
            "min": 0,
            "p05": 0,
            "p50": 0,
            "p95": 1.8028839100044771,
            "max": 4.006408688898844
          },
          "pliRequests": {
            "count": 12,
            "mean": 0,
            "standardDeviation": 0,
            "coefficientOfVariation": null,
            "min": 0,
            "p05": 0,
            "p50": 0,
            "p95": 0,
            "max": 0
          },
          "firRequests": {
            "count": 12,
            "mean": 0,
            "standardDeviation": 0,
            "coefficientOfVariation": null,
            "min": 0,
            "p05": 0,
            "p50": 0,
            "p95": 0,
            "max": 0
          },
          "receiveBitrateBps": {
            "count": 12,
            "mean": 227340.518440477,
            "standardDeviation": 129428.7990047653,
            "coefficientOfVariation": 0.5693168991283565,
            "min": 34675.20016289084,
            "p05": 74399.66524988256,
            "p50": 212698.44643554557,
            "p95": 414720.29343858315,
            "max": 568045.205167255
          },
          "receiveFps": {
            "count": 12,
            "mean": 3.6672130147941338,
            "standardDeviation": 3.0411027349352238,
            "coefficientOfVariation": 0.82926809069092,
            "min": 0,
            "p05": 0,
            "p50": 3.99440965300958,
            "p95": 7.61483604521449,
            "max": 12.019237823039024
          },
          "packetSendDelayMs": {
            "count": 12,
            "mean": 42.14235651455036,
            "standardDeviation": 26.61974664940358,
            "coefficientOfVariation": 0.631662508958479,
            "min": 0.001000000000139778,
            "p05": 2.7568300000002126,
            "p50": 33.5497222222221,
            "p95": 81.81889285714338,
            "max": 92.53800000000112
          },
          "packetLossRatio": {
            "count": 12,
            "mean": 0,
            "standardDeviation": 0,
            "coefficientOfVariation": null,
            "min": 0,
            "p05": 0,
            "p50": 0,
            "p95": 0,
            "max": 0
          },
          "availableOutgoingBitrate": {
            "count": 13,
            "mean": 645642.6153846154,
            "standardDeviation": 2471.2367983682707,
            "coefficientOfVariation": 0.003827561470514352,
            "min": 637082,
            "p05": 642646.4,
            "p50": 646356,
            "p95": 646356,
            "max": 646356
          },
          "roundTripTimeMs": {
            "count": 13,
            "mean": 0,
            "standardDeviation": 0,
            "coefficientOfVariation": null,
            "min": 0,
            "p05": 0,
            "p50": 0,
            "p95": 0,
            "max": 0
          },
          "packetsDiscardedOnSend": 0,
          "bytesDiscardedOnSend": 0
        },
        "resources": {
          "sampleCount": 2,
          "scope": {
            "electronProcessTree": "app.getAppMetrics; excludes external Chrome/ffplay and signaling Node process",
            "nvidia": "whole NVIDIA device; includes unrelated processes and the external source"
          },
          "electronProcessTree": {
            "processCount": {
              "count": 2,
              "mean": 9,
              "standardDeviation": 0,
              "coefficientOfVariation": 0,
              "min": 9,
              "p05": 9,
              "p50": 9,
              "p95": 9,
              "max": 9
            },
            "cpuPercentSum": {
              "count": 2,
              "mean": 6.39665647503717,
              "standardDeviation": 0.05271628629474545,
              "coefficientOfVariation": 0.008241225161999828,
              "min": 6.343940188742424,
              "p05": 6.3492118173718985,
              "p50": 6.39665647503717,
              "p95": 6.444101132702441,
              "max": 6.449372761331915
            },
            "workingSetMiBSum": {
              "count": 2,
              "mean": 1358.88671875,
              "standardDeviation": 2.53125,
              "coefficientOfVariation": 0.0018627380524613726,
              "min": 1356.35546875,
              "p05": 1356.60859375,
              "p50": 1358.88671875,
              "p95": 1361.16484375,
              "max": 1361.41796875
            },
            "privateMemoryMiBSum": {
              "count": 2,
              "mean": 701.40234375,
              "standardDeviation": 7.25390625,
              "coefficientOfVariation": 0.010342004577882478,
              "min": 694.1484375,
              "p05": 694.873828125,
              "p50": 701.40234375,
              "p95": 707.930859375,
              "max": 708.65625
            },
            "systemFreeMemoryMiB": {
              "count": 2,
              "mean": 16627.791015625,
              "standardDeviation": 0.380859375,
              "coefficientOfVariation": 0.000022904989282226938,
              "min": 16627.41015625,
              "p05": 16627.4482421875,
              "p50": 16627.791015625,
              "p95": 16628.1337890625,
              "max": 16628.171875
            }
          },
          "global": {
            "processCount": {
              "count": 2,
              "mean": 9,
              "standardDeviation": 0,
              "coefficientOfVariation": 0,
              "min": 9,
              "p05": 9,
              "p50": 9,
              "p95": 9,
              "max": 9
            },
            "cpuPercentSum": {
              "count": 2,
              "mean": 6.39665647503717,
              "standardDeviation": 0.05271628629474545,
              "coefficientOfVariation": 0.008241225161999828,
              "min": 6.343940188742424,
              "p05": 6.3492118173718985,
              "p50": 6.39665647503717,
              "p95": 6.444101132702441,
              "max": 6.449372761331915
            },
            "workingSetMiBSum": {
              "count": 2,
              "mean": 1358.88671875,
              "standardDeviation": 2.53125,
              "coefficientOfVariation": 0.0018627380524613726,
              "min": 1356.35546875,
              "p05": 1356.60859375,
              "p50": 1358.88671875,
              "p95": 1361.16484375,
              "max": 1361.41796875
            },
            "privateMemoryMiBSum": {
              "count": 2,
              "mean": 701.40234375,
              "standardDeviation": 7.25390625,
              "coefficientOfVariation": 0.010342004577882478,
              "min": 694.1484375,
              "p05": 694.873828125,
              "p50": 701.40234375,
              "p95": 707.930859375,
              "max": 708.65625
            },
            "systemFreeMemoryMiB": {
              "count": 2,
              "mean": 16627.791015625,
              "standardDeviation": 0.380859375,
              "coefficientOfVariation": 0.000022904989282226938,
              "min": 16627.41015625,
              "p05": 16627.4482421875,
              "p50": 16627.791015625,
              "p95": 16628.1337890625,
              "max": 16628.171875
            }
          },
          "mainProcess": {
            "cpuPercent": {
              "count": 2,
              "mean": 1.6040426516864734,
              "standardDeviation": 0.06122473098697989,
              "coefficientOfVariation": 0.03816901684167117,
              "min": 1.5428179206994936,
              "p05": 1.5489403937981916,
              "p50": 1.6040426516864734,
              "p95": 1.6591449095747555,
              "max": 1.6652673826734534
            },
            "idleWakeupsPerSecond": {
              "count": 2,
              "mean": 0,
              "standardDeviation": 0,
              "coefficientOfVariation": null,
              "min": 0,
              "p05": 0,
              "p50": 0,
              "p95": 0,
              "max": 0
            },
            "residentSetMiB": {
              "count": 2,
              "mean": 242.806640625,
              "standardDeviation": 0.044921875,
              "coefficientOfVariation": 0.00018501089955516944,
              "min": 242.76171875,
              "p05": 242.7662109375,
              "p50": 242.806640625,
              "p95": 242.8470703125,
              "max": 242.8515625
            },
            "privateMemoryMiB": {
              "count": 2,
              "mean": 154.09765625,
              "standardDeviation": 0.02734375,
              "coefficientOfVariation": 0.00017744429516591042,
              "min": 154.0703125,
              "p05": 154.073046875,
              "p50": 154.09765625,
              "p95": 154.122265625,
              "max": 154.125
            },
            "sharedMemoryMiB": {
              "count": 2,
              "mean": 6.8984375,
              "standardDeviation": 0.00390625,
              "coefficientOfVariation": 0.0005662514156285391,
              "min": 6.89453125,
              "p05": 6.894921875,
              "p50": 6.8984375,
              "p95": 6.901953125,
              "max": 6.90234375
            },
            "rssMiB": {
              "count": 2,
              "mean": 242.8046875,
              "standardDeviation": 0.046875,
              "coefficientOfVariation": 0.00019305640464622415,
              "min": 242.7578125,
              "p05": 242.7625,
              "p50": 242.8046875,
              "p95": 242.846875,
              "max": 242.8515625
            },
            "heapUsedMiB": {
              "count": 2,
              "mean": 6.438650131225586,
              "standardDeviation": 0.03226280212402344,
              "coefficientOfVariation": 0.005010802181587442,
              "min": 6.4063873291015625,
              "p05": 6.409613609313965,
              "p50": 6.438650131225586,
              "p95": 6.467686653137207,
              "max": 6.470912933349609
            }
          },
          "byProcess": [
            {
              "pid": 31316,
              "role": "fixture-renderer",
              "type": "Tab",
              "name": null,
              "serviceName": null,
              "cpuPercent": {
                "count": 2,
                "mean": 0.6568980710114853,
                "standardDeviation": 0.07728418920652547,
                "coefficientOfVariation": 0.11765019965353836,
                "min": 0.5796138818049599,
                "p05": 0.5873423007256124,
                "p50": 0.6568980710114853,
                "p95": 0.7264538412973582,
                "max": 0.7341822602180108
              },
              "idleWakeupsPerSecond": {
                "count": 2,
                "mean": 0,
                "standardDeviation": 0,
                "coefficientOfVariation": null,
                "min": 0,
                "p05": 0,
                "p50": 0,
                "p95": 0,
                "max": 0
              },
              "workingSetMiB": {
                "count": 2,
                "mean": 130.794921875,
                "standardDeviation": 0.748046875,
                "coefficientOfVariation": 0.005719234847014201,
                "min": 130.046875,
                "p05": 130.1216796875,
                "p50": 130.794921875,
                "p95": 131.4681640625,
                "max": 131.54296875
              },
              "peakWorkingSetMiB": {
                "count": 2,
                "mean": 133.62109375,
                "standardDeviation": 0,
                "coefficientOfVariation": 0,
                "min": 133.62109375,
                "p05": 133.62109375,
                "p50": 133.62109375,
                "p95": 133.62109375,
                "max": 133.62109375
              },
              "privateMemoryMiB": {
                "count": 2,
                "mean": 46.615234375,
                "standardDeviation": 0.736328125,
                "coefficientOfVariation": 0.015795868772782502,
                "min": 45.87890625,
                "p05": 45.9525390625,
                "p50": 46.615234375,
                "p95": 47.2779296875,
                "max": 47.3515625
              },
              "sharedMemoryMiB": {
                "count": 0,
                "mean": null,
                "standardDeviation": null,
                "coefficientOfVariation": null,
                "min": null,
                "p05": null,
                "p50": null,
                "p95": null,
                "max": null
              }
            },
            {
              "pid": 33764,
              "role": "gpu-process",
              "type": "GPU",
              "name": null,
              "serviceName": "GPU",
              "cpuPercent": {
                "count": 2,
                "mean": 1.649758352015324,
                "standardDeviation": 0.035887307729455475,
                "coefficientOfVariation": 0.021753069281701766,
                "min": 1.6138710442858686,
                "p05": 1.6174597750588142,
                "p50": 1.649758352015324,
                "p95": 1.682056928971834,
                "max": 1.6856456597447795
              },
              "idleWakeupsPerSecond": {
                "count": 2,
                "mean": 0,
                "standardDeviation": 0,
                "coefficientOfVariation": null,
                "min": 0,
                "p05": 0,
                "p50": 0,
                "p95": 0,
                "max": 0
              },
              "workingSetMiB": {
                "count": 2,
                "mean": 233.654296875,
                "standardDeviation": 0.314453125,
                "coefficientOfVariation": 0.0013458050170942315,
                "min": 233.33984375,
                "p05": 233.3712890625,
                "p50": 233.654296875,
                "p95": 233.9373046875,
                "max": 233.96875
              },
              "peakWorkingSetMiB": {
                "count": 2,
                "mean": 236.294921875,
                "standardDeviation": 0.314453125,
                "coefficientOfVariation": 0.0013307654794475258,
                "min": 235.98046875,
                "p05": 236.0119140625,
                "p50": 236.294921875,
                "p95": 236.5779296875,
                "max": 236.609375
              },
              "privateMemoryMiB": {
                "count": 2,
                "mean": 240.94921875,
                "standardDeviation": 8.62890625,
                "coefficientOfVariation": 0.03581213624499457,
                "min": 232.3203125,
                "p05": 233.183203125,
                "p50": 240.94921875,
                "p95": 248.715234375,
                "max": 249.578125
              },
              "sharedMemoryMiB": {
                "count": 0,
                "mean": null,
                "standardDeviation": null,
                "coefficientOfVariation": null,
                "min": null,
                "p05": null,
                "p50": null,
                "p95": null,
                "max": null
              }
            },
            {
              "pid": 33072,
              "role": "main",
              "type": "Browser",
              "name": null,
              "serviceName": null,
              "cpuPercent": {
                "count": 2,
                "mean": 1.6045753315046305,
                "standardDeviation": 0.06116875912088604,
                "coefficientOfVariation": 0.03812146299390464,
                "min": 1.5434065723837445,
                "p05": 1.549523448295833,
                "p50": 1.6045753315046305,
                "p95": 1.659627214713428,
                "max": 1.6657440906255165
              },
              "idleWakeupsPerSecond": {
                "count": 2,
                "mean": 0,
                "standardDeviation": 0,
                "coefficientOfVariation": null,
                "min": 0,
                "p05": 0,
                "p50": 0,
                "p95": 0,
                "max": 0
              },
              "workingSetMiB": {
                "count": 2,
                "mean": 242.8046875,
                "standardDeviation": 0.046875,
                "coefficientOfVariation": 0.00019305640464622415,
                "min": 242.7578125,
                "p05": 242.7625,
                "p50": 242.8046875,
                "p95": 242.846875,
                "max": 242.8515625
              },
              "peakWorkingSetMiB": {
                "count": 2,
                "mean": 243.25,
                "standardDeviation": 0,
                "coefficientOfVariation": 0,
                "min": 243.25,
                "p05": 243.25,
                "p50": 243.25,
                "p95": 243.25,
                "max": 243.25
              },
              "privateMemoryMiB": {
                "count": 2,
                "mean": 154.095703125,
                "standardDeviation": 0.029296875,
                "coefficientOfVariation": 0.00019012129738773338,
                "min": 154.06640625,
                "p05": 154.0693359375,
                "p50": 154.095703125,
                "p95": 154.1220703125,
                "max": 154.125
              },
              "sharedMemoryMiB": {
                "count": 0,
                "mean": null,
                "standardDeviation": null,
                "coefficientOfVariation": null,
                "min": null,
                "p05": null,
                "p50": null,
                "p95": null,
                "max": null
              }
            },
            {
              "pid": 8948,
              "role": "receiver-renderer",
              "type": "Tab",
              "name": null,
              "serviceName": null,
              "cpuPercent": {
                "count": 2,
                "mean": 0.9597558773189675,
                "standardDeviation": 0.018613989156178845,
                "coefficientOfVariation": 0.01939450395258442,
                "min": 0.9411418881627887,
                "p05": 0.9430032870784065,
                "p50": 0.9597558773189675,
                "p95": 0.9765084675595285,
                "max": 0.9783698664751463
              },
              "idleWakeupsPerSecond": {
                "count": 2,
                "mean": 0,
                "standardDeviation": 0,
                "coefficientOfVariation": null,
                "min": 0,
                "p05": 0,
                "p50": 0,
                "p95": 0,
                "max": 0
              },
              "workingSetMiB": {
                "count": 2,
                "mean": 147.41015625,
                "standardDeviation": 0.5234375,
                "coefficientOfVariation": 0.003550891697803217,
                "min": 146.88671875,
                "p05": 146.9390625,
                "p50": 147.41015625,
                "p95": 147.88125,
                "max": 147.93359375
              },
              "peakWorkingSetMiB": {
                "count": 2,
                "mean": 147.41015625,
                "standardDeviation": 0.5234375,
                "coefficientOfVariation": 0.003550891697803217,
                "min": 146.88671875,
                "p05": 146.9390625,
                "p50": 147.41015625,
                "p95": 147.88125,
                "max": 147.93359375
              },
              "privateMemoryMiB": {
                "count": 2,
                "mean": 66.333984375,
                "standardDeviation": 0.376953125,
                "coefficientOfVariation": 0.005682654653593616,
                "min": 65.95703125,
                "p05": 65.9947265625,
                "p50": 66.333984375,
                "p95": 66.6732421875,
                "max": 66.7109375
              },
              "sharedMemoryMiB": {
                "count": 0,
                "mean": null,
                "standardDeviation": null,
                "coefficientOfVariation": null,
                "min": null,
                "p05": null,
                "p50": null,
                "p95": null,
                "max": null
              }
            },
            {
              "pid": 34084,
              "role": "sender-renderer",
              "type": "Tab",
              "name": null,
              "serviceName": null,
              "cpuPercent": {
                "count": 2,
                "mean": 1.012271294043344,
                "standardDeviation": 0.019744241971842824,
                "coefficientOfVariation": 0.019504891710381153,
                "min": 0.9925270520715012,
                "p05": 0.9945014762686855,
                "p50": 1.012271294043344,
                "p95": 1.0300411118180026,
                "max": 1.0320155360151868
              },
              "idleWakeupsPerSecond": {
                "count": 2,
                "mean": 0,
                "standardDeviation": 0,
                "coefficientOfVariation": null,
                "min": 0,
                "p05": 0,
                "p50": 0,
                "p95": 0,
                "max": 0
              },
              "workingSetMiB": {
                "count": 2,
                "mean": 157.37890625,
                "standardDeviation": 0.37109375,
                "coefficientOfVariation": 0.002357963712179503,
                "min": 157.0078125,
                "p05": 157.044921875,
                "p50": 157.37890625,
                "p95": 157.712890625,
                "max": 157.75
              },
              "peakWorkingSetMiB": {
                "count": 2,
                "mean": 158.69921875,
                "standardDeviation": 0.37109375,
                "coefficientOfVariation": 0.0023383464198685603,
                "min": 158.328125,
                "p05": 158.365234375,
                "p50": 158.69921875,
                "p95": 159.033203125,
                "max": 159.0703125
              },
              "privateMemoryMiB": {
                "count": 2,
                "mean": 72.494140625,
                "standardDeviation": 0.224609375,
                "coefficientOfVariation": 0.0030983107470970175,
                "min": 72.26953125,
                "p05": 72.2919921875,
                "p50": 72.494140625,
                "p95": 72.6962890625,
                "max": 72.71875
              },
              "sharedMemoryMiB": {
                "count": 0,
                "mean": null,
                "standardDeviation": null,
                "coefficientOfVariation": null,
                "min": null,
                "p05": null,
                "p50": null,
                "p95": null,
                "max": null
              }
            },
            {
              "pid": 14928,
              "role": "utility-process",
              "type": "Utility",
              "name": "Audio Service",
              "serviceName": "audio.mojom.AudioService",
              "cpuPercent": {
                "count": 2,
                "mean": 0.39321337874626805,
                "standardDeviation": 0.0016036470348866627,
                "coefficientOfVariation": 0.0040783124928245665,
                "min": 0.3916097317113814,
                "p05": 0.3917700964148701,
                "p50": 0.39321337874626805,
                "p95": 0.39465666107766606,
                "max": 0.39481702578115474
              },
              "idleWakeupsPerSecond": {
                "count": 2,
                "mean": 0,
                "standardDeviation": 0,
                "coefficientOfVariation": null,
                "min": 0,
                "p05": 0,
                "p50": 0,
                "p95": 0,
                "max": 0
              },
              "workingSetMiB": {
                "count": 2,
                "mean": 108.3515625,
                "standardDeviation": 0,
                "coefficientOfVariation": 0,
                "min": 108.3515625,
                "p05": 108.3515625,
                "p50": 108.3515625,
                "p95": 108.3515625,
                "max": 108.3515625
              },
              "peakWorkingSetMiB": {
                "count": 2,
                "mean": 108.3515625,
                "standardDeviation": 0,
                "coefficientOfVariation": 0,
                "min": 108.3515625,
                "p05": 108.3515625,
                "p50": 108.3515625,
                "p95": 108.3515625,
                "max": 108.3515625
              },
              "privateMemoryMiB": {
                "count": 2,
                "mean": 16.33203125,
                "standardDeviation": 0,
                "coefficientOfVariation": 0,
                "min": 16.33203125,
                "p05": 16.33203125,
                "p50": 16.33203125,
                "p95": 16.33203125,
                "max": 16.33203125
              },
              "sharedMemoryMiB": {
                "count": 0,
                "mean": null,
                "standardDeviation": null,
                "coefficientOfVariation": null,
                "min": null,
                "p05": null,
                "p50": null,
                "p95": null,
                "max": null
              }
            },
            {
              "pid": 21576,
              "role": "utility-process",
              "type": "Utility",
              "name": "Network Service",
              "serviceName": "network.mojom.NetworkService",
              "cpuPercent": {
                "count": 2,
                "mean": 0.10515219526385362,
                "standardDeviation": 0.00004723527622459145,
                "coefficientOfVariation": 0.0004492086551884734,
                "min": 0.10510495998762903,
                "p05": 0.10510968351525149,
                "p50": 0.10515219526385362,
                "p95": 0.10519470701245576,
                "max": 0.10519943054007821
              },
              "idleWakeupsPerSecond": {
                "count": 2,
                "mean": 0,
                "standardDeviation": 0,
                "coefficientOfVariation": null,
                "min": 0,
                "p05": 0,
                "p50": 0,
                "p95": 0,
                "max": 0
              },
              "workingSetMiB": {
                "count": 2,
                "mean": 109.3359375,
                "standardDeviation": 0,
                "coefficientOfVariation": 0,
                "min": 109.3359375,
                "p05": 109.3359375,
                "p50": 109.3359375,
                "p95": 109.3359375,
                "max": 109.3359375
              },
              "peakWorkingSetMiB": {
                "count": 2,
                "mean": 109.3359375,
                "standardDeviation": 0,
                "coefficientOfVariation": 0,
                "min": 109.3359375,
                "p05": 109.3359375,
                "p50": 109.3359375,
                "p95": 109.3359375,
                "max": 109.3359375
              },
              "privateMemoryMiB": {
                "count": 2,
                "mean": 17.94140625,
                "standardDeviation": 0,
                "coefficientOfVariation": 0,
                "min": 17.94140625,
                "p05": 17.94140625,
                "p50": 17.94140625,
                "p95": 17.94140625,
                "max": 17.94140625
              },
              "sharedMemoryMiB": {
                "count": 0,
                "mean": null,
                "standardDeviation": null,
                "coefficientOfVariation": null,
                "min": null,
                "p05": null,
                "p50": null,
                "p95": null,
                "max": null
              }
            },
            {
              "pid": 22508,
              "role": "utility-process",
              "type": "Utility",
              "name": "Video Capture",
              "serviceName": "video_capture.mojom.VideoCaptureService",
              "cpuPercent": {
                "count": 2,
                "mean": 0.004889475967931136,
                "standardDeviation": 0.0002569023766667705,
                "coefficientOfVariation": 0.052541903948752314,
                "min": 0.004632573591264366,
                "p05": 0.004658263828931043,
                "p50": 0.004889475967931136,
                "p95": 0.0051206881069312295,
                "max": 0.005146378344597907
              },
              "idleWakeupsPerSecond": {
                "count": 2,
                "mean": 0,
                "standardDeviation": 0,
                "coefficientOfVariation": null,
                "min": 0,
                "p05": 0,
                "p50": 0,
                "p95": 0,
                "max": 0
              },
              "workingSetMiB": {
                "count": 2,
                "mean": 127.7265625,
                "standardDeviation": 0,
                "coefficientOfVariation": 0,
                "min": 127.7265625,
                "p05": 127.7265625,
                "p50": 127.7265625,
                "p95": 127.7265625,
                "max": 127.7265625
              },
              "peakWorkingSetMiB": {
                "count": 2,
                "mean": 129.96875,
                "standardDeviation": 0,
                "coefficientOfVariation": 0,
                "min": 129.96875,
                "p05": 129.96875,
                "p50": 129.96875,
                "p95": 129.96875,
                "max": 129.96875
              },
              "privateMemoryMiB": {
                "count": 2,
                "mean": 71.7421875,
                "standardDeviation": 0,
                "coefficientOfVariation": 0,
                "min": 71.7421875,
                "p05": 71.7421875,
                "p50": 71.7421875,
                "p95": 71.7421875,
                "max": 71.7421875
              },
              "sharedMemoryMiB": {
                "count": 0,
                "mean": null,
                "standardDeviation": null,
                "coefficientOfVariation": null,
                "min": null,
                "p05": null,
                "p50": null,
                "p95": null,
                "max": null
              }
            },
            {
              "pid": 30892,
              "role": "utility-process",
              "type": "Utility",
              "name": "Tracing Service",
              "serviceName": "tracing.mojom.TracingService",
              "cpuPercent": {
                "count": 2,
                "mean": 0.010142499165365804,
                "standardDeviation": 0.0000639833924637092,
                "coefficientOfVariation": 0.00630844443963053,
                "min": 0.010078515772902094,
                "p05": 0.010084914112148465,
                "p50": 0.010142499165365804,
                "p95": 0.010200084218583143,
                "max": 0.010206482557829513
              },
              "idleWakeupsPerSecond": {
                "count": 2,
                "mean": 0,
                "standardDeviation": 0,
                "coefficientOfVariation": null,
                "min": 0,
                "p05": 0,
                "p50": 0,
                "p95": 0,
                "max": 0
              },
              "workingSetMiB": {
                "count": 2,
                "mean": 101.4296875,
                "standardDeviation": 0.52734375,
                "coefficientOfVariation": 0.00519910652391589,
                "min": 100.90234375,
                "p05": 100.955078125,
                "p50": 101.4296875,
                "p95": 101.904296875,
                "max": 101.95703125
              },
              "peakWorkingSetMiB": {
                "count": 2,
                "mean": 101.4296875,
                "standardDeviation": 0.52734375,
                "coefficientOfVariation": 0.00519910652391589,
                "min": 100.90234375,
                "p05": 100.955078125,
                "p50": 101.4296875,
                "p95": 101.904296875,
                "max": 101.95703125
              },
              "privateMemoryMiB": {
                "count": 2,
                "mean": 14.8984375,
                "standardDeviation": 0.0078125,
                "coefficientOfVariation": 0.0005243838489774515,
                "min": 14.890625,
                "p05": 14.89140625,
                "p50": 14.8984375,
                "p95": 14.90546875,
                "max": 14.90625
              },
              "sharedMemoryMiB": {
                "count": 0,
                "mean": null,
                "standardDeviation": null,
                "coefficientOfVariation": null,
                "min": null,
                "p05": null,
                "p50": null,
                "p95": null,
                "max": null
              }
            }
          ],
          "nvidia": {
            "available": false,
            "gpuUtilizationPercentMax": {
              "count": 0,
              "mean": null,
              "standardDeviation": null,
              "coefficientOfVariation": null,
              "min": null,
              "p05": null,
              "p50": null,
              "p95": null,
              "max": null
            },
            "encoderUtilizationPercentMax": {
              "count": 0,
              "mean": null,
              "standardDeviation": null,
              "coefficientOfVariation": null,
              "min": null,
              "p05": null,
              "p50": null,
              "p95": null,
              "max": null
            },
            "decoderUtilizationPercentMax": {
              "count": 0,
              "mean": null,
              "standardDeviation": null,
              "coefficientOfVariation": null,
              "min": null,
              "p05": null,
              "p50": null,
              "p95": null,
              "max": null
            },
            "memoryUsedMiBSum": {
              "count": 0,
              "mean": null,
              "standardDeviation": null,
              "coefficientOfVariation": null,
              "min": null,
              "p05": null,
              "p50": null,
              "p95": null,
              "max": null
            },
            "powerDrawWattsSum": {
              "count": 0,
              "mean": null,
              "standardDeviation": null,
              "coefficientOfVariation": null,
              "min": null,
              "p05": null,
              "p50": null,
              "p95": null,
              "max": null
            },
            "temperatureCelsiusMax": {
              "count": 0,
              "mean": null,
              "standardDeviation": null,
              "coefficientOfVariation": null,
              "min": null,
              "p05": null,
              "p50": null,
              "p95": null,
              "max": null
            },
            "graphicsClockMHzMax": {
              "count": 0,
              "mean": null,
              "standardDeviation": null,
              "coefficientOfVariation": null,
              "min": null,
              "p05": null,
              "p50": null,
              "p95": null,
              "max": null
            },
            "memoryClockMHzMax": {
              "count": 0,
              "mean": null,
              "standardDeviation": null,
              "coefficientOfVariation": null,
              "min": null,
              "p05": null,
              "p50": null,
              "p95": null,
              "max": null
            },
            "byGpu": []
          }
        },
        "visualQuality": {
          "available": false,
          "valid": false,
          "reason": "disabled"
        }
      }
    }
  ],
  "aggregate": {
    "byProfile": {
      "performance": {
        "runs": 1,
        "validRuns": 0,
        "excludedRuns": 1,
        "comparable": true,
        "selectedStratum": null,
        "strata": [],
        "median": {
          "source.captureFps": null,
          "sender.encodeFps": null,
          "sender.bitrateBps": null,
          "sender.totalUploadBitrateBps": null,
          "sender.retransmissionRatio": null,
          "sender.keyFramesPerMinute": null,
          "sender.keyFrameRatio": null,
          "sender.pliCount": null,
          "sender.firCount": null,
          "sender.mutations.total": null,
          "sender.mutations.structural": null,
          "sender.mutations.bitrate": null,
          "receiver.packetLossRatio": null,
          "transport.sendBitrateBps.coefficientOfVariation": null,
          "transport.packetSendDelayMs.p95": null,
          "transport.packetLossRatio.p95": null,
          "sender.averageEncodeTimeMs": null,
          "receiver.decodeFps": null,
          "receiver.averageJitterBufferMs": null,
          "render.presentedFps": null,
          "render.intervalMs.p95": null,
          "render.captureToCompositorMs.p95": null,
          "visualQuality.ssim.p50": null,
          "visualQuality.psnrDb.p50": null,
          "resources.global.cpuPercentSum.mean": null,
          "resources.global.cpuPercentSum.p95": null,
          "resources.global.privateMemoryMiBSum.p95": null,
          "resources.mainProcess.cpuPercent.mean": null,
          "resources.nvidia.gpuUtilizationPercentMax.mean": null,
          "resources.nvidia.encoderUtilizationPercentMax.mean": null,
          "resources.nvidia.decoderUtilizationPercentMax.mean": null,
          "resources.nvidia.memoryUsedMiBSum.p95": null
        }
      }
    },
    "differential": null
  }
}
[33072:0829/100918.252:VERBOSE1:content\browser\renderer_host\media\media_stream_manager.cc:1519] AOC::Close([state=playing]) [id=77F3EE8F5989BFB2CDA2CBD9787CD436]
[33072:0829/100918.252:VERBOSE1:content\browser\renderer_host\media\media_stream_manager.cc:1519] AOC::StopStream => (duration=5 sec) [id=77F3EE8F5989BFB2CDA2CBD9787CD436]
[33072:0829/100918.252:VERBOSE1:content\browser\renderer_host\media\media_stream_manager.cc:1519] AOC::StopStream => (glitches=[duration (ms): 0, count: 0], glitch_percentage=0.000%) [id=77F3EE8F5989BFB2CDA2CBD9787CD436]
[33072:0829/100918.252:VERBOSE1:content\browser\renderer_host\media\media_stream_manager.cc:1519] AOC::StopStream => (error_during_callback=false) [id=77F3EE8F5989BFB2CDA2CBD9787CD436]
[33072:0829/100918.252:VERBOSE1:content\browser\renderer_host\media\media_stream_manager.cc:1519] AOC::StopStream => (average audio level=-inf dBFS) [id=77F3EE8F5989BFB2CDA2CBD9787CD436]
[33072:0829/100918.252:VERBOSE1:content\browser\renderer_host\media\media_stream_manager.cc:1519] AOC::Close => (state=closed) [id=77F3EE8F5989BFB2CDA2CBD9787CD436]
[33072:0829/100918.252:VERBOSE1:content\browser\renderer_host\media\media_stream_manager.cc:1519] audio::OS::Dtor => (completed, duration=0 ms) [id=191DA99A9884B8DDE4E64540BA8345C4] [controller_id=77F3EE8F5989BFB2CDA2CBD9787CD436]
[33072:0829/100918.252:VERBOSE1:content\browser\renderer_host\media\media_stream_manager.cc:1519] ASR: number of detected audio glitches: 0 out of 539
[33072:0829/100918.252:VERBOSE1:content\browser\renderer_host\media\media_stream_manager.cc:1519] MSM::StopStreamDevice({render_process_id=6}, {render_frame_id=1}, {requester_id=0}, {device_id=default}, {session_id=B3E71D99A091A1996B6793D9090E7605})
[33072:0829/100918.252:VERBOSE1:content\browser\renderer_host\media\media_stream_manager.cc:1519] MSM::StopDevice({type=DEVICE_AUDIO_CAPTURE}, {session_id=B3E71D99A091A1996B6793D9090E7605})
[33072:0829/100918.252:VERBOSE1:content\browser\renderer_host\media\media_stream_manager.cc:1519] MSM::CloseDevice({type=DEVICE_AUDIO_CAPTURE}, {session_id=B3E71D99A091A1996B6793D9090E7605})
[33072:0829/100918.252:VERBOSE1:content\browser\renderer_host\media\media_stream_manager.cc:1519] AIDM::Close({session_id=B3E71D99A091A1996B6793D9090E7605})
[33072:0829/100918.252:VERBOSE1:content\browser\renderer_host\media\media_stream_manager.cc:1519] MSM::DR::SetState({label=1548346f-8be5-4852-b0fa-dc873ecc25fa}, [requester_id=0], {stream_type=DEVICE_AUDIO_CAPTURE}, {new_state=STATE_CLOSING})
[33072:0829/100918.252:VERBOSE1:content\browser\renderer_host\media\media_stream_manager.cc:1519] MSM::DeleteRequest([label=1548346f-8be5-4852-b0fa-dc873ecc25fa])
[33072:0829/100918.252:VERBOSE1:content\browser\renderer_host\media\media_stream_manager.cc:1519] AIDM::Closed({session_id=B3E71D99A091A1996B6793D9090E7605})
[33072:0829/100918.252:VERBOSE1:content\browser\renderer_host\media\media_stream_manager.cc:1519] MSM::Closed({stream_type=DEVICE_AUDIO_CAPTURE}, {session_id=B3E71D99A091A1996B6793D9090E7605})
[33072:0829/100918.254:VERBOSE1:content\browser\renderer_host\media\media_stream_manager.cc:1519] AOC::Close([state=playing]) [id=6BF17C0996983147004D730869854848]
[33072:0829/100918.254:VERBOSE1:content\browser\renderer_host\media\media_stream_manager.cc:1519] AOC::StopStream => (duration=5 sec) [id=6BF17C0996983147004D730869854848]
[33072:0829/100918.254:VERBOSE1:content\browser\renderer_host\media\media_stream_manager.cc:1519] AOC::StopStream => (glitches=[duration (ms): 0, count: 0], glitch_percentage=0.000%) [id=6BF17C0996983147004D730869854848]
[33072:0829/100918.254:VERBOSE1:content\browser\renderer_host\media\media_stream_manager.cc:1519] AOC::StopStream => (error_during_callback=false) [id=6BF17C0996983147004D730869854848]
[33072:0829/100918.254:VERBOSE1:content\browser\renderer_host\media\media_stream_manager.cc:1519] AOC::StopStream => (average audio level=-inf dBFS) [id=6BF17C0996983147004D730869854848]
[33072:0829/100918.254:VERBOSE1:content\browser\renderer_host\media\media_stream_manager.cc:1519] AOC::Close => (state=closed) [id=6BF17C0996983147004D730869854848]
[33072:0829/100918.254:VERBOSE1:content\browser\renderer_host\media\media_stream_manager.cc:1519] audio::OS::Dtor => (completed, duration=0 ms) [id=071CC509A0425B6DD77AD8CE2719CCAC] [controller_id=6BF17C0996983147004D730869854848]
[33072:0829/100918.254:VERBOSE1:content\browser\renderer_host\media\media_stream_manager.cc:1519] ASR: number of detected audio glitches: 0 out of 535
[33072:0829/100918.254:VERBOSE1:content\browser\renderer_host\media\media_stream_manager.cc:1519] AOC::Close([state=playing]) [id=2538876A98A4AAB5190F41B6C17EBB40]
[33072:0829/100918.254:VERBOSE1:content\browser\renderer_host\media\media_stream_manager.cc:1519] AOC::StopStream => (duration=5 sec) [id=2538876A98A4AAB5190F41B6C17EBB40]
[33072:0829/100918.254:VERBOSE1:content\browser\renderer_host\media\media_stream_manager.cc:1519] AOC::StopStream => (glitches=[duration (ms): 0, count: 0], glitch_percentage=0.000%) [id=2538876A98A4AAB5190F41B6C17EBB40]
[33072:0829/100918.254:VERBOSE1:content\browser\renderer_host\media\media_stream_manager.cc:1519] AOC::StopStream => (error_during_callback=false) [id=2538876A98A4AAB5190F41B6C17EBB40]
[33072:0829/100918.254:VERBOSE1:content\browser\renderer_host\media\media_stream_manager.cc:1519] AOC::StopStream => (average audio level=-78.74 dBFS) [id=2538876A98A4AAB5190F41B6C17EBB40]
[33072:0829/100918.254:VERBOSE1:content\browser\renderer_host\media\media_stream_manager.cc:1519] AOC::Close => (state=closed) [id=2538876A98A4AAB5190F41B6C17EBB40]
[33072:0829/100918.254:VERBOSE1:content\browser\renderer_host\media\media_stream_manager.cc:1519] audio::OS::Dtor => (completed, duration=0 ms) [id=1E5FE758826E84C85A96E2D41B56FA61] [controller_id=2538876A98A4AAB5190F41B6C17EBB40]
[33072:0829/100918.254:VERBOSE1:content\browser\renderer_host\media\media_stream_manager.cc:1519] ASR: number of detected audio glitches: 0 out of 535
[33072:0829/100918.254:VERBOSE1:content\browser\renderer_host\media\media_stream_manager.cc:1519] OutputTapper: stop listening [id=AB4DD658A01D4B40CA8717B0C5BE138F]
[33072:0829/100918.254:VERBOSE1:content\browser\renderer_host\media\media_stream_manager.cc:1519] AIC::~ProcessingFifo() => (total_callbacks=632, total_overruns=0) [id=AB4DD658A01D4B40CA8717B0C5BE138F]
[33072:0829/100918.254:VERBOSE1:content\browser\renderer_host\media\media_stream_manager.cc:1519] AIC::Close => (stream duration=6 seconds) [id=AB4DD658A01D4B40CA8717B0C5BE138F]
[33072:0829/100918.254:VERBOSE1:content\browser\renderer_host\media\media_stream_manager.cc:1519] audio::IS::Dtor => (completed, duration=0 ms) [id=AB4DD658A01D4B40CA8717B0C5BE138F]
[33072:0829/100918.254:VERBOSE1:content\browser\renderer_host\media\media_stream_manager.cc:1519] AIC::Dtor => (duration=6 sec) [id=AB4DD658A01D4B40CA8717B0C5BE138F]
[33072:0829/100918.254:VERBOSE1:content\browser\renderer_host\media\media_stream_manager.cc:1519] AIC::Dtor => (glitches=[duration (ms): 0, count: 0], glitch_percentage=0.000%) [id=AB4DD658A01D4B40CA8717B0C5BE138F]
[33072:0829/100918.254:VERBOSE1:content\browser\renderer_host\media\media_stream_manager.cc:1519] AISW::~InputGlitchCounter => (number of detected audio glitches: 0 out of 632)  [id=2D11A3CD649C45885067216A45DD80D9]
[33072:0829/100918.258:VERBOSE1:content\browser\renderer_host\media\media_stream_manager.cc:1519] AOC::Close([state=playing]) [id=3C57A44751201E6F7119027D5B033084]
[33072:0829/100918.258:VERBOSE1:content\browser\renderer_host\media\media_stream_manager.cc:1519] AOC::StopStream => (duration=5 sec) [id=3C57A44751201E6F7119027D5B033084]
[33072:0829/100918.258:VERBOSE1:content\browser\renderer_host\media\media_stream_manager.cc:1519] AOC::StopStream => (glitches=[duration (ms): 0, count: 0], glitch_percentage=0.000%) [id=3C57A44751201E6F7119027D5B033084]
[33072:0829/100918.258:VERBOSE1:content\browser\renderer_host\media\media_stream_manager.cc:1519] AOC::StopStream => (error_during_callback=false) [id=3C57A44751201E6F7119027D5B033084]
[33072:0829/100918.258:VERBOSE1:content\browser\renderer_host\media\media_stream_manager.cc:1519] AOC::StopStream => (average audio level=-83.74 dBFS) [id=3C57A44751201E6F7119027D5B033084]
[33072:0829/100918.258:VERBOSE1:content\browser\renderer_host\media\media_stream_manager.cc:1519] AOC::Close => (state=closed) [id=3C57A44751201E6F7119027D5B033084]
[33072:0829/100918.258:VERBOSE1:content\browser\renderer_host\media\media_stream_manager.cc:1519] audio::OS::Dtor => (completed, duration=0 ms) [id=84388553E90BDE9F8CA4123399805FC2] [controller_id=3C57A44751201E6F7119027D5B033084]
[33072:0829/100918.258:VERBOSE1:content\browser\renderer_host\media\media_stream_manager.cc:1519] ASR: number of detected audio glitches: 0 out of 537
[33072:0829/100918.258:VERBOSE1:content\browser\renderer_host\media\media_stream_manager.cc:1519] AOC::Close([state=playing]) [id=E5466D0E22348A9979BE737CDCC664C0]
[33072:0829/100918.258:VERBOSE1:content\browser\renderer_host\media\media_stream_manager.cc:1519] AOC::StopStream => (duration=5 sec) [id=E5466D0E22348A9979BE737CDCC664C0]
[33072:0829/100918.259:VERBOSE1:content\browser\renderer_host\media\media_stream_manager.cc:1519] AOC::StopStream => (glitches=[duration (ms): 0, count: 0], glitch_percentage=0.000%) [id=E5466D0E22348A9979BE737CDCC664C0]
[33072:0829/100918.259:VERBOSE1:content\browser\renderer_host\media\media_stream_manager.cc:1519] AOC::StopStream => (error_during_callback=false) [id=E5466D0E22348A9979BE737CDCC664C0]
[33072:0829/100918.259:VERBOSE1:content\browser\renderer_host\media\media_stream_manager.cc:1519] AOC::StopStream => (average audio level=-inf dBFS) [id=E5466D0E22348A9979BE737CDCC664C0]
[33072:0829/100918.259:VERBOSE1:content\browser\renderer_host\media\media_stream_manager.cc:1519] AOC::Close => (state=closed) [id=E5466D0E22348A9979BE737CDCC664C0]
[33072:0829/100918.259:VERBOSE1:content\browser\renderer_host\media\media_stream_manager.cc:1519] audio::OS::Dtor => (completed, duration=0 ms) [id=4AD80694CF8D4EAE57E01952C7C27A15] [controller_id=E5466D0E22348A9979BE737CDCC664C0]
[33072:0829/100918.259:VERBOSE1:content\browser\renderer_host\media\media_stream_manager.cc:1519] ASR: number of detected audio glitches: 0 out of 539
[33072:0829/100918.259:VERBOSE1:content\browser\renderer_host\media\media_stream_manager.cc:1519] AOC::Close([state=playing]) [id=F877C528D43B17B1E3B0D93FAAD3D20A]
[33072:0829/100918.259:VERBOSE1:content\browser\renderer_host\media\media_stream_manager.cc:1519] AOC::StopStream => (duration=0 sec) [id=F877C528D43B17B1E3B0D93FAAD3D20A]
[33072:0829/100918.259:VERBOSE1:content\browser\renderer_host\media\media_stream_manager.cc:1519] AOC::StopStream => (glitches=[duration (ms): 0, count: 0], glitch_percentage=0.000%) [id=F877C528D43B17B1E3B0D93FAAD3D20A]
[33072:0829/100918.259:VERBOSE1:content\browser\renderer_host\media\media_stream_manager.cc:1519] AOC::StopStream => (error_during_callback=false) [id=F877C528D43B17B1E3B0D93FAAD3D20A]
[33072:0829/100918.259:VERBOSE1:content\browser\renderer_host\media\media_stream_manager.cc:1519] AOC::StopStream => (average audio level=-inf dBFS) [id=F877C528D43B17B1E3B0D93FAAD3D20A]
[33072:0829/100918.259:VERBOSE1:content\browser\renderer_host\media\media_stream_manager.cc:1519] AOC::Close => (state=closed) [id=F877C528D43B17B1E3B0D93FAAD3D20A]
[33072:0829/100918.259:VERBOSE1:content\browser\renderer_host\media\media_stream_manager.cc:1519] audio::OS::Dtor => (completed, duration=0 ms) [id=186F2412E983C900B41162E5732D3C75] [controller_id=F877C528D43B17B1E3B0D93FAAD3D20A]
[33072:0829/100918.259:VERBOSE1:content\browser\renderer_host\media\media_stream_manager.cc:1519] ASR: number of detected audio glitches: 0 out of 62
[33072:0829/100918.259:VERBOSE1:content\browser\renderer_host\media\media_stream_manager.cc:1519] MSM::CancelRequest({label=b9f2610c-b926-4758-a235-1132f4a9eff6})
[33072:0829/100918.259:VERBOSE1:content\browser\renderer_host\media\media_stream_manager.cc:1519] MSM::CloseDevice({type=DEVICE_AUDIO_CAPTURE}, {session_id=D3607DE16BE379BC3E38D1693F881DBF})
[33072:0829/100918.259:VERBOSE1:content\browser\renderer_host\media\media_stream_manager.cc:1519] AIDM::Close({session_id=D3607DE16BE379BC3E38D1693F881DBF})
[33072:0829/100918.259:VERBOSE1:content\browser\renderer_host\media\media_stream_manager.cc:1519] MSM::DR::SetState({label=b9f2610c-b926-4758-a235-1132f4a9eff6}, [requester_id=1], {stream_type=DEVICE_AUDIO_CAPTURE}, {new_state=STATE_CLOSING})
[33072:0829/100918.259:VERBOSE1:content\browser\renderer_host\media\media_stream_manager.cc:1519] MSM::DR::SetState({label=b9f2610c-b926-4758-a235-1132f4a9eff6}, [requester_id=1], {stream_type=NUM_MEDIA_TYPES}, {new_state=STATE_CLOSING})
[33072:0829/100918.259:VERBOSE1:content\browser\renderer_host\media\media_stream_manager.cc:1519] MSM::DeleteRequest([label=b9f2610c-b926-4758-a235-1132f4a9eff6])
[33072:0829/100918.259:VERBOSE1:content\browser\renderer_host\media\media_stream_manager.cc:1519] AIDM::Closed({session_id=D3607DE16BE379BC3E38D1693F881DBF})
[33072:0829/100918.259:VERBOSE1:content\browser\renderer_host\media\media_stream_manager.cc:1519] MSM::Closed({stream_type=DEVICE_AUDIO_CAPTURE}, {session_id=D3607DE16BE379BC3E38D1693F881DBF})
[33072:0829/100918.259:VERBOSE1:content\browser\renderer_host\media\media_stream_manager.cc:1519] OutputTapper: stop listening [id=53DC45F5F0B01658ADE708505588ED7F]
[33072:0829/100918.259:VERBOSE1:content\browser\renderer_host\media\media_stream_manager.cc:1519] AIC::~ProcessingFifo() => (total_callbacks=632, total_overruns=0) [id=53DC45F5F0B01658ADE708505588ED7F]
[33072:0829/100918.259:VERBOSE1:content\browser\renderer_host\media\media_stream_manager.cc:1519] AIC::Close => (stream duration=6 seconds) [id=53DC45F5F0B01658ADE708505588ED7F]
[33072:0829/100918.259:VERBOSE1:content\browser\renderer_host\media\media_stream_manager.cc:1519] audio::IS::Dtor => (completed, duration=1 ms) [id=53DC45F5F0B01658ADE708505588ED7F]
[33072:0829/100918.259:VERBOSE1:content\browser\renderer_host\media\media_stream_manager.cc:1519] AIC::Dtor => (duration=6 sec) [id=53DC45F5F0B01658ADE708505588ED7F]
[33072:0829/100918.259:VERBOSE1:content\browser\renderer_host\media\media_stream_manager.cc:1519] AIC::Dtor => (glitches=[duration (ms): 0, count: 0], glitch_percentage=0.000%) [id=53DC45F5F0B01658ADE708505588ED7F]
[33072:0829/100918.259:VERBOSE1:content\browser\renderer_host\media\media_stream_manager.cc:1519] AISW::~InputGlitchCounter => (number of detected audio glitches: 0 out of 632)  [id=BB7E137C5E98AD788C887FF41FA53509]
[33072:0829/100918.264:VERBOSE1:content\browser\renderer_host\media\media_stream_manager.cc:1519] WAOS[id=2E21DA456A592DB5A8E24C761E37D072]: Stop([started=true])
[33072:0829/100918.284:VERBOSE1:content\browser\renderer_host\media\media_stream_manager.cc:1519] WAOS[id=2E21DA456A592DB5A8E24C761E37D072]: ReportAndResetStats => (num_glitches_detected=[0], cumulative_audio_lost=[0 ms], largest_glitch=[0 ms])
[33072:0829/100918.351:INFO:services\tracing\public\cpp\startup_tracing_controller.cc:242] Completed startup tracing to C:\Projects\discord p2p\artifacts\probe-m150-b-screen-wgc.trace.json
[33072:0829/100918.396:VERBOSE1:content\browser\renderer_host\media\media_stream_manager.cc:1519] MDM::HandleDevicesChanged({type=AUDIO_INPUT}, {request_id=7})
[33072:0829/100918.396:VERBOSE1:content\browser\renderer_host\media\media_stream_manager.cc:1519] MDM::EnumerateSystemDevices({request_id=7}, {type=AUDIO_INPUT})
[33072:0829/100918.396:VERBOSE1:content\browser\renderer_host\media\media_stream_manager.cc:1519] MDM::DevicesEnumerated({request_id=7}, {type=AUDIO_INPUT}, {labels=[Fake Default Audio Input, Fake Audio Input 1, Fake Audio Input 2]})
[33072:0829/100918.407:VERBOSE1:content\browser\renderer_host\media\media_stream_manager.cc:1519] MDM::HandleDevicesChanged({type=VIDEO_INPUT}, {request_id=8})
[33072:0829/100918.407:VERBOSE1:content\browser\renderer_host\media\media_stream_manager.cc:1519] MDM::EnumerateSystemDevices({request_id=8}, {type=VIDEO_INPUT})
[33072:0829/100918.407:VERBOSE1:content\browser\renderer_host\media\media_stream_manager.cc:1519] video capture: VideoCaptureManager::EnumerateDevices
[33072:0829/100918.407:VERBOSE1:content\browser\renderer_host\media\media_stream_manager.cc:1519] video capture: ServiceVideoCaptureProvider::GetDeviceInfosAsync
[33072:0829/100918.447:VERBOSE1:content\browser\renderer_host\media\media_stream_manager.cc:1519] MDM::StopMonitoring({audio=true}, {video=true})
[33072:0829/100918.483:VERBOSE1:base\metrics\statistics_recorder.cc:631] Collections of all histograms
Histogram: Accessibility.InlineTextBoxes.PresentInUpdate recorded 8 samples, mean = 0.0 (flags = 0x1)
0  --------O                                                                 (8 = 100.0%)
1  ... 

Histogram: Accessibility.ManuallyEnabled recorded 1 samples, mean = 0.0 (flags = 0x1)
0  -O                                                                        (1 = 100.0%)
1  ... 

Histogram: Accessibility.Performance.AXTree.Destroy2 recorded 8 samples, mean = 0.0 (flags = 0x1)
0  --------O                                                                 (8 = 100.0%)
1  ... 

Histogram: Accessibility.Performance.Tree.Unserialize2 recorded 8 samples, mean = 2.4 (flags = 0x1)
0  O                                                                         (0 = 0.0%)
1  ---O                                                                      (3 = 37.5%) {0.0%}
2  --O                                                                       (2 = 25.0%) {37.5%}
3  -O                                                                        (1 = 12.5%) {62.5%}
4  -O                                                                        (1 = 12.5%) {75.0%}
5  -O                                                                        (1 = 12.5%) {87.5%}
7  ... 

Histogram: Accessibility.WinHighContrastTheme recorded 1 samples, mean = 0.0 (flags = 0x1)
0  -O                                                                        (1 = 100.0%)
1  ... 

Histogram: BackForwardCache.History.EntryMatch recorded 3 samples, mean = 0.0 (flags = 0x1)
0  ---O                                                                      (3 = 100.0%)
1  ... 

Histogram: BackForwardCache.NewPageNavHasPotentialMatch recorded 3 samples, mean = 0.0 (flags = 0x1)
0  ---O                                                                      (3 = 100.0%)
1  ... 

Histogram: BackForwardCache.NewPageNavHasPotentialMatchWithNoSubframes recorded 3 samples, mean = 0.0 (flags = 0x1)
0  ---O                                                                      (3 = 100.0%)
1  ... 

Histogram: BrowserRenderProcessHost.Cleanup.DelayReason recorded 6 samples, mean = 4.5 (flags = 0x1)
0  ---O                                                                      (3 = 50.0%)
1  ... 
9  ---O                                                                      (3 = 50.0%) {50.0%}
10 ... 

Histogram: BrowserRenderProcessHost.Cleanup.Total recorded 6 samples, mean = 1.0 (flags = 0x1)
0  O                                                                         (0 = 0.0%)
1  ------O                                                                   (6 = 100.0%) {0.0%}
2  O                                                                         (0 = 0.0%) {100.0%}

Histogram: BrowserRenderProcessHost.MaxOutermostMainFrames recorded 3 samples, mean = 1.0 (flags = 0x1)
0  O                                                                         (0 = 0.0%)
1  ---O                                                                      (3 = 100.0%) {0.0%}
2  ... 

Histogram: BrowserRenderProcessHost.NoSparePresentReason2 recorded 3 samples, mean = 4.7 (flags = 0x1)
0  ... 
3  --O                                                                       (2 = 66.7%) {0.0%}
4  ... 
8  -O                                                                        (1 = 33.3%) {66.7%}
9  ... 

Histogram: BrowserRenderProcessHost.NoSpareRenderer.AllocationSource.NotEnabled recorded 2 samples, mean = 0.0 (flags = 0x1)
0  --O                                                                       (2 = 100.0%)
1  ... 

Histogram: BrowserRenderProcessHost.NoSpareRenderer.AllocationSource.NotYetCreatedFirstLaunch recorded 1 samples, mean = 0.0 (flags = 0x1)
0  -O                                                                        (1 = 100.0%)
1  ... 

Histogram: BrowserRenderProcessHost.SiteInstanceRenderProcessAssignment recorded 3 samples, mean = 3.0 (flags = 0x1)
0  ... 
3  ---O                                                                      (3 = 100.0%) {0.0%}
4  O                                                                         (0 = 0.0%) {100.0%}

Histogram: BrowserRenderProcessHost.SpareProcessMaybeTakeAction recorded 3 samples, mean = 0.0 (flags = 0x1)
0  ---O                                                                      (3 = 100.0%)
1  ... 

Histogram: BrowserRenderProcessHost.SuspendedChild.KernelExecutionRecorded recorded 3 samples, mean = 0.0 (flags = 0x1)
0  ---O                                                                      (3 = 100.0%)
1  ... 

Histogram: BrowserRenderProcessHost.SuspendedChild.UserExecutionRecorded recorded 3 samples, mean = 0.0 (flags = 0x1)
0  ---O                                                                      (3 = 100.0%)
1  ... 

Histogram: BrowserScheduler.UIThread.TaskOffCpuDuration recorded 3 samples, mean = 1.0 (flags = 0x1)
0  -O                                                                        (1 = 33.3%)
1  -O                                                                        (1 = 33.3%) {33.3%}
2  -O                                                                        (1 = 33.3%) {66.7%}
3  ... 

Histogram: BrowserScheduler.UIThread.TaskOnCpuDuration recorded 3 samples, mean = 3.7 (flags = 0x1)
0  ... 
2  -O                                                                        (1 = 33.3%) {0.0%}
3  O                                                                         (0 = 0.0%) {33.3%}
4  -O                                                                        (1 = 33.3%) {33.3%}
5  -O                                                                        (1 = 33.3%) {66.7%}
6  ... 

Histogram: BrowserScheduler.UIThread.TaskOnCpuPercentage recorded 3 samples, mean = 83.0 (flags = 0x1)
0    ... 
66   -O                                                                        (1 = 33.3%) {0.0%}
67   ... 
83   -O                                                                        (1 = 33.3%) {33.3%}
84   ... 
100  -O                                                                        (1 = 33.3%) {66.7%}
101  O                                                                         (0 = 0.0%) {100.0%}

Histogram: Chrome.FontDataService.CreateResult recorded 14 samples, mean = 3.0 (flags = 0x1)
0  ... 
3  --------------O                                                           (14 = 100.0%) {0.0%}
4  ... 

Histogram: Chrome.FontDataService.EmptyPathOnGetFileHandle recorded 14 samples, mean = 0.0 (flags = 0x1)
0  --------------O                                                           (14 = 100.0%)
1  ... 

Histogram: Chrome.FontDataService.FileHandlePathReferencesParent recorded 14 samples, mean = 0.0 (flags = 0x1)
0  --------------O                                                           (14 = 100.0%)
1  ... 

Histogram: Chrome.FontDataService.InvokedIPC recorded 14 samples, mean = 0.4 (flags = 0x1)
0  ------------O                                                             (12 = 85.7%)
1  ... 
3  --O                                                                       (2 = 14.3%) {85.7%}
4  ... 

Histogram: Compositing.Browser.CompositorFrame.Quads recorded 17 samples, mean = 1.4 (flags = 0x1)
0  O                                                                         (0 = 0.0%)
1  ------------O                                                             (12 = 70.6%) {0.0%}
2  ----O                                                                     (4 = 23.5%) {70.6%}
3  -O                                                                        (1 = 5.9%) {94.1%}
4  ... 

Histogram: Compositing.Browser.LayersUpdateTime recorded 19 samples, mean = 29.4 (flags = 0x1)
0    ... 
3    -O                                                                        (1 = 5.3%) {0.0%}
4    ---O                                                                      (3 = 15.8%) {5.3%}
6    ---O                                                                      (3 = 15.8%) {21.1%}
8    -O                                                                        (1 = 5.3%) {36.8%}
11   --O                                                                       (2 = 10.5%) {42.1%}
15   --O                                                                       (2 = 10.5%) {52.6%}
21   -----O                                                                    (5 = 26.3%) {63.2%}
29   O                                                                         (0 = 0.0%) {89.5%}
40   -O                                                                        (1 = 5.3%) {89.5%}
55   ... 
282  -O                                                                        (1 = 5.3%) {94.7%}
391  ... 

Histogram: Compositing.ResourcePool.PeakMemoryUsage recorded 3 samples, mean = 0.3 (flags = 0x1)
0  --O                                                                       (2 = 66.7%)
1  -O                                                                        (1 = 33.3%) {66.7%}
2  ... 

Histogram: Compositing.ResourcePool.PeakMemoryUsage.NonZero recorded 1 samples, mean = 1.0 (flags = 0x1)
0  O                                                                         (0 = 0.0%)
1  -O                                                                        (1 = 100.0%) {0.0%}
2  ... 

Histogram: Compositing.ResourcePool.PeakResourceCount recorded 3 samples, mean = 0.3 (flags = 0x1)
0  --O                                                                       (2 = 66.7%)
1  -O                                                                        (1 = 33.3%) {66.7%}
2  ... 

Histogram: Cookie.FirstPartySets.Browser.DelayedQueriesCount recorded 1 samples, mean = 1.0 (flags = 0x1)
0  O                                                                         (0 = 0.0%)
1  -O                                                                        (1 = 100.0%) {0.0%}
2  ... 

Histogram: Cookie.FirstPartySets.Browser.MostDelayedQueryDelta recorded 1 samples, mean = 35.0 (flags = 0x1)
0   ... 
34  -O                                                                        (1 = 100.0%) {0.0%}
40  ... 

Histogram: Event.UserActivation.TriggerForSticky recorded 3 samples, mean = 1.0 (flags = 0x1)
0  O                                                                         (0 = 0.0%)
1  ---O                                                                      (3 = 100.0%) {0.0%}
2  ... 

Histogram: Extensions.WebRequest.DeclarativeRequestDependentExtensionCount recorded 20 samples, mean = 0.0 (flags = 0x1)
0  --------------------O                                                     (20 = 100.0%)
1  ... 

Histogram: Extensions.WebRequest.ProxyDecision2 recorded 20 samples, mean = 0.0 (flags = 0x1)
0  --------------------O                                                     (20 = 100.0%)
1  ... 

Histogram: Extensions.WebRequest.WebRequestDependentExtensionCount recorded 20 samples, mean = 0.0 (flags = 0x1)
0  --------------------O                                                     (20 = 100.0%)
1  ... 

Histogram: Extensions.WebRequest.WebViewDependentExtensionCount recorded 20 samples, mean = 0.0 (flags = 0x1)
0  --------------------O                                                     (20 = 100.0%)
1  ... 

Histogram: GPU.BlocklistEntriesApplied recorded 2 samples (flags = 0x1)
0    -O                                                                        (1 = 50.0%)
186  -O                                                                        (1 = 50.0%)

Histogram: GPU.BlocklistFeatureTestResults.Accelerated2dCanvas recorded 1 samples, mean = 0.0 (flags = 0x1)
0  -O                                                                        (1 = 100.0%)
1  ... 

Histogram: GPU.BlocklistFeatureTestResults.GpuCompositing recorded 1 samples, mean = 0.0 (flags = 0x1)
0  -O                                                                        (1 = 100.0%)
1  ... 

Histogram: GPU.BlocklistFeatureTestResults.GpuRasterization recorded 1 samples, mean = 0.0 (flags = 0x1)
0  -O                                                                        (1 = 100.0%)
1  ... 

Histogram: GPU.BlocklistFeatureTestResults.Webgl recorded 1 samples, mean = 0.0 (flags = 0x1)
0  -O                                                                        (1 = 100.0%)
1  ... 

Histogram: GPU.BlocklistFeatureTestResults.Webgl2 recorded 1 samples, mean = 0.0 (flags = 0x1)
0  -O                                                                        (1 = 100.0%)
1  ... 

Histogram: GPU.BlocklistFeatureTestResults.Webgpu recorded 1 samples, mean = 2.0 (flags = 0x1)
0  ... 
2  -O                                                                        (1 = 100.0%) {0.0%}
3  ... 

Histogram: GPU.CanvasOopRaster.OopRasterAndGpuAcceleration recorded 1 samples, mean = 0.0 (flags = 0x1)
0  -O                                                                        (1 = 100.0%)
1  ... 

Histogram: GPU.DriverBugTestResultsPerEntry recorded 6 samples (flags = 0x1)
0    -O                                                                        (1 = 16.7%)
17   -O                                                                        (1 = 16.7%)
165  -O                                                                        (1 = 16.7%)
206  -O                                                                        (1 = 16.7%)
256  -O                                                                        (1 = 16.7%)
426  -O                                                                        (1 = 16.7%)

Histogram: GPU.EstablishGpuChannel.Browser.InitAsyncLatency recorded 3 samples, mean = 4.0 (flags = 0x1)
0  ... 
3  -O                                                                        (1 = 33.3%) {0.0%}
4  -O                                                                        (1 = 33.3%) {33.3%}
5  -O                                                                        (1 = 33.3%) {66.7%}
6  ... 

Histogram: GPU.EstablishGpuChannel.Browser.RegularAsyncLatency recorded 1 samples, mean = 60.0 (flags = 0x1)
0   ... 
52  -O                                                                        (1 = 100.0%) {0.0%}
66  ... 

Histogram: GPU.GPUProcessLaunchTime recorded 1 samples, mean = 44.0 (flags = 0x1)
0   ... 
40  -O                                                                        (1 = 100.0%) {0.0%}
48  ... 

Histogram: GPU.GPUProcessTerminationStatus2 recorded 1 samples, mean = 4.0 (flags = 0x1)
0  ... 
4  -O                                                                        (1 = 100.0%) {0.0%}
5  ... 

Histogram: GPU.ProcessLifetime2 recorded 1 samples, mean = 7.0 (flags = 0x1)
0  ... 
7  -O                                                                        (1 = 100.0%) {0.0%}
9  ... 

Histogram: GPU.ProcessLifetimeEvents.HardwareAccelerated recorded 1 samples, mean = 0.0 (flags = 0x1)
0  -O                                                                        (1 = 100.0%)
1  ... 

Histogram: Graphics.Paint.UI.NormalizedInvalidatedArea recorded 2 samples, mean = 100000.0 (flags = 0x1)
0      ... 
94854  --O                                                                       (2 = 100.0%) {0.0%}
123452 ... 

Histogram: ImportantFile.FileReplaceResult.All recorded 4 samples, mean = 0.2 (flags = 0x1)
0  ---O                                                                      (3 = 75.0%)
1  -O                                                                        (1 = 25.0%) {75.0%}
2  ... 

Histogram: ImportantFile.FileReplaceResult.Local_State recorded 1 samples, mean = 0.0 (flags = 0x1)
0  -O                                                                        (1 = 100.0%)
1  ... 

Histogram: ImportantFile.FileReplaceResult.Preferences recorded 3 samples, mean = 0.3 (flags = 0x1)
0  --O                                                                       (2 = 66.7%)
1  -O                                                                        (1 = 33.3%) {66.7%}
2  ... 

Histogram: ImportantFile.FileReplaceRetryCount recorded 4 samples, mean = 0.2 (flags = 0x1)
0  ---O                                                                      (3 = 75.0%)
1  -O                                                                        (1 = 25.0%) {75.0%}
2  ... 

Histogram: ImportantFile.FileReplaceRetryCount2.All recorded 1 samples, mean = 1.0 (flags = 0x1)
0  O                                                                         (0 = 0.0%)
1  -O                                                                        (1 = 100.0%) {0.0%}
2  ... 

Histogram: ImportantFile.FileReplaceRetryCount2.Preferences recorded 1 samples, mean = 1.0 (flags = 0x1)
0  O                                                                         (0 = 0.0%)
1  -O                                                                        (1 = 100.0%) {0.0%}
2  ... 

Histogram: ImportantFile.SerializationDuration.All recorded 4 samples, mean = 0.0 (flags = 0x1)
0  ----O                                                                     (4 = 100.0%)
1  ... 

Histogram: ImportantFile.SerializationDuration.Local_State recorded 1 samples, mean = 0.0 (flags = 0x1)
0  -O                                                                        (1 = 100.0%)
1  ... 

Histogram: ImportantFile.SerializationDuration.Preferences recorded 3 samples, mean = 0.0 (flags = 0x1)
0  ---O                                                                      (3 = 100.0%)
1  ... 

Histogram: ImportantFile.WriteDuration.All recorded 4 samples, mean = 33.5 (flags = 0x1)
0    ... 
4    -O                                                                        (1 = 25.0%) {0.0%}
5    --O                                                                       (2 = 50.0%) {25.0%}
6    ... 
114  -O                                                                        (1 = 25.0%) {75.0%}
135  ... 

Histogram: ImportantFile.WriteDuration.Local_State recorded 1 samples, mean = 5.0 (flags = 0x1)
0  ... 
5  -O                                                                        (1 = 100.0%) {0.0%}
6  ... 

Histogram: ImportantFile.WriteDuration.Preferences recorded 3 samples, mean = 43.0 (flags = 0x1)
0    ... 
4    -O                                                                        (1 = 33.3%) {0.0%}
5    -O                                                                        (1 = 33.3%) {33.3%}
6    ... 
114  -O                                                                        (1 = 33.3%) {66.7%}
135  ... 

Histogram: IndexedDB.BackendDuration.BeginTransaction.InMemory recorded 18 samples, mean = 0.0 (flags = 0x1)
0  ------------------O                                                       (18 = 100.0%)
1  ... 

Histogram: IndexedDB.BackendDuration.ChangeDatabaseVersion.InMemory recorded 2 samples, mean = 0.0 (flags = 0x1)
0  --O                                                                       (2 = 100.0%)
1  ... 

Histogram: IndexedDB.BackendDuration.CloseBackingStore.InMemory recorded 2 samples, mean = 0.0 (flags = 0x1)
0  --O                                                                       (2 = 100.0%)
1  ... 

Histogram: IndexedDB.BackendDuration.CommitTransaction.InMemory recorded 18 samples, mean = 0.0 (flags = 0x1)
0  ------------------O                                                       (18 = 100.0%)
1  ... 

Histogram: IndexedDB.BackendDuration.CreateDatabase.InMemory recorded 2 samples, mean = 0.0 (flags = 0x1)
0  --O                                                                       (2 = 100.0%)
1  ... 

Histogram: IndexedDB.BackendDuration.CreateIndex.InMemory recorded 2 samples, mean = 0.0 (flags = 0x1)
0  --O                                                                       (2 = 100.0%)
1  ... 

Histogram: IndexedDB.BackendDuration.CreateObjectStore.InMemory recorded 6 samples, mean = 0.0 (flags = 0x1)
0  ------O                                                                   (6 = 100.0%)
1  ... 

Histogram: IndexedDB.BackendDuration.GetAllRecords.InMemory recorded 2 samples, mean = 0.0 (flags = 0x1)
0  --O                                                                       (2 = 100.0%)
1  ... 

Histogram: IndexedDB.BackendDuration.GetRecord.InMemory recorded 4 samples, mean = 0.0 (flags = 0x1)
0  ----O                                                                     (4 = 100.0%)
1  ... 

Histogram: IndexedDB.BackendDuration.OpenCursor.InMemory recorded 2 samples, mean = 0.0 (flags = 0x1)
0  --O                                                                       (2 = 100.0%)
1  ... 

Histogram: IndexedDB.BackendDuration.PutRecord.InMemory recorded 10 samples, mean = 0.0 (flags = 0x1)
0  ----------O                                                               (10 = 100.0%)
1  ... 

Histogram: IndexedDB.BackingStore.BeginTransaction.InMemory recorded 18 samples, mean = 0.0 (flags = 0x1)
0  ------------------O                                                       (18 = 100.0%)
1  ... 

Histogram: IndexedDB.BackingStore.ChangeDatabaseVersion.InMemory recorded 2 samples, mean = 0.0 (flags = 0x1)
0  --O                                                                       (2 = 100.0%)
1  ... 

Histogram: IndexedDB.BackingStore.CommitPhaseOne.InMemory recorded 18 samples, mean = 0.0 (flags = 0x1)
0  ------------------O                                                       (18 = 100.0%)
1  ... 

Histogram: IndexedDB.BackingStore.CommitPhaseTwo.InMemory recorded 18 samples, mean = 0.0 (flags = 0x1)
0  ------------------O                                                       (18 = 100.0%)
1  ... 

Histogram: IndexedDB.BackingStore.CreateIfMissing.InMemory recorded 2 samples, mean = 0.0 (flags = 0x1)
0  --O                                                                       (2 = 100.0%)
1  ... 

Histogram: IndexedDB.BackingStore.CreateIndex.InMemory recorded 2 samples, mean = 0.0 (flags = 0x1)
0  --O                                                                       (2 = 100.0%)
1  ... 

Histogram: IndexedDB.BackingStore.CreateObjectStore.InMemory recorded 6 samples, mean = 0.0 (flags = 0x1)
0  ------O                                                                   (6 = 100.0%)
1  ... 

Histogram: IndexedDB.BackingStore.CreateOrOpenDatabase.InMemory recorded 2 samples, mean = 0.0 (flags = 0x1)
0  --O                                                                       (2 = 100.0%)
1  ... 

Histogram: IndexedDB.BackingStore.GetAllRecords.InMemory recorded 2 samples, mean = 0.0 (flags = 0x1)
0  --O                                                                       (2 = 100.0%)
1  ... 

Histogram: IndexedDB.BackingStore.GetRecord.InMemory recorded 4 samples, mean = 0.0 (flags = 0x1)
0  ----O                                                                     (4 = 100.0%)
1  ... 

Histogram: IndexedDB.BackingStore.OpenCursor.InMemory recorded 2 samples, mean = 0.0 (flags = 0x1)
0  --O                                                                       (2 = 100.0%)
1  ... 

Histogram: IndexedDB.BackingStore.PutRecord.InMemory recorded 10 samples, mean = 0.0 (flags = 0x1)
0  ----------O                                                               (10 = 100.0%)
1  ... 

Histogram: IndexedDB.ContextShutdownDuration2 recorded 1 samples, mean = 0.0 (flags = 0x1)
0  -O                                                                        (1 = 100.0%)
1  ... 

Histogram: IndexedDB.CreateReadOnlyTransaction.NumTransactionsInConnection recorded 6 samples, mean = 1.5 (flags = 0x1)
0  --O                                                                       (2 = 33.3%)
1  --O                                                                       (2 = 33.3%) {33.3%}
2  O                                                                         (0 = 0.0%) {66.7%}
3  -O                                                                        (1 = 16.7%) {66.7%}
4  -O                                                                        (1 = 16.7%) {83.3%}
5  ... 

Histogram: IndexedDB.CreateReadOnlyTransaction.NumTransactionsInDatabase recorded 6 samples, mean = 1.5 (flags = 0x1)
0  --O                                                                       (2 = 33.3%)
1  --O                                                                       (2 = 33.3%) {33.3%}
2  O                                                                         (0 = 0.0%) {66.7%}
3  -O                                                                        (1 = 16.7%) {66.7%}
4  -O                                                                        (1 = 16.7%) {83.3%}
5  ... 

Histogram: IndexedDB.CreateReadWriteTransaction.NumTransactionsInConnection recorded 10 samples, mean = 2.0 (flags = 0x1)
0  --O                                                                       (2 = 20.0%)
1  -O                                                                        (1 = 10.0%) {20.0%}
2  ----O                                                                     (4 = 40.0%) {30.0%}
3  -O                                                                        (1 = 10.0%) {70.0%}
4  --O                                                                       (2 = 20.0%) {80.0%}
5  ... 

Histogram: IndexedDB.CreateReadWriteTransaction.NumTransactionsInDatabase recorded 10 samples, mean = 2.0 (flags = 0x1)
0  --O                                                                       (2 = 20.0%)
1  -O                                                                        (1 = 10.0%) {20.0%}
2  ----O                                                                     (4 = 40.0%) {30.0%}
3  -O                                                                        (1 = 10.0%) {70.0%}
4  --O                                                                       (2 = 20.0%) {80.0%}
5  ... 

Histogram: IndexedDB.CreateVersionChangeTransaction.NumTransactionsInConnection recorded 2 samples, mean = 0.0 (flags = 0x1)
0  --O                                                                       (2 = 100.0%)
1  ... 

Histogram: IndexedDB.CreateVersionChangeTransaction.NumTransactionsInDatabase recorded 2 samples, mean = 0.0 (flags = 0x1)
0  --O                                                                       (2 = 100.0%)
1  ... 

Histogram: IndexedDB.DatabaseConnectionOpenResult.InMemory recorded 4 samples, mean = 1.0 (flags = 0x1)
0  --O                                                                       (2 = 50.0%)
1  O                                                                         (0 = 0.0%) {50.0%}
2  --O                                                                       (2 = 50.0%) {50.0%}
3  ... 

Histogram: IndexedDB.QuotaCheckTime2.Success recorded 2 samples, mean = 0.0 (flags = 0x1)
0  --O                                                                       (2 = 100.0%)
1  ... 

Histogram: Input.PointerTypePrimary recorded 1 samples, mean = 2.0 (flags = 0x1)
0  ... 
2  -O                                                                        (1 = 100.0%) {0.0%}
3  O                                                                         (0 = 0.0%) {100.0%}

Histogram: Input.PointerTypesAll recorded 1 samples, mean = 2.0 (flags = 0x1)
0  ... 
2  -O                                                                        (1 = 100.0%) {0.0%}
3  ... 

Histogram: LevelDBEnv.DeleteTableBackupFile recorded 0 samples (flags = 0x1)
0 ... 

Histogram: LevelDBEnv.SyncResult recorded 4 samples, mean = 0.0 (flags = 0x1)
0  ----O                                                                     (4 = 100.0%)
1  ... 

Histogram: LevelDBWrapper.CommitDelay recorded 4 samples, mean = 29026.8 (flags = 0x1)
0      ... 
4516   --O                                                                       (2 = 50.0%) {0.0%}
6118   ... 
51267  --O                                                                       (2 = 50.0%) {50.0%}
69459  ... 

Histogram: LocalStorage.DatabaseOnDiskSizeKB recorded 1 samples, mean = 0.0 (flags = 0x1)
0  -O                                                                        (1 = 100.0%)
1000... 

Histogram: MPArch.ChildProcessLaunchFirst recorded 1 samples, mean = 13.0 (flags = 0x1)
0   ... 
12  -O                                                                        (1 = 100.0%) {0.0%}
14  ... 

Histogram: MPArch.ChildProcessLaunchSubsequent recorded 7 samples, mean = 13.7 (flags = 0x1)
0   ... 
12  ----O                                                                     (4 = 57.1%) {0.0%}
14  --O                                                                       (2 = 28.6%) {57.1%}
17  -O                                                                        (1 = 14.3%) {85.7%}
20  ... 

Histogram: MPArch.ChildProcessLauncher.Notify recorded 8 samples, mean = 20.6 (flags = 0x1)
0   ... 
12  --O                                                                       (2 = 25.0%) {0.0%}
14  ----O                                                                     (4 = 50.0%) {25.0%}
17  ... 
34  -O                                                                        (1 = 12.5%) {75.0%}
40  -O                                                                        (1 = 12.5%) {87.5%}
48  ... 

Histogram: MPArch.ChildProcessLauncher.PreLaunchDelay recorded 8 samples, mean = 0.0 (flags = 0x1)
0  --------O                                                                 (8 = 100.0%)
1  ... 

Histogram: Media.Audible.ConcurrentTabsTime recorded 10 samples, mean = 315.9 (flags = 0x1)
0    ... 
160  --O                                                                       (2 = 20.0%) {0.0%}
217  ----O                                                                     (4 = 40.0%) {20.0%}
294  --O                                                                       (2 = 20.0%) {60.0%}
398  -O                                                                        (1 = 10.0%) {80.0%}
539  -O                                                                        (1 = 10.0%) {90.0%}
730  ... 

Histogram: Media.Audible.ConcurrentTabsWhenStarting recorded 20 samples, mean = 0.5 (flags = 0x1)
0  ----------O                                                               (10 = 50.0%)
1  ----------O                                                               (10 = 50.0%) {50.0%}
2  ... 

Histogram: Media.Audible.MaxConcurrentTabsInSession recorded 2 samples, mean = 1.5 (flags = 0x1)
0  O                                                                         (0 = 0.0%)
1  -O                                                                        (1 = 50.0%) {0.0%}
2  -O                                                                        (1 = 50.0%) {50.0%}
3  ... 

Histogram: Media.Audio.OutputDeviceAuthorizationTime recorded 19 samples, mean = 6.1 (flags = 0x1)
0   ... 
3   --O                                                                       (2 = 10.5%) {0.0%}
4   ------O                                                                   (6 = 31.6%) {10.5%}
5   --O                                                                       (2 = 10.5%) {42.1%}
6   -O                                                                        (1 = 5.3%) {52.6%}
7   ----O                                                                     (4 = 21.1%) {57.9%}
8   --O                                                                       (2 = 10.5%) {78.9%}
9   O                                                                         (0 = 0.0%) {89.5%}
11  -O                                                                        (1 = 5.3%) {89.5%}
13  -O                                                                        (1 = 5.3%) {94.7%}
15  ... 

Histogram: Media.MediaDevicesManager.VideoDeviceEnumeration.Result recorded 1 samples, mean = 0.0 (flags = 0x1)
0  -O                                                                        (1 = 100.0%)
1  ... 

Histogram: Media.MediaDevicesManager.VideoDeviceEnumeration.Start recorded 2 samples, mean = 1.0 (flags = 0x1)
0  O                                                                         (0 = 0.0%)
1  --O                                                                       (2 = 100.0%) {0.0%}
2  O                                                                         (0 = 0.0%) {100.0%}

Histogram: Media.Session.ActiveTime recorded 4 samples, mean = 362.2 (flags = 0x1)
0    ... 
294  ---O                                                                      (3 = 75.0%) {0.0%}
398  -O                                                                        (1 = 25.0%) {75.0%}
539  ... 

Histogram: Media.VideoCapture.AspectRatio recorded 1 samples (flags = 0x1)
177  -O                                                                        (1 = 100.0%)

Histogram: Media.VideoCapture.DelayUntilFirstFrame recorded 1 samples, mean = 272.0 (flags = 0x1)
0    ... 
268  -O                                                                        (1 = 100.0%) {0.0%}
318  ... 

Histogram: Media.VideoCapture.FrameRate recorded 1 samples, mean = 60.0 (flags = 0x1)
0   ... 
49  -O                                                                        (1 = 100.0%) {0.0%}
65  ... 

Histogram: Media.VideoCapture.Height recorded 1 samples, mean = 720.0 (flags = 0x1)
0    ... 
590  -O                                                                        (1 = 100.0%) {0.0%}
777  ... 

Histogram: Media.VideoCapture.StreamShared recorded 1 samples, mean = 0.0 (flags = 0x1)
0  -O                                                                        (1 = 100.0%)
1  ... 

Histogram: Media.VideoCapture.Width recorded 1 samples, mean = 1280.0 (flags = 0x1)
0     ... 
1023  -O                                                                        (1 = 100.0%) {0.0%}
1347  ... 

Histogram: Media.VideoCaptureManager.DesktopCaptureImplementationAndType recorded 1 samples, mean = 17.0 (flags = 0x1)
0   ... 
17  -O                                                                        (1 = 100.0%) {0.0%}
18  ... 

Histogram: Media.VideoEncoder.WebRTC.HW.Area recorded 2 samples, mean = 7200.0 (flags = 0x1)
0     ... 
4053  -O                                                                        (1 = 50.0%) {0.0%}
5338  O                                                                         (0 = 0.0%) {50.0%}
7031  -O                                                                        (1 = 50.0%) {50.0%}
9260  ... 

Histogram: Media.VideoEncoder.WebRTC.HW.Frames recorded 2 samples, mean = 1.0 (flags = 0x1)
0  O                                                                         (0 = 0.0%)
1  --O                                                                       (2 = 100.0%) {0.0%}
2  ... 

Histogram: Media.VideoEncoder.WebRTC.HW.Height recorded 2 samples, mean = 630.0 (flags = 0x1)
0    ... 
533  -O                                                                        (1 = 50.0%) {0.0%}
633  -O                                                                        (1 = 50.0%) {50.0%}
752  ... 

Histogram: Media.VideoEncoder.WebRTC.HW.Profile recorded 2 samples, mean = 0.0 (flags = 0x1)
0  --O                                                                       (2 = 100.0%)
1  ... 

Histogram: Media.VideoEncoder.WebRTC.HW.SVC recorded 2 samples, mean = 0.0 (flags = 0x1)
0  --O                                                                       (2 = 100.0%)
1  ... 

Histogram: Media.VideoEncoder.WebRTC.HW.Status recorded 2 samples, mean = 0.0 (flags = 0x1)
0  --O                                                                       (2 = 100.0%)
1  ... 

Histogram: Media.VideoEncoder.WebRTC.HW.Width recorded 2 samples, mean = 1120.0 (flags = 0x1)
0     ... 
894   -O                                                                        (1 = 50.0%) {0.0%}
1062  O                                                                         (0 = 0.0%) {50.0%}
1262  -O                                                                        (1 = 50.0%) {50.0%}
1500  ... 

Histogram: Memory.CommitAvailableMB recorded 1 samples, mean = 16409.0 (flags = 0x1)
0      ... 
14319  -O                                                                        (1 = 100.0%) {0.0%}
19866  ... 

Histogram: Memory.CommitLimitMB recorded 1 samples, mean = 38348.0 (flags = 0x1)
0      ... 
38240  -O                                                                        (1 = 100.0%) {0.0%}
53055  ... 

Histogram: Memory.CommitPercentageUsed recorded 1 samples, mean = 58.0 (flags = 0x1)
0   ... 
58  -O                                                                        (1 = 100.0%) {0.0%}
59  ... 

Histogram: Memory.Dump.Type.AllDetailLevels recorded 3 samples, mean = 2.0 (flags = 0x1)
0  ... 
2  ---O                                                                      (3 = 100.0%) {0.0%}
3  O                                                                         (0 = 0.0%) {100.0%}

Histogram: Memory.Dump.Type.Background recorded 3 samples, mean = 2.0 (flags = 0x1)
0  ... 
2  ---O                                                                      (3 = 100.0%) {0.0%}
3  O                                                                         (0 = 0.0%) {100.0%}

Histogram: Memory.DumpProvider.Count.AllDetailLevels.AXPlatformNode recorded 3 samples, mean = 1.0 (flags = 0x1)
0  O                                                                         (0 = 0.0%)
1  ---O                                                                      (3 = 100.0%) {0.0%}
2  ... 

Histogram: Memory.DumpProvider.Count.AllDetailLevels.AXPlatformNodeWin recorded 3 samples, mean = 1.0 (flags = 0x1)
0  O                                                                         (0 = 0.0%)
1  ---O                                                                      (3 = 100.0%) {0.0%}
2  ... 

Histogram: Memory.DumpProvider.Count.AllDetailLevels.AllProviders recorded 72 samples, mean = 2.0 (flags = 0x1)
0  O                                                                         (0 = 0.0%)
1  ---------------------------------------O                                  (39 = 54.2%) {0.0%}
2  ---------O                                                                (9 = 12.5%) {54.2%}
3  ------------------O                                                       (18 = 25.0%) {66.7%}
4  O                                                                         (0 = 0.0%) {91.7%}
5  ------O                                                                   (6 = 8.3%) {91.7%}
6  ... 

Histogram: Memory.DumpProvider.Count.AllDetailLevels.BlobStorageContext recorded 3 samples, mean = 3.0 (flags = 0x1)
0  ... 
3  ---O                                                                      (3 = 100.0%) {0.0%}
4  ... 

Histogram: Memory.DumpProvider.Count.AllDetailLevels.BucketContext recorded 3 samples, mean = 2.0 (flags = 0x1)
0  ... 
2  ---O                                                                      (3 = 100.0%) {0.0%}
3  ... 

Histogram: Memory.DumpProvider.Count.AllDetailLevels.ContextProviderCommandBuffer recorded 3 samples, mean = 2.0 (flags = 0x1)
0  ... 
2  ---O                                                                      (3 = 100.0%) {0.0%}
3  ... 

Histogram: Memory.DumpProvider.Count.AllDetailLevels.DiscardableSharedMemoryManager recorded 3 samples, mean = 1.0 (flags = 0x1)
0  O                                                                         (0 = 0.0%)
1  ---O                                                                      (3 = 100.0%) {0.0%}
2  ... 

Histogram: Memory.DumpProvider.Count.AllDetailLevels.FrameEvictionManager recorded 3 samples, mean = 1.0 (flags = 0x1)
0  O                                                                         (0 = 0.0%)
1  ---O                                                                      (3 = 100.0%) {0.0%}
2  ... 

Histogram: Memory.DumpProvider.Count.AllDetailLevels.IPCChannel recorded 3 samples, mean = 1.0 (flags = 0x1)
0  O                                                                         (0 = 0.0%)
1  ---O                                                                      (3 = 100.0%) {0.0%}
2  ... 

Histogram: Memory.DumpProvider.Count.AllDetailLevels.IndexedDBBackingStore recorded 3 samples, mean = 2.0 (flags = 0x1)
0  ... 
2  ---O                                                                      (3 = 100.0%) {0.0%}
3  ... 

Histogram: Memory.DumpProvider.Count.AllDetailLevels.LevelDB recorded 3 samples, mean = 1.0 (flags = 0x1)
0  O                                                                         (0 = 0.0%)
1  ---O                                                                      (3 = 100.0%) {0.0%}
2  ... 

Histogram: Memory.DumpProvider.Count.AllDetailLevels.LocalStorage recorded 3 samples, mean = 3.0 (flags = 0x1)
0  ... 
3  ---O                                                                      (3 = 100.0%) {0.0%}
4  ... 

Histogram: Memory.DumpProvider.Count.AllDetailLevels.Malloc recorded 3 samples, mean = 1.0 (flags = 0x1)
0  O                                                                         (0 = 0.0%)
1  ---O                                                                      (3 = 100.0%) {0.0%}
2  ... 

Histogram: Memory.DumpProvider.Count.AllDetailLevels.MojoLevelDB recorded 3 samples, mean = 5.0 (flags = 0x1)
0  ... 
5  ---O                                                                      (3 = 100.0%) {0.0%}
6  ... 

Histogram: Memory.DumpProvider.Count.AllDetailLevels.PartitionAlloc.AddressSpace recorded 3 samples, mean = 1.0 (flags = 0x1)
0  O                                                                         (0 = 0.0%)
1  ---O                                                                      (3 = 100.0%) {0.0%}
2  ... 

Histogram: Memory.DumpProvider.Count.AllDetailLevels.SessionStorage recorded 3 samples, mean = 3.0 (flags = 0x1)
0  ... 
3  ---O                                                                      (3 = 100.0%) {0.0%}
4  ... 

Histogram: Memory.DumpProvider.Count.AllDetailLevels.SharedMemoryTracker recorded 3 samples, mean = 1.0 (flags = 0x1)
0  O                                                                         (0 = 0.0%)
1  ---O                                                                      (3 = 100.0%) {0.0%}
2  ... 

Histogram: Memory.DumpProvider.Count.AllDetailLevels.Skia recorded 3 samples, mean = 1.0 (flags = 0x1)
0  O                                                                         (0 = 0.0%)
1  ---O                                                                      (3 = 100.0%) {0.0%}
2  ... 

Histogram: Memory.DumpProvider.Count.AllDetailLevels.Sql recorded 3 samples, mean = 1.0 (flags = 0x1)
0  O                                                                         (0 = 0.0%)
1  ---O                                                                      (3 = 100.0%) {0.0%}
2  ... 

Histogram: Memory.DumpProvider.Count.AllDetailLevels.TileManager recorded 3 samples, mean = 3.0 (flags = 0x1)
0  ... 
3  ---O                                                                      (3 = 100.0%) {0.0%}
4  ... 

Histogram: Memory.DumpProvider.Count.AllDetailLevels.V8Isolate recorded 3 samples, mean = 1.0 (flags = 0x1)
0  O                                                                         (0 = 0.0%)
1  ---O                                                                      (3 = 100.0%) {0.0%}
2  ... 

Histogram: Memory.DumpProvider.Count.AllDetailLevels.V8SharedMemory recorded 3 samples, mean = 1.0 (flags = 0x1)
0  O                                                                         (0 = 0.0%)
1  ---O                                                                      (3 = 100.0%) {0.0%}
2  ... 

Histogram: Memory.DumpProvider.Count.AllDetailLevels.cc__GpuImageDecodeCache recorded 3 samples, mean = 3.0 (flags = 0x1)
0  ... 
3  ---O                                                                      (3 = 100.0%) {0.0%}
4  ... 

Histogram: Memory.DumpProvider.Count.AllDetailLevels.cc__ResourcePool recorded 3 samples, mean = 3.0 (flags = 0x1)
0  ... 
3  ---O                                                                      (3 = 100.0%) {0.0%}
4  ... 

Histogram: Memory.DumpProvider.Count.AllDetailLevels.sql__Database recorded 3 samples, mean = 5.0 (flags = 0x1)
0  ... 
5  ---O                                                                      (3 = 100.0%) {0.0%}
6  ... 

Histogram: Memory.DumpProvider.Count.Background.AXPlatformNode recorded 3 samples, mean = 1.0 (flags = 0x1)
0  O                                                                         (0 = 0.0%)
1  ---O                                                                      (3 = 100.0%) {0.0%}
2  ... 

Histogram: Memory.DumpProvider.Count.Background.AXPlatformNodeWin recorded 3 samples, mean = 1.0 (flags = 0x1)
0  O                                                                         (0 = 0.0%)
1  ---O                                                                      (3 = 100.0%) {0.0%}
2  ... 

Histogram: Memory.DumpProvider.Count.Background.AllProviders recorded 72 samples, mean = 2.0 (flags = 0x1)
0  O                                                                         (0 = 0.0%)
1  ---------------------------------------O                                  (39 = 54.2%) {0.0%}
2  ---------O                                                                (9 = 12.5%) {54.2%}
3  ------------------O                                                       (18 = 25.0%) {66.7%}
4  O                                                                         (0 = 0.0%) {91.7%}
5  ------O                                                                   (6 = 8.3%) {91.7%}
6  ... 

Histogram: Memory.DumpProvider.Count.Background.BlobStorageContext recorded 3 samples, mean = 3.0 (flags = 0x1)
0  ... 
3  ---O                                                                      (3 = 100.0%) {0.0%}
4  ... 

Histogram: Memory.DumpProvider.Count.Background.BucketContext recorded 3 samples, mean = 2.0 (flags = 0x1)
0  ... 
2  ---O                                                                      (3 = 100.0%) {0.0%}
3  ... 

Histogram: Memory.DumpProvider.Count.Background.ContextProviderCommandBuffer recorded 3 samples, mean = 2.0 (flags = 0x1)
0  ... 
2  ---O                                                                      (3 = 100.0%) {0.0%}
3  ... 

Histogram: Memory.DumpProvider.Count.Background.DiscardableSharedMemoryManager recorded 3 samples, mean = 1.0 (flags = 0x1)
0  O                                                                         (0 = 0.0%)
1  ---O                                                                      (3 = 100.0%) {0.0%}
2  ... 

Histogram: Memory.DumpProvider.Count.Background.FrameEvictionManager recorded 3 samples, mean = 1.0 (flags = 0x1)
0  O                                                                         (0 = 0.0%)
1  ---O                                                                      (3 = 100.0%) {0.0%}
2  ... 

Histogram: Memory.DumpProvider.Count.Background.IPCChannel recorded 3 samples, mean = 1.0 (flags = 0x1)
0  O                                                                         (0 = 0.0%)
1  ---O                                                                      (3 = 100.0%) {0.0%}
2  ... 

Histogram: Memory.DumpProvider.Count.Background.IndexedDBBackingStore recorded 3 samples, mean = 2.0 (flags = 0x1)
0  ... 
2  ---O                                                                      (3 = 100.0%) {0.0%}
3  ... 

Histogram: Memory.DumpProvider.Count.Background.LevelDB recorded 3 samples, mean = 1.0 (flags = 0x1)
0  O                                                                         (0 = 0.0%)
1  ---O                                                                      (3 = 100.0%) {0.0%}
2  ... 

Histogram: Memory.DumpProvider.Count.Background.LocalStorage recorded 3 samples, mean = 3.0 (flags = 0x1)
0  ... 
3  ---O                                                                      (3 = 100.0%) {0.0%}
4  ... 

Histogram: Memory.DumpProvider.Count.Background.Malloc recorded 3 samples, mean = 1.0 (flags = 0x1)
0  O                                                                         (0 = 0.0%)
1  ---O                                                                      (3 = 100.0%) {0.0%}
2  ... 

Histogram: Memory.DumpProvider.Count.Background.MojoLevelDB recorded 3 samples, mean = 5.0 (flags = 0x1)
0  ... 
5  ---O                                                                      (3 = 100.0%) {0.0%}
6  ... 

Histogram: Memory.DumpProvider.Count.Background.PartitionAlloc.AddressSpace recorded 3 samples, mean = 1.0 (flags = 0x1)
0  O                                                                         (0 = 0.0%)
1  ---O                                                                      (3 = 100.0%) {0.0%}
2  ... 

Histogram: Memory.DumpProvider.Count.Background.SessionStorage recorded 3 samples, mean = 3.0 (flags = 0x1)
0  ... 
3  ---O                                                                      (3 = 100.0%) {0.0%}
4  ... 

Histogram: Memory.DumpProvider.Count.Background.SharedMemoryTracker recorded 3 samples, mean = 1.0 (flags = 0x1)
0  O                                                                         (0 = 0.0%)
1  ---O                                                                      (3 = 100.0%) {0.0%}
2  ... 

Histogram: Memory.DumpProvider.Count.Background.Skia recorded 3 samples, mean = 1.0 (flags = 0x1)
0  O                                                                         (0 = 0.0%)
1  ---O                                                                      (3 = 100.0%) {0.0%}
2  ... 

Histogram: Memory.DumpProvider.Count.Background.Sql recorded 3 samples, mean = 1.0 (flags = 0x1)
0  O                                                                         (0 = 0.0%)
1  ---O                                                                      (3 = 100.0%) {0.0%}
2  ... 

Histogram: Memory.DumpProvider.Count.Background.TileManager recorded 3 samples, mean = 3.0 (flags = 0x1)
0  ... 
3  ---O                                                                      (3 = 100.0%) {0.0%}
4  ... 

Histogram: Memory.DumpProvider.Count.Background.V8Isolate recorded 3 samples, mean = 1.0 (flags = 0x1)
0  O                                                                         (0 = 0.0%)
1  ---O                                                                      (3 = 100.0%) {0.0%}
2  ... 

Histogram: Memory.DumpProvider.Count.Background.V8SharedMemory recorded 3 samples, mean = 1.0 (flags = 0x1)
0  O                                                                         (0 = 0.0%)
1  ---O                                                                      (3 = 100.0%) {0.0%}
2  ... 

Histogram: Memory.DumpProvider.Count.Background.cc__GpuImageDecodeCache recorded 3 samples, mean = 3.0 (flags = 0x1)
0  ... 
3  ---O                                                                      (3 = 100.0%) {0.0%}
4  ... 

Histogram: Memory.DumpProvider.Count.Background.cc__ResourcePool recorded 3 samples, mean = 3.0 (flags = 0x1)
0  ... 
3  ---O                                                                      (3 = 100.0%) {0.0%}
4  ... 

Histogram: Memory.DumpProvider.Count.Background.sql__Database recorded 3 samples, mean = 5.0 (flags = 0x1)
0  ... 
5  ---O                                                                      (3 = 100.0%) {0.0%}
6  ... 

Histogram: Memory.DumpProvider.FinalStatus.AllDetailLevels.AXPlatformNode recorded 3 samples, mean = 5.0 (flags = 0x1)
0  ... 
5  ---O                                                                      (3 = 100.0%) {0.0%}
6  ... 

Histogram: Memory.DumpProvider.FinalStatus.AllDetailLevels.AXPlatformNodeWin recorded 3 samples, mean = 5.0 (flags = 0x1)
0  ... 
5  ---O                                                                      (3 = 100.0%) {0.0%}
6  ... 

Histogram: Memory.DumpProvider.FinalStatus.AllDetailLevels.AllProviders recorded 141 samples, mean = 4.3 (flags = 0x1)
0  ... 
3  -----------------------------------------O                                (51 = 36.2%) {0.0%}
4  O                                                                         (0 = 0.0%) {36.2%}
5  ------------------------------------------------------------------------O (90 = 63.8%) {36.2%}
6  ... 

Histogram: Memory.DumpProvider.FinalStatus.AllDetailLevels.BlobStorageContext recorded 9 samples, mean = 5.0 (flags = 0x1)
0  ... 
5  ---------O                                                                (9 = 100.0%) {0.0%}
6  ... 

Histogram: Memory.DumpProvider.FinalStatus.AllDetailLevels.BucketContext recorded 6 samples, mean = 3.0 (flags = 0x1)
0  ... 
3  ------O                                                                   (6 = 100.0%) {0.0%}
4  ... 

Histogram: Memory.DumpProvider.FinalStatus.AllDetailLevels.ContextProviderCommandBuffer recorded 6 samples, mean = 5.0 (flags = 0x1)
0  ... 
5  ------O                                                                   (6 = 100.0%) {0.0%}
6  ... 

Histogram: Memory.DumpProvider.FinalStatus.AllDetailLevels.DiscardableSharedMemoryManager recorded 3 samples, mean = 5.0 (flags = 0x1)
0  ... 
5  ---O                                                                      (3 = 100.0%) {0.0%}
6  ... 

Histogram: Memory.DumpProvider.FinalStatus.AllDetailLevels.FrameEvictionManager recorded 3 samples, mean = 5.0 (flags = 0x1)
0  ... 
5  ---O                                                                      (3 = 100.0%) {0.0%}
6  ... 

Histogram: Memory.DumpProvider.FinalStatus.AllDetailLevels.IPCChannel recorded 3 samples, mean = 5.0 (flags = 0x1)
0  ... 
5  ---O                                                                      (3 = 100.0%) {0.0%}
6  ... 

Histogram: Memory.DumpProvider.FinalStatus.AllDetailLevels.IndexedDBBackingStore recorded 6 samples, mean = 5.0 (flags = 0x1)
0  ... 
5  ------O                                                                   (6 = 100.0%) {0.0%}
6  ... 

Histogram: Memory.DumpProvider.FinalStatus.AllDetailLevels.LevelDB recorded 3 samples, mean = 5.0 (flags = 0x1)
0  ... 
5  ---O                                                                      (3 = 100.0%) {0.0%}
6  ... 

Histogram: Memory.DumpProvider.FinalStatus.AllDetailLevels.LocalStorage recorded 9 samples, mean = 5.0 (flags = 0x1)
0  ... 
5  ---------O                                                                (9 = 100.0%) {0.0%}
6  ... 

Histogram: Memory.DumpProvider.FinalStatus.AllDetailLevels.Malloc recorded 3 samples, mean = 5.0 (flags = 0x1)
0  ... 
5  ---O                                                                      (3 = 100.0%) {0.0%}
6  ... 

Histogram: Memory.DumpProvider.FinalStatus.AllDetailLevels.MojoLevelDB recorded 15 samples, mean = 5.0 (flags = 0x1)
0  ... 
5  ---------------O                                                          (15 = 100.0%) {0.0%}
6  ... 

Histogram: Memory.DumpProvider.FinalStatus.AllDetailLevels.PartitionAlloc.AddressSpace recorded 3 samples, mean = 5.0 (flags = 0x1)
0  ... 
5  ---O                                                                      (3 = 100.0%) {0.0%}
6  ... 

Histogram: Memory.DumpProvider.FinalStatus.AllDetailLevels.SessionStorage recorded 9 samples, mean = 3.0 (flags = 0x1)
0  ... 
3  ---------O                                                                (9 = 100.0%) {0.0%}
4  ... 

Histogram: Memory.DumpProvider.FinalStatus.AllDetailLevels.SharedMemoryTracker recorded 3 samples, mean = 5.0 (flags = 0x1)
0  ... 
5  ---O                                                                      (3 = 100.0%) {0.0%}
6  ... 

Histogram: Memory.DumpProvider.FinalStatus.AllDetailLevels.Skia recorded 3 samples, mean = 5.0 (flags = 0x1)
0  ... 
5  ---O                                                                      (3 = 100.0%) {0.0%}
6  ... 

Histogram: Memory.DumpProvider.FinalStatus.AllDetailLevels.Sql recorded 3 samples, mean = 5.0 (flags = 0x1)
0  ... 
5  ---O                                                                      (3 = 100.0%) {0.0%}
6  ... 

Histogram: Memory.DumpProvider.FinalStatus.AllDetailLevels.TileManager recorded 9 samples, mean = 3.0 (flags = 0x1)
0  ... 
3  ---------O                                                                (9 = 100.0%) {0.0%}
4  ... 

Histogram: Memory.DumpProvider.FinalStatus.AllDetailLevels.V8Isolate recorded 3 samples, mean = 5.0 (flags = 0x1)
0  ... 
5  ---O                                                                      (3 = 100.0%) {0.0%}
6  ... 

Histogram: Memory.DumpProvider.FinalStatus.AllDetailLevels.V8SharedMemory recorded 3 samples, mean = 3.0 (flags = 0x1)
0  ... 
3  ---O                                                                      (3 = 100.0%) {0.0%}
4  ... 

Histogram: Memory.DumpProvider.FinalStatus.AllDetailLevels.cc__GpuImageDecodeCache recorded 9 samples, mean = 3.0 (flags = 0x1)
0  ... 
3  ---------O                                                                (9 = 100.0%) {0.0%}
4  ... 

Histogram: Memory.DumpProvider.FinalStatus.AllDetailLevels.cc__ResourcePool recorded 9 samples, mean = 5.0 (flags = 0x1)
0  ... 
5  ---------O                                                                (9 = 100.0%) {0.0%}
6  ... 

Histogram: Memory.DumpProvider.FinalStatus.AllDetailLevels.sql__Database recorded 15 samples, mean = 3.0 (flags = 0x1)
0  ... 
3  ---------------O                                                          (15 = 100.0%) {0.0%}
4  ... 

Histogram: Memory.DumpProvider.FinalStatus.Background.AXPlatformNode recorded 3 samples, mean = 5.0 (flags = 0x1)
0  ... 
5  ---O                                                                      (3 = 100.0%) {0.0%}
6  ... 

Histogram: Memory.DumpProvider.FinalStatus.Background.AXPlatformNodeWin recorded 3 samples, mean = 5.0 (flags = 0x1)
0  ... 
5  ---O                                                                      (3 = 100.0%) {0.0%}
6  ... 

Histogram: Memory.DumpProvider.FinalStatus.Background.AllProviders recorded 141 samples, mean = 4.3 (flags = 0x1)
0  ... 
3  -----------------------------------------O                                (51 = 36.2%) {0.0%}
4  O                                                                         (0 = 0.0%) {36.2%}
5  ------------------------------------------------------------------------O (90 = 63.8%) {36.2%}
6  ... 

Histogram: Memory.DumpProvider.FinalStatus.Background.BlobStorageContext recorded 9 samples, mean = 5.0 (flags = 0x1)
0  ... 
5  ---------O                                                                (9 = 100.0%) {0.0%}
6  ... 

Histogram: Memory.DumpProvider.FinalStatus.Background.BucketContext recorded 6 samples, mean = 3.0 (flags = 0x1)
0  ... 
3  ------O                                                                   (6 = 100.0%) {0.0%}
4  ... 

Histogram: Memory.DumpProvider.FinalStatus.Background.ContextProviderCommandBuffer recorded 6 samples, mean = 5.0 (flags = 0x1)
0  ... 
5  ------O                                                                   (6 = 100.0%) {0.0%}
6  ... 

Histogram: Memory.DumpProvider.FinalStatus.Background.DiscardableSharedMemoryManager recorded 3 samples, mean = 5.0 (flags = 0x1)
0  ... 
5  ---O                                                                      (3 = 100.0%) {0.0%}
6  ... 

Histogram: Memory.DumpProvider.FinalStatus.Background.FrameEvictionManager recorded 3 samples, mean = 5.0 (flags = 0x1)
0  ... 
5  ---O                                                                      (3 = 100.0%) {0.0%}
6  ... 

Histogram: Memory.DumpProvider.FinalStatus.Background.IPCChannel recorded 3 samples, mean = 5.0 (flags = 0x1)
0  ... 
5  ---O                                                                      (3 = 100.0%) {0.0%}
6  ... 

Histogram: Memory.DumpProvider.FinalStatus.Background.IndexedDBBackingStore recorded 6 samples, mean = 5.0 (flags = 0x1)
0  ... 
5  ------O                                                                   (6 = 100.0%) {0.0%}
6  ... 

Histogram: Memory.DumpProvider.FinalStatus.Background.LevelDB recorded 3 samples, mean = 5.0 (flags = 0x1)
0  ... 
5  ---O                                                                      (3 = 100.0%) {0.0%}
6  ... 

Histogram: Memory.DumpProvider.FinalStatus.Background.LocalStorage recorded 9 samples, mean = 5.0 (flags = 0x1)
0  ... 
5  ---------O                                                                (9 = 100.0%) {0.0%}
6  ... 

Histogram: Memory.DumpProvider.FinalStatus.Background.Malloc recorded 3 samples, mean = 5.0 (flags = 0x1)
0  ... 
5  ---O                                                                      (3 = 100.0%) {0.0%}
6  ... 

Histogram: Memory.DumpProvider.FinalStatus.Background.MojoLevelDB recorded 15 samples, mean = 5.0 (flags = 0x1)
0  ... 
5  ---------------O                                                          (15 = 100.0%) {0.0%}
6  ... 

Histogram: Memory.DumpProvider.FinalStatus.Background.PartitionAlloc.AddressSpace recorded 3 samples, mean = 5.0 (flags = 0x1)
0  ... 
5  ---O                                                                      (3 = 100.0%) {0.0%}
6  ... 

Histogram: Memory.DumpProvider.FinalStatus.Background.SessionStorage recorded 9 samples, mean = 3.0 (flags = 0x1)
0  ... 
3  ---------O                                                                (9 = 100.0%) {0.0%}
4  ... 

Histogram: Memory.DumpProvider.FinalStatus.Background.SharedMemoryTracker recorded 3 samples, mean = 5.0 (flags = 0x1)
0  ... 
5  ---O                                                                      (3 = 100.0%) {0.0%}
6  ... 

Histogram: Memory.DumpProvider.FinalStatus.Background.Skia recorded 3 samples, mean = 5.0 (flags = 0x1)
0  ... 
5  ---O                                                                      (3 = 100.0%) {0.0%}
6  ... 

Histogram: Memory.DumpProvider.FinalStatus.Background.Sql recorded 3 samples, mean = 5.0 (flags = 0x1)
0  ... 
5  ---O                                                                      (3 = 100.0%) {0.0%}
6  ... 

Histogram: Memory.DumpProvider.FinalStatus.Background.TileManager recorded 9 samples, mean = 3.0 (flags = 0x1)
0  ... 
3  ---------O                                                                (9 = 100.0%) {0.0%}
4  ... 

Histogram: Memory.DumpProvider.FinalStatus.Background.V8Isolate recorded 3 samples, mean = 5.0 (flags = 0x1)
0  ... 
5  ---O                                                                      (3 = 100.0%) {0.0%}
6  ... 

Histogram: Memory.DumpProvider.FinalStatus.Background.V8SharedMemory recorded 3 samples, mean = 3.0 (flags = 0x1)
0  ... 
3  ---O                                                                      (3 = 100.0%) {0.0%}
4  ... 

Histogram: Memory.DumpProvider.FinalStatus.Background.cc__GpuImageDecodeCache recorded 9 samples, mean = 3.0 (flags = 0x1)
0  ... 
3  ---------O                                                                (9 = 100.0%) {0.0%}
4  ... 

Histogram: Memory.DumpProvider.FinalStatus.Background.cc__ResourcePool recorded 9 samples, mean = 5.0 (flags = 0x1)
0  ... 
5  ---------O                                                                (9 = 100.0%) {0.0%}
6  ... 

Histogram: Memory.DumpProvider.FinalStatus.Background.sql__Database recorded 15 samples, mean = 3.0 (flags = 0x1)
0  ... 
3  ---------------O                                                          (15 = 100.0%) {0.0%}
4  ... 

Histogram: Memory.DumpProvider.FollowingProviders.AllDetailLevels.AXPlatformNode recorded 3 samples, mean = 0.0 (flags = 0x1)
0  ---O                                                                      (3 = 100.0%)
1  ... 

Histogram: Memory.DumpProvider.FollowingProviders.AllDetailLevels.AXPlatformNodeWin recorded 3 samples, mean = 1.0 (flags = 0x1)
0  O                                                                         (0 = 0.0%)
1  ---O                                                                      (3 = 100.0%) {0.0%}
2  ... 

Histogram: Memory.DumpProvider.FollowingProviders.AllDetailLevels.AllProviders recorded 141 samples, mean = 5.1 (flags = 0x1)
0   ---------------------------O                                              (27 = 19.1%)
1   ---------------O                                                          (15 = 10.6%) {19.1%}
2   ------------O                                                             (12 = 8.5%) {29.8%}
3   ---------O                                                                (9 = 6.4%) {38.3%}
4   ---------O                                                                (9 = 6.4%) {44.7%}
5   ---------O                                                                (9 = 6.4%) {51.1%}
6   ------------------O                                                       (18 = 12.8%) {57.4%}
8   ---------------O                                                          (15 = 10.6%) {70.2%}
10  ------------------O                                                       (18 = 12.8%) {80.9%}
13  ---------O                                                                (9 = 6.4%) {93.6%}
16  ... 

Histogram: Memory.DumpProvider.FollowingProviders.AllDetailLevels.BlobStorageContext recorded 9 samples, mean = 5.0 (flags = 0x1)
0  ... 
4  ---O                                                                      (3 = 33.3%) {0.0%}
5  ---O                                                                      (3 = 33.3%) {33.3%}
6  ---O                                                                      (3 = 33.3%) {66.7%}
8  ... 

Histogram: Memory.DumpProvider.FollowingProviders.AllDetailLevels.BucketContext recorded 6 samples, mean = 1.5 (flags = 0x1)
0  O                                                                         (0 = 0.0%)
1  ---O                                                                      (3 = 50.0%) {0.0%}
2  ---O                                                                      (3 = 50.0%) {50.0%}
3  ... 

Histogram: Memory.DumpProvider.FollowingProviders.AllDetailLevels.ContextProviderCommandBuffer recorded 6 samples, mean = 8.5 (flags = 0x1)
0  ... 
8  ------O                                                                   (6 = 100.0%) {0.0%}
10 ... 

Histogram: Memory.DumpProvider.FollowingProviders.AllDetailLevels.DiscardableSharedMemoryManager recorded 3 samples, mean = 15.0 (flags = 0x1)
0   ... 
13  ---O                                                                      (3 = 100.0%) {0.0%}
16  ... 

Histogram: Memory.DumpProvider.FollowingProviders.AllDetailLevels.FrameEvictionManager recorded 3 samples, mean = 7.0 (flags = 0x1)
0  ... 
6  ---O                                                                      (3 = 100.0%) {0.0%}
8  ... 

Histogram: Memory.DumpProvider.FollowingProviders.AllDetailLevels.IPCChannel recorded 3 samples, mean = 0.0 (flags = 0x1)
0  ---O                                                                      (3 = 100.0%)
1  ... 

Histogram: Memory.DumpProvider.FollowingProviders.AllDetailLevels.IndexedDBBackingStore recorded 6 samples, mean = 0.5 (flags = 0x1)
0  ---O                                                                      (3 = 50.0%)
1  ---O                                                                      (3 = 50.0%) {50.0%}
2  ... 

Histogram: Memory.DumpProvider.FollowingProviders.AllDetailLevels.LevelDB recorded 3 samples, mean = 7.0 (flags = 0x1)
0  ... 
6  ---O                                                                      (3 = 100.0%) {0.0%}
8  ... 

Histogram: Memory.DumpProvider.FollowingProviders.AllDetailLevels.LocalStorage recorded 9 samples, mean = 3.0 (flags = 0x1)
0  ---O                                                                      (3 = 33.3%)
1  ---O                                                                      (3 = 33.3%) {33.3%}
2  ... 
8  ---O                                                                      (3 = 33.3%) {66.7%}
10 ... 

Histogram: Memory.DumpProvider.FollowingProviders.AllDetailLevels.Malloc recorded 3 samples, mean = 10.0 (flags = 0x1)
0   ... 
10  ---O                                                                      (3 = 100.0%) {0.0%}
13  ... 

Histogram: Memory.DumpProvider.FollowingProviders.AllDetailLevels.MojoLevelDB recorded 15 samples, mean = 0.0 (flags = 0x1)
0  ---------------O                                                          (15 = 100.0%)
1  ... 

Histogram: Memory.DumpProvider.FollowingProviders.AllDetailLevels.PartitionAlloc.AddressSpace recorded 3 samples, mean = 1.0 (flags = 0x1)
0  O                                                                         (0 = 0.0%)
1  ---O                                                                      (3 = 100.0%) {0.0%}
2  ... 

Histogram: Memory.DumpProvider.FollowingProviders.AllDetailLevels.SessionStorage recorded 9 samples, mean = 4.0 (flags = 0x1)
0  ... 
2  ---O                                                                      (3 = 33.3%) {0.0%}
3  ---O                                                                      (3 = 33.3%) {33.3%}
4  ... 
6  ---O                                                                      (3 = 33.3%) {66.7%}
8  ... 

Histogram: Memory.DumpProvider.FollowingProviders.AllDetailLevels.SharedMemoryTracker recorded 3 samples, mean = 12.0 (flags = 0x1)
0   ... 
10  ---O                                                                      (3 = 100.0%) {0.0%}
13  ... 

Histogram: Memory.DumpProvider.FollowingProviders.AllDetailLevels.Skia recorded 3 samples, mean = 8.0 (flags = 0x1)
0  ... 
8  ---O                                                                      (3 = 100.0%) {0.0%}
10 ... 

Histogram: Memory.DumpProvider.FollowingProviders.AllDetailLevels.Sql recorded 3 samples, mean = 9.0 (flags = 0x1)
0  ... 
8  ---O                                                                      (3 = 100.0%) {0.0%}
10 ... 

Histogram: Memory.DumpProvider.FollowingProviders.AllDetailLevels.TileManager recorded 9 samples, mean = 12.0 (flags = 0x1)
0   ... 
10  ------O                                                                   (6 = 66.7%) {0.0%}
13  ---O                                                                      (3 = 33.3%) {66.7%}
16  ... 

Histogram: Memory.DumpProvider.FollowingProviders.AllDetailLevels.V8Isolate recorded 3 samples, mean = 14.0 (flags = 0x1)
0   ... 
13  ---O                                                                      (3 = 100.0%) {0.0%}
16  ... 

Histogram: Memory.DumpProvider.FollowingProviders.AllDetailLevels.V8SharedMemory recorded 3 samples, mean = 11.0 (flags = 0x1)
0   ... 
10  ---O                                                                      (3 = 100.0%) {0.0%}
13  ... 

Histogram: Memory.DumpProvider.FollowingProviders.AllDetailLevels.cc__GpuImageDecodeCache recorded 9 samples, mean = 6.3 (flags = 0x1)
0   ... 
4   ---O                                                                      (3 = 33.3%) {0.0%}
5   ---O                                                                      (3 = 33.3%) {33.3%}
6   ... 
10  ---O                                                                      (3 = 33.3%) {66.7%}
13  ... 

Histogram: Memory.DumpProvider.FollowingProviders.AllDetailLevels.cc__ResourcePool recorded 9 samples, mean = 3.7 (flags = 0x1)
0  ... 
2  ---O                                                                      (3 = 33.3%) {0.0%}
3  ---O                                                                      (3 = 33.3%) {33.3%}
4  ... 
6  ---O                                                                      (3 = 33.3%) {66.7%}
8  ... 

Histogram: Memory.DumpProvider.FollowingProviders.AllDetailLevels.sql__Database recorded 15 samples, mean = 4.0 (flags = 0x1)
0  ... 
2  ---O                                                                      (3 = 20.0%) {0.0%}
3  ---O                                                                      (3 = 20.0%) {20.0%}
4  ---O                                                                      (3 = 20.0%) {40.0%}
5  ---O                                                                      (3 = 20.0%) {60.0%}
6  ---O                                                                      (3 = 20.0%) {80.0%}
8  ... 

Histogram: Memory.DumpProvider.FollowingProviders.Background.AXPlatformNode recorded 3 samples, mean = 0.0 (flags = 0x1)
0  ---O                                                                      (3 = 100.0%)
1  ... 

Histogram: Memory.DumpProvider.FollowingProviders.Background.AXPlatformNodeWin recorded 3 samples, mean = 1.0 (flags = 0x1)
0  O                                                                         (0 = 0.0%)
1  ---O                                                                      (3 = 100.0%) {0.0%}
2  ... 

Histogram: Memory.DumpProvider.FollowingProviders.Background.AllProviders recorded 141 samples, mean = 5.1 (flags = 0x1)
0   ---------------------------O                                              (27 = 19.1%)
1   ---------------O                                                          (15 = 10.6%) {19.1%}
2   ------------O                                                             (12 = 8.5%) {29.8%}
3   ---------O                                                                (9 = 6.4%) {38.3%}
4   ---------O                                                                (9 = 6.4%) {44.7%}
5   ---------O                                                                (9 = 6.4%) {51.1%}
6   ------------------O                                                       (18 = 12.8%) {57.4%}
8   ---------------O                                                          (15 = 10.6%) {70.2%}
10  ------------------O                                                       (18 = 12.8%) {80.9%}
13  ---------O                                                                (9 = 6.4%) {93.6%}
16  ... 

Histogram: Memory.DumpProvider.FollowingProviders.Background.BlobStorageContext recorded 9 samples, mean = 5.0 (flags = 0x1)
0  ... 
4  ---O                                                                      (3 = 33.3%) {0.0%}
5  ---O                                                                      (3 = 33.3%) {33.3%}
6  ---O                                                                      (3 = 33.3%) {66.7%}
8  ... 

Histogram: Memory.DumpProvider.FollowingProviders.Background.BucketContext recorded 6 samples, mean = 1.5 (flags = 0x1)
0  O                                                                         (0 = 0.0%)
1  ---O                                                                      (3 = 50.0%) {0.0%}
2  ---O                                                                      (3 = 50.0%) {50.0%}
3  ... 

Histogram: Memory.DumpProvider.FollowingProviders.Background.ContextProviderCommandBuffer recorded 6 samples, mean = 8.5 (flags = 0x1)
0  ... 
8  ------O                                                                   (6 = 100.0%) {0.0%}
10 ... 

Histogram: Memory.DumpProvider.FollowingProviders.Background.DiscardableSharedMemoryManager recorded 3 samples, mean = 15.0 (flags = 0x1)
0   ... 
13  ---O                                                                      (3 = 100.0%) {0.0%}
16  ... 

Histogram: Memory.DumpProvider.FollowingProviders.Background.FrameEvictionManager recorded 3 samples, mean = 7.0 (flags = 0x1)
0  ... 
6  ---O                                                                      (3 = 100.0%) {0.0%}
8  ... 

Histogram: Memory.DumpProvider.FollowingProviders.Background.IPCChannel recorded 3 samples, mean = 0.0 (flags = 0x1)
0  ---O                                                                      (3 = 100.0%)
1  ... 

Histogram: Memory.DumpProvider.FollowingProviders.Background.IndexedDBBackingStore recorded 6 samples, mean = 0.5 (flags = 0x1)
0  ---O                                                                      (3 = 50.0%)
1  ---O                                                                      (3 = 50.0%) {50.0%}
2  ... 

Histogram: Memory.DumpProvider.FollowingProviders.Background.LevelDB recorded 3 samples, mean = 7.0 (flags = 0x1)
0  ... 
6  ---O                                                                      (3 = 100.0%) {0.0%}
8  ... 

Histogram: Memory.DumpProvider.FollowingProviders.Background.LocalStorage recorded 9 samples, mean = 3.0 (flags = 0x1)
0  ---O                                                                      (3 = 33.3%)
1  ---O                                                                      (3 = 33.3%) {33.3%}
2  ... 
8  ---O                                                                      (3 = 33.3%) {66.7%}
10 ... 

Histogram: Memory.DumpProvider.FollowingProviders.Background.Malloc recorded 3 samples, mean = 10.0 (flags = 0x1)
0   ... 
10  ---O                                                                      (3 = 100.0%) {0.0%}
13  ... 

Histogram: Memory.DumpProvider.FollowingProviders.Background.MojoLevelDB recorded 15 samples, mean = 0.0 (flags = 0x1)
0  ---------------O                                                          (15 = 100.0%)
1  ... 

Histogram: Memory.DumpProvider.FollowingProviders.Background.PartitionAlloc.AddressSpace recorded 3 samples, mean = 1.0 (flags = 0x1)
0  O                                                                         (0 = 0.0%)
1  ---O                                                                      (3 = 100.0%) {0.0%}
2  ... 

Histogram: Memory.DumpProvider.FollowingProviders.Background.SessionStorage recorded 9 samples, mean = 4.0 (flags = 0x1)
0  ... 
2  ---O                                                                      (3 = 33.3%) {0.0%}
3  ---O                                                                      (3 = 33.3%) {33.3%}
4  ... 
6  ---O                                                                      (3 = 33.3%) {66.7%}
8  ... 

Histogram: Memory.DumpProvider.FollowingProviders.Background.SharedMemoryTracker recorded 3 samples, mean = 12.0 (flags = 0x1)
0   ... 
10  ---O                                                                      (3 = 100.0%) {0.0%}
13  ... 

Histogram: Memory.DumpProvider.FollowingProviders.Background.Skia recorded 3 samples, mean = 8.0 (flags = 0x1)
0  ... 
8  ---O                                                                      (3 = 100.0%) {0.0%}
10 ... 

Histogram: Memory.DumpProvider.FollowingProviders.Background.Sql recorded 3 samples, mean = 9.0 (flags = 0x1)
0  ... 
8  ---O                                                                      (3 = 100.0%) {0.0%}
10 ... 

Histogram: Memory.DumpProvider.FollowingProviders.Background.TileManager recorded 9 samples, mean = 12.0 (flags = 0x1)
0   ... 
10  ------O                                                                   (6 = 66.7%) {0.0%}
13  ---O                                                                      (3 = 33.3%) {66.7%}
16  ... 

Histogram: Memory.DumpProvider.FollowingProviders.Background.V8Isolate recorded 3 samples, mean = 14.0 (flags = 0x1)
0   ... 
13  ---O                                                                      (3 = 100.0%) {0.0%}
16  ... 

Histogram: Memory.DumpProvider.FollowingProviders.Background.V8SharedMemory recorded 3 samples, mean = 11.0 (flags = 0x1)
0   ... 
10  ---O                                                                      (3 = 100.0%) {0.0%}
13  ... 

Histogram: Memory.DumpProvider.FollowingProviders.Background.cc__GpuImageDecodeCache recorded 9 samples, mean = 6.3 (flags = 0x1)
0   ... 
4   ---O                                                                      (3 = 33.3%) {0.0%}
5   ---O                                                                      (3 = 33.3%) {33.3%}
6   ... 
10  ---O                                                                      (3 = 33.3%) {66.7%}
13  ... 

Histogram: Memory.DumpProvider.FollowingProviders.Background.cc__ResourcePool recorded 9 samples, mean = 3.7 (flags = 0x1)
0  ... 
2  ---O                                                                      (3 = 33.3%) {0.0%}
3  ---O                                                                      (3 = 33.3%) {33.3%}
4  ... 
6  ---O                                                                      (3 = 33.3%) {66.7%}
8  ... 

Histogram: Memory.DumpProvider.FollowingProviders.Background.sql__Database recorded 15 samples, mean = 4.0 (flags = 0x1)
0  ... 
2  ---O                                                                      (3 = 20.0%) {0.0%}
3  ---O                                                                      (3 = 20.0%) {20.0%}
4  ---O                                                                      (3 = 20.0%) {40.0%}
5  ---O                                                                      (3 = 20.0%) {60.0%}
6  ---O                                                                      (3 = 20.0%) {80.0%}
8  ... 

Histogram: Memory.DumpProvider.MemoryDumpTime.AllDetailLevels.AXPlatformNode recorded 3 samples, mean = 4.0 (flags = 0x1)
0  ... 
3  -O                                                                        (1 = 33.3%) {0.0%}
4  --O                                                                       (2 = 66.7%) {33.3%}
6  ... 

Histogram: Memory.DumpProvider.MemoryDumpTime.AllDetailLevels.AXPlatformNodeWin recorded 3 samples, mean = 4.3 (flags = 0x1)
0  ... 
4  ---O                                                                      (3 = 100.0%) {0.0%}
6  ... 

Histogram: Memory.DumpProvider.MemoryDumpTime.AllDetailLevels.AllProviders recorded 90 samples, mean = 33.5 (flags = 0x1)
0    O                                                                         (0 = 0.0%)
1    --O                                                                       (2 = 2.2%) {0.0%}
2    -----------------------O                                                  (23 = 25.6%) {2.2%}
3    ------------------O                                                       (18 = 20.0%) {27.8%}
4    --------------------O                                                     (20 = 22.2%) {47.8%}
6    ----O                                                                     (4 = 4.4%) {70.0%}
8    ----O                                                                     (4 = 4.4%) {74.4%}
11   --O                                                                       (2 = 2.2%) {78.9%}
15   ---O                                                                      (3 = 3.3%) {81.1%}
21   -O                                                                        (1 = 1.1%) {84.4%}
29   ---O                                                                      (3 = 3.3%) {85.6%}
40   --O                                                                       (2 = 2.2%) {88.9%}
55   --O                                                                       (2 = 2.2%) {91.1%}
76   ... 
203  -O                                                                        (1 = 1.1%) {93.3%}
282  --O                                                                       (2 = 2.2%) {94.4%}
391  --O                                                                       (2 = 2.2%) {96.7%}
542  -O                                                                        (1 = 1.1%) {98.9%}
752  ... 

Histogram: Memory.DumpProvider.MemoryDumpTime.AllDetailLevels.BlobStorageContext recorded 9 samples, mean = 2.4 (flags = 0x1)
0  ... 
2  -----O                                                                    (5 = 55.6%) {0.0%}
3  ----O                                                                     (4 = 44.4%) {55.6%}
4  ... 

Histogram: Memory.DumpProvider.MemoryDumpTime.AllDetailLevels.ContextProviderCommandBuffer recorded 6 samples, mean = 4.5 (flags = 0x1)
0  ... 
3  ---O                                                                      (3 = 50.0%) {0.0%}
4  --O                                                                       (2 = 33.3%) {50.0%}
6  O                                                                         (0 = 0.0%) {83.3%}
8  -O                                                                        (1 = 16.7%) {83.3%}
11 ... 

Histogram: Memory.DumpProvider.MemoryDumpTime.AllDetailLevels.DiscardableSharedMemoryManager recorded 3 samples, mean = 4.0 (flags = 0x1)
0  ... 
2  --O                                                                       (2 = 66.7%) {0.0%}
3  ... 
8  -O                                                                        (1 = 33.3%) {66.7%}
11 ... 

Histogram: Memory.DumpProvider.MemoryDumpTime.AllDetailLevels.FrameEvictionManager recorded 3 samples, mean = 2.3 (flags = 0x1)
0  ... 
2  --O                                                                       (2 = 66.7%) {0.0%}
3  -O                                                                        (1 = 33.3%) {66.7%}
4  ... 

Histogram: Memory.DumpProvider.MemoryDumpTime.AllDetailLevels.IPCChannel recorded 3 samples, mean = 17.7 (flags = 0x1)
0   ... 
11  -O                                                                        (1 = 33.3%) {0.0%}
15  --O                                                                       (2 = 66.7%) {33.3%}
21  ... 

Histogram: Memory.DumpProvider.MemoryDumpTime.AllDetailLevels.IndexedDBBackingStore recorded 6 samples, mean = 6.2 (flags = 0x1)
0  ... 
3  -O                                                                        (1 = 16.7%) {0.0%}
4  --O                                                                       (2 = 33.3%) {16.7%}
6  -O                                                                        (1 = 16.7%) {50.0%}
8  --O                                                                       (2 = 33.3%) {66.7%}
11 ... 

Histogram: Memory.DumpProvider.MemoryDumpTime.AllDetailLevels.LevelDB recorded 3 samples, mean = 49.3 (flags = 0x1)
0   ... 
29  -O                                                                        (1 = 33.3%) {0.0%}
40  -O                                                                        (1 = 33.3%) {33.3%}
55  -O                                                                        (1 = 33.3%) {66.7%}
76  ... 

Histogram: Memory.DumpProvider.MemoryDumpTime.AllDetailLevels.LocalStorage recorded 9 samples, mean = 5.8 (flags = 0x1)
0   ... 
4   ------O                                                                   (6 = 66.7%) {0.0%}
6   --O                                                                       (2 = 22.2%) {66.7%}
8   O                                                                         (0 = 0.0%) {88.9%}
11  -O                                                                        (1 = 11.1%) {88.9%}
15  ... 

Histogram: Memory.DumpProvider.MemoryDumpTime.AllDetailLevels.Malloc recorded 3 samples, mean = 310.0 (flags = 0x1)
0    ... 
203  -O                                                                        (1 = 33.3%) {0.0%}
282  --O                                                                       (2 = 66.7%) {33.3%}
391  ... 

Histogram: Memory.DumpProvider.MemoryDumpTime.AllDetailLevels.MojoLevelDB recorded 15 samples, mean = 2.8 (flags = 0x1)
0  ... 
2  ---------O                                                                (9 = 60.0%) {0.0%}
3  ---O                                                                      (3 = 20.0%) {60.0%}
4  --O                                                                       (2 = 13.3%) {80.0%}
6  -O                                                                        (1 = 6.7%) {93.3%}
8  ... 

Histogram: Memory.DumpProvider.MemoryDumpTime.AllDetailLevels.PartitionAlloc.AddressSpace recorded 3 samples, mean = 24.0 (flags = 0x1)
0   ... 
15  -O                                                                        (1 = 33.3%) {0.0%}
21  -O                                                                        (1 = 33.3%) {33.3%}
29  -O                                                                        (1 = 33.3%) {66.7%}
40  ... 

Histogram: Memory.DumpProvider.MemoryDumpTime.AllDetailLevels.SharedMemoryTracker recorded 3 samples, mean = 466.0 (flags = 0x1)
0    ... 
391  --O                                                                       (2 = 66.7%) {0.0%}
542  -O                                                                        (1 = 33.3%) {66.7%}
752  ... 

Histogram: Memory.DumpProvider.MemoryDumpTime.AllDetailLevels.Skia recorded 3 samples, mean = 3.7 (flags = 0x1)
0  ... 
3  -O                                                                        (1 = 33.3%) {0.0%}
4  --O                                                                       (2 = 66.7%) {33.3%}
6  ... 

Histogram: Memory.DumpProvider.MemoryDumpTime.AllDetailLevels.Sql recorded 3 samples, mean = 3.7 (flags = 0x1)
0  ... 
3  --O                                                                       (2 = 66.7%) {0.0%}
4  -O                                                                        (1 = 33.3%) {66.7%}
6  ... 

Histogram: Memory.DumpProvider.MemoryDumpTime.AllDetailLevels.V8Isolate recorded 3 samples, mean = 50.0 (flags = 0x1)
0   ... 
29  -O                                                                        (1 = 33.3%) {0.0%}
40  -O                                                                        (1 = 33.3%) {33.3%}
55  -O                                                                        (1 = 33.3%) {66.7%}
76  ... 

Histogram: Memory.DumpProvider.MemoryDumpTime.AllDetailLevels.cc__ResourcePool recorded 9 samples, mean = 2.0 (flags = 0x1)
0  O                                                                         (0 = 0.0%)
1  --O                                                                       (2 = 22.2%) {0.0%}
2  -----O                                                                    (5 = 55.6%) {22.2%}
3  --O                                                                       (2 = 22.2%) {77.8%}
4  ... 

Histogram: Memory.DumpProvider.MemoryDumpTime.Background.AXPlatformNode recorded 3 samples, mean = 4.0 (flags = 0x1)
0  ... 
3  -O                                                                        (1 = 33.3%) {0.0%}
4  --O                                                                       (2 = 66.7%) {33.3%}
6  ... 

Histogram: Memory.DumpProvider.MemoryDumpTime.Background.AXPlatformNodeWin recorded 3 samples, mean = 4.3 (flags = 0x1)
0  ... 
4  ---O                                                                      (3 = 100.0%) {0.0%}
6  ... 

Histogram: Memory.DumpProvider.MemoryDumpTime.Background.AllProviders recorded 90 samples, mean = 33.5 (flags = 0x1)
0    O                                                                         (0 = 0.0%)
1    --O                                                                       (2 = 2.2%) {0.0%}
2    -----------------------O                                                  (23 = 25.6%) {2.2%}
3    ------------------O                                                       (18 = 20.0%) {27.8%}
4    --------------------O                                                     (20 = 22.2%) {47.8%}
6    ----O                                                                     (4 = 4.4%) {70.0%}
8    ----O                                                                     (4 = 4.4%) {74.4%}
11   --O                                                                       (2 = 2.2%) {78.9%}
15   ---O                                                                      (3 = 3.3%) {81.1%}
21   -O                                                                        (1 = 1.1%) {84.4%}
29   ---O                                                                      (3 = 3.3%) {85.6%}
40   --O                                                                       (2 = 2.2%) {88.9%}
55   --O                                                                       (2 = 2.2%) {91.1%}
76   ... 
203  -O                                                                        (1 = 1.1%) {93.3%}
282  --O                                                                       (2 = 2.2%) {94.4%}
391  --O                                                                       (2 = 2.2%) {96.7%}
542  -O                                                                        (1 = 1.1%) {98.9%}
752  ... 

Histogram: Memory.DumpProvider.MemoryDumpTime.Background.BlobStorageContext recorded 9 samples, mean = 2.4 (flags = 0x1)
0  ... 
2  -----O                                                                    (5 = 55.6%) {0.0%}
3  ----O                                                                     (4 = 44.4%) {55.6%}
4  ... 

Histogram: Memory.DumpProvider.MemoryDumpTime.Background.ContextProviderCommandBuffer recorded 6 samples, mean = 4.5 (flags = 0x1)
0  ... 
3  ---O                                                                      (3 = 50.0%) {0.0%}
4  --O                                                                       (2 = 33.3%) {50.0%}
6  O                                                                         (0 = 0.0%) {83.3%}
8  -O                                                                        (1 = 16.7%) {83.3%}
11 ... 

Histogram: Memory.DumpProvider.MemoryDumpTime.Background.DiscardableSharedMemoryManager recorded 3 samples, mean = 4.0 (flags = 0x1)
0  ... 
2  --O                                                                       (2 = 66.7%) {0.0%}
3  ... 
8  -O                                                                        (1 = 33.3%) {66.7%}
11 ... 

Histogram: Memory.DumpProvider.MemoryDumpTime.Background.FrameEvictionManager recorded 3 samples, mean = 2.3 (flags = 0x1)
0  ... 
2  --O                                                                       (2 = 66.7%) {0.0%}
3  -O                                                                        (1 = 33.3%) {66.7%}
4  ... 

Histogram: Memory.DumpProvider.MemoryDumpTime.Background.IPCChannel recorded 3 samples, mean = 17.7 (flags = 0x1)
0   ... 
11  -O                                                                        (1 = 33.3%) {0.0%}
15  --O                                                                       (2 = 66.7%) {33.3%}
21  ... 

Histogram: Memory.DumpProvider.MemoryDumpTime.Background.IndexedDBBackingStore recorded 6 samples, mean = 6.2 (flags = 0x1)
0  ... 
3  -O                                                                        (1 = 16.7%) {0.0%}
4  --O                                                                       (2 = 33.3%) {16.7%}
6  -O                                                                        (1 = 16.7%) {50.0%}
8  --O                                                                       (2 = 33.3%) {66.7%}
11 ... 

Histogram: Memory.DumpProvider.MemoryDumpTime.Background.LevelDB recorded 3 samples, mean = 49.3 (flags = 0x1)
0   ... 
29  -O                                                                        (1 = 33.3%) {0.0%}
40  -O                                                                        (1 = 33.3%) {33.3%}
55  -O                                                                        (1 = 33.3%) {66.7%}
76  ... 

Histogram: Memory.DumpProvider.MemoryDumpTime.Background.LocalStorage recorded 9 samples, mean = 5.8 (flags = 0x1)
0   ... 
4   ------O                                                                   (6 = 66.7%) {0.0%}
6   --O                                                                       (2 = 22.2%) {66.7%}
8   O                                                                         (0 = 0.0%) {88.9%}
11  -O                                                                        (1 = 11.1%) {88.9%}
15  ... 

Histogram: Memory.DumpProvider.MemoryDumpTime.Background.Malloc recorded 3 samples, mean = 310.0 (flags = 0x1)
0    ... 
203  -O                                                                        (1 = 33.3%) {0.0%}
282  --O                                                                       (2 = 66.7%) {33.3%}
391  ... 

Histogram: Memory.DumpProvider.MemoryDumpTime.Background.MojoLevelDB recorded 15 samples, mean = 2.8 (flags = 0x1)
0  ... 
2  ---------O                                                                (9 = 60.0%) {0.0%}
3  ---O                                                                      (3 = 20.0%) {60.0%}
4  --O                                                                       (2 = 13.3%) {80.0%}
6  -O                                                                        (1 = 6.7%) {93.3%}
8  ... 

Histogram: Memory.DumpProvider.MemoryDumpTime.Background.PartitionAlloc.AddressSpace recorded 3 samples, mean = 24.0 (flags = 0x1)
0   ... 
15  -O                                                                        (1 = 33.3%) {0.0%}
21  -O                                                                        (1 = 33.3%) {33.3%}
29  -O                                                                        (1 = 33.3%) {66.7%}
40  ... 

Histogram: Memory.DumpProvider.MemoryDumpTime.Background.SharedMemoryTracker recorded 3 samples, mean = 466.0 (flags = 0x1)
0    ... 
391  --O                                                                       (2 = 66.7%) {0.0%}
542  -O                                                                        (1 = 33.3%) {66.7%}
752  ... 

Histogram: Memory.DumpProvider.MemoryDumpTime.Background.Skia recorded 3 samples, mean = 3.7 (flags = 0x1)
0  ... 
3  -O                                                                        (1 = 33.3%) {0.0%}
4  --O                                                                       (2 = 66.7%) {33.3%}
6  ... 

Histogram: Memory.DumpProvider.MemoryDumpTime.Background.Sql recorded 3 samples, mean = 3.7 (flags = 0x1)
0  ... 
3  --O                                                                       (2 = 66.7%) {0.0%}
4  -O                                                                        (1 = 33.3%) {66.7%}
6  ... 

Histogram: Memory.DumpProvider.MemoryDumpTime.Background.V8Isolate recorded 3 samples, mean = 50.0 (flags = 0x1)
0   ... 
29  -O                                                                        (1 = 33.3%) {0.0%}
40  -O                                                                        (1 = 33.3%) {33.3%}
55  -O                                                                        (1 = 33.3%) {66.7%}
76  ... 

Histogram: Memory.DumpProvider.MemoryDumpTime.Background.cc__ResourcePool recorded 9 samples, mean = 2.0 (flags = 0x1)
0  O                                                                         (0 = 0.0%)
1  --O                                                                       (2 = 22.2%) {0.0%}
2  -----O                                                                    (5 = 55.6%) {22.2%}
3  --O                                                                       (2 = 22.2%) {77.8%}
4  ... 

Histogram: Memory.DumpProvider.PostTaskTime.AllDetailLevels.AXPlatformNode recorded 3 samples, mean = 0.0 (flags = 0x1)
0  ---O                                                                      (3 = 100.0%)
1  ... 

Histogram: Memory.DumpProvider.PostTaskTime.AllDetailLevels.AllProviders recorded 24 samples, mean = 0.0 (flags = 0x1)
0  ------------------------O                                                 (24 = 100.0%)
1  ... 

Histogram: Memory.DumpProvider.PostTaskTime.AllDetailLevels.IndexedDBBackingStore recorded 3 samples, mean = 0.0 (flags = 0x1)
0  ---O                                                                      (3 = 100.0%)
1  ... 

Histogram: Memory.DumpProvider.PostTaskTime.AllDetailLevels.LocalStorage recorded 3 samples, mean = 0.0 (flags = 0x1)
0  ---O                                                                      (3 = 100.0%)
1  ... 

Histogram: Memory.DumpProvider.PostTaskTime.AllDetailLevels.MojoLevelDB recorded 15 samples, mean = 0.0 (flags = 0x1)
0  ---------------O                                                          (15 = 100.0%)
1  ... 

Histogram: Memory.DumpProvider.PostTaskTime.Background.AXPlatformNode recorded 3 samples, mean = 0.0 (flags = 0x1)
0  ---O                                                                      (3 = 100.0%)
1  ... 

Histogram: Memory.DumpProvider.PostTaskTime.Background.AllProviders recorded 24 samples, mean = 0.0 (flags = 0x1)
0  ------------------------O                                                 (24 = 100.0%)
1  ... 

Histogram: Memory.DumpProvider.PostTaskTime.Background.IndexedDBBackingStore recorded 3 samples, mean = 0.0 (flags = 0x1)
0  ---O                                                                      (3 = 100.0%)
1  ... 

Histogram: Memory.DumpProvider.PostTaskTime.Background.LocalStorage recorded 3 samples, mean = 0.0 (flags = 0x1)
0  ---O                                                                      (3 = 100.0%)
1  ... 

Histogram: Memory.DumpProvider.PostTaskTime.Background.MojoLevelDB recorded 15 samples, mean = 0.0 (flags = 0x1)
0  ---------------O                                                          (15 = 100.0%)
1  ... 

Histogram: Memory.DumpProvider.TotalTime.AllDetailLevels.AXPlatformNode recorded 3 samples, mean = 1.0 (flags = 0x1)
0  O                                                                         (0 = 0.0%)
1  ---O                                                                      (3 = 100.0%) {0.0%}
2  ... 

Histogram: Memory.DumpProvider.TotalTime.AllDetailLevels.AXPlatformNodeWin recorded 3 samples, mean = 1.0 (flags = 0x1)
0  O                                                                         (0 = 0.0%)
1  ---O                                                                      (3 = 100.0%) {0.0%}
2  ... 

Histogram: Memory.DumpProvider.TotalTime.AllDetailLevels.AllProviders recorded 141 samples, mean = 0.7 (flags = 0x1)
0  -----------------------------O                                            (40 = 28.4%)
1  ------------------------------------------------------------------------O (101 = 71.6%) {28.4%}
2  ... 

Histogram: Memory.DumpProvider.TotalTime.AllDetailLevels.BlobStorageContext recorded 9 samples, mean = 1.0 (flags = 0x1)
0  O                                                                         (0 = 0.0%)
1  ---------O                                                                (9 = 100.0%) {0.0%}
2  ... 

Histogram: Memory.DumpProvider.TotalTime.AllDetailLevels.BucketContext recorded 6 samples, mean = 0.7 (flags = 0x1)
0  --O                                                                       (2 = 33.3%)
1  ----O                                                                     (4 = 66.7%) {33.3%}
2  ... 

Histogram: Memory.DumpProvider.TotalTime.AllDetailLevels.ContextProviderCommandBuffer recorded 6 samples, mean = 1.0 (flags = 0x1)
0  O                                                                         (0 = 0.0%)
1  ------O                                                                   (6 = 100.0%) {0.0%}
2  ... 

Histogram: Memory.DumpProvider.TotalTime.AllDetailLevels.DiscardableSharedMemoryManager recorded 3 samples, mean = 1.0 (flags = 0x1)
0  O                                                                         (0 = 0.0%)
1  ---O                                                                      (3 = 100.0%) {0.0%}
2  ... 

Histogram: Memory.DumpProvider.TotalTime.AllDetailLevels.FrameEvictionManager recorded 3 samples, mean = 1.0 (flags = 0x1)
0  O                                                                         (0 = 0.0%)
1  ---O                                                                      (3 = 100.0%) {0.0%}
2  ... 

Histogram: Memory.DumpProvider.TotalTime.AllDetailLevels.IPCChannel recorded 3 samples, mean = 0.0 (flags = 0x1)
0  ---O                                                                      (3 = 100.0%)
1  ... 

Histogram: Memory.DumpProvider.TotalTime.AllDetailLevels.IndexedDBBackingStore recorded 6 samples, mean = 1.0 (flags = 0x1)
0  O                                                                         (0 = 0.0%)
1  ------O                                                                   (6 = 100.0%) {0.0%}
2  ... 

Histogram: Memory.DumpProvider.TotalTime.AllDetailLevels.LevelDB recorded 3 samples, mean = 0.0 (flags = 0x1)
0  ---O                                                                      (3 = 100.0%)
1  ... 

Histogram: Memory.DumpProvider.TotalTime.AllDetailLevels.LocalStorage recorded 9 samples, mean = 1.0 (flags = 0x1)
0  O                                                                         (0 = 0.0%)
1  ---------O                                                                (9 = 100.0%) {0.0%}
2  ... 

Histogram: Memory.DumpProvider.TotalTime.AllDetailLevels.Malloc recorded 3 samples, mean = 0.0 (flags = 0x1)
0  ---O                                                                      (3 = 100.0%)
1  ... 

Histogram: Memory.DumpProvider.TotalTime.AllDetailLevels.MojoLevelDB recorded 15 samples, mean = 0.9 (flags = 0x1)
0  -O                                                                        (1 = 6.7%)
1  --------------O                                                           (14 = 93.3%) {6.7%}
2  ... 

Histogram: Memory.DumpProvider.TotalTime.AllDetailLevels.PartitionAlloc.AddressSpace recorded 3 samples, mean = 0.0 (flags = 0x1)
0  ---O                                                                      (3 = 100.0%)
1  ... 

Histogram: Memory.DumpProvider.TotalTime.AllDetailLevels.SessionStorage recorded 9 samples, mean = 1.0 (flags = 0x1)
0  O                                                                         (0 = 0.0%)
1  ---------O                                                                (9 = 100.0%) {0.0%}
2  ... 

Histogram: Memory.DumpProvider.TotalTime.AllDetailLevels.SharedMemoryTracker recorded 3 samples, mean = 0.7 (flags = 0x1)
0  -O                                                                        (1 = 33.3%)
1  --O                                                                       (2 = 66.7%) {33.3%}
2  ... 

Histogram: Memory.DumpProvider.TotalTime.AllDetailLevels.Skia recorded 3 samples, mean = 0.0 (flags = 0x1)
0  ---O                                                                      (3 = 100.0%)
1  ... 

Histogram: Memory.DumpProvider.TotalTime.AllDetailLevels.Sql recorded 3 samples, mean = 0.0 (flags = 0x1)
0  ---O                                                                      (3 = 100.0%)
1  ... 

Histogram: Memory.DumpProvider.TotalTime.AllDetailLevels.TileManager recorded 9 samples, mean = 1.0 (flags = 0x1)
0  O                                                                         (0 = 0.0%)
1  ---------O                                                                (9 = 100.0%) {0.0%}
2  ... 

Histogram: Memory.DumpProvider.TotalTime.AllDetailLevels.V8Isolate recorded 3 samples, mean = 1.0 (flags = 0x1)
0  O                                                                         (0 = 0.0%)
1  ---O                                                                      (3 = 100.0%) {0.0%}
2  ... 

Histogram: Memory.DumpProvider.TotalTime.AllDetailLevels.V8SharedMemory recorded 3 samples, mean = 0.0 (flags = 0x1)
0  ---O                                                                      (3 = 100.0%)
1  ... 

Histogram: Memory.DumpProvider.TotalTime.AllDetailLevels.cc__GpuImageDecodeCache recorded 9 samples, mean = 1.0 (flags = 0x1)
0  O                                                                         (0 = 0.0%)
1  ---------O                                                                (9 = 100.0%) {0.0%}
2  ... 

Histogram: Memory.DumpProvider.TotalTime.AllDetailLevels.cc__ResourcePool recorded 9 samples, mean = 1.0 (flags = 0x1)
0  O                                                                         (0 = 0.0%)
1  ---------O                                                                (9 = 100.0%) {0.0%}
2  ... 

Histogram: Memory.DumpProvider.TotalTime.AllDetailLevels.sql__Database recorded 15 samples, mean = 0.0 (flags = 0x1)
0  ---------------O                                                          (15 = 100.0%)
1  ... 

Histogram: Memory.DumpProvider.TotalTime.Background.AXPlatformNode recorded 3 samples, mean = 1.0 (flags = 0x1)
0  O                                                                         (0 = 0.0%)
1  ---O                                                                      (3 = 100.0%) {0.0%}
2  ... 

Histogram: Memory.DumpProvider.TotalTime.Background.AXPlatformNodeWin recorded 3 samples, mean = 1.0 (flags = 0x1)
0  O                                                                         (0 = 0.0%)
1  ---O                                                                      (3 = 100.0%) {0.0%}
2  ... 

Histogram: Memory.DumpProvider.TotalTime.Background.AllProviders recorded 141 samples, mean = 0.7 (flags = 0x1)
0  -----------------------------O                                            (40 = 28.4%)
1  ------------------------------------------------------------------------O (101 = 71.6%) {28.4%}
2  ... 

Histogram: Memory.DumpProvider.TotalTime.Background.BlobStorageContext recorded 9 samples, mean = 1.0 (flags = 0x1)
0  O                                                                         (0 = 0.0%)
1  ---------O                                                                (9 = 100.0%) {0.0%}
2  ... 

Histogram: Memory.DumpProvider.TotalTime.Background.BucketContext recorded 6 samples, mean = 0.7 (flags = 0x1)
0  --O                                                                       (2 = 33.3%)
1  ----O                                                                     (4 = 66.7%) {33.3%}
2  ... 

Histogram: Memory.DumpProvider.TotalTime.Background.ContextProviderCommandBuffer recorded 6 samples, mean = 1.0 (flags = 0x1)
0  O                                                                         (0 = 0.0%)
1  ------O                                                                   (6 = 100.0%) {0.0%}
2  ... 

Histogram: Memory.DumpProvider.TotalTime.Background.DiscardableSharedMemoryManager recorded 3 samples, mean = 1.0 (flags = 0x1)
0  O                                                                         (0 = 0.0%)
1  ---O                                                                      (3 = 100.0%) {0.0%}
2  ... 

Histogram: Memory.DumpProvider.TotalTime.Background.FrameEvictionManager recorded 3 samples, mean = 1.0 (flags = 0x1)
0  O                                                                         (0 = 0.0%)
1  ---O                                                                      (3 = 100.0%) {0.0%}
2  ... 

Histogram: Memory.DumpProvider.TotalTime.Background.IPCChannel recorded 3 samples, mean = 0.0 (flags = 0x1)
0  ---O                                                                      (3 = 100.0%)
1  ... 

Histogram: Memory.DumpProvider.TotalTime.Background.IndexedDBBackingStore recorded 6 samples, mean = 1.0 (flags = 0x1)
0  O                                                                         (0 = 0.0%)
1  ------O                                                                   (6 = 100.0%) {0.0%}
2  ... 

Histogram: Memory.DumpProvider.TotalTime.Background.LevelDB recorded 3 samples, mean = 0.0 (flags = 0x1)
0  ---O                                                                      (3 = 100.0%)
1  ... 

Histogram: Memory.DumpProvider.TotalTime.Background.LocalStorage recorded 9 samples, mean = 1.0 (flags = 0x1)
0  O                                                                         (0 = 0.0%)
1  ---------O                                                                (9 = 100.0%) {0.0%}
2  ... 

Histogram: Memory.DumpProvider.TotalTime.Background.Malloc recorded 3 samples, mean = 0.0 (flags = 0x1)
0  ---O                                                                      (3 = 100.0%)
1  ... 

Histogram: Memory.DumpProvider.TotalTime.Background.MojoLevelDB recorded 15 samples, mean = 0.9 (flags = 0x1)
0  -O                                                                        (1 = 6.7%)
1  --------------O                                                           (14 = 93.3%) {6.7%}
2  ... 

Histogram: Memory.DumpProvider.TotalTime.Background.PartitionAlloc.AddressSpace recorded 3 samples, mean = 0.0 (flags = 0x1)
0  ---O                                                                      (3 = 100.0%)
1  ... 

Histogram: Memory.DumpProvider.TotalTime.Background.SessionStorage recorded 9 samples, mean = 1.0 (flags = 0x1)
0  O                                                                         (0 = 0.0%)
1  ---------O                                                                (9 = 100.0%) {0.0%}
2  ... 

Histogram: Memory.DumpProvider.TotalTime.Background.SharedMemoryTracker recorded 3 samples, mean = 0.7 (flags = 0x1)
0  -O                                                                        (1 = 33.3%)
1  --O                                                                       (2 = 66.7%) {33.3%}
2  ... 

Histogram: Memory.DumpProvider.TotalTime.Background.Skia recorded 3 samples, mean = 0.0 (flags = 0x1)
0  ---O                                                                      (3 = 100.0%)
1  ... 

Histogram: Memory.DumpProvider.TotalTime.Background.Sql recorded 3 samples, mean = 0.0 (flags = 0x1)
0  ---O                                                                      (3 = 100.0%)
1  ... 

Histogram: Memory.DumpProvider.TotalTime.Background.TileManager recorded 9 samples, mean = 1.0 (flags = 0x1)
0  O                                                                         (0 = 0.0%)
1  ---------O                                                                (9 = 100.0%) {0.0%}
2  ... 

Histogram: Memory.DumpProvider.TotalTime.Background.V8Isolate recorded 3 samples, mean = 1.0 (flags = 0x1)
0  O                                                                         (0 = 0.0%)
1  ---O                                                                      (3 = 100.0%) {0.0%}
2  ... 

Histogram: Memory.DumpProvider.TotalTime.Background.V8SharedMemory recorded 3 samples, mean = 0.0 (flags = 0x1)
0  ---O                                                                      (3 = 100.0%)
1  ... 

Histogram: Memory.DumpProvider.TotalTime.Background.cc__GpuImageDecodeCache recorded 9 samples, mean = 1.0 (flags = 0x1)
0  O                                                                         (0 = 0.0%)
1  ---------O                                                                (9 = 100.0%) {0.0%}
2  ... 

Histogram: Memory.DumpProvider.TotalTime.Background.cc__ResourcePool recorded 9 samples, mean = 1.0 (flags = 0x1)
0  O                                                                         (0 = 0.0%)
1  ---------O                                                                (9 = 100.0%) {0.0%}
2  ... 

Histogram: Memory.DumpProvider.TotalTime.Background.sql__Database recorded 15 samples, mean = 0.0 (flags = 0x1)
0  ---------------O                                                          (15 = 100.0%)
1  ... 

Histogram: Memory.GPU.PeakMemoryAllocationSource2.PageLoad.CommandBuffer recorded 3 samples, mean = 0.0 (flags = 0x1)
0  ---O                                                                      (3 = 100.0%)
1  ... 

Histogram: Memory.GPU.PeakMemoryAllocationSource2.PageLoad.SharedContextState recorded 3 samples, mean = 5.7 (flags = 0x1)
0  -O                                                                        (1 = 33.3%)
1  ... 
8  -O                                                                        (1 = 33.3%) {33.3%}
9  -O                                                                        (1 = 33.3%) {66.7%}
10 ... 

Histogram: Memory.GPU.PeakMemoryAllocationSource2.PageLoad.SharedImageStub recorded 3 samples, mean = 9.3 (flags = 0x1)
0   -O                                                                        (1 = 33.3%)
1   ... 
13  -O                                                                        (1 = 33.3%) {33.3%}
14  O                                                                         (0 = 0.0%) {66.7%}
15  -O                                                                        (1 = 33.3%) {66.7%}
17  ... 

Histogram: Memory.GPU.PeakMemoryAllocationSource2.PageLoad.Skia recorded 3 samples, mean = 20.0 (flags = 0x1)
0   ... 
13  -O                                                                        (1 = 33.3%) {0.0%}
14  ... 
19  -O                                                                        (1 = 33.3%) {33.3%}
21  ... 
25  -O                                                                        (1 = 33.3%) {66.7%}
28  ... 

Histogram: Memory.GPU.PeakMemoryAllocationSource2.PageLoad.Unknown recorded 3 samples, mean = 0.0 (flags = 0x1)
0  ---O                                                                      (3 = 100.0%)
1  ... 

Histogram: Memory.GPU.PeakMemoryAllocationSource2.PageLoad.WebNN recorded 3 samples, mean = 0.0 (flags = 0x1)
0  ---O                                                                      (3 = 100.0%)
1  ... 

Histogram: Memory.GPU.PeakMemoryUsage2.PageLoad recorded 3 samples, mean = 35.7 (flags = 0x1)
0   ... 
13  -O                                                                        (1 = 33.3%) {0.0%}
14  ... 
42  -O                                                                        (1 = 33.3%) {33.3%}
46  -O                                                                        (1 = 33.3%) {66.7%}
51  ... 

Histogram: Memory.PartitionAlloc.PartitionRoot.ExtrasSize recorded 1 samples, mean = 4.0 (flags = 0x1)
0  ... 
4  -O                                                                        (1 = 100.0%) {0.0%}
5  ... 

Histogram: Memory.PressureLevel2 recorded 7 samples, mean = 0.0 (flags = 0x1)
0  -------O                                                                  (7 = 100.0%)
1  ... 

Histogram: Mojo.Channel.WriteMessageSize recorded 2 samples, mean = 160.0 (flags = 0x1)
0    ... 
95   -O                                                                        (1 = 50.0%) {0.0%}
119  ... 
186  -O                                                                        (1 = 50.0%) {50.0%}
233  ... 

Histogram: Mojo.Channel.WriteReceiveMessageProcessType recorded 2 samples, mean = 1.0 (flags = 0x1)
0  O                                                                         (0 = 0.0%)
1  --O                                                                       (2 = 100.0%) {0.0%}
2  ... 

Histogram: Mojo.Channel.WriteSendMessageProcessType recorded 2 samples, mean = 1.0 (flags = 0x1)
0  O                                                                         (0 = 0.0%)
1  --O                                                                       (2 = 100.0%) {0.0%}
2  ... 

Histogram: Mojo.Channel.WriteToReadLatencyUs recorded 7 samples, mean = 14.4 (flags = 0x1)
0   ... 
3   -O                                                                        (1 = 14.3%) {0.0%}
4   ... 
6   -O                                                                        (1 = 14.3%) {14.3%}
7   ... 
9   -O                                                                        (1 = 14.3%) {28.6%}
10  O                                                                         (0 = 0.0%) {42.9%}
11  --O                                                                       (2 = 28.6%) {42.9%}
13  O                                                                         (0 = 0.0%) {71.4%}
15  -O                                                                        (1 = 14.3%) {71.4%}
17  ... 
41  -O                                                                        (1 = 14.3%) {85.7%}
47  ... 

Histogram: Mojo.EndToEndLatencyUs.BrowserIO recorded 0 samples (flags = 0x1)
0 ... 

Histogram: Mojo.EndToEndLatencyUs.BrowserMain recorded 0 samples (flags = 0x1)
0 ... 

Histogram: NQE.ContentObserver.NetworkQualityMeaningfullyChanged recorded 3 samples, mean = 0.7
0  -O                                                                        (1 = 33.3%)
1  --O                                                                       (2 = 66.7%) {33.3%}
2  O                                                                         (0 = 0.0%) {100.0%}

Histogram: Navigation.AgentSchedulingGroupHost.RemoveRoute recorded 6 samples, mean = 0.0 (flags = 0x1)
0  ------O                                                                   (6 = 100.0%)
1  ... 

Histogram: Navigation.All.WastedSpeculativeRFHCase recorded 6 samples, mean = 0.5 (flags = 0x1)
0  ---O                                                                      (3 = 50.0%)
1  ---O                                                                      (3 = 50.0%) {50.0%}
2  ... 

Histogram: Navigation.BeforeUnloadExecutionMode.IsInOutermostMainFrame recorded 2 samples, mean = 0.0 (flags = 0x1)
0  --O                                                                       (2 = 100.0%)
1  ... 

Histogram: Navigation.BeforeUnloadExecutionMode.IsInOutermostMainFrame.CrossOrigin recorded 2 samples, mean = 0.0 (flags = 0x1)
0  --O                                                                       (2 = 100.0%)
1  ... 

Histogram: Navigation.BeginNavigationImpl.MainFrame recorded 3 samples, mean = 0.0 (flags = 0x1)
0  ---O                                                                      (3 = 100.0%)
1  ... 

Histogram: Navigation.BrowserInitiated.IsDuplicateWithoutThresholdCheck2 recorded 3 samples, mean = 0.0 (flags = 0x1)
0  ---O                                                                      (3 = 100.0%)
1  ... 

Histogram: Navigation.BrowserInitiated.ShouldDispatchBeforeUnload recorded 3 samples, mean = 0.0 (flags = 0x1)
0  ---O                                                                      (3 = 100.0%)
1  ... 

Histogram: Navigation.DeferSpeculativeRFHAction recorded 3 samples, mean = 0.0 (flags = 0x1)
0  ---O                                                                      (3 = 100.0%)
1  ... 

Histogram: Navigation.DelayedCurrentProcessInitByLaunchingSpareFirst recorded 6 samples, mean = 1.0 (flags = 0x1)
0  O                                                                         (0 = 0.0%)
1  ------O                                                                   (6 = 100.0%) {0.0%}
2  O                                                                         (0 = 0.0%) {100.0%}

Histogram: Navigation.DidStartLoading.MainFrame recorded 3 samples, mean = 0.0 (flags = 0x1)
0  ---O                                                                      (3 = 100.0%)
1  ... 

Histogram: Navigation.DocumentAssociatedDataDestructor recorded 6 samples, mean = 0.0 (flags = 0x1)
0  ------O                                                                   (6 = 100.0%)
1  ... 

Histogram: Navigation.EarlyRenderFrameHostSwapType recorded 3 samples, mean = 0.0 (flags = 0x1)
0  ---O                                                                      (3 = 100.0%)
1  ... 

Histogram: Navigation.GetFrameHostForNavigation recorded 6 samples, mean = 1.2 (flags = 0x1)
0  ---O                                                                      (3 = 50.0%)
1  -O                                                                        (1 = 16.7%) {50.0%}
2  -O                                                                        (1 = 16.7%) {66.7%}
3  O                                                                         (0 = 0.0%) {83.3%}
4  -O                                                                        (1 = 16.7%) {83.3%}
5  ... 

Histogram: Navigation.GetFrameHostForNavigationTime.InDidCreateNavigationRequest.IsHTTPOrHTTPS recorded 2 samples, mean = 1975.0 (flags = 0x1)
0     ... 
1447  -O                                                                        (1 = 50.0%) {0.0%}
2008  -O                                                                        (1 = 50.0%) {50.0%}
2786  ... 

Histogram: Navigation.IsGuest recorded 3 samples, mean = 0.0 (flags = 0x1)
0  ---O                                                                      (3 = 100.0%)
1  ... 

Histogram: Navigation.IsLockedProcess recorded 3 samples, mean = 1.0 (flags = 0x1)
0  O                                                                         (0 = 0.0%)
1  ---O                                                                      (3 = 100.0%) {0.0%}
2  O                                                                         (0 = 0.0%) {100.0%}

Histogram: Navigation.IsLockedProcess.HTTPOrHTTPS recorded 2 samples, mean = 1.0 (flags = 0x1)
0  O                                                                         (0 = 0.0%)
1  --O                                                                       (2 = 100.0%) {0.0%}
2  O                                                                         (0 = 0.0%) {100.0%}

Histogram: Navigation.IsProcessBackgrounded2.OnCommit recorded 2 samples, mean = 0.0 (flags = 0x1)
0  --O                                                                       (2 = 100.0%)
1  ... 

Histogram: Navigation.IsProcessBackgrounded2.OnDOMContentLoaded recorded 2 samples, mean = 0.0 (flags = 0x1)
0  --O                                                                       (2 = 100.0%)
1  ... 

Histogram: Navigation.IsSameBrowsingInstance recorded 3 samples, mean = 1.0 (flags = 0x1)
0  O                                                                         (0 = 0.0%)
1  ---O                                                                      (3 = 100.0%) {0.0%}
2  O                                                                         (0 = 0.0%) {100.0%}

Histogram: Navigation.IsSameSiteInstance recorded 3 samples, mean = 1.0 (flags = 0x1)
0  O                                                                         (0 = 0.0%)
1  ---O                                                                      (3 = 100.0%) {0.0%}
2  O                                                                         (0 = 0.0%) {100.0%}

Histogram: Navigation.IsSameSiteInstance.MainFrame recorded 3 samples, mean = 1.0 (flags = 0x1)
0  O                                                                         (0 = 0.0%)
1  ---O                                                                      (3 = 100.0%) {0.0%}
2  O                                                                         (0 = 0.0%) {100.0%}

Histogram: Navigation.LoaderCreateToRequestStart.MainFrame recorded 3 samples, mean = 0.0 (flags = 0x1)
0  ---O                                                                      (3 = 100.0%)
1  ... 

Histogram: Navigation.MainFrame.FrameCount recorded 3 samples, mean = 1.0 (flags = 0x1)
0  O                                                                         (0 = 0.0%)
1  ---O                                                                      (3 = 100.0%) {0.0%}
2  ... 

Histogram: Navigation.MainFrame.MaxFrameCount recorded 3 samples, mean = 1.0 (flags = 0x1)
0  O                                                                         (0 = 0.0%)
1  ---O                                                                      (3 = 100.0%) {0.0%}
2  ... 

Histogram: Navigation.MainFrame.NewNavigation.IgnoreRestore.IsHTTPOrHTTPS.BeginNavigationToLoaderStart.Time2 recorded 2 samples, mean = 0.0 (flags = 0x1)
0  --O                                                                       (2 = 100.0%)
1  ... 

Histogram: Navigation.MainFrame.NewNavigation.IgnoreRestore.IsHTTPOrHTTPS.FetchStart.Time2 recorded 2 samples, mean = 4.0 (flags = 0x1)
0  ... 
3  -O                                                                        (1 = 50.0%) {0.0%}
4  O                                                                         (0 = 0.0%) {50.0%}
5  -O                                                                        (1 = 50.0%) {50.0%}
6  ... 

Histogram: Navigation.MainFrame.NewNavigation.IgnoreRestore.IsHTTPOrHTTPS.LoaderStartToFetchStart.Time2 recorded 2 samples, mean = 2.0 (flags = 0x1)
0  ... 
2  --O                                                                       (2 = 100.0%) {0.0%}
3  ... 

Histogram: Navigation.MainFrame.NewNavigation.IgnoreRestore.IsHTTPOrHTTPS.LoaderStartToReceiveResponse.Time2 recorded 2 samples, mean = 8.5 (flags = 0x1)
0   ... 
6   -O                                                                        (1 = 50.0%) {0.0%}
7   ... 
10  -O                                                                        (1 = 50.0%) {50.0%}
12  ... 

Histogram: Navigation.MainFrame.NewNavigation.IgnoreRestore.IsHTTPOrHTTPS.NavigationStartToBeginNavigation.Time2 recorded 2 samples, mean = 1.5 (flags = 0x1)
0  O                                                                         (0 = 0.0%)
1  -O                                                                        (1 = 50.0%) {0.0%}
2  -O                                                                        (1 = 50.0%) {50.0%}
3  ... 

Histogram: Navigation.MainFrame.NewNavigation.IgnoreRestore.IsHTTPOrHTTPS.ReceiveHeaders.Time2 recorded 2 samples, mean = 1.5 (flags = 0x1)
0  O                                                                         (0 = 0.0%)
1  -O                                                                        (1 = 50.0%) {0.0%}
2  -O                                                                        (1 = 50.0%) {50.0%}
3  ... 

Histogram: Navigation.MainFrame.NewNavigation.IgnoreRestore.IsHTTPOrHTTPS.ReceiveHeadersToReceiveResponse.Time2 recorded 2 samples, mean = 0.0 (flags = 0x1)
0  --O                                                                       (2 = 100.0%)
1  ... 

Histogram: Navigation.MainFrame.NewNavigation.IgnoreRestore.IsHTTPOrHTTPS.ReceiveResponseToCommitNavigation.Time2 recorded 2 samples, mean = 0.5 (flags = 0x1)
0  -O                                                                        (1 = 50.0%)
1  -O                                                                        (1 = 50.0%) {50.0%}
2  ... 

Histogram: Navigation.NotFromAd.WastedSpeculativeRFHCase recorded 6 samples, mean = 0.5 (flags = 0x1)
0  ---O                                                                      (3 = 50.0%)
1  ---O                                                                      (3 = 50.0%) {50.0%}
2  ... 

Histogram: Navigation.OriginAgentCluster.Result recorded 3 samples, mean = 8.7 (flags = 0x1)
0  ... 
8  -O                                                                        (1 = 33.3%) {0.0%}
9  --O                                                                       (2 = 66.7%) {33.3%}
10 O                                                                         (0 = 0.0%) {100.0%}

Histogram: Navigation.ProcessNavigationThrottlesTime.WillStartRequest.MainFrame recorded 3 samples, mean = 0.0 (flags = 0x1)
0  ---O                                                                      (3 = 100.0%)
1  ... 

Histogram: Navigation.QueueTime.OnReceiveResponse.MainFrame recorded 3 samples, mean = 0.0 (flags = 0x1)
0  ---O                                                                      (3 = 100.0%)
1  ... 

Histogram: Navigation.ReadyToCommitUntilCommit2 recorded 3 samples, mean = 38.0 (flags = 0x1)
0   ... 
32  --O                                                                       (2 = 66.7%) {0.0%}
41  -O                                                                        (1 = 33.3%) {66.7%}
52  ... 

Histogram: Navigation.ReadyToCommitUntilCommit2.ForegroundProcessPriority recorded 3 samples, mean = 38.0 (flags = 0x1)
0   ... 
32  --O                                                                       (2 = 66.7%) {0.0%}
41  -O                                                                        (1 = 33.3%) {66.7%}
52  ... 

Histogram: Navigation.ReadyToCommitUntilCommit2.NewNavigation recorded 3 samples, mean = 38.0 (flags = 0x1)
0   ... 
32  --O                                                                       (2 = 66.7%) {0.0%}
41  -O                                                                        (1 = 33.3%) {66.7%}
52  ... 

Histogram: Navigation.RegisterNavigationThrottlesTime.MainFrame recorded 3 samples, mean = 0.0 (flags = 0x1)
0  ---O                                                                      (3 = 100.0%)
1  ... 

Histogram: Navigation.RenderFrameHostConstructor recorded 3 samples, mean = 0.0 (flags = 0x1)
0  ---O                                                                      (3 = 100.0%)
1  ... 

Histogram: Navigation.RenderFrameHostDestructor recorded 3 samples, mean = 0.0 (flags = 0x1)
0  ---O                                                                      (3 = 100.0%)
1  ... 

Histogram: Navigation.RenderViewHostConstructor recorded 3 samples, mean = 0.0 (flags = 0x1)
0  ---O                                                                      (3 = 100.0%)
1  ... 

Histogram: Navigation.RenderViewHostDestructor recorded 3 samples, mean = 0.0 (flags = 0x1)
0  ---O                                                                      (3 = 100.0%)
1  ... 

Histogram: Navigation.RenderWidgetHostConstructor recorded 3 samples, mean = 0.0 (flags = 0x1)
0  ---O                                                                      (3 = 100.0%)
1  ... 

Histogram: Navigation.RenderWidgetHostDestructor recorded 3 samples, mean = 0.0 (flags = 0x1)
0  ---O                                                                      (3 = 100.0%)
1  ... 

Histogram: Navigation.RendererDidNavigateTime.MainFrame recorded 3 samples, mean = 0.0 (flags = 0x1)
0  ---O                                                                      (3 = 100.0%)
1  ... 

Histogram: Navigation.RequiresDedicatedProcess recorded 3 samples, mean = 1.0 (flags = 0x1)
0  O                                                                         (0 = 0.0%)
1  ---O                                                                      (3 = 100.0%) {0.0%}
2  O                                                                         (0 = 0.0%) {100.0%}

Histogram: Navigation.RequiresDedicatedProcess.HTTPOrHTTPS recorded 2 samples, mean = 1.0 (flags = 0x1)
0  O                                                                         (0 = 0.0%)
1  --O                                                                       (2 = 100.0%) {0.0%}
2  O                                                                         (0 = 0.0%) {100.0%}

Histogram: Navigation.ResetChildren recorded 9 samples, mean = 0.0 (flags = 0x1)
0  ---------O                                                                (9 = 100.0%)
1  ... 

Histogram: Navigation.SendCommitNavigationTime.MainFrame recorded 3 samples, mean = 0.0 (flags = 0x1)
0  ---O                                                                      (3 = 100.0%)
1  ... 

Histogram: Navigation.StartAdjustment.AllFrames recorded 3 samples, mean = 0.0 (flags = 0x1)
0  ---O                                                                      (3 = 100.0%)
1  ... 

Histogram: Navigation.StartAdjustment.MainFrameOnly recorded 3 samples, mean = 0.0 (flags = 0x1)
0  ---O                                                                      (3 = 100.0%)
1  ... 

Histogram: Navigation.StartToCommit recorded 3 samples, mean = 48.0 (flags = 0x1)
0   ... 
41  ---O                                                                      (3 = 100.0%) {0.0%}
52  ... 

Histogram: Navigation.StartToCommit.ForegroundProcessPriority recorded 3 samples, mean = 48.0 (flags = 0x1)
0   ... 
41  ---O                                                                      (3 = 100.0%) {0.0%}
52  ... 

Histogram: Navigation.StartToCommit.MainFrame recorded 3 samples, mean = 48.0 (flags = 0x1)
0   ... 
41  ---O                                                                      (3 = 100.0%) {0.0%}
52  ... 

Histogram: Navigation.StartToCommit.MainFrame.ForegroundProcessPriority recorded 3 samples, mean = 48.0 (flags = 0x1)
0   ... 
41  ---O                                                                      (3 = 100.0%) {0.0%}
52  ... 

Histogram: Navigation.StartToCommit.MainFrame.NewNavigation recorded 3 samples, mean = 48.0 (flags = 0x1)
0   ... 
41  ---O                                                                      (3 = 100.0%) {0.0%}
52  ... 

Histogram: Navigation.StartToCommit.NewNavigation recorded 3 samples, mean = 48.0 (flags = 0x1)
0   ... 
41  ---O                                                                      (3 = 100.0%) {0.0%}
52  ... 

Histogram: Navigation.StartToCommit.SameProcess recorded 3 samples, mean = 48.0 (flags = 0x1)
0   ... 
41  ---O                                                                      (3 = 100.0%) {0.0%}
52  ... 

Histogram: Navigation.StartToCommit.SameProcess.ForegroundProcessPriority recorded 3 samples, mean = 48.0 (flags = 0x1)
0   ... 
41  ---O                                                                      (3 = 100.0%) {0.0%}
52  ... 

Histogram: Navigation.StartToCommit.SameProcess.MainFrame recorded 3 samples, mean = 48.0 (flags = 0x1)
0   ... 
41  ---O                                                                      (3 = 100.0%) {0.0%}
52  ... 

Histogram: Navigation.StartToCommit.SameProcess.MainFrame.ForegroundProcessPriority recorded 3 samples, mean = 48.0 (flags = 0x1)
0   ... 
41  ---O                                                                      (3 = 100.0%) {0.0%}
52  ... 

Histogram: Navigation.StartToCommit.SameProcess.MainFrame.NewNavigation recorded 3 samples, mean = 48.0 (flags = 0x1)
0   ... 
41  ---O                                                                      (3 = 100.0%) {0.0%}
52  ... 

Histogram: Navigation.StartToCommit.SameProcess.NewNavigation recorded 3 samples, mean = 48.0 (flags = 0x1)
0   ... 
41  ---O                                                                      (3 = 100.0%) {0.0%}
52  ... 

Histogram: Navigation.SuddenTerminationDisabler.AllOrigins recorded 3 samples, mean = 13.0 (flags = 0x1)
0   ... 
13  ---O                                                                      (3 = 100.0%) {0.0%}
14  ... 

Histogram: Navigation.SuddenTerminationDisabler.SameOrigin recorded 3 samples, mean = 13.0 (flags = 0x1)
0   ... 
13  ---O                                                                      (3 = 100.0%) {0.0%}
14  ... 

Histogram: Navigation.ThrottleCount recorded 3 samples, mean = 9.0 (flags = 0x1)
0  ... 
9  ---O                                                                      (3 = 100.0%) {0.0%}
10 ... 

Histogram: Navigation.ThrottleEventDurationTime.WillProcessResponse recorded 3 samples, mean = 0.0 (flags = 0x1)
0  ---O                                                                      (3 = 100.0%)
1  ... 

Histogram: Navigation.ThrottleEventDurationTime.WillStartRequest recorded 3 samples, mean = 0.0 (flags = 0x1)
0  ---O                                                                      (3 = 100.0%)
1  ... 

Histogram: Navigation.ThrottleEventExecutionTime.WillProcessResponse recorded 3 samples, mean = 0.0 (flags = 0x1)
0  ---O                                                                      (3 = 100.0%)
1  ... 

Histogram: Navigation.ThrottleEventExecutionTime.WillStartRequest recorded 3 samples, mean = 0.0 (flags = 0x1)
0  ---O                                                                      (3 = 100.0%)
1  ... 

Histogram: Navigation.ThrottleExecutionTime.WillProcessResponse recorded 27 samples, mean = 0.0 (flags = 0x1)
0  ---------------------------O                                              (27 = 100.0%)
1  ... 

Histogram: Navigation.ThrottleExecutionTime.WillStartRequest recorded 27 samples, mean = 0.0 (flags = 0x1)
0  ---------------------------O                                              (27 = 100.0%)
1  ... 

Histogram: Navigation.ThrottleTotalDeferCount recorded 3 samples, mean = 0.0 (flags = 0x1)
0  ---O                                                                      (3 = 100.0%)
1  ... 

Histogram: Navigation.ThrottleTotalDeferCount.Request recorded 3 samples, mean = 0.0 (flags = 0x1)
0  ---O                                                                      (3 = 100.0%)
1  ... 

Histogram: Navigation.ThrottleTotalDeferTime recorded 3 samples, mean = 0.0 (flags = 0x1)
0  ---O                                                                      (3 = 100.0%)
1  ... 

Histogram: Navigation.ThrottleTotalDeferTime.Request recorded 3 samples, mean = 0.0 (flags = 0x1)
0  ---O                                                                      (3 = 100.0%)
1  ... 

Histogram: Navigation.TimeToReadyToCommit2 recorded 3 samples, mean = 10.0 (flags = 0x1)
0   ... 
6   -O                                                                        (1 = 33.3%) {0.0%}
8   -O                                                                        (1 = 33.3%) {33.3%}
10  O                                                                         (0 = 0.0%) {66.7%}
13  -O                                                                        (1 = 33.3%) {66.7%}
16  ... 

Histogram: Navigation.TimeToReadyToCommit2.MainFrame recorded 3 samples, mean = 10.0 (flags = 0x1)
0   ... 
6   -O                                                                        (1 = 33.3%) {0.0%}
8   -O                                                                        (1 = 33.3%) {33.3%}
10  O                                                                         (0 = 0.0%) {66.7%}
13  -O                                                                        (1 = 33.3%) {66.7%}
16  ... 

Histogram: Navigation.TimeToReadyToCommit2.MainFrame.NewNavigation recorded 3 samples, mean = 10.0 (flags = 0x1)
0   ... 
6   -O                                                                        (1 = 33.3%) {0.0%}
8   -O                                                                        (1 = 33.3%) {33.3%}
10  O                                                                         (0 = 0.0%) {66.7%}
13  -O                                                                        (1 = 33.3%) {66.7%}
16  ... 

Histogram: Navigation.TimeToReadyToCommit2.NewNavigation recorded 3 samples, mean = 10.0 (flags = 0x1)
0   ... 
6   -O                                                                        (1 = 33.3%) {0.0%}
8   -O                                                                        (1 = 33.3%) {33.3%}
10  O                                                                         (0 = 0.0%) {66.7%}
13  -O                                                                        (1 = 33.3%) {66.7%}
16  ... 

Histogram: Navigation.TimeToReadyToCommit2.SameProcess recorded 3 samples, mean = 10.0 (flags = 0x1)
0   ... 
6   -O                                                                        (1 = 33.3%) {0.0%}
8   -O                                                                        (1 = 33.3%) {33.3%}
10  O                                                                         (0 = 0.0%) {66.7%}
13  -O                                                                        (1 = 33.3%) {66.7%}
16  ... 

Histogram: Navigation.TimeToReadyToCommit2.SameProcess.NewNavigation recorded 3 samples, mean = 10.0 (flags = 0x1)
0   ... 
6   -O                                                                        (1 = 33.3%) {0.0%}
8   -O                                                                        (1 = 33.3%) {33.3%}
10  O                                                                         (0 = 0.0%) {66.7%}
13  -O                                                                        (1 = 33.3%) {66.7%}
16  ... 

Histogram: Navigation.Timeline.BeginNavigationToLoaderStart.Duration recorded 3 samples, mean = 0.0 (flags = 0x1)
0  ---O                                                                      (3 = 100.0%)
1  ... 

Histogram: Navigation.Timeline.CommitToDidCommit.Duration recorded 3 samples, mean = 36.3 (flags = 0x1)
0   ... 
34  --O                                                                       (2 = 66.7%) {0.0%}
40  -O                                                                        (1 = 33.3%) {66.7%}
48  ... 

Histogram: Navigation.Timeline.DidCommitToFinish.Duration recorded 3 samples, mean = 0.3 (flags = 0x1)
0  --O                                                                       (2 = 66.7%)
1  -O                                                                        (1 = 33.3%) {66.7%}
2  ... 

Histogram: Navigation.Timeline.FetchStartToReceiveHeaders.Duration recorded 2 samples, mean = 6.0 (flags = 0x1)
0  ... 
4  -O                                                                        (1 = 50.0%) {0.0%}
5  ... 
8  -O                                                                        (1 = 50.0%) {50.0%}
10 ... 

Histogram: Navigation.Timeline.IgnoredCorrectly.Duration recorded 3 samples, mean = 0.0 (flags = 0x1)
0  ---O                                                                      (3 = 100.0%)
1  ... 

Histogram: Navigation.Timeline.IgnoredIncorrectly.Duration recorded 3 samples, mean = 0.0 (flags = 0x1)
0  ---O                                                                      (3 = 100.0%)
1  ... 

Histogram: Navigation.Timeline.IgnoredIncorrectly.MainFrameOnly.Duration recorded 3 samples, mean = 0.0 (flags = 0x1)
0  ---O                                                                      (3 = 100.0%)
1  ... 

Histogram: Navigation.Timeline.IgnoredIncorrectly.MainFrameOnly.Percentage recorded 3 samples, mean = 0.0 (flags = 0x1)
0  ---O                                                                      (3 = 100.0%)
1  ... 

Histogram: Navigation.Timeline.IgnoredIncorrectly.Percentage recorded 3 samples, mean = 0.0 (flags = 0x1)
0  ---O                                                                      (3 = 100.0%)
1  ... 

Histogram: Navigation.Timeline.LoaderStartToFetchStart.Duration recorded 3 samples, mean = 1.7 (flags = 0x1)
0  O                                                                         (0 = 0.0%)
1  -O                                                                        (1 = 33.3%) {0.0%}
2  --O                                                                       (2 = 66.7%) {33.3%}
3  ... 

Histogram: Navigation.Timeline.LoaderStartToReceiveResponse.Duration recorded 3 samples, mean = 6.3 (flags = 0x1)
0   ... 
2   -O                                                                        (1 = 33.3%) {0.0%}
3   ... 
6   -O                                                                        (1 = 33.3%) {33.3%}
7   ... 
10  -O                                                                        (1 = 33.3%) {66.7%}
12  ... 

Histogram: Navigation.Timeline.NavigationRequestToBeginNavigation.Duration recorded 3 samples, mean = 2.3 (flags = 0x1)
0  O                                                                         (0 = 0.0%)
1  -O                                                                        (1 = 33.3%) {0.0%}
2  -O                                                                        (1 = 33.3%) {33.3%}
3  O                                                                         (0 = 0.0%) {66.7%}
4  -O                                                                        (1 = 33.3%) {66.7%}
5  ... 

Histogram: Navigation.Timeline.ReceiveHeadersToReceiveResponse.Duration recorded 2 samples, mean = 0.0 (flags = 0x1)
0  --O                                                                       (2 = 100.0%)
1  ... 

Histogram: Navigation.Timeline.ReceiveResponseToCommit.Duration recorded 3 samples, mean = 0.3 (flags = 0x1)
0  --O                                                                       (2 = 66.7%)
1  -O                                                                        (1 = 33.3%) {66.7%}
2  ... 

Histogram: Navigation.Timeline.RendererCommitToDidCommit.Duration recorded 3 samples, mean = 0.0 (flags = 0x1)
0  ---O                                                                      (3 = 100.0%)
1  ... 

Histogram: Navigation.Timeline.StartToNavigationRequestCreation.Duration recorded 3 samples, mean = 0.0 (flags = 0x1)
0  ---O                                                                      (3 = 100.0%)
1  ... 

Histogram: Navigation.Timeline.Total.Duration recorded 3 samples, mean = 48.0 (flags = 0x1)
0   ... 
40  -O                                                                        (1 = 33.3%) {0.0%}
48  --O                                                                       (2 = 66.7%) {33.3%}
57  ... 

Histogram: Navigation.Timeline.TotalExcludingBeforeUnload.Duration recorded 3 samples, mean = 48.0 (flags = 0x1)
0   ... 
40  -O                                                                        (1 = 33.3%) {0.0%}
48  --O                                                                       (2 = 66.7%) {33.3%}
57  ... 

Histogram: Navigation.Timeline.TotalExcludingBeforeUnload.MainFrameOnly.Duration recorded 3 samples, mean = 48.0 (flags = 0x1)
0   ... 
40  -O                                                                        (1 = 33.3%) {0.0%}
48  --O                                                                       (2 = 66.7%) {33.3%}
57  ... 

Histogram: Navigation.Timeline.TotalExcludingBeforeUnloadDialog.Duration recorded 3 samples, mean = 48.0 (flags = 0x1)
0   ... 
40  -O                                                                        (1 = 33.3%) {0.0%}
48  --O                                                                       (2 = 66.7%) {33.3%}
57  ... 

Histogram: Navigation.Timeline.TotalExcludingBeforeUnloadDialog.MainFrameOnly.Duration recorded 3 samples, mean = 48.0 (flags = 0x1)
0   ... 
40  -O                                                                        (1 = 33.3%) {0.0%}
48  --O                                                                       (2 = 66.7%) {33.3%}
57  ... 

Histogram: Navigation.URLLoader.HasClientHintsControllerDelegate recorded 3 samples, mean = 0.0 (flags = 0x1)
0  ---O                                                                      (3 = 100.0%)
1  ... 

Histogram: Navigation.URLLoader.InMainPath recorded 3 samples, mean = 0.7 (flags = 0x1)
0  -O                                                                        (1 = 33.3%)
1  --O                                                                       (2 = 66.7%) {33.3%}
2  O                                                                         (0 = 0.0%) {100.0%}

Histogram: Navigation.URLLoader.ParseHeaders.RoundTripTimeForNonNetworkResponse recorded 1 samples, mean = 500.0 (flags = 0x1)
0    ... 
391  -O                                                                        (1 = 100.0%) {0.0%}
542  ... 

Histogram: Navigation.UserAgentStringType recorded 2 samples, mean = 2.0 (flags = 0x1)
0  ... 
2  --O                                                                       (2 = 100.0%) {0.0%}
3  O                                                                         (0 = 0.0%) {100.0%}

Histogram: Navigation.WillStartRequestToLoaderStart.MainFrame recorded 3 samples, mean = 0.0 (flags = 0x1)
0  ---O                                                                      (3 = 100.0%)
1  ... 

Histogram: Net.DNS.DnsConfig.Windows.Compatibility recorded 1 samples, mean = 0.0 (flags = 0x1)
0  -O                                                                        (1 = 100.0%)
1  ... 

Histogram: Net.DNS.DnsConfig.Windows.ReadSystemSettings0 recorded 1 samples, mean = 0.0 (flags = 0x1)
0  -O                                                                        (1 = 100.0%)
1  ... 

Histogram: Net.DNS.DnsHosts.Count recorded 1 samples, mean = 3.0 (flags = 0x1)
0  ... 
3  -O                                                                        (1 = 100.0%) {0.0%}
4  ... 

Histogram: Net.DNS.DnsHosts.EstimateMemoryUsage recorded 1 samples, mean = 314.0 (flags = 0x1)
0  -O                                                                        (1 = 100.0%)
1000... 

Histogram: Net.DNS.DnsHosts.FileSize recorded 1 samples, mean = 1056.0 (flags = 0x1)
0    ... 
737  -O                                                                        (1 = 100.0%) {0.0%}
1065 ... 

Histogram: Net.HttpResponseCode2 recorded 4 samples, mean = 200.0 (flags = 0x1)
0    ... 
200  ----O                                                                     (4 = 100.0%) {0.0%}
201  ... 

Histogram: Net.NetworkChangeNotifier.NewConnectionCost recorded 1 samples, mean = 1.0 (flags = 0x1)
0  O                                                                         (0 = 0.0%)
1  -O                                                                        (1 = 100.0%) {0.0%}
2  ... 

Histogram: Net.URLLoaderThrottle.OnReceiveResponseTime recorded 3 samples, mean = 0.3 (flags = 0x1)
0  --O                                                                       (2 = 66.7%)
1  -O                                                                        (1 = 33.3%) {66.7%}
2  ... 

Histogram: Net.URLLoaderThrottleExecutionTime.BeforeWillProcessResponse recorded 9 samples, mean = 0.0 (flags = 0x1)
0  ---------O                                                                (9 = 100.0%)
1  ... 

Histogram: Net.URLLoaderThrottleExecutionTime.WillProcessResponse recorded 9 samples, mean = 0.0 (flags = 0x1)
0  ---------O                                                                (9 = 100.0%)
1  ... 

Histogram: Net.URLLoaderThrottleExecutionTime.WillStartRequest recorded 9 samples, mean = 0.0 (flags = 0x1)
0  ---------O                                                                (9 = 100.0%)
1  ... 

Histogram: NetworkService.GrantSandboxResult recorded 3 samples, mean = 4.7 (flags = 0x1)
0  -O                                                                        (1 = 33.3%)
1  ... 
7  --O                                                                       (2 = 66.7%) {33.3%}
8  ... 

Histogram: NetworkService.TimeToGrantCacheAccess recorded 1 samples, mean = 1.0 (flags = 0x1)
0  O                                                                         (0 = 0.0%)
1  -O                                                                        (1 = 100.0%) {0.0%}
2  ... 

Histogram: NetworkService.TimeToGrantDataAccess recorded 1 samples, mean = 0.0 (flags = 0x1)
0  -O                                                                        (1 = 100.0%)
1  ... 

Histogram: NetworkService.TimeToGrantSharedDictionaryAccess recorded 1 samples, mean = 1.0 (flags = 0x1)
0  O                                                                         (0 = 0.0%)
1  -O                                                                        (1 = 100.0%) {0.0%}
2  ... 

Histogram: NetworkService.TimeToMigrateData recorded 1 samples, mean = 0.0 (flags = 0x1)
0  -O                                                                        (1 = 100.0%)
1  ... 

Histogram: OSCrypt.Win.Encrypt.Result recorded 1 samples, mean = 1.0 (flags = 0x1)
0  O                                                                         (0 = 0.0%)
1  -O                                                                        (1 = 100.0%) {0.0%}
2  O                                                                         (0 = 0.0%) {100.0%}

Histogram: OSCrypt.Win.Encrypt.Time recorded 1 samples, mean = 0.0 (flags = 0x1)
0  -O                                                                        (1 = 100.0%)
1  ... 

Histogram: Power.DarkMode.DarkColorScheme.InferredDarkPageColorScheme recorded 2 samples, mean = 1.0 (flags = 0x1)
0  O                                                                         (0 = 0.0%)
1  --O                                                                       (2 = 100.0%) {0.0%}
2  O                                                                         (0 = 0.0%) {100.0%}

Histogram: Power.DarkMode.InferredDarkPageColorScheme recorded 2 samples, mean = 1.0 (flags = 0x1)
0  O                                                                         (0 = 0.0%)
1  --O                                                                       (2 = 100.0%) {0.0%}
2  O                                                                         (0 = 0.0%) {100.0%}

Histogram: Prefs.JSonStore.SetValueKey recorded 11 samples (flags = 0x1)
435583371   ---O                                                                      (3 = 27.3%)
615214499   --O                                                                       (2 = 18.2%)
987246806   ---O                                                                      (3 = 27.3%)
1333612670  -O                                                                        (1 = 9.1%)
1535918026  -O                                                                        (1 = 9.1%)
2022894957  -O                                                                        (1 = 9.1%)

Histogram: Prerender.Experimental.PrerenderProcessReuseAvailability recorded 3 samples, mean = 3.0 (flags = 0x1)
0  ... 
3  ---O                                                                      (3 = 100.0%) {0.0%}
4  O                                                                         (0 = 0.0%) {100.0%}

Histogram: Privacy.DIPS.BtmBounceDetector.AllAccessesMatched recorded 3 samples, mean = 1.0 (flags = 0x1)
0  O                                                                         (0 = 0.0%)
1  ---O                                                                      (3 = 100.0%) {0.0%}
2  O                                                                         (0 = 0.0%) {100.0%}

Histogram: Privacy.DIPS.ClearedSitesCount.Block3PC recorded 1 samples, mean = 0.0 (flags = 0x1)
0  -O                                                                        (1 = 100.0%)
1  ... 

Histogram: Privacy.DIPS.ClearedSitesCount.OffTheRecord_Block3PC recorded 2 samples, mean = 0.0 (flags = 0x1)
0  --O                                                                       (2 = 100.0%)
1  ... 

Histogram: Privacy.DIPS.Database.Operation.GetSitesThatBouncedTime recorded 3 samples, mean = 0.0 (flags = 0x1)
0  ---O                                                                      (3 = 100.0%)
1  ... 

Histogram: Privacy.DIPS.Database.Operation.InitTime recorded 3 samples, mean = 1.3 (flags = 0x1)
0  --O                                                                       (2 = 66.7%)
1  ... 
4  -O                                                                        (1 = 33.3%) {66.7%}
5  ... 

Histogram: Privacy.DIPS.DatabaseEntryCount recorded 3 samples, mean = 0.0 (flags = 0x1)
0  ---O                                                                      (3 = 100.0%)
1  ... 

Histogram: Privacy.DIPS.DatabaseHealthMetricsTime recorded 3 samples, mean = 0.0 (flags = 0x1)
0  ---O                                                                      (3 = 100.0%)
1  ... 

Histogram: Privacy.DIPS.DatabaseInit recorded 3 samples, mean = 1.0 (flags = 0x1)
0  O                                                                         (0 = 0.0%)
1  ---O                                                                      (3 = 100.0%) {0.0%}
2  ... 

Histogram: Privacy.DIPS.DatabaseSize recorded 1 samples, mean = 4.0 (flags = 0x1)
0  -O                                                                        (1 = 100.0%)
1000... 

Histogram: Process.Sandbox.StartSandboxedWin.CreatePolicyDuration recorded 6 samples, mean = 3.2 (flags = 0x1)
0  ------O                                                                   (6 = 100.0%)
5  ... 

Histogram: Process.Sandbox.StartSandboxedWin.GeneratePolicyDuration recorded 6 samples, mean = 111.2 (flags = 0x1)
0    O                                                                         (0 = 0.0%)
5    --O                                                                       (2 = 33.3%) {0.0%}
6    ... 
136  --O                                                                       (2 = 33.3%) {33.3%}
167  --O                                                                       (2 = 33.3%) {66.7%}
205  ... 

Histogram: Process.Sandbox.StartSandboxedWin.PostSpawnTargetDuration recorded 6 samples, mean = 6.3 (flags = 0x1)
0   ---O                                                                      (3 = 50.0%)
5   O                                                                         (0 = 0.0%) {50.0%}
6   -O                                                                        (1 = 16.7%) {50.0%}
7   -O                                                                        (1 = 16.7%) {66.7%}
9   ... 
14  -O                                                                        (1 = 16.7%) {83.3%}
17  ... 

Histogram: Process.Sandbox.StartSandboxedWin.SpawnTargetDuration recorded 6 samples, mean = 14092.8 (flags = 0x1)
0      ... 
10338  --O                                                                       (2 = 33.3%) {0.0%}
12707  ---O                                                                      (3 = 50.0%) {33.3%}
15618  -O                                                                        (1 = 16.7%) {83.3%}
19197  ... 

Histogram: Process.Sandbox.StartSandboxedWin.TotalDuration recorded 6 samples, mean = 14213.5 (flags = 0x1)
0      ... 
10338  --O                                                                       (2 = 33.3%) {0.0%}
12707  ---O                                                                      (3 = 50.0%) {33.3%}
15618  -O                                                                        (1 = 16.7%) {83.3%}
19197  ... 

Histogram: Quota.DaysSinceLastAccessed recorded 4 samples, mean = 0.0 (flags = 0x1)
0  ----O                                                                     (4 = 100.0%)
1  ... 

Histogram: RenderTextHarfBuzz.MissingGlyphCount recorded 12 samples, mean = 0.0 (flags = 0x1)
0  ------------O                                                             (12 = 100.0%)
1  ... 

Histogram: RenderTextHarfBuzz.ShapeRunsFallback recorded 12 samples, mean = 1.0 (flags = 0x1)
0  O                                                                         (0 = 0.0%)
1  ------------O                                                             (12 = 100.0%) {0.0%}
2  ... 

Histogram: Scheduling.ContendedLockAcquisitionTime.BaseLock.CrBrowserMain recorded 1 samples, mean = 2.0 (flags = 0x1)
0  ... 
2  -O                                                                        (1 = 100.0%) {0.0%}
3  ... 

Histogram: Scheduling.MessagePumpTimeKeeper.BrowserIO recorded 0 samples (flags = 0x1)
0 ... 

Histogram: Scheduling.MessagePumpTimeKeeper.BrowserUI recorded 953 samples, mean = 5.0 (flags = 0x1)
0  ... 
5  ------------------------------------------------------------------------O (953 = 100.0%) {0.0%}
6  ... 

Histogram: Scheduling.ThreadController.ActiveIntervalDuration.Any.BrowserIO recorded 3 samples, mean = 0.0 (flags = 0x1)
0  ---O                                                                      (3 = 100.0%)
1  ... 

Histogram: Scheduling.ThreadController.ActiveIntervalDuration.Any.BrowserUI recorded 1 samples, mean = 0.0 (flags = 0x1)
0  -O                                                                        (1 = 100.0%)
1  ... 

Histogram: Scheduling.ThreadController.ActiveIntervalDuration.Any.Other recorded 2 samples, mean = 6.0 (flags = 0x1)
0  ... 
6  --O                                                                       (2 = 100.0%) {0.0%}
7  ... 

Histogram: Scheduling.ThreadController.ActiveIntervalDuration.Medium.Other recorded 2 samples, mean = 6.0 (flags = 0x1)
0  ... 
6  --O                                                                       (2 = 100.0%) {0.0%}
7  ... 

Histogram: Scheduling.ThreadController.ActiveIntervalDuration.Short.BrowserIO recorded 3 samples, mean = 196.0 (flags = 0x1)
0    ... 
7    -O                                                                        (1 = 33.3%) {0.0%}
8    ... 
20   -O                                                                        (1 = 33.3%) {33.3%}
21   ... 
547  -O                                                                        (1 = 33.3%) {66.7%}
575  ... 

Histogram: Scheduling.ThreadController.ActiveIntervalDuration.Short.BrowserUI recorded 1 samples, mean = 8.0 (flags = 0x1)
0  ... 
8  -O                                                                        (1 = 100.0%) {0.0%}
9  ... 

Histogram: Scheduling.ThreadController.ActiveIntervalOffCpuDuration.Any.BrowserIO recorded 3 samples, mean = 0.0 (flags = 0x1)
0  ---O                                                                      (3 = 100.0%)
1  ... 

Histogram: Scheduling.ThreadController.ActiveIntervalOffCpuDuration.Any.BrowserUI recorded 1 samples, mean = 0.0 (flags = 0x1)
0  -O                                                                        (1 = 100.0%)
1  ... 

Histogram: Scheduling.ThreadController.ActiveIntervalOffCpuDuration.Any.Other recorded 2 samples, mean = 3.0 (flags = 0x1)
0  ... 
3  --O                                                                       (2 = 100.0%) {0.0%}
4  ... 

Histogram: Scheduling.ThreadController.ActiveIntervalOffCpuDuration.Medium.Other recorded 2 samples, mean = 3.0 (flags = 0x1)
0  ... 
3  --O                                                                       (2 = 100.0%) {0.0%}
4  ... 

Histogram: Scheduling.ThreadController.ActiveIntervalOffCpuDuration.Short.BrowserIO recorded 3 samples, mean = 187.3 (flags = 0x1)
0    -O                                                                        (1 = 33.3%)
1    -O                                                                        (1 = 33.3%) {33.3%}
2    ... 
547  -O                                                                        (1 = 33.3%) {66.7%}
575  ... 

Histogram: Scheduling.ThreadController.ActiveIntervalOffCpuDuration.Short.BrowserUI recorded 1 samples, mean = 2.0 (flags = 0x1)
0  ... 
2  -O                                                                        (1 = 100.0%) {0.0%}
3  ... 

Histogram: Scheduling.ThreadController.ActiveIntervalOnCpuDuration.Any.BrowserIO recorded 3 samples, mean = 0.0 (flags = 0x1)
0  ---O                                                                      (3 = 100.0%)
1  ... 

Histogram: Scheduling.ThreadController.ActiveIntervalOnCpuDuration.Any.BrowserUI recorded 1 samples, mean = 0.0 (flags = 0x1)
0  -O                                                                        (1 = 100.0%)
1  ... 

Histogram: Scheduling.ThreadController.ActiveIntervalOnCpuDuration.Any.Other recorded 2 samples, mean = 3.0 (flags = 0x1)
0  ... 
3  --O                                                                       (2 = 100.0%) {0.0%}
4  ... 

Histogram: Scheduling.ThreadController.ActiveIntervalOnCpuDuration.Medium.Other recorded 2 samples, mean = 3.0 (flags = 0x1)
0  ... 
3  --O                                                                       (2 = 100.0%) {0.0%}
4  ... 

Histogram: Scheduling.ThreadController.ActiveIntervalOnCpuDuration.Short.BrowserIO recorded 3 samples, mean = 8.7 (flags = 0x1)
0   -O                                                                        (1 = 33.3%)
1   ... 
6   -O                                                                        (1 = 33.3%) {33.3%}
7   ... 
20  -O                                                                        (1 = 33.3%) {66.7%}
21  ... 

Histogram: Scheduling.ThreadController.ActiveIntervalOnCpuDuration.Short.BrowserUI recorded 1 samples, mean = 6.0 (flags = 0x1)
0  ... 
6  -O                                                                        (1 = 100.0%) {0.0%}
7  ... 

Histogram: Scheduling.ThreadController.ActiveIntervalOnCpuPercentage.Any.BrowserIO recorded 3 samples, mean = 61.7 (flags = 0x1)
0    -O                                                                        (1 = 33.3%)
1    ... 
85   -O                                                                        (1 = 33.3%) {33.3%}
86   ... 
100  -O                                                                        (1 = 33.3%) {66.7%}
101  O                                                                         (0 = 0.0%) {100.0%}

Histogram: Scheduling.ThreadController.ActiveIntervalOnCpuPercentage.Any.BrowserUI recorded 1 samples, mean = 75.0 (flags = 0x1)
0   ... 
75  -O                                                                        (1 = 100.0%) {0.0%}
76  ... 

Histogram: Scheduling.ThreadController.ActiveIntervalOnCpuPercentage.Any.Other recorded 2 samples, mean = 47.0 (flags = 0x1)
0   ... 
46  -O                                                                        (1 = 50.0%) {0.0%}
47  O                                                                         (0 = 0.0%) {50.0%}
48  -O                                                                        (1 = 50.0%) {50.0%}
49  ... 

Histogram: Scheduling.ThreadController.ActiveIntervalOnCpuPercentage.Medium.Other recorded 2 samples, mean = 47.0 (flags = 0x1)
0   ... 
46  -O                                                                        (1 = 50.0%) {0.0%}
47  O                                                                         (0 = 0.0%) {50.0%}
48  -O                                                                        (1 = 50.0%) {50.0%}
49  ... 

Histogram: Scheduling.ThreadController.ActiveIntervalOnCpuPercentage.Short.BrowserIO recorded 3 samples, mean = 61.7 (flags = 0x1)
0    -O                                                                        (1 = 33.3%)
1    ... 
85   -O                                                                        (1 = 33.3%) {33.3%}
86   ... 
100  -O                                                                        (1 = 33.3%) {66.7%}
101  O                                                                         (0 = 0.0%) {100.0%}

Histogram: Scheduling.ThreadController.ActiveIntervalOnCpuPercentage.Short.BrowserUI recorded 1 samples, mean = 75.0 (flags = 0x1)
0   ... 
75  -O                                                                        (1 = 100.0%) {0.0%}
76  ... 

Histogram: Scheduling.ThreadController.IdleDuration.Any.BrowserIO recorded 3 samples, mean = 0.0 (flags = 0x1)
0  ---O                                                                      (3 = 100.0%)
1  ... 

Histogram: Scheduling.ThreadController.IdleDuration.Any.BrowserUI recorded 1 samples, mean = 0.0 (flags = 0x1)
0  -O                                                                        (1 = 100.0%)
1  ... 

Histogram: Scheduling.ThreadController.IdleDuration.Any.Other recorded 2 samples, mean = 11.0 (flags = 0x1)
0   ... 
10  --O                                                                       (2 = 100.0%) {0.0%}
12  ... 

Histogram: Scheduling.ThreadController.IdleDuration.Medium.Other recorded 2 samples, mean = 11.0 (flags = 0x1)
0   ... 
11  --O                                                                       (2 = 100.0%) {0.0%}
12  ... 

Histogram: Scheduling.ThreadController.IdleDuration.Short.BrowserIO recorded 3 samples, mean = 40.7 (flags = 0x1)
0   ... 
17  -O                                                                        (1 = 33.3%) {0.0%}
18  ... 
41  -O                                                                        (1 = 33.3%) {33.3%}
43  ... 
61  -O                                                                        (1 = 33.3%) {66.7%}
64  ... 

Histogram: Scheduling.ThreadController.IdleDuration.Short.BrowserUI recorded 1 samples, mean = 46.0 (flags = 0x1)
0   ... 
45  -O                                                                        (1 = 100.0%) {0.0%}
47  ... 

Histogram: ServiceWorker.RegisteredStorageKeyCount recorded 3 samples, mean = 0.0 (flags = 0x1)
0  ---O                                                                      (3 = 100.0%)
1  ... 

Histogram: ServiceWorker.SkipCallingFindRegistrationForClientUrl recorded 2 samples, mean = 1.0 (flags = 0x1)
0  O                                                                         (0 = 0.0%)
1  --O                                                                       (2 = 100.0%) {0.0%}
2  O                                                                         (0 = 0.0%) {100.0%}

Histogram: ServiceWorker.Storage.ReadInitialDataFromDB.Time recorded 3 samples, mean = 0.0 (flags = 0x1)
0  ---O                                                                      (3 = 100.0%)
1  ... 

Histogram: ServiceWorker.Storage.RegisteredStorageKeyCacheInitialization.Time2 recorded 3 samples, mean = 14.3 (flags = 0x1)
0   ... 
5   --O                                                                       (2 = 66.7%) {0.0%}
6   ... 
32  -O                                                                        (1 = 33.3%) {66.7%}
41  ... 

Histogram: SimpleCache.Code.CacheSizeOnInit2 recorded 1 samples, mean = 0.0 (flags = 0x1)
0  -O                                                                        (1 = 100.0%)
1  ... 

Histogram: SimpleCache.Code.ConsistencyResult2 recorded 1 samples, mean = 12.0 (flags = 0x1)
0   ... 
12  -O                                                                        (1 = 100.0%) {0.0%}
13  ... 

Histogram: SimpleCache.Code.CreationToIndex recorded 1 samples, mean = 2.0 (flags = 0x1)
0  ... 
2  -O                                                                        (1 = 100.0%) {0.0%}
3  ... 

Histogram: SimpleCache.Code.IndexCreatedEntryCount recorded 1 samples, mean = 0.0 (flags = 0x1)
0  -O                                                                        (1 = 100.0%)
1  ... 

Histogram: SimpleCache.Code.IndexInitializeMethod recorded 1 samples, mean = 2.0 (flags = 0x1)
0  ... 
2  -O                                                                        (1 = 100.0%) {0.0%}
3  O                                                                         (0 = 0.0%) {100.0%}

Histogram: SimpleCache.Code.IndexNumEntriesOnInit2 recorded 1 samples, mean = 0.0 (flags = 0x1)
0  -O                                                                        (1 = 100.0%)
1  ... 

Histogram: SimpleCache.Code.IndexRestoreTime recorded 1 samples, mean = 0.0 (flags = 0x1)
0  -O                                                                        (1 = 100.0%)
10 ... 

Histogram: SimpleCache.Code.IndexWriteResult recorded 1 samples, mean = 0.0 (flags = 0x1)
0  -O                                                                        (1 = 100.0%)
1  ... 

Histogram: SimpleCache.Code.MaxCacheSizeOnInit2 recorded 1 samples, mean = 320.0 (flags = 0x1)
0    ... 
316  -O                                                                        (1 = 100.0%) {0.0%}
338  ... 

Histogram: SiteIsolation.BrowsingInstance.MaxCountPerProcess recorded 3 samples, mean = 1.0 (flags = 0x1)
0  O                                                                         (0 = 0.0%)
1  ---O                                                                      (3 = 100.0%) {0.0%}
2  ... 

Histogram: SiteIsolation.CreateOpenerProxiesTime recorded 3 samples, mean = 1.0 (flags = 0x1)
0  O                                                                         (0 = 0.0%)
1  ---O                                                                      (3 = 100.0%) {0.0%}
2  ... 

Histogram: SiteIsolation.IsSitePerProcessOrStricter recorded 1 samples, mean = 1.0 (flags = 0x1)
0  O                                                                         (0 = 0.0%)
1  -O                                                                        (1 = 100.0%) {0.0%}
2  O                                                                         (0 = 0.0%) {100.0%}

Histogram: SiteIsolation.MainFrameProcessReuse.BlockReason2 recorded 3 samples, mean = 5.0 (flags = 0x1)
0  ... 
5  ---O                                                                      (3 = 100.0%) {0.0%}
6  ... 

Histogram: SpellCheck.CheckedWords recorded 3 samples, mean = 0.0 (flags = 0x1)
0  ---O                                                                      (3 = 100.0%)
1  ... 

Histogram: SpellCheck.Enabled2 recorded 3 samples, mean = 1.0 (flags = 0x1)
0  O                                                                         (0 = 0.0%)
1  ---O                                                                      (3 = 100.0%) {0.0%}
2  O                                                                         (0 = 0.0%) {100.0%}

Histogram: SpellCheck.MisspelledWords recorded 3 samples, mean = 0.0 (flags = 0x1)
0  ---O                                                                      (3 = 100.0%)
1  ... 

Histogram: SpellCheck.ReplacedWords recorded 3 samples, mean = 0.0 (flags = 0x1)
0  ---O                                                                      (3 = 100.0%)
1  ... 

Histogram: SpellCheck.ShownSuggestions recorded 3 samples, mean = 0.0 (flags = 0x1)
0  ---O                                                                      (3 = 100.0%)
1  ... 

Histogram: SpellCheck.SpellingService.Enabled2 recorded 3 samples, mean = 0.0 (flags = 0x1)
0  ---O                                                                      (3 = 100.0%)
1  ... 

Histogram: Spellcheck.Windows.ChromeLocalesSupport2.Both recorded 3 samples, mean = 2.0 (flags = 0x1)
0  ... 
2  ---O                                                                      (3 = 100.0%) {0.0%}
3  ... 

Histogram: Spellcheck.Windows.ChromeLocalesSupport2.HunspellOnly recorded 3 samples, mean = 2.0 (flags = 0x1)
0  ... 
2  ---O                                                                      (3 = 100.0%) {0.0%}
3  ... 

Histogram: Spellcheck.Windows.ChromeLocalesSupport2.NativeOnly recorded 3 samples, mean = 0.0 (flags = 0x1)
0  ---O                                                                      (3 = 100.0%)
1  ... 

Histogram: Spellcheck.Windows.ChromeLocalesSupport2.NoSupport recorded 3 samples, mean = 0.0 (flags = 0x1)
0  ---O                                                                      (3 = 100.0%)
1  ... 

Histogram: Spellcheck.Windows.SpellcheckLocalesSupport2.Both recorded 3 samples, mean = 1.0 (flags = 0x1)
0  O                                                                         (0 = 0.0%)
1  ---O                                                                      (3 = 100.0%) {0.0%}
2  ... 

Histogram: Spellcheck.Windows.SpellcheckLocalesSupport2.HunspellOnly recorded 3 samples, mean = 0.0 (flags = 0x1)
0  ---O                                                                      (3 = 100.0%)
1  ... 

Histogram: Spellcheck.Windows.SpellcheckLocalesSupport2.NativeOnly recorded 3 samples, mean = 0.0 (flags = 0x1)
0  ---O                                                                      (3 = 100.0%)
1  ... 

Histogram: Sql.Database.DatabaseOpenTime.DIPS recorded 1 samples, mean = 2084.0 (flags = 0x1)
0     ... 
1837  -O                                                                        (1 = 100.0%) {0.0%}
2184  ... 

Histogram: Sql.Database.Success.OpenInternalTime.DIPS recorded 3 samples, mean = 753.7 (flags = 0x1)
0     ... 
81    -O                                                                        (1 = 33.3%) {0.0%}
96    -O                                                                        (1 = 33.3%) {33.3%}
114   ... 
1837  -O                                                                        (1 = 33.3%) {66.7%}
2184  ... 

Histogram: Sql.Database.Success.OpenInternalTime.Quota recorded 2 samples, mean = 96.0 (flags = 0x1)
0   ... 
81  -O                                                                        (1 = 50.0%) {0.0%}
96  -O                                                                        (1 = 50.0%) {50.0%}
114 ... 

Histogram: Sql.Database.Success.SqliteOpenTime.DIPS recorded 3 samples, mean = 139.7 (flags = 0x1)
0    ... 
14   -O                                                                        (1 = 33.3%) {0.0%}
17   ... 
24   -O                                                                        (1 = 33.3%) {33.3%}
29   ... 
325  -O                                                                        (1 = 33.3%) {66.7%}
386  ... 

Histogram: Sql.Database.Success.SqliteOpenTime.Quota recorded 2 samples, mean = 17.5 (flags = 0x1)
0   ... 
14  -O                                                                        (1 = 50.0%) {0.0%}
17  -O                                                                        (1 = 50.0%) {50.0%}
20  ... 

Histogram: Sql.Statement.DIPS.VMSteps recorded 51 samples, mean = 9.7 (flags = 0x1)
0   ... 
3   ------O                                                                   (6 = 11.8%) {0.0%}
4   --O                                                                       (2 = 3.9%) {11.8%}
5   -O                                                                        (1 = 2.0%) {15.7%}
6   ... 
8   ---------------------------O                                              (27 = 52.9%) {17.6%}
10  ---O                                                                      (3 = 5.9%) {70.6%}
12  ... 
17  ------------O                                                             (12 = 23.5%) {76.5%}
20  ... 

Histogram: Sql.Statement.ExecutionTime.DIPS recorded 51 samples, mean = 55.7 (flags = 0x1)
0     ---------O                                                                (9 = 17.6%)
1     ----------------------O                                                   (22 = 43.1%) {17.6%}
2     ------O                                                                   (6 = 11.8%) {60.8%}
3     -O                                                                        (1 = 2.0%) {72.5%}
4     -O                                                                        (1 = 2.0%) {74.5%}
5     --O                                                                       (2 = 3.9%) {76.5%}
6     --O                                                                       (2 = 3.9%) {80.4%}
7     -O                                                                        (1 = 2.0%) {84.3%}
8     -O                                                                        (1 = 2.0%) {86.3%}
10    O                                                                         (0 = 0.0%) {88.2%}
12    -O                                                                        (1 = 2.0%) {88.2%}
14    --O                                                                       (2 = 3.9%) {90.2%}
17    ... 
325   -O                                                                        (1 = 2.0%) {94.1%}
386   -O                                                                        (1 = 2.0%) {96.1%}
459   ... 
1837  -O                                                                        (1 = 2.0%) {98.0%}
2184  ... 

Histogram: Sql.Statement.ExecutionTime.Quota recorded 58 samples, mean = 6.1 (flags = 0x1)
0   ---------O                                                                (9 = 15.5%)
1   ------------O                                                             (12 = 20.7%) {15.5%}
2   ---------O                                                                (9 = 15.5%) {36.2%}
3   ---O                                                                      (3 = 5.2%) {51.7%}
4   -O                                                                        (1 = 1.7%) {56.9%}
5   ---O                                                                      (3 = 5.2%) {58.6%}
6   --O                                                                       (2 = 3.4%) {63.8%}
7   -O                                                                        (1 = 1.7%) {67.2%}
8   ----O                                                                     (4 = 6.9%) {69.0%}
10  ---O                                                                      (3 = 5.2%) {75.9%}
12  ---O                                                                      (3 = 5.2%) {81.0%}
14  -----O                                                                    (5 = 8.6%) {86.2%}
17  ... 
29  --O                                                                       (2 = 3.4%) {94.8%}
34  -O                                                                        (1 = 1.7%) {98.3%}
40  ... 

Histogram: Sql.Statement.Quota.VMSteps recorded 58 samples, mean = 20.9 (flags = 0x1)
0   ... 
3   ------------O                                                             (12 = 20.7%) {0.0%}
4   --O                                                                       (2 = 3.4%) {20.7%}
5   ... 
8   ----O                                                                     (4 = 6.9%) {24.1%}
10  ----O                                                                     (4 = 6.9%) {31.0%}
12  --O                                                                       (2 = 3.4%) {37.9%}
14  ----O                                                                     (4 = 6.9%) {41.4%}
17  ----------O                                                               (10 = 17.2%) {48.3%}
20  ... 
34  --------------O                                                           (14 = 24.1%) {65.5%}
40  ----O                                                                     (4 = 6.9%) {89.7%}
48  ... 
81  --O                                                                       (2 = 3.4%) {96.6%}
96  ... 

Histogram: Sql.Statement.StepTime.DIPS recorded 51 samples, mean = 55.7 (flags = 0x1)
0     ---------O                                                                (9 = 17.6%)
1     ----------------------O                                                   (22 = 43.1%) {17.6%}
2     ------O                                                                   (6 = 11.8%) {60.8%}
3     -O                                                                        (1 = 2.0%) {72.5%}
4     -O                                                                        (1 = 2.0%) {74.5%}
5     --O                                                                       (2 = 3.9%) {76.5%}
6     --O                                                                       (2 = 3.9%) {80.4%}
7     -O                                                                        (1 = 2.0%) {84.3%}
8     -O                                                                        (1 = 2.0%) {86.3%}
10    O                                                                         (0 = 0.0%) {88.2%}
12    -O                                                                        (1 = 2.0%) {88.2%}
14    --O                                                                       (2 = 3.9%) {90.2%}
17    ... 
325   -O                                                                        (1 = 2.0%) {94.1%}
386   -O                                                                        (1 = 2.0%) {96.1%}
459   ... 
1837  -O                                                                        (1 = 2.0%) {98.0%}
2184  ... 

Histogram: Sql.Statement.StepTime.Quota recorded 60 samples, mean = 5.9 (flags = 0x1)
0   ---------O                                                                (9 = 15.0%)
1   ------------O                                                             (12 = 20.0%) {15.0%}
2   ---------O                                                                (9 = 15.0%) {35.0%}
3   ----O                                                                     (4 = 6.7%) {50.0%}
4   --O                                                                       (2 = 3.3%) {56.7%}
5   ---O                                                                      (3 = 5.0%) {60.0%}
6   --O                                                                       (2 = 3.3%) {65.0%}
7   -O                                                                        (1 = 1.7%) {68.3%}
8   ----O                                                                     (4 = 6.7%) {70.0%}
10  ---O                                                                      (3 = 5.0%) {76.7%}
12  ---O                                                                      (3 = 5.0%) {81.7%}
14  -----O                                                                    (5 = 8.3%) {86.7%}
17  ... 
24  -O                                                                        (1 = 1.7%) {95.0%}
29  -O                                                                        (1 = 1.7%) {96.7%}
34  -O                                                                        (1 = 1.7%) {98.3%}
40  ... 

Histogram: Sql.vfs.SyncTime recorded 5 samples, mean = 0.0 (flags = 0x1)
0  -----O                                                                    (5 = 100.0%)
1  ... 

Histogram: Startup.BrowserMainRunnerImplInitializeLongTime recorded 1 samples, mean = 101.0 (flags = 0x1)
0   ... 
89  -O                                                                        (1 = 100.0%) {0.0%}
103 ... 

Histogram: Storage.Blob.CreateDirectoryResult recorded 1 samples, mean = 0.0 (flags = 0x1)
0  -O                                                                        (1 = 100.0%)
1  ... 

Histogram: Storage.IndexedDB.LevelDB.MaxIterators recorded 2 samples, mean = 1.0
0  O                                                                         (0 = 0.0%)
1  --O                                                                       (2 = 100.0%) {0.0%}
2  ... 

Histogram: Storage.LocalStorage.Duration.OpenDatabase2.InMemory recorded 2 samples, mean = 0.0 (flags = 0x1)
0  --O                                                                       (2 = 100.0%)
1  ... 

Histogram: Storage.LocalStorage.Duration.OpenDatabase2.OnDisk recorded 1 samples, mean = 6.0 (flags = 0x1)
0  ... 
6  -O                                                                        (1 = 100.0%) {0.0%}
7  ... 

Histogram: Storage.LocalStorage.Duration.ReadAllMetadata.InMemory recorded 2 samples, mean = 0.0 (flags = 0x1)
0  --O                                                                       (2 = 100.0%)
1  ... 

Histogram: Storage.LocalStorage.Duration.ReadAllMetadata.OnDisk recorded 1 samples, mean = 0.0 (flags = 0x1)
0  -O                                                                        (1 = 100.0%)
1  ... 

Histogram: Storage.LocalStorage.Duration.ReadMapKeyValues.InMemory recorded 2 samples, mean = 0.0 (flags = 0x1)
0  --O                                                                       (2 = 100.0%)
1  ... 

Histogram: Storage.LocalStorage.Duration.UpdateMaps.InMemory recorded 4 samples, mean = 0.0 (flags = 0x1)
0  ----O                                                                     (4 = 100.0%)
1  ... 

Histogram: Storage.LocalStorage.OpenDatabase.InMemory recorded 2 samples, mean = 0.0 (flags = 0x1)
0  --O                                                                       (2 = 100.0%)
1  ... 

Histogram: Storage.LocalStorage.OpenDatabase.OnDisk recorded 1 samples, mean = 0.0 (flags = 0x1)
0  -O                                                                        (1 = 100.0%)
1  ... 

Histogram: Storage.LocalStorage.ReadAllMetadata.InMemory recorded 2 samples, mean = 0.0 (flags = 0x1)
0  --O                                                                       (2 = 100.0%)
1  ... 

Histogram: Storage.LocalStorage.ReadAllMetadata.OnDisk recorded 1 samples, mean = 0.0 (flags = 0x1)
0  -O                                                                        (1 = 100.0%)
1  ... 

Histogram: Storage.LocalStorage.ReadMapKeyValues.InMemory recorded 2 samples, mean = 0.0 (flags = 0x1)
0  --O                                                                       (2 = 100.0%)
1  ... 

Histogram: Storage.LocalStorage.ShutdownDroppedChanges recorded 2 samples, mean = 0.0 (flags = 0x1)
0  --O                                                                       (2 = 100.0%)
1  ... 

Histogram: Storage.LocalStorage.UpdateMaps.InMemory recorded 4 samples, mean = 0.0 (flags = 0x1)
0  ----O                                                                     (4 = 100.0%)
1  ... 

Histogram: Storage.SessionStorage.ClearDiskStateAtStoragePartitionInit recorded 3 samples, mean = 0.0 (flags = 0x1)
0  ---O                                                                      (3 = 100.0%)
1  ... 

Histogram: Storage.SessionStorage.DeleteSessions.InMemory recorded 2 samples, mean = 0.0 (flags = 0x1)
0  --O                                                                       (2 = 100.0%)
1  ... 

Histogram: Storage.SessionStorage.DeleteSessions.OnDisk recorded 1 samples, mean = 0.0 (flags = 0x1)
0  -O                                                                        (1 = 100.0%)
1  ... 

Histogram: Storage.SessionStorage.Duration.DeleteSessions.InMemory recorded 2 samples, mean = 0.0 (flags = 0x1)
0  --O                                                                       (2 = 100.0%)
1  ... 

Histogram: Storage.SessionStorage.Duration.DeleteSessions.OnDisk recorded 1 samples, mean = 0.0 (flags = 0x1)
0  -O                                                                        (1 = 100.0%)
1  ... 

Histogram: Storage.SessionStorage.Duration.OpenDatabase2.InMemory recorded 2 samples, mean = 0.0 (flags = 0x1)
0  --O                                                                       (2 = 100.0%)
1  ... 

Histogram: Storage.SessionStorage.Duration.OpenDatabase2.OnDisk recorded 1 samples, mean = 10.0 (flags = 0x1)
0   ... 
10  -O                                                                        (1 = 100.0%) {0.0%}
12  ... 

Histogram: Storage.SessionStorage.Duration.PutMetadata.InMemory recorded 2 samples, mean = 0.0 (flags = 0x1)
0  --O                                                                       (2 = 100.0%)
1  ... 

Histogram: Storage.SessionStorage.Duration.ReadAllMetadata.InMemory recorded 2 samples, mean = 0.0 (flags = 0x1)
0  --O                                                                       (2 = 100.0%)
1  ... 

Histogram: Storage.SessionStorage.Duration.ReadAllMetadata.OnDisk recorded 1 samples, mean = 0.0 (flags = 0x1)
0  -O                                                                        (1 = 100.0%)
1  ... 

Histogram: Storage.SessionStorage.OpenDatabase.InMemory recorded 2 samples, mean = 0.0 (flags = 0x1)
0  --O                                                                       (2 = 100.0%)
1  ... 

Histogram: Storage.SessionStorage.OpenDatabase.OnDisk recorded 1 samples, mean = 0.0 (flags = 0x1)
0  -O                                                                        (1 = 100.0%)
1  ... 

Histogram: Storage.SessionStorage.PutMetadata.InMemory recorded 2 samples, mean = 0.0 (flags = 0x1)
0  --O                                                                       (2 = 100.0%)
1  ... 

Histogram: Storage.SessionStorage.ReadAllMetadata.InMemory recorded 2 samples, mean = 0.0 (flags = 0x1)
0  --O                                                                       (2 = 100.0%)
1  ... 

Histogram: Storage.SessionStorage.ReadAllMetadata.OnDisk recorded 1 samples, mean = 0.0 (flags = 0x1)
0  -O                                                                        (1 = 100.0%)
1  ... 

Histogram: Storage.SharedStorage.OnShutdown.HasSqlErrors recorded 3 samples, mean = 0.0 (flags = 0x1)
0  ---O                                                                      (3 = 100.0%)
1  ... 

Histogram: Storage.SharedStorage.OnShutdown.NumSqlErrors recorded 3 samples, mean = 0.0 (flags = 0x1)
0  ---O                                                                      (3 = 100.0%)
1  ... 

Histogram: Storage.SharedStorage.OnShutdown.RecoveryFromInitFailureAttempted recorded 3 samples, mean = 0.0 (flags = 0x1)
0  ---O                                                                      (3 = 100.0%)
1  ... 

Histogram: Storage.SharedStorage.OnShutdown.RecoveryOnDiskAttempted recorded 3 samples, mean = 0.0 (flags = 0x1)
0  ---O                                                                      (3 = 100.0%)
1  ... 

Histogram: ThreadPool.UnnecessaryWakeup.Browser.Background recorded 1 samples, mean = 1.0 (flags = 0x1)
0  O                                                                         (0 = 0.0%)
1  -O                                                                        (1 = 100.0%) {0.0%}
2  O                                                                         (0 = 0.0%) {100.0%}

Histogram: ThreadPool.UnnecessaryWakeup.Browser.Foreground recorded 58 samples, mean = 1.0 (flags = 0x1)
0  O                                                                         (0 = 0.0%)
1  ----------------------------------------------------------O               (58 = 100.0%) {0.0%}
2  O                                                                         (0 = 0.0%) {100.0%}

Histogram: Tracing.Init.InitTracing recorded 1 samples, mean = 0.0 (flags = 0x1)
0  -O                                                                        (1 = 100.0%)
1  ... 

Histogram: Tracing.Init.Perfetto.Initialize recorded 1 samples, mean = 0.0 (flags = 0x1)
0  -O                                                                        (1 = 100.0%)
1  ... 

Histogram: UMA.ChildProcess.Ping.SharedMemorySetUp recorded 16 samples, mean = 1.0 (flags = 0x1)
0  --------O                                                                 (8 = 50.0%)
1  O                                                                         (0 = 0.0%) {50.0%}
2  --------O                                                                 (8 = 50.0%) {50.0%}
3  O                                                                         (0 = 0.0%) {100.0%}

Histogram: UMA.LocalHistogram recorded 2 samples, mean = 1.0
0  O                                                                         (0 = 0.0%)
1  --O                                                                       (2 = 100.0%) {0.0%}
2  O                                                                         (0 = 0.0%) {100.0%}

Histogram: UMA.MetricsService.PendingOngoingLogOnDisable recorded 1 samples, mean = 0.0 (flags = 0x1)
0  -O                                                                        (1 = 100.0%)
1  ... 

Histogram: UMA.PersistentAllocator.FieldTrialAllocator.UsedPct recorded 8 samples, mean = 0.0 (flags = 0x1)
0  --------O                                                                 (8 = 100.0%)
1  ... 

Histogram: V8.SandboxMode recorded 1 samples, mean = 3.0 (flags = 0x1)
0  ... 
3  -O                                                                        (1 = 100.0%) {0.0%}
4  ... 

Histogram: V8.SandboxReservationSizeGB recorded 1 samples (flags = 0x1)
1152  -O                                                                        (1 = 100.0%)

Histogram: Variations.FeatureAccess recorded 344 samples (flags = 0x1)
-2145869757 -O                                                                        (1 = 0.3%)
-2142950691 -O                                                                        (1 = 0.3%)
-2117579521 -O                                                                        (1 = 0.3%)
-2116789466 -O                                                                        (1 = 0.3%)
-2107538580 -O                                                                        (1 = 0.3%)
-2102298458 -O                                                                        (1 = 0.3%)
-2092355922 -O                                                                        (1 = 0.3%)
-2072745679 -O                                                                        (1 = 0.3%)
-2068513691 -O                                                                        (1 = 0.3%)
-2063702825 -O                                                                        (1 = 0.3%)
-2060232198 -O                                                                        (1 = 0.3%)
-2058067242 -O                                                                        (1 = 0.3%)
-2040263006 -O                                                                        (1 = 0.3%)
-2021461599 -O                                                                        (1 = 0.3%)
-2003020968 -O                                                                        (1 = 0.3%)
-1999341188 -O                                                                        (1 = 0.3%)
-1995209261 -O                                                                        (1 = 0.3%)
-1968163750 -O                                                                        (1 = 0.3%)
-1940787398 -O                                                                        (1 = 0.3%)
-1921825570 -O                                                                        (1 = 0.3%)
-1914946335 -O                                                                        (1 = 0.3%)
-1906867679 -O                                                                        (1 = 0.3%)
-1903991318 -O                                                                        (1 = 0.3%)
-1886812280 -O                                                                        (1 = 0.3%)
-1886162394 -O                                                                        (1 = 0.3%)
-1880727573 -O                                                                        (1 = 0.3%)
-1867603782 -O                                                                        (1 = 0.3%)
-1862978976 -O                                                                        (1 = 0.3%)
-1859983128 -O                                                                        (1 = 0.3%)
-1858910104 -O                                                                        (1 = 0.3%)
-1852028426 -O                                                                        (1 = 0.3%)
-1822861670 -O                                                                        (1 = 0.3%)
-1788575013 -O                                                                        (1 = 0.3%)
-1785165294 -O                                                                        (1 = 0.3%)
-1760372553 -O                                                                        (1 = 0.3%)
-1738329526 -O                                                                        (1 = 0.3%)
-1728976901 -O                                                                        (1 = 0.3%)
-1711598625 -O                                                                        (1 = 0.3%)
-1711317086 -O                                                                        (1 = 0.3%)
-1688499241 -O                                                                        (1 = 0.3%)
-1688165356 -O                                                                        (1 = 0.3%)
-1683296285 -O                                                                        (1 = 0.3%)
-1676182141 -O                                                                        (1 = 0.3%)
-1671311516 -O                                                                        (1 = 0.3%)
-1666443362 -O                                                                        (1 = 0.3%)
-1661548781 -O                                                                        (1 = 0.3%)
-1660447659 -O                                                                        (1 = 0.3%)
-1655770158 -O                                                                        (1 = 0.3%)
-1637856760 -O                                                                        (1 = 0.3%)
-1637144968 -O                                                                        (1 = 0.3%)
-1606737133 -O                                                                        (1 = 0.3%)
-1597152580 -O                                                                        (1 = 0.3%)
-1588902416 -O                                                                        (1 = 0.3%)
-1553292923 -O                                                                        (1 = 0.3%)
-1543199619 -O                                                                        (1 = 0.3%)
-1542141894 -O                                                                        (1 = 0.3%)
-1518631314 -O                                                                        (1 = 0.3%)
-1512085727 -O                                                                        (1 = 0.3%)
-1502757532 -O                                                                        (1 = 0.3%)
-1492938903 -O                                                                        (1 = 0.3%)
-1488134663 -O                                                                        (1 = 0.3%)
-1487886666 -O                                                                        (1 = 0.3%)
-1467201699 -O                                                                        (1 = 0.3%)
-1437331633 -O                                                                        (1 = 0.3%)
-1429809981 -O                                                                        (1 = 0.3%)
-1422038153 -O                                                                        (1 = 0.3%)
-1413243002 -O                                                                        (1 = 0.3%)
-1384809929 -O                                                                        (1 = 0.3%)
-1378540834 -O                                                                        (1 = 0.3%)
-1374322193 -O                                                                        (1 = 0.3%)
-1363599032 -O                                                                        (1 = 0.3%)
-1349239985 -O                                                                        (1 = 0.3%)
-1346036082 -O                                                                        (1 = 0.3%)
-1326432168 -O                                                                        (1 = 0.3%)
-1321341451 -O                                                                        (1 = 0.3%)
-1231097558 -O                                                                        (1 = 0.3%)
-1228702833 -O                                                                        (1 = 0.3%)
-1226374686 -O                                                                        (1 = 0.3%)
-1216466086 -O                                                                        (1 = 0.3%)
-1215002415 -O                                                                        (1 = 0.3%)
-1205717921 -O                                                                        (1 = 0.3%)
-1204597838 -O                                                                        (1 = 0.3%)
-1195638501 -O                                                                        (1 = 0.3%)
-1187667623 -O                                                                        (1 = 0.3%)
-1165302278 -O                                                                        (1 = 0.3%)
-1091190778 -O                                                                        (1 = 0.3%)
-1085869190 -O                                                                        (1 = 0.3%)
-1051146215 -O                                                                        (1 = 0.3%)
-1049548357 -O                                                                        (1 = 0.3%)
-1049192801 -O                                                                        (1 = 0.3%)
-1046869410 -O                                                                        (1 = 0.3%)
-1033577144 -O                                                                        (1 = 0.3%)
-1032654333 -O                                                                        (1 = 0.3%)
-1022941035 -O                                                                        (1 = 0.3%)
-1016276104 -O                                                                        (1 = 0.3%)
-1014105586 -O                                                                        (1 = 0.3%)
-1005649085 -O                                                                        (1 = 0.3%)
-969123364  -O                                                                        (1 = 0.3%)
-967033622  -O                                                                        (1 = 0.3%)
-950244418  -O                                                                        (1 = 0.3%)
-948819910  -O                                                                        (1 = 0.3%)
-944594195  -O                                                                        (1 = 0.3%)
-911204236  -O                                                                        (1 = 0.3%)
-909212394  -O                                                                        (1 = 0.3%)
-892048512  -O                                                                        (1 = 0.3%)
-845563312  -O                                                                        (1 = 0.3%)
-832716341  -O                                                                        (1 = 0.3%)
-820743846  -O                                                                        (1 = 0.3%)
-811535300  -O                                                                        (1 = 0.3%)
-807606769  -O                                                                        (1 = 0.3%)
-807571829  -O                                                                        (1 = 0.3%)
-788904474  -O                                                                        (1 = 0.3%)
-771553336  -O                                                                        (1 = 0.3%)
-758278149  -O                                                                        (1 = 0.3%)
-730509471  -O                                                                        (1 = 0.3%)
-727594202  -O                                                                        (1 = 0.3%)
-717224835  -O                                                                        (1 = 0.3%)
-705874554  -O                                                                        (1 = 0.3%)
-685749681  -O                                                                        (1 = 0.3%)
-652883820  -O                                                                        (1 = 0.3%)
-649893643  -O                                                                        (1 = 0.3%)
-647327842  -O                                                                        (1 = 0.3%)
-632734404  -O                                                                        (1 = 0.3%)
-627667820  -O                                                                        (1 = 0.3%)
-626588394  -O                                                                        (1 = 0.3%)
-614860742  -O                                                                        (1 = 0.3%)
-612630107  -O                                                                        (1 = 0.3%)
-608945016  -O                                                                        (1 = 0.3%)
-601999812  -O                                                                        (1 = 0.3%)
-578246082  -O                                                                        (1 = 0.3%)
-570260697  -O                                                                        (1 = 0.3%)
-569399689  -O                                                                        (1 = 0.3%)
-566659406  -O                                                                        (1 = 0.3%)
-548255851  -O                                                                        (1 = 0.3%)
-541926158  -O                                                                        (1 = 0.3%)
-519498267  -O                                                                        (1 = 0.3%)
-516599012  -O                                                                        (1 = 0.3%)
-514923026  -O                                                                        (1 = 0.3%)
-512950475  -O                                                                        (1 = 0.3%)
-506135020  -O                                                                        (1 = 0.3%)
-506046811  -O                                                                        (1 = 0.3%)
-500401001  -O                                                                        (1 = 0.3%)
-494086340  -O                                                                        (1 = 0.3%)
-480931309  -O                                                                        (1 = 0.3%)
-441588425  -O                                                                        (1 = 0.3%)
-410734873  -O                                                                        (1 = 0.3%)
-406115708  -O                                                                        (1 = 0.3%)
-362063204  -O                                                                        (1 = 0.3%)
-359833222  -O                                                                        (1 = 0.3%)
-353578783  -O                                                                        (1 = 0.3%)
-337400621  -O                                                                        (1 = 0.3%)
-335233151  -O                                                                        (1 = 0.3%)
-333336191  -O                                                                        (1 = 0.3%)
-325881338  -O                                                                        (1 = 0.3%)
-309276699  -O                                                                        (1 = 0.3%)
-304280190  -O                                                                        (1 = 0.3%)
-295930877  -O                                                                        (1 = 0.3%)
-280533801  -O                                                                        (1 = 0.3%)
-264008106  -O                                                                        (1 = 0.3%)
-260445951  -O                                                                        (1 = 0.3%)
-240196760  -O                                                                        (1 = 0.3%)
-216730183  -O                                                                        (1 = 0.3%)
-203688515  -O                                                                        (1 = 0.3%)
-202553235  -O                                                                        (1 = 0.3%)
-180346475  -O                                                                        (1 = 0.3%)
-179758137  -O                                                                        (1 = 0.3%)
-161487917  -O                                                                        (1 = 0.3%)
-158333951  -O                                                                        (1 = 0.3%)
-150047060  -O                                                                        (1 = 0.3%)
-139594597  -O                                                                        (1 = 0.3%)
-137791953  -O                                                                        (1 = 0.3%)
-126461160  -O                                                                        (1 = 0.3%)
-122994576  -O                                                                        (1 = 0.3%)
-108627637  -O                                                                        (1 = 0.3%)
-105097242  -O                                                                        (1 = 0.3%)
-23209715   -O                                                                        (1 = 0.3%)
-17890915   -O                                                                        (1 = 0.3%)
-2678114    -O                                                                        (1 = 0.3%)
18629499    -O                                                                        (1 = 0.3%)
20850721    -O                                                                        (1 = 0.3%)
41534857    -O                                                                        (1 = 0.3%)
63400227    -O                                                                        (1 = 0.3%)
98757146    -O                                                                        (1 = 0.3%)
105698267   -O                                                                        (1 = 0.3%)
113167134   -O                                                                        (1 = 0.3%)
119135443   -O                                                                        (1 = 0.3%)
120381881   -O                                                                        (1 = 0.3%)
126673147   -O                                                                        (1 = 0.3%)
140506361   -O                                                                        (1 = 0.3%)
152877720   -O                                                                        (1 = 0.3%)
157238201   -O                                                                        (1 = 0.3%)
173189736   -O                                                                        (1 = 0.3%)
189943527   -O                                                                        (1 = 0.3%)
202773422   -O                                                                        (1 = 0.3%)
236062624   -O                                                                        (1 = 0.3%)
240240699   -O                                                                        (1 = 0.3%)
240877432   -O                                                                        (1 = 0.3%)
260925644   -O                                                                        (1 = 0.3%)
270624428   -O                                                                        (1 = 0.3%)
275092067   -O                                                                        (1 = 0.3%)
282209792   -O                                                                        (1 = 0.3%)
284785381   -O                                                                        (1 = 0.3%)
296915847   -O                                                                        (1 = 0.3%)
305862212   -O                                                                        (1 = 0.3%)
310256564   -O                                                                        (1 = 0.3%)
315422501   -O                                                                        (1 = 0.3%)
331875907   -O                                                                        (1 = 0.3%)
358642704   -O                                                                        (1 = 0.3%)
362151914   -O                                                                        (1 = 0.3%)
387541329   -O                                                                        (1 = 0.3%)
391992464   -O                                                                        (1 = 0.3%)
394507292   -O                                                                        (1 = 0.3%)
395217719   -O                                                                        (1 = 0.3%)
427715500   -O                                                                        (1 = 0.3%)
428086230   -O                                                                        (1 = 0.3%)
435853294   -O                                                                        (1 = 0.3%)
437594665   -O                                                                        (1 = 0.3%)
450950906   -O                                                                        (1 = 0.3%)
484427022   -O                                                                        (1 = 0.3%)
485578342   -O                                                                        (1 = 0.3%)
485903736   -O                                                                        (1 = 0.3%)
492662271   -O                                                                        (1 = 0.3%)
511435904   -O                                                                        (1 = 0.3%)
528170159   -O                                                                        (1 = 0.3%)
533100406   -O                                                                        (1 = 0.3%)
535189609   -O                                                                        (1 = 0.3%)
542997587   -O                                                                        (1 = 0.3%)
586648013   -O                                                                        (1 = 0.3%)
624097983   -O                                                                        (1 = 0.3%)
626310230   -O                                                                        (1 = 0.3%)
630017955   -O                                                                        (1 = 0.3%)
665081717   -O                                                                        (1 = 0.3%)
681630110   -O                                                                        (1 = 0.3%)
684909481   -O                                                                        (1 = 0.3%)
713485102   -O                                                                        (1 = 0.3%)
720628981   -O                                                                        (1 = 0.3%)
748164110   -O                                                                        (1 = 0.3%)
759649158   -O                                                                        (1 = 0.3%)
768069684   -O                                                                        (1 = 0.3%)
781973865   -O                                                                        (1 = 0.3%)
796453587   -O                                                                        (1 = 0.3%)
811849759   -O                                                                        (1 = 0.3%)
832704520   -O                                                                        (1 = 0.3%)
842030887   -O                                                                        (1 = 0.3%)
852886919   -O                                                                        (1 = 0.3%)
855421857   -O                                                                        (1 = 0.3%)
863847320   -O                                                                        (1 = 0.3%)
866302182   -O                                                                        (1 = 0.3%)
895729307   -O                                                                        (1 = 0.3%)
919092195   -O                                                                        (1 = 0.3%)
924723432   -O                                                                        (1 = 0.3%)
962216855   -O                                                                        (1 = 0.3%)
977023550   -O                                                                        (1 = 0.3%)
988158415   -O                                                                        (1 = 0.3%)
989585550   -O                                                                        (1 = 0.3%)
1006721936  -O                                                                        (1 = 0.3%)
1035653911  -O                                                                        (1 = 0.3%)
1040504811  -O                                                                        (1 = 0.3%)
1054475148  -O                                                                        (1 = 0.3%)
1067814442  -O                                                                        (1 = 0.3%)
1078028982  -O                                                                        (1 = 0.3%)
1081479179  -O                                                                        (1 = 0.3%)
1095158822  -O                                                                        (1 = 0.3%)
1118476053  -O                                                                        (1 = 0.3%)
1127113212  -O                                                                        (1 = 0.3%)
1195253588  -O                                                                        (1 = 0.3%)
1208454642  -O                                                                        (1 = 0.3%)
1212414187  -O                                                                        (1 = 0.3%)
1217227946  -O                                                                        (1 = 0.3%)
1244485374  -O                                                                        (1 = 0.3%)
1264787918  -O                                                                        (1 = 0.3%)
1279460878  -O                                                                        (1 = 0.3%)
1280183490  -O                                                                        (1 = 0.3%)
1280320386  -O                                                                        (1 = 0.3%)
1283609399  -O                                                                        (1 = 0.3%)
1287815939  -O                                                                        (1 = 0.3%)
1314327410  -O                                                                        (1 = 0.3%)
1346162134  -O                                                                        (1 = 0.3%)
1362357059  -O                                                                        (1 = 0.3%)
1378756643  -O                                                                        (1 = 0.3%)
1408933162  -O                                                                        (1 = 0.3%)
1468685892  -O                                                                        (1 = 0.3%)
1492148979  -O                                                                        (1 = 0.3%)
1495087254  -O                                                                        (1 = 0.3%)
1495121320  -O                                                                        (1 = 0.3%)
1498336596  -O                                                                        (1 = 0.3%)
1506130378  -O                                                                        (1 = 0.3%)
1506213657  -O                                                                        (1 = 0.3%)
1537201223  -O                                                                        (1 = 0.3%)
1537607498  -O                                                                        (1 = 0.3%)
1545625355  -O                                                                        (1 = 0.3%)
1546696789  -O                                                                        (1 = 0.3%)
1578755036  -O                                                                        (1 = 0.3%)
1580801830  -O                                                                        (1 = 0.3%)
1589069224  -O                                                                        (1 = 0.3%)
1625701043  -O                                                                        (1 = 0.3%)
1640390781  -O                                                                        (1 = 0.3%)
1640401204  -O                                                                        (1 = 0.3%)
1662315904  -O                                                                        (1 = 0.3%)
1664214230  -O                                                                        (1 = 0.3%)
1664286639  -O                                                                        (1 = 0.3%)
1676326418  -O                                                                        (1 = 0.3%)
1691859835  -O                                                                        (1 = 0.3%)
1703747009  -O                                                                        (1 = 0.3%)
1706102350  -O                                                                        (1 = 0.3%)
1724980728  -O                                                                        (1 = 0.3%)
1740992949  -O                                                                        (1 = 0.3%)
1787376275  -O                                                                        (1 = 0.3%)
1799862370  -O                                                                        (1 = 0.3%)
1803370640  -O                                                                        (1 = 0.3%)
1816811671  -O                                                                        (1 = 0.3%)
1819037537  -O                                                                        (1 = 0.3%)
1838400867  -O                                                                        (1 = 0.3%)
1843307049  -O                                                                        (1 = 0.3%)
1848167202  -O                                                                        (1 = 0.3%)
1848990866  -O                                                                        (1 = 0.3%)
1858620917  -O                                                                        (1 = 0.3%)
1863444102  -O                                                                        (1 = 0.3%)
1891763329  -O                                                                        (1 = 0.3%)
1895138989  -O                                                                        (1 = 0.3%)
1896790961  -O                                                                        (1 = 0.3%)
1920289649  -O                                                                        (1 = 0.3%)
1921626647  -O                                                                        (1 = 0.3%)
1924857150  -O                                                                        (1 = 0.3%)
1936205171  -O                                                                        (1 = 0.3%)
1957067623  -O                                                                        (1 = 0.3%)
1958626956  -O                                                                        (1 = 0.3%)
1963869752  -O                                                                        (1 = 0.3%)
1976013947  -O                                                                        (1 = 0.3%)
1977291722  -O                                                                        (1 = 0.3%)
1978240801  -O                                                                        (1 = 0.3%)
1996284724  -O                                                                        (1 = 0.3%)
2011448837  -O                                                                        (1 = 0.3%)
2014181330  -O                                                                        (1 = 0.3%)
2025929491  -O                                                                        (1 = 0.3%)
2033920831  -O                                                                        (1 = 0.3%)
2038081675  -O                                                                        (1 = 0.3%)
2040130620  -O                                                                        (1 = 0.3%)
2081264511  -O                                                                        (1 = 0.3%)
2081599086  -O                                                                        (1 = 0.3%)
2083293048  -O                                                                        (1 = 0.3%)
2101183467  -O                                                                        (1 = 0.3%)
2110501640  -O                                                                        (1 = 0.3%)
2120939159  -O                                                                        (1 = 0.3%)

Histogram: Views.Browser.NumColorProvidersInitializedDuringOnNativeThemeUpdated recorded 1 samples, mean = 0.0 (flags = 0x1)
0  -O                                                                        (1 = 100.0%)
1  ... 

Histogram: Views.Browser.TimeSpentInitializingColorProvider recorded 3 samples, mean = 0.0 (flags = 0x1)
0  ---O                                                                      (3 = 100.0%)
1  ... 

Histogram: Views.Browser.TimeSpentProcessingOnNativeThemeUpdatedEvent recorded 1 samples, mean = 0.0 (flags = 0x1)
0  -O                                                                        (1 = 100.0%)
1  ... 

Histogram: Views.ColorProviderCacheSize recorded 3 samples, mean = 2.0 (flags = 0x1)
0  O                                                                         (0 = 0.0%)
1  -O                                                                        (1 = 33.3%) {0.0%}
2  -O                                                                        (1 = 33.3%) {33.3%}
3  -O                                                                        (1 = 33.3%) {66.7%}
4  ... 

Histogram: Views.InvalidatesDuringLayout recorded 304 samples, mean = 0.3 (flags = 0x1)
0  ------------------------------------------------------------------------O (284 = 93.4%)
1  O                                                                         (0 = 0.0%) {93.4%}
2  -O                                                                        (5 = 1.6%) {93.4%}
3  O                                                                         (0 = 0.0%) {95.1%}
4  -O                                                                        (5 = 1.6%) {95.1%}
5  O                                                                         (0 = 0.0%) {96.7%}
6  ---O                                                                      (10 = 3.3%) {96.7%}
7  ... 

Histogram: Views.LayoutCallDepth recorded 296 samples, mean = 1.0 (flags = 0x1)
0  O                                                                         (0 = 0.0%)
1  ------------------------------------------------------------------------O (288 = 97.3%) {0.0%}
2  --O                                                                       (8 = 2.7%) {97.3%}
3  ... 

Histogram: Views.UnnecessaryLayouts recorded 82 samples, mean = 3.3 (flags = 0x1)
0   ---------O                                                                (9 = 11.0%)
1   --------------------O                                                     (20 = 24.4%) {11.0%}
2   -------------------O                                                      (19 = 23.2%) {35.4%}
3   ---O                                                                      (3 = 3.7%) {58.5%}
4   ----O                                                                     (4 = 4.9%) {62.2%}
5   ----------O                                                               (10 = 12.2%) {67.1%}
6   ------O                                                                   (6 = 7.3%) {79.3%}
7   ----O                                                                     (4 = 4.9%) {86.6%}
8   O                                                                         (0 = 0.0%) {91.5%}
9   --O                                                                       (2 = 2.4%) {91.5%}
10  ---O                                                                      (3 = 3.7%) {93.9%}
11  ... 
13  --O                                                                       (2 = 2.4%) {97.6%}
14  ... 

Histogram: WebAudio.AudioContext.ConcurrentAudioContexts recorded 12 samples, mean = 1.0 (flags = 0x1)
0  O                                                                         (0 = 0.0%)
1  ------------O                                                             (12 = 100.0%) {0.0%}
2  ... 

Histogram: WebContentsObserver.DOMContentLoaded recorded 3 samples, mean = 0.0 (flags = 0x1)
0  ---O                                                                      (3 = 100.0%)
1  ... 

Histogram: WebContentsObserver.DidChangeVisibleSecurityState recorded 3 samples, mean = 0.0 (flags = 0x1)
0  ---O                                                                      (3 = 100.0%)
1  ... 

Histogram: WebContentsObserver.DidFinishLoad recorded 3 samples, mean = 5.0 (flags = 0x1)
0   -O                                                                        (1 = 33.3%)
1   O                                                                         (0 = 0.0%) {33.3%}
2   -O                                                                        (1 = 33.3%) {33.3%}
3   ... 
12  -O                                                                        (1 = 33.3%) {66.7%}
14  ... 

Histogram: WebContentsObserver.DidFinishNavigation recorded 3 samples, mean = 0.0 (flags = 0x1)
0  ---O                                                                      (3 = 100.0%)
1  ... 

Histogram: WebContentsObserver.DidFirstVisuallyNonEmptyPaint recorded 2 samples, mean = 0.0 (flags = 0x1)
0  --O                                                                       (2 = 100.0%)
1  ... 

Histogram: WebContentsObserver.DidStartLoading recorded 3 samples, mean = 0.0 (flags = 0x1)
0  ---O                                                                      (3 = 100.0%)
1  ... 

Histogram: WebContentsObserver.DidStartNavigation recorded 3 samples, mean = 0.0 (flags = 0x1)
0  ---O                                                                      (3 = 100.0%)
1  ... 

Histogram: WebContentsObserver.DidStartNavigation.MainFrame recorded 3 samples, mean = 0.0 (flags = 0x1)
0  ---O                                                                      (3 = 100.0%)
1  ... 

Histogram: WebContentsObserver.DidStopLoading recorded 3 samples, mean = 0.0 (flags = 0x1)
0  ---O                                                                      (3 = 100.0%)
1  ... 

Histogram: WebContentsObserver.DidUpdateNavigationHandleTiming recorded 9 samples, mean = 0.0 (flags = 0x1)
0  ---------O                                                                (9 = 100.0%)
1  ... 

Histogram: WebContentsObserver.LoadProgressChanged recorded 10 samples, mean = 0.0 (flags = 0x1)
0  ----------O                                                               (10 = 100.0%)
1  ... 

Histogram: WebContentsObserver.NavigationEntryChanged recorded 3 samples, mean = 0.0 (flags = 0x1)
0  ---O                                                                      (3 = 100.0%)
1  ... 

Histogram: WebContentsObserver.NavigationEntryCommitted recorded 3 samples, mean = 0.0 (flags = 0x1)
0  ---O                                                                      (3 = 100.0%)
1  ... 

Histogram: WebContentsObserver.OnVisibilityChanged recorded 6 samples, mean = 0.0 (flags = 0x1)
0  ------O                                                                   (6 = 100.0%)
1  ... 

Histogram: WebContentsObserver.OnVisibilityWillChange recorded 6 samples, mean = 0.0 (flags = 0x1)
0  ------O                                                                   (6 = 100.0%)
1  ... 

Histogram: WebContentsObserver.PrimaryMainDocumentElementAvailable recorded 3 samples, mean = 0.0 (flags = 0x1)
0  ---O                                                                      (3 = 100.0%)
1  ... 

Histogram: WebContentsObserver.RenderFrameCreated recorded 3 samples, mean = 0.0 (flags = 0x1)
0  ---O                                                                      (3 = 100.0%)
1  ... 

Histogram: WebContentsObserver.RenderFrameDeleted recorded 3 samples, mean = 0.0 (flags = 0x1)
0  ---O                                                                      (3 = 100.0%)
1  ... 

Histogram: WebContentsObserver.RenderViewReady recorded 3 samples, mean = 0.0 (flags = 0x1)
0  ---O                                                                      (3 = 100.0%)
1  ... 

Histogram: WebContentsObserver.TitleWasSet recorded 4 samples, mean = 0.0 (flags = 0x1)
0  ----O                                                                     (4 = 100.0%)
1  ... 

Histogram: WebContentsObserver.TitleWasSetForMainFrame recorded 4 samples, mean = 0.0 (flags = 0x1)
0  ----O                                                                     (4 = 100.0%)
1  ... 

Histogram: WebCore.IndexedDB.BackingStore.Action recorded 2 samples, mean = 0.0 (flags = 0x1)
0  --O                                                                       (2 = 100.0%)
1  ... 

Histogram: WebCore.IndexedDB.BackingStore.OpenFirstTryResult recorded 2 samples, mean = 0.0 (flags = 0x1)
0  --O                                                                       (2 = 100.0%)
1  ... 

Histogram: WebCore.IndexedDB.Transaction.ReadOnly.TimeActive2 recorded 6 samples, mean = 69.5 (flags = 0x1)
0    -O                                                                        (1 = 16.7%)
1    ... 
3    -O                                                                        (1 = 16.7%) {16.7%}
4    ... 
13   -O                                                                        (1 = 16.7%) {33.3%}
16   --O                                                                       (2 = 33.3%) {50.0%}
20   ... 
356  -O                                                                        (1 = 16.7%) {83.3%}
452  ... 

Histogram: WebCore.IndexedDB.Transaction.ReadOnly.TimeQueued recorded 6 samples, mean = 2.5 (flags = 0x1)
0  ----O                                                                     (4 = 66.7%)
1  ... 
6  -O                                                                        (1 = 16.7%) {66.7%}
8  -O                                                                        (1 = 16.7%) {83.3%}
10 ... 

Histogram: WebCore.IndexedDB.Transaction.ReadWrite.TimeActive2 recorded 10 samples, mean = 1.3 (flags = 0x1)
0  ----O                                                                     (4 = 40.0%)
1  ----O                                                                     (4 = 40.0%) {40.0%}
2  ... 
4  -O                                                                        (1 = 10.0%) {80.0%}
5  -O                                                                        (1 = 10.0%) {90.0%}
6  ... 

Histogram: WebCore.IndexedDB.Transaction.ReadWrite.TimeQueued recorded 10 samples, mean = 75.8 (flags = 0x1)
0    ---O                                                                      (3 = 30.0%)
1    -O                                                                        (1 = 10.0%) {30.0%}
2    ... 
4    -O                                                                        (1 = 10.0%) {40.0%}
5    O                                                                         (0 = 0.0%) {50.0%}
6    --O                                                                       (2 = 20.0%) {50.0%}
8    -O                                                                        (1 = 10.0%) {70.0%}
10   ... 
356  --O                                                                       (2 = 20.0%) {80.0%}
452  ... 

Histogram: WebCore.IndexedDB.Transaction.VersionChange.TimeActive2 recorded 2 samples, mean = 4.5 (flags = 0x1)
0  ... 
3  -O                                                                        (1 = 50.0%) {0.0%}
4  ... 
6  -O                                                                        (1 = 50.0%) {50.0%}
8  ... 

Histogram: WebCore.IndexedDB.Transaction.VersionChange.TimeQueued recorded 2 samples, mean = 0.0 (flags = 0x1)
0  --O                                                                       (2 = 100.0%)
1  ... 

Histogram: WebRTC.DesktopCapture.BlankFrameDetected recorded 13 samples, mean = 0.1 (flags = 0x1)
0  ------------O                                                             (12 = 92.3%)
1  -O                                                                        (1 = 7.7%) {92.3%}
2  O                                                                         (0 = 0.0%) {100.0%}

Histogram: WebRTC.DesktopCapture.FrameIsRefresh.Screen recorded 271 samples, mean = 0.0 (flags = 0x1)
0  ------------------------------------------------------------------------O (267 = 98.5%)
1  -O                                                                        (4 = 1.5%) {98.5%}
2  O                                                                         (0 = 0.0%) {100.0%}

Histogram: WebRTC.DesktopCapture.FrameRate.Screen recorded 266 samples, mean = 57.2 (flags = 0x1)
0   ... 
54  --O                                                                       (7 = 2.6%) {0.0%}
57  ------------------------------------------------------------------------O (259 = 97.4%) {2.6%}
60  ... 

Histogram: WebRTC.DesktopCapture.PrimaryCapturerError recorded 13 samples, mean = 0.1 (flags = 0x1)
0  ------------O                                                             (12 = 92.3%)
1  -O                                                                        (1 = 7.7%) {92.3%}
2  O                                                                         (0 = 0.0%) {100.0%}

Histogram: WebRTC.DesktopCapture.PrimaryCapturerPermanentError recorded 13 samples, mean = 0.0 (flags = 0x1)
0  -------------O                                                            (13 = 100.0%)
1  ... 

Histogram: WebRTC.DesktopCapture.PrimaryCapturerSelectSourceError recorded 13 samples, mean = 1.0 (flags = 0x1)
0  O                                                                         (0 = 0.0%)
1  -------------O                                                            (13 = 100.0%) {0.0%}
2  O                                                                         (0 = 0.0%) {100.0%}

Histogram: WebRTC.DesktopCapture.RefreshRate.Screen recorded 3 samples, mean = 60.0 (flags = 0x1)
0   ... 
60  ---O                                                                      (3 = 100.0%) {0.0%}
64  ... 

Histogram: WebRTC.DesktopCapture.Win.DesktopCapturerImpl recorded 7 samples, mean = 3.3 (flags = 0x1)
0  O                                                                         (0 = 0.0%)
1  --O                                                                       (2 = 28.6%) {0.0%}
2  O                                                                         (0 = 0.0%) {28.6%}
3  -O                                                                        (1 = 14.3%) {28.6%}
4  --O                                                                       (2 = 28.6%) {42.9%}
5  --O                                                                       (2 = 28.6%) {71.4%}

Histogram: WebRTC.DesktopCapture.Win.DirectXCapturerFrameTime recorded 1 samples, mean = 35.0 (flags = 0x1)
0   ... 
33  -O                                                                        (1 = 100.0%) {0.0%}
37  ... 

Histogram: WebRTC.DesktopCapture.Win.DirectXCapturerResult recorded 1 samples, mean = 0.0 (flags = 0x1)
0  -O                                                                        (1 = 100.0%)
1  ... 

Histogram: WebRTC.DesktopCapture.Win.WgcCaptureSessionGetFrameResult recorded 272 samples, mean = 0.6 (flags = 0x1)
0   ------------------------------------------------------------------------O (258 = 94.9%)
1   ... 
12  ----O                                                                     (14 = 5.1%) {94.9%}
13  O                                                                         (0 = 0.0%) {100.0%}

Histogram: WebRTC.DesktopCapture.Win.WgcCaptureSessionStartResult recorded 2 samples, mean = 0.0 (flags = 0x1)
0  --O                                                                       (2 = 100.0%)
1  ... 

Histogram: WebRTC.DesktopCapture.Win.WgcCaptureSessionTimeToFirstFrame recorded 2 samples, mean = 5.5 (flags = 0x1)
0  ... 
4  -O                                                                        (1 = 50.0%) {0.0%}
5  ... 
7  -O                                                                        (1 = 50.0%) {50.0%}
8  ... 

Histogram: WebRTC.DesktopCapture.Win.WgcCaptureSessionWaitForFirstFrameResult recorded 2 samples, mean = 0.0 (flags = 0x1)
0  --O                                                                       (2 = 100.0%)
1  ... 

Histogram: WebRTC.DesktopCapture.Win.WgcCapturerFrameTime recorded 272 samples, mean = 2.2 (flags = 0x1)
0   -----O                                                                    (14 = 5.1%)
1   -------------O                                                            (35 = 12.9%) {5.1%}
2   ------------------------------------------------------------------------O (198 = 72.8%) {18.0%}
3   --------O                                                                 (22 = 8.1%) {90.8%}
4   O                                                                         (1 = 0.4%) {98.9%}
5   ... 
42  O                                                                         (1 = 0.4%) {99.3%}
47  O                                                                         (0 = 0.0%) {99.6%}
53  O                                                                         (1 = 0.4%) {99.6%}
60  ... 

Histogram: WebRTC.DesktopCapture.Win.WgcCapturerResult recorded 272 samples, mean = 0.0 (flags = 0x1)
0  ------------------------------------------------------------------------O (272 = 100.0%)
1  ... 

Histogram: WebRTC.DesktopCapture.Win.WindowGdiCapturerFrameTime recorded 12 samples, mean = 12.2 (flags = 0x1)
0   ... 
7   --O                                                                       (2 = 16.7%) {0.0%}
8   O                                                                         (0 = 0.0%) {16.7%}
9   -O                                                                        (1 = 8.3%) {16.7%}
10  -O                                                                        (1 = 8.3%) {25.0%}
11  ---O                                                                      (3 = 25.0%) {33.3%}
12  --O                                                                       (2 = 16.7%) {58.3%}
14  -O                                                                        (1 = 8.3%) {75.0%}
16  ... 
20  -O                                                                        (1 = 8.3%) {83.3%}
23  -O                                                                        (1 = 8.3%) {91.7%}
26  ... 

Histogram: WebRTC.DesktopCaptureCounters recorded 3 samples, mean = 4.0 (flags = 0x1)
0   -O                                                                        (1 = 33.3%)
1   O                                                                         (0 = 0.0%) {33.3%}
2   -O                                                                        (1 = 33.3%) {33.3%}
3   ... 
10  -O                                                                        (1 = 33.3%) {66.7%}
11  ... 

Histogram: Windows.DisplayIdFromDeviceId recorded 2 samples, mean = 3.0 (flags = 0x1)
0  ... 
3  --O                                                                       (2 = 100.0%) {0.0%}
4  O                                                                         (0 = 0.0%) {100.0%}

Histogram: Windows.DisplayIdFromDeviceKey recorded 2 samples, mean = 3.0 (flags = 0x1)
0  ... 
3  --O                                                                       (2 = 100.0%) {0.0%}
4  O                                                                         (0 = 0.0%) {100.0%}

Histogram: Windows.ReplaceFileResult recorded 10 samples, mean = 5.7 (flags = 0x1)
0  --O                                                                       (2 = 20.0%)
1  ... 
7  -------O                                                                  (7 = 70.0%) {20.0%}
8  -O                                                                        (1 = 10.0%) {90.0%}
9  ... 


