
[33744:0829/100725.453:VERBOSE1:base\allocator\scheduler_loop_quarantine_config.cc:168] No entry found for browser/global.
[33744:0829/100725.453:VERBOSE1:base\allocator\scheduler_loop_quarantine_config.cc:168] No entry found for browser/*.
[33744:0829/100725.453:VERBOSE1:base\allocator\scheduler_loop_quarantine_config.cc:168] No entry found for /main.
[33744:0829/100725.453:VERBOSE1:base\allocator\scheduler_loop_quarantine_config.cc:168] No entry found for /io.
[33744:0829/100725.512:VERBOSE1:components\device_event_log\device_event_log_impl.cc:203] [10:07:25.514] Display: EVENT: screen_win.cc:1043 Displays updated, count: 1
[33744:0829/100725.515:VERBOSE1:components\device_event_log\device_event_log_impl.cc:203] [10:07:25.516] Display: EVENT: screen_win.cc:1045 Display[2036301598] bounds=[0,0 2560x1440], workarea=[0,0 2560x1392], scale=1, rotation=0, panel_rotation=0 external detected
[33744:0829/100725.515:VERBOSE1:components\proxy_config\pref_proxy_config_tracker_impl.cc:462] 0x61dc0045e080: set chrome proxy config service to 0x61dc00525500
[33744:0829/100725.524:VERBOSE1:components\proxy_config\pref_proxy_config_tracker_impl.cc:462] 0x61dc0045e700: set chrome proxy config service to 0x61dc00527100
[33744:0829/100725.527:VERBOSE1:net\disk_cache\simple\simple_index_file.cc:625] Simple Cache Index is being restored from disk.
[33744:0829/100725.527:VERBOSE1:net\disk_cache\simple\simple_index_file.cc:625] Simple Cache Index is being restored from disk.
[33744:0829/100725.556:VERBOSE1:content\browser\first_party_sets\first_party_sets_handler_impl_instance.cc:270] Empty path. Failed initializing First-Party Sets database.
[33744:0829/100725.556:VERBOSE1:base\allocator\scheduler_loop_quarantine_config.cc:168] No entry found for browser/io.
[33744:0829/100725.766:VERBOSE1:components\device_event_log\device_event_log_impl.cc:203] [10:07:25.766] Display: EVENT: screen_win.cc:1043 Displays updated, count: 1
[33744:0829/100725.766:VERBOSE1:components\device_event_log\device_event_log_impl.cc:203] [10:07:25.767] Display: EVENT: screen_win.cc:1045 Display[2036301598] bounds=[0,0 2560x1440], workarea=[0,0 2560x1392], scale=1, rotation=0, panel_rotation=0 external detected
[33744:0829/100725.914:VERBOSE1:content\browser\loader\file_url_loader_factory.cc:470] FileURLLoader::Start: file:///C:/Projects/discord%20p2p/tests/fixtures/motion-source.html?fps=60&seed=1247104336&gpuLoad=0&title=JUMP_BENCH_MOTION_SOURCE_33744
[33744:0829/100725.964:INFO:CONSOLE:2] "%cElectron Security Warning (Insecure Content-Security-Policy) font-weight: bold; This renderer process has either no Content Security
  Policy set or a policy with "unsafe-eval" enabled. This exposes users of
  this app to unnecessary security risks.

For more information and help, consult
https://electronjs.org/docs/tutorial/security.
This warning will not show up
once the app is packaged.", source: node:electron/js2c/sandbox_bundle (2)
[33744:0829/100726.147:WARNING:third_party\webrtc\modules\desktop_capture\win\dxgi_adapter_duplicator.cc:116] Cannot initialize any DxgiOutputDuplicator instance.
[33744:0829/100726.147:WARNING:third_party\webrtc\modules\desktop_capture\win\dxgi_duplicator_controller.cc:286] Failed to initialize DxgiAdapterDuplicator on adapter 1
[33744:0829/100726.148:WARNING:third_party\webrtc\modules\desktop_capture\win\dxgi_duplicator_controller.cc:106] Count of references reaches zero, DxgiDuplicatorController will be unloaded.
[33744:0829/100726.161:INFO:third_party\webrtc\modules\desktop_capture\screen_capturer_win.cc:45] DesktopCapturer::CreateRawScreenCapturer creates DesktopCapturer of type ScreenCapturerWinGdi
[33744:0829/100726.291:WARNING:third_party\webrtc\modules\desktop_capture\win\dxgi_adapter_duplicator.cc:116] Cannot initialize any DxgiOutputDuplicator instance.
[33744:0829/100726.291:WARNING:third_party\webrtc\modules\desktop_capture\win\dxgi_duplicator_controller.cc:286] Failed to initialize DxgiAdapterDuplicator on adapter 1
[33744:0829/100726.291:INFO:third_party\webrtc\modules\desktop_capture\screen_capturer_win.cc:30] DesktopCapturer::CreateRawScreenCapturer creates DesktopCapturer of type ScreenCapturerWinDirectx
[33744:0829/100726.292:WARNING:third_party\webrtc\modules\desktop_capture\win\dxgi_duplicator_controller.cc:106] Count of references reaches zero, DxgiDuplicatorController will be unloaded.
[33744:0829/100726.313:VERBOSE1:components\proxy_config\pref_proxy_config_tracker_impl.cc:462] 0x61dc00d42d80: set chrome proxy config service to 0x61dc0052a580
[33744:0829/100726.392:VERBOSE1:components\proxy_config\pref_proxy_config_tracker_impl.cc:462] 0x61dc00d46b40: set chrome proxy config service to 0x61dc01145f80
[33744:0829/100726.431:VERBOSE1:content\browser\renderer_host\media\media_stream_manager.cc:1519] MDM::HandleEnumerateDevicesRequest({request_id=1}, {render_process_id=6}, {render_frame_id=1}, {audio_input=true}, {video_input=true}, {audio_output=true}, {request_audio_capabilities=true}, {request_video_capabilities=true})
[33744:0829/100726.431:VERBOSE1:content\browser\renderer_host\media\media_stream_manager.cc:1519] MDM::HandleEnumerateDevicesRequest({request_id=2}, {render_process_id=6}, {render_frame_id=1}, {audio_input=true}, {video_input=true}, {audio_output=true}, {request_audio_capabilities=false}, {request_video_capabilities=false})
[33744:0829/100726.431:VERBOSE1:content\browser\renderer_host\media\media_stream_manager.cc:1519] MDM::CheckPermissionsForEnumerateDevices({request_id=1})
[33744:0829/100726.431:VERBOSE1:content\browser\renderer_host\media\media_stream_manager.cc:1519] MDM::OnPermissionsCheckDone({request_id=1}, {has_audio_permission=true}, {has_video_permission=true})
[33744:0829/100726.431:VERBOSE1:content\browser\renderer_host\media\media_stream_manager.cc:1519] MDM::EnumerateAndRankDevices({request_id=1})
[33744:0829/100726.431:VERBOSE1:content\browser\renderer_host\media\media_stream_manager.cc:1519] MDM::EnumerateDevices({request_id=1})
[33744:0829/100726.431:VERBOSE1:content\browser\renderer_host\media\media_stream_manager.cc:1519] MDM::StartMonitoringAndPopulateCache({request_id=1}, {audio=true}, {video=true})
[33744:0829/100726.431:VERBOSE1:content\browser\renderer_host\media\media_stream_manager.cc:1519] MDM::EnumerateSystemDevices({request_id=1}, {type=VIDEO_INPUT})
[33744:0829/100726.431:VERBOSE1:content\browser\renderer_host\media\media_stream_manager.cc:1519] video capture: VideoCaptureManager::EnumerateDevices
[33744:0829/100726.431:VERBOSE1:content\browser\renderer_host\media\media_stream_manager.cc:1519] video capture: ServiceVideoCaptureProvider::GetDeviceInfosAsync
[33744:0829/100726.431:VERBOSE1:content\browser\renderer_host\media\media_stream_manager.cc:1519] MDM::EnumerateSystemDevices({request_id=1}, {type=AUDIO_INPUT})
[33744:0829/100726.431:VERBOSE1:content\browser\renderer_host\media\media_stream_manager.cc:1519] MDM::EnumerateSystemDevices({request_id=1}, {type=AUDIO_OUTPUT})
[33744:0829/100726.431:VERBOSE1:content\browser\renderer_host\media\media_stream_manager.cc:1519] MDM::CheckPermissionsForEnumerateDevices({request_id=2})
[33744:0829/100726.431:VERBOSE1:content\browser\renderer_host\media\media_stream_manager.cc:1519] MDM::OnPermissionsCheckDone({request_id=2}, {has_audio_permission=true}, {has_video_permission=true})
[33744:0829/100726.432:VERBOSE1:content\browser\renderer_host\media\media_stream_manager.cc:1519] MDM::EnumerateAndRankDevices({request_id=2})
[33744:0829/100726.432:VERBOSE1:content\browser\renderer_host\media\media_stream_manager.cc:1519] MDM::EnumerateDevices({request_id=2})
[33744:0829/100726.432:VERBOSE1:content\browser\renderer_host\media\media_stream_manager.cc:1519] MSM::NotifyDevicesChanged({device_type=DEVICE_AUDIO_INPUT})
[33744:0829/100726.432:VERBOSE1:content\browser\renderer_host\media\media_stream_manager.cc:1519] MDM::DevicesEnumerated({request_id=1}, {type=AUDIO_INPUT}, {labels=[Fake Default Audio Input, Fake Audio Input 1, Fake Audio Input 2]})
[33744:0829/100726.432:VERBOSE1:content\browser\renderer_host\media\media_stream_manager.cc:1519] MDM::DevicesEnumerated({request_id=1}, {type=AUDIO_OUTPUT}, {labels=[Fake Default Audio Output, Fake Audio Output 1, Fake Audio Output 2]})
[33744:0829/100726.480:VERBOSE1:content\browser\renderer_host\media\media_stream_manager.cc:1519] AMB::LogAudioManagerStartup => AudioManager starts.
[33744:0829/100726.594:VERBOSE1:content\browser\renderer_host\media\media_stream_manager.cc:1519] MDM::HandleEnumerateDevicesRequest({request_id=3}, {render_process_id=7}, {render_frame_id=1}, {audio_input=true}, {video_input=true}, {audio_output=true}, {request_audio_capabilities=true}, {request_video_capabilities=true})
[33744:0829/100726.594:VERBOSE1:content\browser\renderer_host\media\media_stream_manager.cc:1519] MDM::HandleEnumerateDevicesRequest({request_id=4}, {render_process_id=7}, {render_frame_id=1}, {audio_input=true}, {video_input=true}, {audio_output=true}, {request_audio_capabilities=false}, {request_video_capabilities=false})
[33744:0829/100726.595:VERBOSE1:content\browser\renderer_host\media\media_stream_manager.cc:1519] MDM::CheckPermissionsForEnumerateDevices({request_id=3})
[33744:0829/100726.595:VERBOSE1:content\browser\renderer_host\media\media_stream_manager.cc:1519] MDM::OnPermissionsCheckDone({request_id=3}, {has_audio_permission=true}, {has_video_permission=true})
[33744:0829/100726.595:VERBOSE1:content\browser\renderer_host\media\media_stream_manager.cc:1519] MDM::EnumerateAndRankDevices({request_id=3})
[33744:0829/100726.595:VERBOSE1:content\browser\renderer_host\media\media_stream_manager.cc:1519] MDM::EnumerateDevices({request_id=3})
[33744:0829/100726.595:VERBOSE1:content\browser\renderer_host\media\media_stream_manager.cc:1519] MDM::CheckPermissionsForEnumerateDevices({request_id=4})
[33744:0829/100726.595:VERBOSE1:content\browser\renderer_host\media\media_stream_manager.cc:1519] MDM::OnPermissionsCheckDone({request_id=4}, {has_audio_permission=true}, {has_video_permission=true})
[33744:0829/100726.595:VERBOSE1:content\browser\renderer_host\media\media_stream_manager.cc:1519] MDM::EnumerateAndRankDevices({request_id=4})
[33744:0829/100726.595:VERBOSE1:content\browser\renderer_host\media\media_stream_manager.cc:1519] MDM::EnumerateDevices({request_id=4})
[33744:0829/100726.803:VERBOSE1:content\browser\renderer_host\media\media_stream_manager.cc:1519] video capture: VideoCaptureManager::OnDeviceInfosReceived: Recevied 1 device infos.
device_id: /dev/video0, display_name: fake_device_0
[33744:0829/100726.805:VERBOSE1:content\browser\renderer_host\media\media_stream_manager.cc:1519] MDM::DevicesEnumerated({request_id=1}, {type=VIDEO_INPUT}, {labels=[fake_device_0]})
[33744:0829/100726.805:VERBOSE1:content\browser\renderer_host\media\media_stream_manager.cc:1519] MSM::NotifyDevicesChanged({device_type=DEVICE_VIDEO_INPUT})
[33744:0829/100726.805:VERBOSE1:content\browser\renderer_host\media\media_stream_manager.cc:1519] MDM::OnDevicesEnumeratedAndRanked({request_id=1}, {has_audio_permission=true}, {has_video_permission=true})
[33744:0829/100726.805:VERBOSE1:content\browser\renderer_host\media\media_stream_manager.cc:1519] MDM::OnDevicesEnumeratedAndRanked({request_id=2}, {has_audio_permission=true}, {has_video_permission=true})
[33744:0829/100726.805:VERBOSE1:content\browser\renderer_host\media\media_stream_manager.cc:1519] MDM::GetAudioInputCapabilities({request_id=2}, {bypassing=true}, {reason=not_requested})
[33744:0829/100726.805:VERBOSE1:content\browser\renderer_host\media\media_stream_manager.cc:1519] MDM::FinalizeDevicesEnumerated({request_id=2}, {audio_count=3}, {video_count=1})
[33744:0829/100726.805:VERBOSE1:content\browser\renderer_host\media\media_stream_manager.cc:1519] MDM::OnDevicesEnumeratedAndRanked({request_id=3}, {has_audio_permission=true}, {has_video_permission=true})
[33744:0829/100726.805:VERBOSE1:content\browser\renderer_host\media\media_stream_manager.cc:1519] MDM::OnDevicesEnumeratedAndRanked({request_id=4}, {has_audio_permission=true}, {has_video_permission=true})
[33744:0829/100726.805:VERBOSE1:content\browser\renderer_host\media\media_stream_manager.cc:1519] MDM::GetAudioInputCapabilities({request_id=4}, {bypassing=true}, {reason=not_requested})
[33744:0829/100726.805:VERBOSE1:content\browser\renderer_host\media\media_stream_manager.cc:1519] MDM::FinalizeDevicesEnumerated({request_id=4}, {audio_count=3}, {video_count=1})
[33744:0829/100726.805:VERBOSE1:content\browser\renderer_host\media\media_stream_manager.cc:1519] MDM::GotAudioInputCapabilities({request_id=1}, {label=[Fake Default Audio Input]}, {is_valid=true}, {sample_rate=44100}, {channels=2}, {latency_ms=10})
[33744:0829/100726.805:VERBOSE1:content\browser\renderer_host\media\media_stream_manager.cc:1519] MDM::GotAudioInputCapabilities({request_id=1}, {label=[Fake Audio Input 1]}, {is_valid=true}, {sample_rate=44100}, {channels=2}, {latency_ms=10})
[33744:0829/100726.805:VERBOSE1:content\browser\renderer_host\media\media_stream_manager.cc:1519] MDM::GotAudioInputCapabilities({request_id=1}, {label=[Fake Audio Input 2]}, {is_valid=true}, {sample_rate=44100}, {channels=2}, {latency_ms=10})
[33744:0829/100726.805:VERBOSE1:content\browser\renderer_host\media\media_stream_manager.cc:1519] MDM::FinalizeDevicesEnumerated({request_id=1}, {audio_count=3}, {video_count=1})
[33744:0829/100726.805:VERBOSE1:content\browser\renderer_host\media\media_stream_manager.cc:1519] MDM::GotAudioInputCapabilities({request_id=3}, {label=[Fake Default Audio Input]}, {is_valid=true}, {sample_rate=44100}, {channels=2}, {latency_ms=10})
[33744:0829/100726.805:VERBOSE1:content\browser\renderer_host\media\media_stream_manager.cc:1519] MDM::GotAudioInputCapabilities({request_id=3}, {label=[Fake Audio Input 1]}, {is_valid=true}, {sample_rate=44100}, {channels=2}, {latency_ms=10})
[33744:0829/100726.805:VERBOSE1:content\browser\renderer_host\media\media_stream_manager.cc:1519] MDM::GotAudioInputCapabilities({request_id=3}, {label=[Fake Audio Input 2]}, {is_valid=true}, {sample_rate=44100}, {channels=2}, {latency_ms=10})
[33744:0829/100726.805:VERBOSE1:content\browser\renderer_host\media\media_stream_manager.cc:1519] MDM::FinalizeDevicesEnumerated({request_id=3}, {audio_count=3}, {video_count=1})
[33744:0829/100727.002:VERBOSE1:content\browser\renderer_host\media\media_stream_manager.cc:1519] MDDH::OnAudioGotSaltAndOrigin: pending_audio_input_capabilities_requests_.size()=1
[33744:0829/100727.002:VERBOSE1:content\browser\renderer_host\media\media_stream_manager.cc:1519] MDM::EnumerateAndRankDevices({request_id=0})
[33744:0829/100727.002:VERBOSE1:content\browser\renderer_host\media\media_stream_manager.cc:1519] MDM::EnumerateDevices({request_id=0})
[33744:0829/100727.002:VERBOSE1:content\browser\renderer_host\media\media_stream_manager.cc:1519] MDDH::OnAudioGotSaltAndOrigin: pending_audio_input_capabilities_requests_.size()=1
[33744:0829/100727.002:VERBOSE1:content\browser\renderer_host\media\media_stream_manager.cc:1519] MDM::EnumerateAndRankDevices({request_id=0})
[33744:0829/100727.002:VERBOSE1:content\browser\renderer_host\media\media_stream_manager.cc:1519] MDM::EnumerateDevices({request_id=0})
[33744:0829/100727.002:VERBOSE1:content\browser\renderer_host\media\media_stream_manager.cc:1519] MDDH::GotAudioInputEnumeration: no devices found or fake device command flag is passed,
[33744:0829/100727.002:VERBOSE1:content\browser\renderer_host\media\media_stream_manager.cc:1519] MDDH::FinalizeGetAudioInputCapabilities: pending_audio_input_capabilities_requests_.size()= 1,
[33744:0829/100727.002:VERBOSE1:content\browser\renderer_host\media\media_stream_manager.cc:1519] MDDH::GotAudioInputEnumeration: no devices found or fake device command flag is passed,
[33744:0829/100727.002:VERBOSE1:content\browser\renderer_host\media\media_stream_manager.cc:1519] MDDH::FinalizeGetAudioInputCapabilities: pending_audio_input_capabilities_requests_.size()= 1,
[33744:0829/100727.002:VERBOSE1:content\browser\renderer_host\media\media_stream_manager.cc:1519] MSM::GenerateStreams({render_process_id=6}, {render_frame_id=1}, {requester_id=0}, {page_request_id=0})
[33744:0829/100727.002:VERBOSE1:content\browser\renderer_host\media\media_stream_manager.cc:1519] MSM::DR::DeviceRequest({label=}, {requesting_process_id=6}, {requesting_frame_id=1}, {requester_id=0}, {request_type=MEDIA_GENERATE_STREAM})
[33744:0829/100727.002:VERBOSE1:content\browser\renderer_host\media\media_stream_manager.cc:1519] MSM::AddRequest([requester_id=0]) => (label=d820657c-a899-4d7e-a078-5b30a2a3eab0)
[33744:0829/100727.002:VERBOSE1:content\browser\renderer_host\media\media_stream_manager.cc:1519] MSM::SetUpRequest([requester_id=0] {label=d820657c-a899-4d7e-a078-5b30a2a3eab0})
[33744:0829/100727.002:VERBOSE1:content\browser\renderer_host\media\media_stream_manager.cc:1519] MSM::DR::SetAudioType({label=d820657c-a899-4d7e-a078-5b30a2a3eab0}, [requester_id=0], {audio_type=DEVICE_AUDIO_CAPTURE})
[33744:0829/100727.002:VERBOSE1:content\browser\renderer_host\media\media_stream_manager.cc:1519] MSM::DR::SetVideoType({label=d820657c-a899-4d7e-a078-5b30a2a3eab0}, [requester_id=0], {video_type=NO_SERVICE})
[33744:0829/100727.002:VERBOSE1:content\browser\renderer_host\media\media_stream_manager.cc:1519] MSM::StartEnumeration({requester_id=0}, {label=d820657c-a899-4d7e-a078-5b30a2a3eab0})
[33744:0829/100727.002:VERBOSE1:content\browser\renderer_host\media\media_stream_manager.cc:1519] MSM::DR::SetState({label=d820657c-a899-4d7e-a078-5b30a2a3eab0}, [requester_id=0], {stream_type=DEVICE_AUDIO_CAPTURE}, {new_state=STATE_REQUESTED})
[33744:0829/100727.002:VERBOSE1:content\browser\renderer_host\media\media_stream_manager.cc:1519] MDM::EnumerateDevices({request_id=0})
[33744:0829/100727.002:VERBOSE1:content\browser\renderer_host\media\media_stream_manager.cc:1519] MSM::DevicesEnumerated({label=d820657c-a899-4d7e-a078-5b30a2a3eab0}, {requester_id=0}, {request_type=MEDIA_GENERATE_STREAM})
[33744:0829/100727.002:VERBOSE1:content\browser\renderer_host\media\media_stream_manager.cc:1519] MSM::DR::SetState({label=d820657c-a899-4d7e-a078-5b30a2a3eab0}, [requester_id=0], {stream_type=DEVICE_AUDIO_CAPTURE}, {new_state=STATE_PENDING_APPROVAL})
[33744:0829/100727.002:VERBOSE1:content\browser\renderer_host\media\media_stream_manager.cc:1519] MSM::SetUpDeviceCaptureRequest([requester_id=0] {label=d820657c-a899-4d7e-a078-5b30a2a3eab0})
[33744:0829/100727.002:VERBOSE1:content\browser\renderer_host\media\media_stream_manager.cc:1519] MSM::DR::CreateUIRequest({label=d820657c-a899-4d7e-a078-5b30a2a3eab0}, [requester_id=0], {requested_audio_device_id=default,fake_audio_input_1,fake_audio_input_2}, {requested_video_device_id=})
[33744:0829/100727.002:VERBOSE1:content\browser\renderer_host\media\media_stream_manager.cc:1519] MSM::PostRequestToUI({label=d820657c-a899-4d7e-a078-5b30a2a3eab0}
[33744:0829/100727.002:VERBOSE1:content\browser\renderer_host\media\media_stream_manager.cc:1519] MSM::DR::SetState({label=d820657c-a899-4d7e-a078-5b30a2a3eab0}, [requester_id=0], {stream_type=DEVICE_AUDIO_CAPTURE}, {new_state=STATE_PENDING_APPROVAL})
[33744:0829/100727.002:VERBOSE1:content\browser\renderer_host\media\media_stream_manager.cc:1519] MSM::HandleAccessRequestResponse({label=d820657c-a899-4d7e-a078-5b30a2a3eab0}, {request=MEDIA_GENERATE_STREAM}, {result=OK})
[33744:0829/100727.002:VERBOSE1:content\browser\renderer_host\media\media_stream_manager.cc:1519] AIDM::Open({session_id=D28BF2ED8DA3A632B8291C4DDD5D6162}, {device=[type: DEVICE_AUDIO_CAPTURE, id: default, group_id: fake_group_audio_input_default, name: Fake Default Audio Input, parameters: [format: FAKE, channel_layout: 3, channels: 2, sample_rate: 44100, frames_per_buffer: 441, effects: NONE, mic_positions: , latency_tag: LatencyUnknown]]})
[33744:0829/100727.002:VERBOSE1:content\browser\renderer_host\media\media_stream_manager.cc:1519] MSM::DR::SetState({label=d820657c-a899-4d7e-a078-5b30a2a3eab0}, [requester_id=0], {stream_type=DEVICE_AUDIO_CAPTURE}, {new_state=STATE_OPENING})
[33744:0829/100727.002:VERBOSE1:content\browser\renderer_host\media\media_stream_manager.cc:1519] MSM::HandleAccessRequestResponse([label=d820657c-a899-4d7e-a078-5b30a2a3eab0]) => (opening device: [id: default, session_id: D28BF2ED8DA3A632B8291C4DDD5D6162])
[33744:0829/100727.002:VERBOSE1:content\browser\renderer_host\media\media_stream_manager.cc:1519] MSM::GenerateStreams({render_process_id=7}, {render_frame_id=1}, {requester_id=1}, {page_request_id=0})
[33744:0829/100727.002:VERBOSE1:content\browser\renderer_host\media\media_stream_manager.cc:1519] MSM::DR::DeviceRequest({label=}, {requesting_process_id=7}, {requesting_frame_id=1}, {requester_id=1}, {request_type=MEDIA_GENERATE_STREAM})
[33744:0829/100727.002:VERBOSE1:content\browser\renderer_host\media\media_stream_manager.cc:1519] MSM::AddRequest([requester_id=1]) => (label=cb0668d6-d727-4a34-bb8d-c53e2fb46402)
[33744:0829/100727.002:VERBOSE1:content\browser\renderer_host\media\media_stream_manager.cc:1519] MSM::SetUpRequest([requester_id=1] {label=cb0668d6-d727-4a34-bb8d-c53e2fb46402})
[33744:0829/100727.002:VERBOSE1:content\browser\renderer_host\media\media_stream_manager.cc:1519] MSM::DR::SetAudioType({label=cb0668d6-d727-4a34-bb8d-c53e2fb46402}, [requester_id=1], {audio_type=DEVICE_AUDIO_CAPTURE})
[33744:0829/100727.002:VERBOSE1:content\browser\renderer_host\media\media_stream_manager.cc:1519] MSM::DR::SetVideoType({label=cb0668d6-d727-4a34-bb8d-c53e2fb46402}, [requester_id=1], {video_type=NO_SERVICE})
[33744:0829/100727.002:VERBOSE1:content\browser\renderer_host\media\media_stream_manager.cc:1519] MSM::StartEnumeration({requester_id=1}, {label=cb0668d6-d727-4a34-bb8d-c53e2fb46402})
[33744:0829/100727.002:VERBOSE1:content\browser\renderer_host\media\media_stream_manager.cc:1519] MSM::DR::SetState({label=cb0668d6-d727-4a34-bb8d-c53e2fb46402}, [requester_id=1], {stream_type=DEVICE_AUDIO_CAPTURE}, {new_state=STATE_REQUESTED})
[33744:0829/100727.002:VERBOSE1:content\browser\renderer_host\media\media_stream_manager.cc:1519] MDM::EnumerateDevices({request_id=0})
[33744:0829/100727.002:VERBOSE1:content\browser\renderer_host\media\media_stream_manager.cc:1519] MSM::DevicesEnumerated({label=cb0668d6-d727-4a34-bb8d-c53e2fb46402}, {requester_id=1}, {request_type=MEDIA_GENERATE_STREAM})
[33744:0829/100727.002:VERBOSE1:content\browser\renderer_host\media\media_stream_manager.cc:1519] MSM::DR::SetState({label=cb0668d6-d727-4a34-bb8d-c53e2fb46402}, [requester_id=1], {stream_type=DEVICE_AUDIO_CAPTURE}, {new_state=STATE_PENDING_APPROVAL})
[33744:0829/100727.002:VERBOSE1:content\browser\renderer_host\media\media_stream_manager.cc:1519] MSM::SetUpDeviceCaptureRequest([requester_id=1] {label=cb0668d6-d727-4a34-bb8d-c53e2fb46402})
[33744:0829/100727.002:VERBOSE1:content\browser\renderer_host\media\media_stream_manager.cc:1519] MSM::DR::CreateUIRequest({label=cb0668d6-d727-4a34-bb8d-c53e2fb46402}, [requester_id=1], {requested_audio_device_id=default,fake_audio_input_1,fake_audio_input_2}, {requested_video_device_id=})
[33744:0829/100727.002:VERBOSE1:content\browser\renderer_host\media\media_stream_manager.cc:1519] MSM::PostRequestToUI({label=cb0668d6-d727-4a34-bb8d-c53e2fb46402}
[33744:0829/100727.002:VERBOSE1:content\browser\renderer_host\media\media_stream_manager.cc:1519] MSM::DR::SetState({label=cb0668d6-d727-4a34-bb8d-c53e2fb46402}, [requester_id=1], {stream_type=DEVICE_AUDIO_CAPTURE}, {new_state=STATE_PENDING_APPROVAL})
[33744:0829/100727.002:VERBOSE1:content\browser\renderer_host\media\media_stream_manager.cc:1519] MSM::HandleAccessRequestResponse({label=cb0668d6-d727-4a34-bb8d-c53e2fb46402}, {request=MEDIA_GENERATE_STREAM}, {result=OK})
[33744:0829/100727.002:VERBOSE1:content\browser\renderer_host\media\media_stream_manager.cc:1519] AIDM::Open({session_id=878C07026D21F9AB081BB91783CD8A9F}, {device=[type: DEVICE_AUDIO_CAPTURE, id: default, group_id: fake_group_audio_input_default, name: Fake Default Audio Input, parameters: [format: FAKE, channel_layout: 3, channels: 2, sample_rate: 44100, frames_per_buffer: 441, effects: NONE, mic_positions: , latency_tag: LatencyUnknown]]})
[33744:0829/100727.002:VERBOSE1:content\browser\renderer_host\media\media_stream_manager.cc:1519] MSM::DR::SetState({label=cb0668d6-d727-4a34-bb8d-c53e2fb46402}, [requester_id=1], {stream_type=DEVICE_AUDIO_CAPTURE}, {new_state=STATE_OPENING})
[33744:0829/100727.002:VERBOSE1:content\browser\renderer_host\media\media_stream_manager.cc:1519] MSM::HandleAccessRequestResponse([label=cb0668d6-d727-4a34-bb8d-c53e2fb46402]) => (opening device: [id: default, session_id: 878C07026D21F9AB081BB91783CD8A9F])
[33744:0829/100727.005:VERBOSE1:content\browser\renderer_host\media\media_stream_manager.cc:1519] AIDM::Opened({session_id=D28BF2ED8DA3A632B8291C4DDD5D6162})
[33744:0829/100727.005:VERBOSE1:content\browser\renderer_host\media\media_stream_manager.cc:1519] MSM::Opened({stream_type=DEVICE_AUDIO_CAPTURE}, {session_id=D28BF2ED8DA3A632B8291C4DDD5D6162})
[33744:0829/100727.005:VERBOSE1:content\browser\renderer_host\media\media_stream_manager.cc:1519] MSM::DR::SetState({label=d820657c-a899-4d7e-a078-5b30a2a3eab0}, [requester_id=0], {stream_type=DEVICE_AUDIO_CAPTURE}, {new_state=STATE_DONE})
[33744:0829/100727.005:VERBOSE1:content\browser\renderer_host\media\media_stream_manager.cc:1519] MSM::FinalizeGenerateStreams({label=d820657c-a899-4d7e-a078-5b30a2a3eab0}, {requester_id=0}, {request_type=MEDIA_GENERATE_STREAM})
[33744:0829/100727.005:VERBOSE1:content\browser\renderer_host\media\media_stream_manager.cc:1519] MSM::OnStreamStarted({label=d820657c-a899-4d7e-a078-5b30a2a3eab0}, {requester_id=0}, {request_type=MEDIA_GENERATE_STREAM})
[33744:0829/100727.005:VERBOSE1:content\browser\renderer_host\media\media_stream_manager.cc:1519] MSM::PanTiltZoomPermissionChecked({label=d820657c-a899-4d7e-a078-5b30a2a3eab0}, {requester_id=0}, {request_type=MEDIA_GENERATE_STREAM}, {pan_tilt_zoom_allowed=1})
[33744:0829/100727.008:VERBOSE1:content\browser\renderer_host\media\media_stream_manager.cc:1519] AIDM::Opened({session_id=878C07026D21F9AB081BB91783CD8A9F})
[33744:0829/100727.008:VERBOSE1:content\browser\renderer_host\media\media_stream_manager.cc:1519] MSM::Opened({stream_type=DEVICE_AUDIO_CAPTURE}, {session_id=878C07026D21F9AB081BB91783CD8A9F})
[33744:0829/100727.008:VERBOSE1:content\browser\renderer_host\media\media_stream_manager.cc:1519] MSM::DR::SetState({label=cb0668d6-d727-4a34-bb8d-c53e2fb46402}, [requester_id=1], {stream_type=DEVICE_AUDIO_CAPTURE}, {new_state=STATE_DONE})
[33744:0829/100727.008:VERBOSE1:content\browser\renderer_host\media\media_stream_manager.cc:1519] MSM::FinalizeGenerateStreams({label=cb0668d6-d727-4a34-bb8d-c53e2fb46402}, {requester_id=1}, {request_type=MEDIA_GENERATE_STREAM})
[33744:0829/100727.008:VERBOSE1:content\browser\renderer_host\media\media_stream_manager.cc:1519] MSM::OnStreamStarted({label=cb0668d6-d727-4a34-bb8d-c53e2fb46402}, {requester_id=1}, {request_type=MEDIA_GENERATE_STREAM})
[33744:0829/100727.008:VERBOSE1:content\browser\renderer_host\media\media_stream_manager.cc:1519] MSM::PanTiltZoomPermissionChecked({label=cb0668d6-d727-4a34-bb8d-c53e2fb46402}, {requester_id=1}, {request_type=MEDIA_GENERATE_STREAM}, {pan_tilt_zoom_allowed=1})
[33744:0829/100727.018:VERBOSE1:content\browser\renderer_host\media\media_stream_manager.cc:1519] SF::CreateInputStream(device_id=default, params=[format: FAKE, channel_layout: 2, channels: 1, sample_rate: 48000, frames_per_buffer: 480, effects: NONE, mic_positions: , latency_tag: LatencyUnknown])
[33744:0829/100727.018:VERBOSE1:content\browser\renderer_host\media\media_stream_manager.cc:1519] SF::GetNewReferenceSignalProvider()
[33744:0829/100727.018:VERBOSE1:content\browser\renderer_host\media\media_stream_manager.cc:1519] SF::GetNewReferenceSignalProvider: using OutputDeviceMixerManager
[33744:0829/100727.018:VERBOSE1:content\browser\renderer_host\media\media_stream_manager.cc:1519] AISW::InputSyncWriter({shared_memory_segment_count=10}, {params=format: FAKE, channel_layout: 2, channels: 1, sample_rate: 48000, frames_per_buffer: 480, effects: NONE, mic_positions: , latency_tag: LatencyUnknown}) [id=9170CF26AFE184638310F97E351DDD5D]
[33744:0829/100727.018:VERBOSE1:content\browser\renderer_host\media\media_stream_manager.cc:1519] AISW::InputSyncWriter => (shared_memory_segment_size=[1968], audio_bus_memory_size=[1920]) [id=9170CF26AFE184638310F97E351DDD5D]
[33744:0829/100727.018:VERBOSE1:content\browser\renderer_host\media\media_stream_manager.cc:1519] audio::IS::Ctor({device_id=default}, {params=[format: FAKE, channel_layout: 2, channels: 1, sample_rate: 48000, frames_per_buffer: 480, effects: NONE, mic_positions: , latency_tag: LatencyUnknown]}, {enable_agc=1}) [id=3AFF56E3C97F788DD554DCE309ABAAEF]
[33744:0829/100727.018:VERBOSE1:content\browser\renderer_host\media\media_stream_manager.cc:1519] AIC::InputController => (delay reporter uses ChromeWideAEC as AEC type) [id=3AFF56E3C97F788DD554DCE309ABAAEF]
[33744:0829/100727.018:VERBOSE1:content\browser\renderer_host\media\media_stream_manager.cc:1519] AIC::MaybeSetUpAudioProcessing({processing_config=[aec: yes, ns: yes, gain control: yes, multichannel capture processing: no, loopback aec: no]}, {processing_output_params=[format: FAKE, channel_layout: 2, channels: 1, sample_rate: 48000, frames_per_buffer: 480, effects: NONE, mic_positions: , latency_tag: LatencyUnknown]}, {device_params=[format: PCM_LOW_LATENCY, channel_layout: 3, channels: 2, sample_rate: 48000, frames_per_buffer: 480, effects: NONE, mic_positions: , latency_tag: LatencyUnknown, hw_capabilities: min_frames_per_buffer: 480, max_frames_per_buffer: 480, bitstream_formats:0, require_encapsulation:0, require_audio_offload:0]}) [id=3AFF56E3C97F788DD554DCE309ABAAEF]
[33744:0829/100727.018:VERBOSE1:content\browser\renderer_host\media\media_stream_manager.cc:1519] AIC::MaybeSetUpAudioProcessing => (needs WebRTC audio processing: true) [id=3AFF56E3C97F788DD554DCE309ABAAEF]
[33744:0829/100727.018:VERBOSE1:content\browser\renderer_host\media\media_stream_manager.cc:1519] AudioProcessor::Create({multi_channel_capture_processing=false, neural_residual_echo_estimator_present=false}) [id=3AFF56E3C97F788DD554DCE309ABAAEF]
[33744:0829/100727.018:VERBOSE1:content\browser\renderer_host\media\media_stream_manager.cc:1519] MSAP::AudioProcessor({input_format_=[format: FAKE, channel_layout: 3, channels: 2, sample_rate: 48000, frames_per_buffer: 480, effects: NONE, mic_positions: , latency_tag: LatencyUnknown], output_format_=[format: FAKE, channel_layout: 2, channels: 1, sample_rate: 48000, frames_per_buffer: 480, effects: NONE, mic_positions: , latency_tag: LatencyUnknown], added_aec_delay=[0]}) [this=0xFB4000DDA40] [id=3AFF56E3C97F788DD554DCE309ABAAEF]
[33744:0829/100727.018:VERBOSE1:content\browser\renderer_host\media\media_stream_manager.cc:1519] MSAP::AudioProcessor => (capture FIFO: fifo_output_frames_per_buffer=480) [this=0xFB4000DDA40] [id=3AFF56E3C97F788DD554DCE309ABAAEF]
[33744:0829/100727.018:VERBOSE1:content\browser\renderer_host\media\media_stream_manager.cc:1519] AIC::MaybeSetUpAudioProcessing => (echo cancellation is: enabled) [id=3AFF56E3C97F788DD554DCE309ABAAEF]
[33744:0829/100727.018:VERBOSE1:content\browser\renderer_host\media\media_stream_manager.cc:1519] AIC::DoCreate({device_name=Default - Unknown}) [id=3AFF56E3C97F788DD554DCE309ABAAEF]
[33744:0829/100727.018:VERBOSE1:content\browser\renderer_host\media\media_stream_manager.cc:1519] AMB::MakeAudioInputStream({device_id=default}, {params=[format: FAKE, channel_layout: 3, channels: 2, sample_rate: 48000, frames_per_buffer: 480, effects: NONE, mic_positions: , latency_tag: LatencyUnknown]}) [id=3AFF56E3C97F788DD554DCE309ABAAEF]
[33744:0829/100727.018:VERBOSE1:content\browser\renderer_host\media\media_stream_manager.cc:1519] AMB::MakeAudioInputStream => (number of streams=1) [id=3AFF56E3C97F788DD554DCE309ABAAEF]
[33744:0829/100727.018:VERBOSE1:content\browser\renderer_host\media\media_stream_manager.cc:1519] AIC::DoCreate => (power_measurement_is_enabled=0) [id=3AFF56E3C97F788DD554DCE309ABAAEF]
[33744:0829/100727.018:VERBOSE1:content\browser\renderer_host\media\media_stream_manager.cc:1519] audio::IS::OnCreated({muted=false}) [id=3AFF56E3C97F788DD554DCE309ABAAEF]
[33744:0829/100727.018:VERBOSE1:content\browser\renderer_host\media\media_stream_manager.cc:1519] audio::IS::OnCreated({muted=false}) => (completed, duration=0 ms) [id=3AFF56E3C97F788DD554DCE309ABAAEF]
[33744:0829/100727.018:VERBOSE1:content\browser\renderer_host\media\media_stream_manager.cc:1519] audio::IS::Create => (duration=5 ms) [id=3AFF56E3C97F788DD554DCE309ABAAEF]
[33744:0829/100727.020:VERBOSE1:content\browser\renderer_host\media\media_stream_manager.cc:1519] MDM::HandleEnumerateDevicesRequest({request_id=5}, {render_process_id=6}, {render_frame_id=1}, {audio_input=true}, {video_input=true}, {audio_output=true}, {request_audio_capabilities=true}, {request_video_capabilities=true})
[33744:0829/100727.020:VERBOSE1:content\browser\renderer_host\media\media_stream_manager.cc:1519] MDM::CheckPermissionsForEnumerateDevices({request_id=5})
[33744:0829/100727.020:VERBOSE1:content\browser\renderer_host\media\media_stream_manager.cc:1519] MDM::OnPermissionsCheckDone({request_id=5}, {has_audio_permission=true}, {has_video_permission=true})
[33744:0829/100727.020:VERBOSE1:content\browser\renderer_host\media\media_stream_manager.cc:1519] MDM::EnumerateAndRankDevices({request_id=5})
[33744:0829/100727.020:VERBOSE1:content\browser\renderer_host\media\media_stream_manager.cc:1519] MDM::EnumerateDevices({request_id=5})
[33744:0829/100727.020:VERBOSE1:content\browser\renderer_host\media\media_stream_manager.cc:1519] MDM::OnDevicesEnumeratedAndRanked({request_id=5}, {has_audio_permission=true}, {has_video_permission=true})
[33744:0829/100727.020:VERBOSE1:content\browser\renderer_host\media\media_stream_manager.cc:1519] MDM::GotAudioInputCapabilities({request_id=5}, {label=[Fake Default Audio Input]}, {is_valid=true}, {sample_rate=44100}, {channels=2}, {latency_ms=10})
[33744:0829/100727.020:VERBOSE1:content\browser\renderer_host\media\media_stream_manager.cc:1519] MDM::GotAudioInputCapabilities({request_id=5}, {label=[Fake Audio Input 1]}, {is_valid=true}, {sample_rate=44100}, {channels=2}, {latency_ms=10})
[33744:0829/100727.020:VERBOSE1:content\browser\renderer_host\media\media_stream_manager.cc:1519] MDM::GotAudioInputCapabilities({request_id=5}, {label=[Fake Audio Input 2]}, {is_valid=true}, {sample_rate=44100}, {channels=2}, {latency_ms=10})
[33744:0829/100727.020:VERBOSE1:content\browser\renderer_host\media\media_stream_manager.cc:1519] MDM::FinalizeDevicesEnumerated({request_id=5}, {audio_count=3}, {video_count=1})
[33744:0829/100727.020:VERBOSE1:content\browser\renderer_host\media\media_stream_manager.cc:1519] RFAOSF::RequestDeviceAuthorization({device_id=}) [process_id=6, frame_id=1]
[33744:0829/100727.020:VERBOSE1:content\browser\renderer_host\media\media_stream_manager.cc:1519] SF::CreateInputStream(device_id=default, params=[format: FAKE, channel_layout: 2, channels: 1, sample_rate: 48000, frames_per_buffer: 480, effects: NONE, mic_positions: , latency_tag: LatencyUnknown])
[33744:0829/100727.020:VERBOSE1:content\browser\renderer_host\media\media_stream_manager.cc:1519] SF::GetNewReferenceSignalProvider()
[33744:0829/100727.020:VERBOSE1:content\browser\renderer_host\media\media_stream_manager.cc:1519] SF::GetNewReferenceSignalProvider: using OutputDeviceMixerManager
[33744:0829/100727.020:VERBOSE1:content\browser\renderer_host\media\media_stream_manager.cc:1519] AISW::InputSyncWriter({shared_memory_segment_count=10}, {params=format: FAKE, channel_layout: 2, channels: 1, sample_rate: 48000, frames_per_buffer: 480, effects: NONE, mic_positions: , latency_tag: LatencyUnknown}) [id=11C96BCF495433ABBEF249C6FBF24BFE]
[33744:0829/100727.020:VERBOSE1:content\browser\renderer_host\media\media_stream_manager.cc:1519] AISW::InputSyncWriter => (shared_memory_segment_size=[1968], audio_bus_memory_size=[1920]) [id=11C96BCF495433ABBEF249C6FBF24BFE]
[33744:0829/100727.020:VERBOSE1:content\browser\renderer_host\media\media_stream_manager.cc:1519] audio::IS::Ctor({device_id=default}, {params=[format: FAKE, channel_layout: 2, channels: 1, sample_rate: 48000, frames_per_buffer: 480, effects: NONE, mic_positions: , latency_tag: LatencyUnknown]}, {enable_agc=1}) [id=1E0BDE1A04D43DAF14499FE31E659D38]
[33744:0829/100727.022:VERBOSE1:content\browser\renderer_host\media\media_stream_manager.cc:1519] AIC::InputController => (delay reporter uses ChromeWideAEC as AEC type) [id=1E0BDE1A04D43DAF14499FE31E659D38]
[33744:0829/100727.022:VERBOSE1:content\browser\renderer_host\media\media_stream_manager.cc:1519] AIC::MaybeSetUpAudioProcessing({processing_config=[aec: yes, ns: yes, gain control: yes, multichannel capture processing: no, loopback aec: no]}, {processing_output_params=[format: FAKE, channel_layout: 2, channels: 1, sample_rate: 48000, frames_per_buffer: 480, effects: NONE, mic_positions: , latency_tag: LatencyUnknown]}, {device_params=[format: PCM_LOW_LATENCY, channel_layout: 3, channels: 2, sample_rate: 48000, frames_per_buffer: 480, effects: NONE, mic_positions: , latency_tag: LatencyUnknown, hw_capabilities: min_frames_per_buffer: 480, max_frames_per_buffer: 480, bitstream_formats:0, require_encapsulation:0, require_audio_offload:0]}) [id=1E0BDE1A04D43DAF14499FE31E659D38]
[33744:0829/100727.022:VERBOSE1:content\browser\renderer_host\media\media_stream_manager.cc:1519] AIC::MaybeSetUpAudioProcessing => (needs WebRTC audio processing: true) [id=1E0BDE1A04D43DAF14499FE31E659D38]
[33744:0829/100727.022:VERBOSE1:content\browser\renderer_host\media\media_stream_manager.cc:1519] AudioProcessor::Create({multi_channel_capture_processing=false, neural_residual_echo_estimator_present=false}) [id=1E0BDE1A04D43DAF14499FE31E659D38]
[33744:0829/100727.022:VERBOSE1:content\browser\renderer_host\media\media_stream_manager.cc:1519] MDM::HandleEnumerateDevicesRequest({request_id=6}, {render_process_id=7}, {render_frame_id=1}, {audio_input=true}, {video_input=true}, {audio_output=true}, {request_audio_capabilities=true}, {request_video_capabilities=true})
[33744:0829/100727.022:VERBOSE1:content\browser\renderer_host\media\media_stream_manager.cc:1519] MDM::CheckPermissionsForEnumerateDevices({request_id=6})
[33744:0829/100727.022:VERBOSE1:content\browser\renderer_host\media\media_stream_manager.cc:1519] MDM::OnPermissionsCheckDone({request_id=6}, {has_audio_permission=true}, {has_video_permission=true})
[33744:0829/100727.022:VERBOSE1:content\browser\renderer_host\media\media_stream_manager.cc:1519] MDM::EnumerateAndRankDevices({request_id=6})
[33744:0829/100727.022:VERBOSE1:content\browser\renderer_host\media\media_stream_manager.cc:1519] MDM::EnumerateDevices({request_id=6})
[33744:0829/100727.022:VERBOSE1:content\browser\renderer_host\media\media_stream_manager.cc:1519] MDM::OnDevicesEnumeratedAndRanked({request_id=6}, {has_audio_permission=true}, {has_video_permission=true})
[33744:0829/100727.022:VERBOSE1:content\browser\renderer_host\media\media_stream_manager.cc:1519] MDM::GotAudioInputCapabilities({request_id=6}, {label=[Fake Default Audio Input]}, {is_valid=true}, {sample_rate=44100}, {channels=2}, {latency_ms=10})
[33744:0829/100727.022:VERBOSE1:content\browser\renderer_host\media\media_stream_manager.cc:1519] MDM::GotAudioInputCapabilities({request_id=6}, {label=[Fake Audio Input 1]}, {is_valid=true}, {sample_rate=44100}, {channels=2}, {latency_ms=10})
[33744:0829/100727.022:VERBOSE1:content\browser\renderer_host\media\media_stream_manager.cc:1519] MDM::GotAudioInputCapabilities({request_id=6}, {label=[Fake Audio Input 2]}, {is_valid=true}, {sample_rate=44100}, {channels=2}, {latency_ms=10})
[33744:0829/100727.022:VERBOSE1:content\browser\renderer_host\media\media_stream_manager.cc:1519] MDM::FinalizeDevicesEnumerated({request_id=6}, {audio_count=3}, {video_count=1})
[33744:0829/100727.023:VERBOSE1:content\browser\renderer_host\media\media_stream_manager.cc:1519] RFAOSF::RequestDeviceAuthorization({device_id=}) [process_id=7, frame_id=1]
[33744:0829/100727.026:VERBOSE1:content\browser\renderer_host\media\media_stream_manager.cc:1519] RFAOSF::AuthorizationCompleted({status=OK}, {params=format: PCM_LOW_LATENCY, channel_layout: 14, channels: 8, sample_rate: 96000, frames_per_buffer: 960, effects: NONE, mic_positions: , latency_tag: LatencyUnknown, hw_capabilities: min_frames_per_buffer: 192, max_frames_per_buffer: 960, bitstream_formats:0, require_encapsulation:0, require_audio_offload:0}, {device_id=default}) [process_id=6, frame_id=1]
[33744:0829/100727.026:VERBOSE1:content\browser\renderer_host\media\media_stream_manager.cc:1519] RFAOSF::AuthorizationCompleted => (authorization time=5 ms) [process_id=6, frame_id=1]
[33744:0829/100727.026:VERBOSE1:content\browser\renderer_host\media\media_stream_manager.cc:1519] MSAP::AudioProcessor({input_format_=[format: FAKE, channel_layout: 3, channels: 2, sample_rate: 48000, frames_per_buffer: 480, effects: NONE, mic_positions: , latency_tag: LatencyUnknown], output_format_=[format: FAKE, channel_layout: 2, channels: 1, sample_rate: 48000, frames_per_buffer: 480, effects: NONE, mic_positions: , latency_tag: LatencyUnknown], added_aec_delay=[0]}) [this=0xFB4000DDDC0] [id=1E0BDE1A04D43DAF14499FE31E659D38]
[33744:0829/100727.026:VERBOSE1:content\browser\renderer_host\media\media_stream_manager.cc:1519] MSAP::AudioProcessor => (capture FIFO: fifo_output_frames_per_buffer=480) [this=0xFB4000DDDC0] [id=1E0BDE1A04D43DAF14499FE31E659D38]
[33744:0829/100727.026:VERBOSE1:content\browser\renderer_host\media\media_stream_manager.cc:1519] AIC::MaybeSetUpAudioProcessing => (echo cancellation is: enabled) [id=1E0BDE1A04D43DAF14499FE31E659D38]
[33744:0829/100727.026:VERBOSE1:content\browser\renderer_host\media\media_stream_manager.cc:1519] AIC::DoCreate({device_name=Default - Unknown}) [id=1E0BDE1A04D43DAF14499FE31E659D38]
[33744:0829/100727.026:VERBOSE1:content\browser\renderer_host\media\media_stream_manager.cc:1519] AMB::MakeAudioInputStream({device_id=default}, {params=[format: FAKE, channel_layout: 3, channels: 2, sample_rate: 48000, frames_per_buffer: 480, effects: NONE, mic_positions: , latency_tag: LatencyUnknown]}) [id=1E0BDE1A04D43DAF14499FE31E659D38]
[33744:0829/100727.026:VERBOSE1:content\browser\renderer_host\media\media_stream_manager.cc:1519] AMB::MakeAudioInputStream => (number of streams=2) [id=1E0BDE1A04D43DAF14499FE31E659D38]
[33744:0829/100727.026:VERBOSE1:content\browser\renderer_host\media\media_stream_manager.cc:1519] AIC::DoCreate => (power_measurement_is_enabled=0) [id=1E0BDE1A04D43DAF14499FE31E659D38]
[33744:0829/100727.026:VERBOSE1:content\browser\renderer_host\media\media_stream_manager.cc:1519] audio::IS::OnCreated({muted=false}) [id=1E0BDE1A04D43DAF14499FE31E659D38]
[33744:0829/100727.026:VERBOSE1:content\browser\renderer_host\media\media_stream_manager.cc:1519] audio::IS::OnCreated({muted=false}) => (completed, duration=0 ms) [id=1E0BDE1A04D43DAF14499FE31E659D38]
[33744:0829/100727.026:VERBOSE1:content\browser\renderer_host\media\media_stream_manager.cc:1519] audio::IS::Create => (duration=2 ms) [id=1E0BDE1A04D43DAF14499FE31E659D38]
[33744:0829/100727.026:VERBOSE1:content\browser\renderer_host\media\media_stream_manager.cc:1519] audio::IS::Record() [id=3AFF56E3C97F788DD554DCE309ABAAEF]
[33744:0829/100727.026:VERBOSE1:content\browser\renderer_host\media\media_stream_manager.cc:1519] AIC::Record [id=3AFF56E3C97F788DD554DCE309ABAAEF]
[33744:0829/100727.026:VERBOSE1:content\browser\renderer_host\media\media_stream_manager.cc:1519] OutputTapper: listening to output device:  [id=3AFF56E3C97F788DD554DCE309ABAAEF]
[33744:0829/100727.026:VERBOSE1:content\browser\renderer_host\media\media_stream_manager.cc:1519] audio::IS::Record() => (duration=0 ms) [id=3AFF56E3C97F788DD554DCE309ABAAEF]
[33744:0829/100727.026:VERBOSE1:content\browser\renderer_host\media\media_stream_manager.cc:1519] audio::IS::SetOutputDeviceForAec({output_device_id=}) [id=3AFF56E3C97F788DD554DCE309ABAAEF]
[33744:0829/100727.026:VERBOSE1:content\browser\renderer_host\media\media_stream_manager.cc:1519] AISW::CheckTimeSinceLastWrite => (audio input data received for the first time: delay=9 ms) [id=9170CF26AFE184638310F97E351DDD5D]
[33744:0829/100727.026:VERBOSE1:content\browser\renderer_host\media\media_stream_manager.cc:1519] RFAOSF::RequestDeviceAuthorization({device_id=}) [process_id=6, frame_id=1]
[33744:0829/100727.030:VERBOSE1:content\browser\renderer_host\media\media_stream_manager.cc:1519] RFAOSF::AuthorizationCompleted({status=OK}, {params=format: PCM_LOW_LATENCY, channel_layout: 14, channels: 8, sample_rate: 96000, frames_per_buffer: 960, effects: NONE, mic_positions: , latency_tag: LatencyUnknown, hw_capabilities: min_frames_per_buffer: 192, max_frames_per_buffer: 960, bitstream_formats:0, require_encapsulation:0, require_audio_offload:0}, {device_id=default}) [process_id=7, frame_id=1]
[33744:0829/100727.030:VERBOSE1:content\browser\renderer_host\media\media_stream_manager.cc:1519] RFAOSF::AuthorizationCompleted => (authorization time=6 ms) [process_id=7, frame_id=1]
[33744:0829/100727.030:VERBOSE1:content\browser\renderer_host\media\media_stream_manager.cc:1519] audio::IS::Record() [id=1E0BDE1A04D43DAF14499FE31E659D38]
[33744:0829/100727.030:VERBOSE1:content\browser\renderer_host\media\media_stream_manager.cc:1519] AIC::Record [id=1E0BDE1A04D43DAF14499FE31E659D38]
[33744:0829/100727.030:VERBOSE1:content\browser\renderer_host\media\media_stream_manager.cc:1519] OutputTapper: listening to output device:  [id=1E0BDE1A04D43DAF14499FE31E659D38]
[33744:0829/100727.030:VERBOSE1:content\browser\renderer_host\media\media_stream_manager.cc:1519] audio::IS::Record() => (duration=0 ms) [id=1E0BDE1A04D43DAF14499FE31E659D38]
[33744:0829/100727.030:VERBOSE1:content\browser\renderer_host\media\media_stream_manager.cc:1519] AIC::ReportIsAlive => (stream is alive) [id=3AFF56E3C97F788DD554DCE309ABAAEF]
[33744:0829/100727.030:VERBOSE1:content\browser\renderer_host\media\media_stream_manager.cc:1519] audio::IS::SetOutputDeviceForAec({output_device_id=}) [id=1E0BDE1A04D43DAF14499FE31E659D38]
[33744:0829/100727.030:VERBOSE1:content\browser\renderer_host\media\media_stream_manager.cc:1519] AISW::CheckTimeSinceLastWrite => (audio input data received for the first time: delay=8 ms) [id=11C96BCF495433ABBEF249C6FBF24BFE]
[33744:0829/100727.030:VERBOSE1:content\browser\renderer_host\media\media_stream_manager.cc:1519] RFAOSF::RequestDeviceAuthorization({device_id=}) [process_id=7, frame_id=1]
[33744:0829/100727.035:VERBOSE1:content\browser\renderer_host\media\media_stream_manager.cc:1519] RFAOSF::AuthorizationCompleted({status=OK}, {params=format: PCM_LOW_LATENCY, channel_layout: 14, channels: 8, sample_rate: 96000, frames_per_buffer: 960, effects: NONE, mic_positions: , latency_tag: LatencyUnknown, hw_capabilities: min_frames_per_buffer: 192, max_frames_per_buffer: 960, bitstream_formats:0, require_encapsulation:0, require_audio_offload:0}, {device_id=default}) [process_id=6, frame_id=1]
[33744:0829/100727.035:VERBOSE1:content\browser\renderer_host\media\media_stream_manager.cc:1519] RFAOSF::AuthorizationCompleted => (authorization time=7 ms) [process_id=6, frame_id=1]
[33744:0829/100727.035:VERBOSE1:content\browser\renderer_host\media\media_stream_manager.cc:1519] AIC::ReportIsAlive => (stream is alive) [id=1E0BDE1A04D43DAF14499FE31E659D38]
[33744:0829/100727.038:VERBOSE1:content\browser\renderer_host\media\media_stream_manager.cc:1519] RFAOSF::AuthorizationCompleted({status=OK}, {params=format: PCM_LOW_LATENCY, channel_layout: 14, channels: 8, sample_rate: 96000, frames_per_buffer: 960, effects: NONE, mic_positions: , latency_tag: LatencyUnknown, hw_capabilities: min_frames_per_buffer: 192, max_frames_per_buffer: 960, bitstream_formats:0, require_encapsulation:0, require_audio_offload:0}, {device_id=default}) [process_id=7, frame_id=1]
[33744:0829/100727.038:VERBOSE1:content\browser\renderer_host\media\media_stream_manager.cc:1519] RFAOSF::AuthorizationCompleted => (authorization time=7 ms) [process_id=7, frame_id=1]
[33744:0829/100727.042:VERBOSE1:content\browser\renderer_host\media\media_stream_manager.cc:1519] AMB::MakeAudioOutputStream({device_id={0.0.0.00000000}.{e1abc020-acae-4cca-a51a-4dd20c0ea987}}, {params=[format: PCM_LOW_LATENCY, channel_layout: 14, channels: 8, sample_rate: 96000, frames_per_buffer: 960, effects: NONE, mic_positions: , latency_tag: LatencyUnknown, hw_capabilities: min_frames_per_buffer: 192, max_frames_per_buffer: 960, bitstream_formats:0, require_encapsulation:0, require_audio_offload:0]})
[33744:0829/100727.042:VERBOSE1:content\browser\renderer_host\media\media_stream_manager.cc:1519] WAOS[id=00919B86D34A2BE23312A2D336161056]: WASAPIAudioOutputStream({device_name=Unknown}, {params=[format: PCM_LOW_LATENCY, channel_layout: 14, channels: 8, sample_rate: 96000, frames_per_buffer: 960, effects: NONE, mic_positions: , latency_tag: LatencyUnknown, hw_capabilities: min_frames_per_buffer: 192, max_frames_per_buffer: 960, bitstream_formats:0, require_encapsulation:0, require_audio_offload:0]}, {role=Console})
[33744:0829/100727.042:VERBOSE1:content\browser\renderer_host\media\media_stream_manager.cc:1519] AMB::MakeAudioOutputStream => (number of streams=1)
[33744:0829/100727.042:VERBOSE1:content\browser\renderer_host\media\media_stream_manager.cc:1519] WAOS[id=00919B86D34A2BE23312A2D336161056]: Open([opened=false])
[33744:0829/100727.044:VERBOSE1:content\browser\renderer_host\media\media_stream_manager.cc:1519] WAOS[id=00919B86D34A2BE23312A2D336161056]: SetupWaveFormat => (audio engine format=[wFormatTag: WAVE_FORMAT_EXTENSIBLE (0xFFFE), nChannels: 8, nSamplesPerSec: 96000, nAvgBytesPerSec: 3072000, nBlockAlign: 32, wBitsPerSample: 32, cbSize: 22 [+] wValidBitsPerSample: 32, dwChannelMask: FRONT_LEFT | FRONT_RIGHT | FRONT_CENTER | LOW_FREQUENCY | BACK_LEFT | BACK_RIGHT | SIDE_LEFT | SIDE_RIGHT (8/8), SubFormat: KSDATAFORMAT_SUBTYPE_IEEE_FLOAT])
[33744:0829/100727.044:VERBOSE1:content\browser\renderer_host\media\media_stream_manager.cc:1519] WAOS[id=00919B86D34A2BE23312A2D336161056]: SetupWaveFormat => (packet size=[30720 bytes/960 audio frames/10.000 ms])
[33744:0829/100727.049:VERBOSE1:content\browser\renderer_host\media\media_stream_manager.cc:1519] WAOS[id=00919B86D34A2BE23312A2D336161056]: Open => (preferred_frames_per_buffer=[960 audio frames])
[33744:0829/100727.051:VERBOSE1:content\browser\renderer_host\media\media_stream_manager.cc:1519] audio::OS::Ctor({audio_manager_name=Windows}, {device_id=default}, {params=[format: PCM_LOW_LATENCY, channel_layout: 3, channels: 2, sample_rate: 96000, frames_per_buffer: 960, effects: NONE, mic_positions: , latency_tag: LatencyInteractive]}) [id=E73A45E11A5EA60828E6017C8DD360D0] [controller_id=3A4DEBF65D9D11DCC54D9931A7F43D7C]
[33744:0829/100727.051:VERBOSE1:content\browser\renderer_host\media\media_stream_manager.cc:1519] AOC::CreateStream([state=empty]) [id=3A4DEBF65D9D11DCC54D9931A7F43D7C]
[33744:0829/100727.051:VERBOSE1:content\browser\renderer_host\media\media_stream_manager.cc:1519] AOC::RecreateStream({reason=INITIAL_STREAM}, {device_name=Default - Unknown}, {params=[format: PCM_LOW_LATENCY, channel_layout: 3, channels: 2, sample_rate: 96000, frames_per_buffer: 960, effects: NONE, mic_positions: , latency_tag: LatencyInteractive]}, [state=empty]) [id=3A4DEBF65D9D11DCC54D9931A7F43D7C]
[33744:0829/100727.051:VERBOSE1:content\browser\renderer_host\media\media_stream_manager.cc:1519] AOC::CreateStream => (state=created) [id=3A4DEBF65D9D11DCC54D9931A7F43D7C]
[33744:0829/100727.051:VERBOSE1:content\browser\renderer_host\media\media_stream_manager.cc:1519] audio::OS::CreateAudioPipe() [id=E73A45E11A5EA60828E6017C8DD360D0] [controller_id=3A4DEBF65D9D11DCC54D9931A7F43D7C]
[33744:0829/100727.051:VERBOSE1:content\browser\renderer_host\media\media_stream_manager.cc:1519] audio::OS::CreateAudioPipe() => (duration=0 ms) [id=E73A45E11A5EA60828E6017C8DD360D0] [controller_id=3A4DEBF65D9D11DCC54D9931A7F43D7C]
[33744:0829/100727.051:VERBOSE1:content\browser\renderer_host\media\media_stream_manager.cc:1519] audio::OS::Create => (duration=12 ms) [id=E73A45E11A5EA60828E6017C8DD360D0] [controller_id=3A4DEBF65D9D11DCC54D9931A7F43D7C]
[33744:0829/100727.051:VERBOSE1:content\browser\renderer_host\media\media_stream_manager.cc:1519] audio::OS::Ctor({audio_manager_name=Windows}, {device_id=default}, {params=[format: PCM_LOW_LATENCY, channel_layout: 3, channels: 2, sample_rate: 96000, frames_per_buffer: 960, effects: NONE, mic_positions: , latency_tag: LatencyInteractive]}) [id=2528F9B14A3532E8F9D7B79946481E35] [controller_id=1BAFCBF94BD236BE887B170F4A7D666A]
[33744:0829/100727.051:VERBOSE1:content\browser\renderer_host\media\media_stream_manager.cc:1519] AOC::CreateStream([state=empty]) [id=1BAFCBF94BD236BE887B170F4A7D666A]
[33744:0829/100727.051:VERBOSE1:content\browser\renderer_host\media\media_stream_manager.cc:1519] AOC::RecreateStream({reason=INITIAL_STREAM}, {device_name=Default - Unknown}, {params=[format: PCM_LOW_LATENCY, channel_layout: 3, channels: 2, sample_rate: 96000, frames_per_buffer: 960, effects: NONE, mic_positions: , latency_tag: LatencyInteractive]}, [state=empty]) [id=1BAFCBF94BD236BE887B170F4A7D666A]
[33744:0829/100727.051:VERBOSE1:content\browser\renderer_host\media\media_stream_manager.cc:1519] AOC::CreateStream => (state=created) [id=1BAFCBF94BD236BE887B170F4A7D666A]
[33744:0829/100727.051:VERBOSE1:content\browser\renderer_host\media\media_stream_manager.cc:1519] audio::OS::CreateAudioPipe() [id=2528F9B14A3532E8F9D7B79946481E35] [controller_id=1BAFCBF94BD236BE887B170F4A7D666A]
[33744:0829/100727.051:VERBOSE1:content\browser\renderer_host\media\media_stream_manager.cc:1519] audio::OS::CreateAudioPipe() => (duration=0 ms) [id=2528F9B14A3532E8F9D7B79946481E35] [controller_id=1BAFCBF94BD236BE887B170F4A7D666A]
[33744:0829/100727.051:VERBOSE1:content\browser\renderer_host\media\media_stream_manager.cc:1519] audio::OS::Create => (duration=0 ms) [id=2528F9B14A3532E8F9D7B79946481E35] [controller_id=1BAFCBF94BD236BE887B170F4A7D666A]
[33744:0829/100727.051:VERBOSE1:content\browser\renderer_host\media\media_stream_manager.cc:1519] WAOS[id=00919B86D34A2BE23312A2D336161056]: SetVolume({volume=1.00})
[33744:0829/100727.051:VERBOSE1:content\browser\renderer_host\media\media_stream_manager.cc:1519] WAOS[id=00919B86D34A2BE23312A2D336161056]: Start([opened=true, started=false])
[33744:0829/100727.051:VERBOSE1:content\browser\renderer_host\media\media_stream_manager.cc:1519] audio::OS::Play() [id=E73A45E11A5EA60828E6017C8DD360D0] [controller_id=3A4DEBF65D9D11DCC54D9931A7F43D7C]
[33744:0829/100727.051:VERBOSE1:content\browser\renderer_host\media\media_stream_manager.cc:1519] AOC::Play([state=created]) [id=3A4DEBF65D9D11DCC54D9931A7F43D7C]
[33744:0829/100727.051:VERBOSE1:content\browser\renderer_host\media\media_stream_manager.cc:1519] AOC::StartStream => (state=playing) [id=3A4DEBF65D9D11DCC54D9931A7F43D7C]
[33744:0829/100727.051:VERBOSE1:content\browser\renderer_host\media\media_stream_manager.cc:1519] audio::OS::Play() => (duration=0 ms) [id=E73A45E11A5EA60828E6017C8DD360D0] [controller_id=3A4DEBF65D9D11DCC54D9931A7F43D7C]
[33744:0829/100727.051:VERBOSE1:content\browser\renderer_host\media\media_stream_manager.cc:1519] audio::OS::Play() [id=2528F9B14A3532E8F9D7B79946481E35] [controller_id=1BAFCBF94BD236BE887B170F4A7D666A]
[33744:0829/100727.051:VERBOSE1:content\browser\renderer_host\media\media_stream_manager.cc:1519] AOC::Play([state=created]) [id=1BAFCBF94BD236BE887B170F4A7D666A]
[33744:0829/100727.051:VERBOSE1:content\browser\renderer_host\media\media_stream_manager.cc:1519] AOC::StartStream => (state=playing) [id=1BAFCBF94BD236BE887B170F4A7D666A]
[33744:0829/100727.051:VERBOSE1:content\browser\renderer_host\media\media_stream_manager.cc:1519] audio::OS::Play() => (duration=0 ms) [id=2528F9B14A3532E8F9D7B79946481E35] [controller_id=1BAFCBF94BD236BE887B170F4A7D666A]
[33744:0829/100727.094:VERBOSE1:content\browser\renderer_host\media\media_stream_manager.cc:1519] RFAOSF::RequestDeviceAuthorization({device_id=}) [process_id=6, frame_id=1]
[33744:0829/100727.094:VERBOSE1:content\browser\renderer_host\media\media_stream_manager.cc:1519] AOC::Close([state=playing]) [id=3A4DEBF65D9D11DCC54D9931A7F43D7C]
[33744:0829/100727.094:VERBOSE1:content\browser\renderer_host\media\media_stream_manager.cc:1519] AOC::StopStream => (duration=0 sec) [id=3A4DEBF65D9D11DCC54D9931A7F43D7C]
[33744:0829/100727.094:VERBOSE1:content\browser\renderer_host\media\media_stream_manager.cc:1519] AOC::StopStream => (glitches=[duration (ms): 0, count: 0], glitch_percentage=0.000%) [id=3A4DEBF65D9D11DCC54D9931A7F43D7C]
[33744:0829/100727.094:VERBOSE1:content\browser\renderer_host\media\media_stream_manager.cc:1519] AOC::StopStream => (error_during_callback=false) [id=3A4DEBF65D9D11DCC54D9931A7F43D7C]
[33744:0829/100727.094:VERBOSE1:content\browser\renderer_host\media\media_stream_manager.cc:1519] AOC::StopStream => (average audio level=-inf dBFS) [id=3A4DEBF65D9D11DCC54D9931A7F43D7C]
[33744:0829/100727.094:VERBOSE1:content\browser\renderer_host\media\media_stream_manager.cc:1519] AOC::Close => (state=closed) [id=3A4DEBF65D9D11DCC54D9931A7F43D7C]
[33744:0829/100727.094:VERBOSE1:content\browser\renderer_host\media\media_stream_manager.cc:1519] audio::OS::Dtor => (completed, duration=0 ms) [id=E73A45E11A5EA60828E6017C8DD360D0] [controller_id=3A4DEBF65D9D11DCC54D9931A7F43D7C]
[33744:0829/100727.094:VERBOSE1:content\browser\renderer_host\media\media_stream_manager.cc:1519] ASR: number of detected audio glitches: 0 out of 4
[33744:0829/100727.097:VERBOSE1:content\browser\renderer_host\media\media_stream_manager.cc:1519] RFAOSF::AuthorizationCompleted({status=OK}, {params=format: PCM_LOW_LATENCY, channel_layout: 14, channels: 8, sample_rate: 96000, frames_per_buffer: 960, effects: NONE, mic_positions: , latency_tag: LatencyUnknown, hw_capabilities: min_frames_per_buffer: 192, max_frames_per_buffer: 960, bitstream_formats:0, require_encapsulation:0, require_audio_offload:0}, {device_id=default}) [process_id=6, frame_id=1]
[33744:0829/100727.097:VERBOSE1:content\browser\renderer_host\media\media_stream_manager.cc:1519] RFAOSF::AuthorizationCompleted => (authorization time=4 ms) [process_id=6, frame_id=1]
[33744:0829/100727.099:VERBOSE1:content\browser\renderer_host\media\media_stream_manager.cc:1519] audio::OS::Ctor({audio_manager_name=Windows}, {device_id=default}, {params=[format: PCM_LOW_LATENCY, channel_layout: 3, channels: 2, sample_rate: 96000, frames_per_buffer: 960, effects: NONE, mic_positions: , latency_tag: LatencyInteractive]}) [id=6F65EAA9B25DC1906ECA02D223BB2DDB] [controller_id=1136D7BDE7AEA5399968351440030A9B]
[33744:0829/100727.099:VERBOSE1:content\browser\renderer_host\media\media_stream_manager.cc:1519] AOC::CreateStream([state=empty]) [id=1136D7BDE7AEA5399968351440030A9B]
[33744:0829/100727.099:VERBOSE1:content\browser\renderer_host\media\media_stream_manager.cc:1519] AOC::RecreateStream({reason=INITIAL_STREAM}, {device_name=Default - Unknown}, {params=[format: PCM_LOW_LATENCY, channel_layout: 3, channels: 2, sample_rate: 96000, frames_per_buffer: 960, effects: NONE, mic_positions: , latency_tag: LatencyInteractive]}, [state=empty]) [id=1136D7BDE7AEA5399968351440030A9B]
[33744:0829/100727.099:VERBOSE1:content\browser\renderer_host\media\media_stream_manager.cc:1519] AOC::CreateStream => (state=created) [id=1136D7BDE7AEA5399968351440030A9B]
[33744:0829/100727.099:VERBOSE1:content\browser\renderer_host\media\media_stream_manager.cc:1519] audio::OS::CreateAudioPipe() [id=6F65EAA9B25DC1906ECA02D223BB2DDB] [controller_id=1136D7BDE7AEA5399968351440030A9B]
[33744:0829/100727.099:VERBOSE1:content\browser\renderer_host\media\media_stream_manager.cc:1519] audio::OS::CreateAudioPipe() => (duration=0 ms) [id=6F65EAA9B25DC1906ECA02D223BB2DDB] [controller_id=1136D7BDE7AEA5399968351440030A9B]
[33744:0829/100727.099:VERBOSE1:content\browser\renderer_host\media\media_stream_manager.cc:1519] audio::OS::Create => (duration=0 ms) [id=6F65EAA9B25DC1906ECA02D223BB2DDB] [controller_id=1136D7BDE7AEA5399968351440030A9B]
[33744:0829/100727.099:VERBOSE1:content\browser\renderer_host\media\media_stream_manager.cc:1519] audio::OS::Play() [id=6F65EAA9B25DC1906ECA02D223BB2DDB] [controller_id=1136D7BDE7AEA5399968351440030A9B]
[33744:0829/100727.099:VERBOSE1:content\browser\renderer_host\media\media_stream_manager.cc:1519] AOC::Play([state=created]) [id=1136D7BDE7AEA5399968351440030A9B]
[33744:0829/100727.099:VERBOSE1:content\browser\renderer_host\media\media_stream_manager.cc:1519] AOC::StartStream => (state=playing) [id=1136D7BDE7AEA5399968351440030A9B]
[33744:0829/100727.099:VERBOSE1:content\browser\renderer_host\media\media_stream_manager.cc:1519] audio::OS::Play() => (duration=0 ms) [id=6F65EAA9B25DC1906ECA02D223BB2DDB] [controller_id=1136D7BDE7AEA5399968351440030A9B]
[33744:0829/100727.106:VERBOSE1:content\browser\renderer_host\media\media_stream_manager.cc:1519] AOC::Close([state=playing]) [id=1BAFCBF94BD236BE887B170F4A7D666A]
[33744:0829/100727.106:VERBOSE1:content\browser\renderer_host\media\media_stream_manager.cc:1519] AOC::StopStream => (duration=0 sec) [id=1BAFCBF94BD236BE887B170F4A7D666A]
[33744:0829/100727.106:VERBOSE1:content\browser\renderer_host\media\media_stream_manager.cc:1519] AOC::StopStream => (glitches=[duration (ms): 0, count: 0], glitch_percentage=0.000%) [id=1BAFCBF94BD236BE887B170F4A7D666A]
[33744:0829/100727.106:VERBOSE1:content\browser\renderer_host\media\media_stream_manager.cc:1519] AOC::StopStream => (error_during_callback=false) [id=1BAFCBF94BD236BE887B170F4A7D666A]
[33744:0829/100727.106:VERBOSE1:content\browser\renderer_host\media\media_stream_manager.cc:1519] AOC::StopStream => (average audio level=-inf dBFS) [id=1BAFCBF94BD236BE887B170F4A7D666A]
[33744:0829/100727.106:VERBOSE1:content\browser\renderer_host\media\media_stream_manager.cc:1519] AOC::Close => (state=closed) [id=1BAFCBF94BD236BE887B170F4A7D666A]
[33744:0829/100727.106:VERBOSE1:content\browser\renderer_host\media\media_stream_manager.cc:1519] audio::OS::Dtor => (completed, duration=0 ms) [id=2528F9B14A3532E8F9D7B79946481E35] [controller_id=1BAFCBF94BD236BE887B170F4A7D666A]
[33744:0829/100727.106:VERBOSE1:content\browser\renderer_host\media\media_stream_manager.cc:1519] ASR: number of detected audio glitches: 0 out of 5
[33744:0829/100727.106:VERBOSE1:content\browser\renderer_host\media\media_stream_manager.cc:1519] RFAOSF::RequestDeviceAuthorization({device_id=}) [process_id=7, frame_id=1]
[33744:0829/100727.111:VERBOSE1:content\browser\renderer_host\media\media_stream_manager.cc:1519] RFAOSF::AuthorizationCompleted({status=OK}, {params=format: PCM_LOW_LATENCY, channel_layout: 14, channels: 8, sample_rate: 96000, frames_per_buffer: 960, effects: NONE, mic_positions: , latency_tag: LatencyUnknown, hw_capabilities: min_frames_per_buffer: 192, max_frames_per_buffer: 960, bitstream_formats:0, require_encapsulation:0, require_audio_offload:0}, {device_id=default}) [process_id=7, frame_id=1]
[33744:0829/100727.111:VERBOSE1:content\browser\renderer_host\media\media_stream_manager.cc:1519] RFAOSF::AuthorizationCompleted => (authorization time=4 ms) [process_id=7, frame_id=1]
[33744:0829/100727.111:VERBOSE1:content\browser\renderer_host\media\media_stream_manager.cc:1519] AOC::Close([state=playing]) [id=1136D7BDE7AEA5399968351440030A9B]
[33744:0829/100727.111:VERBOSE1:content\browser\renderer_host\media\media_stream_manager.cc:1519] AOC::StopStream => (duration=0 sec) [id=1136D7BDE7AEA5399968351440030A9B]
[33744:0829/100727.111:VERBOSE1:content\browser\renderer_host\media\media_stream_manager.cc:1519] AOC::StopStream => (glitches=[duration (ms): 0, count: 0], glitch_percentage=0.000%) [id=1136D7BDE7AEA5399968351440030A9B]
[33744:0829/100727.111:VERBOSE1:content\browser\renderer_host\media\media_stream_manager.cc:1519] AOC::StopStream => (error_during_callback=false) [id=1136D7BDE7AEA5399968351440030A9B]
[33744:0829/100727.111:VERBOSE1:content\browser\renderer_host\media\media_stream_manager.cc:1519] AOC::StopStream => (average audio level=-inf dBFS) [id=1136D7BDE7AEA5399968351440030A9B]
[33744:0829/100727.111:VERBOSE1:content\browser\renderer_host\media\media_stream_manager.cc:1519] AOC::Close => (state=closed) [id=1136D7BDE7AEA5399968351440030A9B]
[33744:0829/100727.111:VERBOSE1:content\browser\renderer_host\media\media_stream_manager.cc:1519] audio::OS::Dtor => (completed, duration=0 ms) [id=6F65EAA9B25DC1906ECA02D223BB2DDB] [controller_id=1136D7BDE7AEA5399968351440030A9B]
[33744:0829/100727.111:VERBOSE1:content\browser\renderer_host\media\media_stream_manager.cc:1519] ASR: number of detected audio glitches: 0 out of 2
[33744:0829/100727.111:VERBOSE1:content\browser\renderer_host\media\media_stream_manager.cc:1519] RFAOSF::RequestDeviceAuthorization({device_id=}) [process_id=6, frame_id=1]
[33744:0829/100727.111:VERBOSE1:content\browser\renderer_host\media\media_stream_manager.cc:1519] audio::OS::Ctor({audio_manager_name=Windows}, {device_id=default}, {params=[format: PCM_LOW_LATENCY, channel_layout: 3, channels: 2, sample_rate: 96000, frames_per_buffer: 960, effects: NONE, mic_positions: , latency_tag: LatencyInteractive]}) [id=B255E09262AE83EF03C84014C0D4A592] [controller_id=3CFFB2338FF6C3F97B44961A969323DE]
[33744:0829/100727.111:VERBOSE1:content\browser\renderer_host\media\media_stream_manager.cc:1519] AOC::CreateStream([state=empty]) [id=3CFFB2338FF6C3F97B44961A969323DE]
[33744:0829/100727.111:VERBOSE1:content\browser\renderer_host\media\media_stream_manager.cc:1519] AOC::RecreateStream({reason=INITIAL_STREAM}, {device_name=Default - Unknown}, {params=[format: PCM_LOW_LATENCY, channel_layout: 3, channels: 2, sample_rate: 96000, frames_per_buffer: 960, effects: NONE, mic_positions: , latency_tag: LatencyInteractive]}, [state=empty]) [id=3CFFB2338FF6C3F97B44961A969323DE]
[33744:0829/100727.111:VERBOSE1:content\browser\renderer_host\media\media_stream_manager.cc:1519] AOC::CreateStream => (state=created) [id=3CFFB2338FF6C3F97B44961A969323DE]
[stream-benchmark] iniciando 01-performance
[33744:0829/100727.111:VERBOSE1:content\browser\renderer_host\media\media_stream_manager.cc:1519] audio::OS::CreateAudioPipe() [id=B255E09262AE83EF03C84014C0D4A592] [controller_id=3CFFB2338FF6C3F97B44961A969323DE]
[33744:0829/100727.111:VERBOSE1:content\browser\renderer_host\media\media_stream_manager.cc:1519] audio::OS::CreateAudioPipe() => (duration=0 ms) [id=B255E09262AE83EF03C84014C0D4A592] [controller_id=3CFFB2338FF6C3F97B44961A969323DE]
[33744:0829/100727.111:VERBOSE1:content\browser\renderer_host\media\media_stream_manager.cc:1519] audio::OS::Create => (duration=0 ms) [id=B255E09262AE83EF03C84014C0D4A592] [controller_id=3CFFB2338FF6C3F97B44961A969323DE]
[33744:0829/100727.111:VERBOSE1:content\browser\renderer_host\media\media_stream_manager.cc:1519] RFAOSF::RequestDeviceAuthorization({device_id=}) [process_id=6, frame_id=1]
[33744:0829/100727.115:VERBOSE1:content\browser\renderer_host\media\media_stream_manager.cc:1519] RFAOSF::RequestDeviceAuthorization({device_id=}) [process_id=7, frame_id=1]
[33744:0829/100727.115:VERBOSE1:content\browser\renderer_host\media\media_stream_manager.cc:1519] RFAOSF::AuthorizationCompleted({status=OK}, {params=format: PCM_LOW_LATENCY, channel_layout: 14, channels: 8, sample_rate: 96000, frames_per_buffer: 960, effects: NONE, mic_positions: , latency_tag: LatencyUnknown, hw_capabilities: min_frames_per_buffer: 192, max_frames_per_buffer: 960, bitstream_formats:0, require_encapsulation:0, require_audio_offload:0}, {device_id=default}) [process_id=6, frame_id=1]
[33744:0829/100727.115:VERBOSE1:content\browser\renderer_host\media\media_stream_manager.cc:1519] RFAOSF::AuthorizationCompleted => (authorization time=3 ms) [process_id=6, frame_id=1]
[33744:0829/100727.117:VERBOSE1:content\browser\renderer_host\media\media_stream_manager.cc:1519] RFAOSF::RequestDeviceAuthorization({device_id=}) [process_id=7, frame_id=1]
[33744:0829/100727.119:VERBOSE1:content\browser\renderer_host\media\media_stream_manager.cc:1519] RFAOSF::AuthorizationCompleted({status=OK}, {params=format: PCM_LOW_LATENCY, channel_layout: 14, channels: 8, sample_rate: 96000, frames_per_buffer: 960, effects: NONE, mic_positions: , latency_tag: LatencyUnknown, hw_capabilities: min_frames_per_buffer: 192, max_frames_per_buffer: 960, bitstream_formats:0, require_encapsulation:0, require_audio_offload:0}, {device_id=default}) [process_id=6, frame_id=1]
[33744:0829/100727.119:VERBOSE1:content\browser\renderer_host\media\media_stream_manager.cc:1519] RFAOSF::AuthorizationCompleted => (authorization time=7 ms) [process_id=6, frame_id=1]
[33744:0829/100727.124:VERBOSE1:content\browser\renderer_host\media\media_stream_manager.cc:1519] RFAOSF::AuthorizationCompleted({status=OK}, {params=format: PCM_LOW_LATENCY, channel_layout: 14, channels: 8, sample_rate: 96000, frames_per_buffer: 960, effects: NONE, mic_positions: , latency_tag: LatencyUnknown, hw_capabilities: min_frames_per_buffer: 192, max_frames_per_buffer: 960, bitstream_formats:0, require_encapsulation:0, require_audio_offload:0}, {device_id=default}) [process_id=7, frame_id=1]
[33744:0829/100727.124:VERBOSE1:content\browser\renderer_host\media\media_stream_manager.cc:1519] RFAOSF::AuthorizationCompleted => (authorization time=8 ms) [process_id=7, frame_id=1]
[33744:0829/100727.124:VERBOSE1:content\browser\renderer_host\media\media_stream_manager.cc:1519] audio::OS::Play() [id=B255E09262AE83EF03C84014C0D4A592] [controller_id=3CFFB2338FF6C3F97B44961A969323DE]
[33744:0829/100727.124:VERBOSE1:content\browser\renderer_host\media\media_stream_manager.cc:1519] AOC::Play([state=created]) [id=3CFFB2338FF6C3F97B44961A969323DE]
[33744:0829/100727.124:VERBOSE1:content\browser\renderer_host\media\media_stream_manager.cc:1519] ASR: No room in socket buffer.
[33744:0829/100727.124:VERBOSE1:content\browser\renderer_host\media\media_stream_manager.cc:1519] AOC::StartStream => (state=playing) [id=3CFFB2338FF6C3F97B44961A969323DE]
[33744:0829/100727.124:VERBOSE1:content\browser\renderer_host\media\media_stream_manager.cc:1519] audio::OS::Play() => (duration=0 ms) [id=B255E09262AE83EF03C84014C0D4A592] [controller_id=3CFFB2338FF6C3F97B44961A969323DE]
[33744:0829/100727.127:VERBOSE1:content\browser\renderer_host\media\media_stream_manager.cc:1519] RFAOSF::AuthorizationCompleted({status=OK}, {params=format: PCM_LOW_LATENCY, channel_layout: 14, channels: 8, sample_rate: 96000, frames_per_buffer: 960, effects: NONE, mic_positions: , latency_tag: LatencyUnknown, hw_capabilities: min_frames_per_buffer: 192, max_frames_per_buffer: 960, bitstream_formats:0, require_encapsulation:0, require_audio_offload:0}, {device_id=default}) [process_id=7, frame_id=1]
[33744:0829/100727.127:VERBOSE1:content\browser\renderer_host\media\media_stream_manager.cc:1519] RFAOSF::AuthorizationCompleted => (authorization time=10 ms) [process_id=7, frame_id=1]
[33744:0829/100727.127:VERBOSE1:content\browser\renderer_host\media\media_stream_manager.cc:1519] AOC::Close([state=playing]) [id=3CFFB2338FF6C3F97B44961A969323DE]
[33744:0829/100727.127:VERBOSE1:content\browser\renderer_host\media\media_stream_manager.cc:1519] AOC::StopStream => (duration=0 sec) [id=3CFFB2338FF6C3F97B44961A969323DE]
[33744:0829/100727.127:VERBOSE1:content\browser\renderer_host\media\media_stream_manager.cc:1519] AOC::StopStream => (glitches=[duration (ms): 0, count: 0], glitch_percentage=0.000%) [id=3CFFB2338FF6C3F97B44961A969323DE]
[33744:0829/100727.127:VERBOSE1:content\browser\renderer_host\media\media_stream_manager.cc:1519] AOC::StopStream => (error_during_callback=false) [id=3CFFB2338FF6C3F97B44961A969323DE]
[33744:0829/100727.127:VERBOSE1:content\browser\renderer_host\media\media_stream_manager.cc:1519] AOC::StopStream => (average audio level=-inf dBFS) [id=3CFFB2338FF6C3F97B44961A969323DE]
[33744:0829/100727.127:VERBOSE1:content\browser\renderer_host\media\media_stream_manager.cc:1519] AOC::Close => (state=closed) [id=3CFFB2338FF6C3F97B44961A969323DE]
[33744:0829/100727.127:VERBOSE1:content\browser\renderer_host\media\media_stream_manager.cc:1519] audio::OS::Dtor => (completed, duration=0 ms) [id=B255E09262AE83EF03C84014C0D4A592] [controller_id=3CFFB2338FF6C3F97B44961A969323DE]
[33744:0829/100727.127:VERBOSE1:content\browser\renderer_host\media\media_stream_manager.cc:1519] ASR: number of detected audio glitches: 0 out of 0
[33744:0829/100727.127:VERBOSE1:content\browser\renderer_host\media\media_stream_manager.cc:1519] audio::OS::Ctor({audio_manager_name=Windows}, {device_id=default}, {params=[format: PCM_LOW_LATENCY, channel_layout: 3, channels: 2, sample_rate: 96000, frames_per_buffer: 960, effects: NONE, mic_positions: , latency_tag: LatencyInteractive]}) [id=1CF05A1C47EAE3B04866DF68CA10D471] [controller_id=A3F66D8FE75C38437A8CA8EB214761B2]
[33744:0829/100727.127:VERBOSE1:content\browser\renderer_host\media\media_stream_manager.cc:1519] AOC::CreateStream([state=empty]) [id=A3F66D8FE75C38437A8CA8EB214761B2]
[33744:0829/100727.127:VERBOSE1:content\browser\renderer_host\media\media_stream_manager.cc:1519] AOC::RecreateStream({reason=INITIAL_STREAM}, {device_name=Default - Unknown}, {params=[format: PCM_LOW_LATENCY, channel_layout: 3, channels: 2, sample_rate: 96000, frames_per_buffer: 960, effects: NONE, mic_positions: , latency_tag: LatencyInteractive]}, [state=empty]) [id=A3F66D8FE75C38437A8CA8EB214761B2]
[33744:0829/100727.127:VERBOSE1:content\browser\renderer_host\media\media_stream_manager.cc:1519] AOC::CreateStream => (state=created) [id=A3F66D8FE75C38437A8CA8EB214761B2]
[33744:0829/100727.127:VERBOSE1:content\browser\renderer_host\media\media_stream_manager.cc:1519] audio::OS::CreateAudioPipe() [id=1CF05A1C47EAE3B04866DF68CA10D471] [controller_id=A3F66D8FE75C38437A8CA8EB214761B2]
[33744:0829/100727.127:VERBOSE1:content\browser\renderer_host\media\media_stream_manager.cc:1519] audio::OS::CreateAudioPipe() => (duration=0 ms) [id=1CF05A1C47EAE3B04866DF68CA10D471] [controller_id=A3F66D8FE75C38437A8CA8EB214761B2]
[33744:0829/100727.127:VERBOSE1:content\browser\renderer_host\media\media_stream_manager.cc:1519] audio::OS::Create => (duration=0 ms) [id=1CF05A1C47EAE3B04866DF68CA10D471] [controller_id=A3F66D8FE75C38437A8CA8EB214761B2]
[33744:0829/100727.127:VERBOSE1:content\browser\renderer_host\media\media_stream_manager.cc:1519] audio::OS::Ctor({audio_manager_name=Windows}, {device_id=default}, {params=[format: PCM_LOW_LATENCY, channel_layout: 3, channels: 2, sample_rate: 96000, frames_per_buffer: 960, effects: NONE, mic_positions: , latency_tag: LatencyInteractive]}) [id=D50DAEFAB672105D6780599C46E49692] [controller_id=F8E1ABB675FB39190CB036EEB4FBD926]
[33744:0829/100727.127:VERBOSE1:content\browser\renderer_host\media\media_stream_manager.cc:1519] AOC::CreateStream([state=empty]) [id=F8E1ABB675FB39190CB036EEB4FBD926]
[33744:0829/100727.127:VERBOSE1:content\browser\renderer_host\media\media_stream_manager.cc:1519] AOC::RecreateStream({reason=INITIAL_STREAM}, {device_name=Default - Unknown}, {params=[format: PCM_LOW_LATENCY, channel_layout: 3, channels: 2, sample_rate: 96000, frames_per_buffer: 960, effects: NONE, mic_positions: , latency_tag: LatencyInteractive]}, [state=empty]) [id=F8E1ABB675FB39190CB036EEB4FBD926]
[33744:0829/100727.127:VERBOSE1:content\browser\renderer_host\media\media_stream_manager.cc:1519] AOC::CreateStream => (state=created) [id=F8E1ABB675FB39190CB036EEB4FBD926]
[33744:0829/100727.127:VERBOSE1:content\browser\renderer_host\media\media_stream_manager.cc:1519] audio::OS::CreateAudioPipe() [id=D50DAEFAB672105D6780599C46E49692] [controller_id=F8E1ABB675FB39190CB036EEB4FBD926]
[33744:0829/100727.127:VERBOSE1:content\browser\renderer_host\media\media_stream_manager.cc:1519] audio::OS::CreateAudioPipe() => (duration=0 ms) [id=D50DAEFAB672105D6780599C46E49692] [controller_id=F8E1ABB675FB39190CB036EEB4FBD926]
[33744:0829/100727.127:VERBOSE1:content\browser\renderer_host\media\media_stream_manager.cc:1519] audio::OS::Create => (duration=0 ms) [id=D50DAEFAB672105D6780599C46E49692] [controller_id=F8E1ABB675FB39190CB036EEB4FBD926]
[33744:0829/100727.127:VERBOSE1:content\browser\renderer_host\media\media_stream_manager.cc:1519] audio::OS::Ctor({audio_manager_name=Windows}, {device_id=default}, {params=[format: PCM_LOW_LATENCY, channel_layout: 14, channels: 8, sample_rate: 96000, frames_per_buffer: 960, effects: NONE, mic_positions: , latency_tag: LatencyRtc]}) [id=E72D4816221E603F5EB5BCB5E99EEF6B] [controller_id=35E85A74C42FFFC291229705E763A3B0]
[33744:0829/100727.127:VERBOSE1:content\browser\renderer_host\media\media_stream_manager.cc:1519] AOC::CreateStream([state=empty]) [id=35E85A74C42FFFC291229705E763A3B0]
[33744:0829/100727.127:VERBOSE1:content\browser\renderer_host\media\media_stream_manager.cc:1519] AOC::RecreateStream({reason=INITIAL_STREAM}, {device_name=Default - Unknown}, {params=[format: PCM_LOW_LATENCY, channel_layout: 14, channels: 8, sample_rate: 96000, frames_per_buffer: 960, effects: NONE, mic_positions: , latency_tag: LatencyRtc]}, [state=empty]) [id=35E85A74C42FFFC291229705E763A3B0]
[33744:0829/100727.127:VERBOSE1:content\browser\renderer_host\media\media_stream_manager.cc:1519] AOC::CreateStream => (state=created) [id=35E85A74C42FFFC291229705E763A3B0]
[33744:0829/100727.127:VERBOSE1:content\browser\renderer_host\media\media_stream_manager.cc:1519] audio::OS::CreateAudioPipe() [id=E72D4816221E603F5EB5BCB5E99EEF6B] [controller_id=35E85A74C42FFFC291229705E763A3B0]
[33744:0829/100727.127:VERBOSE1:content\browser\renderer_host\media\media_stream_manager.cc:1519] audio::OS::CreateAudioPipe() => (duration=0 ms) [id=E72D4816221E603F5EB5BCB5E99EEF6B] [controller_id=35E85A74C42FFFC291229705E763A3B0]
[33744:0829/100727.127:VERBOSE1:content\browser\renderer_host\media\media_stream_manager.cc:1519] audio::OS::Create => (duration=0 ms) [id=E72D4816221E603F5EB5BCB5E99EEF6B] [controller_id=35E85A74C42FFFC291229705E763A3B0]
[33744:0829/100727.127:VERBOSE1:content\browser\renderer_host\media\media_stream_manager.cc:1519] audio::OS::Play() [id=1CF05A1C47EAE3B04866DF68CA10D471] [controller_id=A3F66D8FE75C38437A8CA8EB214761B2]
[33744:0829/100727.127:VERBOSE1:content\browser\renderer_host\media\media_stream_manager.cc:1519] AOC::Play([state=created]) [id=A3F66D8FE75C38437A8CA8EB214761B2]
[33744:0829/100727.127:VERBOSE1:content\browser\renderer_host\media\media_stream_manager.cc:1519] AOC::StartStream => (state=playing) [id=A3F66D8FE75C38437A8CA8EB214761B2]
[33744:0829/100727.127:VERBOSE1:content\browser\renderer_host\media\media_stream_manager.cc:1519] audio::OS::Play() => (duration=0 ms) [id=1CF05A1C47EAE3B04866DF68CA10D471] [controller_id=A3F66D8FE75C38437A8CA8EB214761B2]
[33744:0829/100727.127:VERBOSE1:content\browser\renderer_host\media\media_stream_manager.cc:1519] audio::OS::Ctor({audio_manager_name=Windows}, {device_id=default}, {params=[format: PCM_LOW_LATENCY, channel_layout: 14, channels: 8, sample_rate: 96000, frames_per_buffer: 960, effects: NONE, mic_positions: , latency_tag: LatencyRtc]}) [id=9EC843250E12B1A41AC592CCCD22DBB9] [controller_id=6AA0E9B1972BE60691C996F4281DF66B]
[33744:0829/100727.129:VERBOSE1:content\browser\renderer_host\media\media_stream_manager.cc:1519] AOC::CreateStream([state=empty]) [id=6AA0E9B1972BE60691C996F4281DF66B]
[33744:0829/100727.129:VERBOSE1:content\browser\renderer_host\media\media_stream_manager.cc:1519] AOC::RecreateStream({reason=INITIAL_STREAM}, {device_name=Default - Unknown}, {params=[format: PCM_LOW_LATENCY, channel_layout: 14, channels: 8, sample_rate: 96000, frames_per_buffer: 960, effects: NONE, mic_positions: , latency_tag: LatencyRtc]}, [state=empty]) [id=6AA0E9B1972BE60691C996F4281DF66B]
[33744:0829/100727.129:VERBOSE1:content\browser\renderer_host\media\media_stream_manager.cc:1519] AOC::CreateStream => (state=created) [id=6AA0E9B1972BE60691C996F4281DF66B]
[33744:0829/100727.129:VERBOSE1:content\browser\renderer_host\media\media_stream_manager.cc:1519] audio::OS::CreateAudioPipe() [id=9EC843250E12B1A41AC592CCCD22DBB9] [controller_id=6AA0E9B1972BE60691C996F4281DF66B]
[33744:0829/100727.129:VERBOSE1:content\browser\renderer_host\media\media_stream_manager.cc:1519] audio::OS::CreateAudioPipe() => (duration=0 ms) [id=9EC843250E12B1A41AC592CCCD22DBB9] [controller_id=6AA0E9B1972BE60691C996F4281DF66B]
[33744:0829/100727.129:VERBOSE1:content\browser\renderer_host\media\media_stream_manager.cc:1519] audio::OS::Create => (duration=0 ms) [id=9EC843250E12B1A41AC592CCCD22DBB9] [controller_id=6AA0E9B1972BE60691C996F4281DF66B]
[33744:0829/100727.129:VERBOSE1:content\browser\renderer_host\media\media_stream_manager.cc:1519] audio::OS::Play() [id=D50DAEFAB672105D6780599C46E49692] [controller_id=F8E1ABB675FB39190CB036EEB4FBD926]
[33744:0829/100727.129:VERBOSE1:content\browser\renderer_host\media\media_stream_manager.cc:1519] AOC::Play([state=created]) [id=F8E1ABB675FB39190CB036EEB4FBD926]
[33744:0829/100727.129:VERBOSE1:content\browser\renderer_host\media\media_stream_manager.cc:1519] AOC::StartStream => (state=playing) [id=F8E1ABB675FB39190CB036EEB4FBD926]
[33744:0829/100727.129:VERBOSE1:content\browser\renderer_host\media\media_stream_manager.cc:1519] audio::OS::Play() => (duration=0 ms) [id=D50DAEFAB672105D6780599C46E49692] [controller_id=F8E1ABB675FB39190CB036EEB4FBD926]
[33744:0829/100727.129:VERBOSE1:content\browser\renderer_host\media\media_stream_manager.cc:1519] audio::OS::Play() [id=E72D4816221E603F5EB5BCB5E99EEF6B] [controller_id=35E85A74C42FFFC291229705E763A3B0]
[33744:0829/100727.129:VERBOSE1:content\browser\renderer_host\media\media_stream_manager.cc:1519] AOC::Play([state=created]) [id=35E85A74C42FFFC291229705E763A3B0]
[33744:0829/100727.129:VERBOSE1:content\browser\renderer_host\media\media_stream_manager.cc:1519] AOC::StartStream => (state=playing) [id=35E85A74C42FFFC291229705E763A3B0]
[33744:0829/100727.129:VERBOSE1:content\browser\renderer_host\media\media_stream_manager.cc:1519] audio::OS::Play() => (duration=0 ms) [id=E72D4816221E603F5EB5BCB5E99EEF6B] [controller_id=35E85A74C42FFFC291229705E763A3B0]
[33744:0829/100727.129:VERBOSE1:content\browser\renderer_host\media\media_stream_manager.cc:1519] audio::OS::Play() [id=9EC843250E12B1A41AC592CCCD22DBB9] [controller_id=6AA0E9B1972BE60691C996F4281DF66B]
[33744:0829/100727.129:VERBOSE1:content\browser\renderer_host\media\media_stream_manager.cc:1519] AOC::Play([state=created]) [id=6AA0E9B1972BE60691C996F4281DF66B]
[33744:0829/100727.129:VERBOSE1:content\browser\renderer_host\media\media_stream_manager.cc:1519] AOC::StartStream => (state=playing) [id=6AA0E9B1972BE60691C996F4281DF66B]
[33744:0829/100727.129:VERBOSE1:content\browser\renderer_host\media\media_stream_manager.cc:1519] audio::OS::Play() => (duration=0 ms) [id=9EC843250E12B1A41AC592CCCD22DBB9] [controller_id=6AA0E9B1972BE60691C996F4281DF66B]
[33744:0829/100727.248:WARNING:third_party\webrtc\modules\desktop_capture\win\dxgi_adapter_duplicator.cc:116] Cannot initialize any DxgiOutputDuplicator instance.
[33744:0829/100727.248:WARNING:third_party\webrtc\modules\desktop_capture\win\dxgi_duplicator_controller.cc:286] Failed to initialize DxgiAdapterDuplicator on adapter 1
[33744:0829/100727.249:WARNING:third_party\webrtc\modules\desktop_capture\win\dxgi_duplicator_controller.cc:106] Count of references reaches zero, DxgiDuplicatorController will be unloaded.
[33744:0829/100727.259:INFO:third_party\webrtc\modules\desktop_capture\window_capturer_win.cc:32] DesktopCapturer::CreateRawWindowCapturer creates DesktopCapturer of type WindowCapturerWinGdi
[33744:0829/100727.261:INFO:third_party\webrtc\modules\desktop_capture\window_capturer_win.cc:42] DesktopCapturer::CreateRawWindowCapturer creates DesktopCapturer of type FallbackDesktopCapturerWrapper which has a fallback capturer of type WgcCapturerWin
[33744:0829/100727.261:INFO:third_party\webrtc\modules\desktop_capture\screen_capturer_win.cc:45] DesktopCapturer::CreateRawScreenCapturer creates DesktopCapturer of type ScreenCapturerWinGdi
[33744:0829/100727.412:WARNING:third_party\webrtc\modules\desktop_capture\win\dxgi_adapter_duplicator.cc:116] Cannot initialize any DxgiOutputDuplicator instance.
[33744:0829/100727.412:WARNING:third_party\webrtc\modules\desktop_capture\win\dxgi_duplicator_controller.cc:286] Failed to initialize DxgiAdapterDuplicator on adapter 1
[33744:0829/100727.412:INFO:third_party\webrtc\modules\desktop_capture\screen_capturer_win.cc:30] DesktopCapturer::CreateRawScreenCapturer creates DesktopCapturer of type ScreenCapturerWinDirectx
[33744:0829/100727.422:WARNING:third_party\webrtc\modules\desktop_capture\win\dxgi_duplicator_controller.cc:106] Count of references reaches zero, DxgiDuplicatorController will be unloaded.
[33744:0829/100727.519:INFO:third_party\webrtc\modules\desktop_capture\win\wgc_capture_session.cc:277] WGC capture session is outputing CPU memory.
[33744:0829/100727.748:VERBOSE1:content\browser\renderer_host\media\media_stream_manager.cc:1519] MSM::GenerateStreams({render_process_id=6}, {render_frame_id=1}, {requester_id=2}, {page_request_id=1})
[33744:0829/100727.748:VERBOSE1:content\browser\renderer_host\media\media_stream_manager.cc:1519] MSM::DR::DeviceRequest({label=}, {requesting_process_id=6}, {requesting_frame_id=1}, {requester_id=2}, {request_type=MEDIA_GENERATE_STREAM})
[33744:0829/100727.748:VERBOSE1:content\browser\renderer_host\media\media_stream_manager.cc:1519] MSM::AddRequest([requester_id=2]) => (label=f917a9b6-3b56-4221-9f09-4b5d3bf392a2)
[33744:0829/100727.748:VERBOSE1:content\browser\renderer_host\media\media_stream_manager.cc:1519] MSM::SetUpRequest([requester_id=2] {label=f917a9b6-3b56-4221-9f09-4b5d3bf392a2})
[33744:0829/100727.748:VERBOSE1:content\browser\renderer_host\media\media_stream_manager.cc:1519] MSM::DR::SetAudioType({label=f917a9b6-3b56-4221-9f09-4b5d3bf392a2}, [requester_id=2], {audio_type=NO_SERVICE})
[33744:0829/100727.748:VERBOSE1:content\browser\renderer_host\media\media_stream_manager.cc:1519] MSM::DR::SetVideoType({label=f917a9b6-3b56-4221-9f09-4b5d3bf392a2}, [requester_id=2], {video_type=GUM_DESKTOP_VIDEO_CAPTURE})
[33744:0829/100727.748:VERBOSE1:content\browser\renderer_host\media\media_stream_manager.cc:1519] MSM::DR::CreateUIRequest({label=f917a9b6-3b56-4221-9f09-4b5d3bf392a2}, [requester_id=2], {requested_audio_device_id=}, {requested_video_device_id=screen:0:0})
[33744:0829/100727.748:VERBOSE1:content\browser\renderer_host\media\media_stream_manager.cc:1519] MSM::PostRequestToUI({label=f917a9b6-3b56-4221-9f09-4b5d3bf392a2}
[33744:0829/100727.748:VERBOSE1:content\browser\renderer_host\media\media_stream_manager.cc:1519] MSM::DR::SetState({label=f917a9b6-3b56-4221-9f09-4b5d3bf392a2}, [requester_id=2], {stream_type=GUM_DESKTOP_VIDEO_CAPTURE}, {new_state=STATE_PENDING_APPROVAL})
[33744:0829/100727.749:VERBOSE1:content\browser\renderer_host\media\media_stream_manager.cc:1519] MSM::HandleAccessRequestResponse({label=f917a9b6-3b56-4221-9f09-4b5d3bf392a2}, {request=MEDIA_GENERATE_STREAM}, {result=OK})
[33744:0829/100727.749:VERBOSE1:content\browser\renderer_host\media\media_stream_manager.cc:1519] video capture: VideoCaptureManager::Open, device.name = Screen, device.id = screen:0:0, capture_session_id = (19CAC240FD28E2276894122A74978B48)
[33744:0829/100727.749:VERBOSE1:content\browser\renderer_host\media\media_stream_manager.cc:1519] MSM::DR::SetState({label=f917a9b6-3b56-4221-9f09-4b5d3bf392a2}, [requester_id=2], {stream_type=GUM_DESKTOP_VIDEO_CAPTURE}, {new_state=STATE_OPENING})
[33744:0829/100727.749:VERBOSE1:content\browser\renderer_host\media\media_stream_manager.cc:1519] MSM::HandleAccessRequestResponse([label=f917a9b6-3b56-4221-9f09-4b5d3bf392a2]) => (opening device: [id: screen:0:0, session_id: 19CAC240FD28E2276894122A74978B48])
[33744:0829/100727.749:VERBOSE1:content\browser\renderer_host\media\media_stream_manager.cc:1519] MSM::DR::SetAudioType({label=f917a9b6-3b56-4221-9f09-4b5d3bf392a2}, [requester_id=2], {audio_type=NO_SERVICE})
[33744:0829/100727.749:VERBOSE1:content\browser\renderer_host\media\media_stream_manager.cc:1519] MSM::Opened({stream_type=GUM_DESKTOP_VIDEO_CAPTURE}, {session_id=19CAC240FD28E2276894122A74978B48})
[33744:0829/100727.749:VERBOSE1:content\browser\renderer_host\media\media_stream_manager.cc:1519] MSM::DR::SetState({label=f917a9b6-3b56-4221-9f09-4b5d3bf392a2}, [requester_id=2], {stream_type=GUM_DESKTOP_VIDEO_CAPTURE}, {new_state=STATE_DONE})
[33744:0829/100727.749:VERBOSE1:content\browser\renderer_host\media\media_stream_manager.cc:1519] MSM::FinalizeGenerateStreams({label=f917a9b6-3b56-4221-9f09-4b5d3bf392a2}, {requester_id=2}, {request_type=MEDIA_GENERATE_STREAM})
[33744:0829/100727.749:VERBOSE1:content\browser\renderer_host\media\media_stream_manager.cc:1519] MSM::OnStreamStarted({label=f917a9b6-3b56-4221-9f09-4b5d3bf392a2}, {requester_id=2}, {request_type=MEDIA_GENERATE_STREAM})
[33744:0829/100727.749:VERBOSE1:content\browser\renderer_host\media\media_stream_manager.cc:1519] MSM::PanTiltZoomPermissionChecked({label=f917a9b6-3b56-4221-9f09-4b5d3bf392a2}, {requester_id=2}, {request_type=MEDIA_GENERATE_STREAM}, {pan_tilt_zoom_allowed=1})
[33744:0829/100727.749:VERBOSE1:content\browser\renderer_host\media\media_stream_manager.cc:1519] video capture: ConnectClient: session_id = (19CAC240FD28E2276894122A74978B48), request: (1280x720)@60.000fps, pixel format: PIXEL_FORMAT_I420
[33744:0829/100727.749:VERBOSE1:content\browser\renderer_host\media\media_stream_manager.cc:1519] video capture: VideoCaptureManager queueing device start for device_id = screen:0:0
[33744:0829/100727.749:VERBOSE1:content\browser\renderer_host\media\media_stream_manager.cc:1519] video capture: VideoCaptureManager::ProcessDeviceStartRequestQueue
[33744:0829/100727.749:VERBOSE1:content\browser\renderer_host\media\media_stream_manager.cc:1519] video capture: VideoCaptureController::CreateAndStartDeviceAsync: serial_id = 0, device_id = screen:0:0
[33744:0829/100727.749:VERBOSE1:content\browser\renderer_host\media\media_stream_manager.cc:1519] video capture: InProcessVideoCaptureDeviceLauncher::LaunchDeviceAsync: Posting start request to device thread for device_id = screen:0:0
[33744:0829/100727.749:VERBOSE1:content\browser\renderer_host\media\media_stream_manager.cc:1519] video capture: VideoCaptureController::AddClient(): id = (19CAC240FD28E2276894122A74978B48), session_id = 19CAC240FD28E2276894122A74978B48, params.requested_format = (1280x720)@60.000fps, pixel format: PIXEL_FORMAT_I420
[33744:0829/100727.751:VERBOSE1:content\browser\media\capture\desktop_capture_device.cc:959] Create(source=screen:0:0)
[33744:0829/100727.751:VERBOSE1:content\browser\media\capture\desktop_capture_device.cc:1009] DesktopCaptureOptions: options={prefer_cursor_embedded: 1, allow_wgc_screen_capturer: 0, allow_wgc_window_capturer: 1, allow_wgc_zero_hertz: 0, wgc_require_border: 0}
[33744:0829/100727.751:INFO:third_party\webrtc\modules\desktop_capture\screen_capturer_win.cc:45] DesktopCapturer::CreateRawScreenCapturer creates DesktopCapturer of type ScreenCapturerWinGdi
[33744:0829/100727.751:VERBOSE1:content\browser\renderer_host\media\media_stream_manager.cc:1519] video capture: DesktopCaptureOptions: options={prefer_cursor_embedded: 1, allow_wgc_screen_capturer: 0, allow_wgc_window_capturer: 1, allow_wgc_zero_hertz: 0, wgc_require_border: 0}
[33744:0829/100727.751:VERBOSE1:content\browser\renderer_host\media\media_stream_manager.cc:1519] video capture: DesktopCapturer::CreateRawScreenCapturer creates DesktopCapturer of type ScreenCapturerWinGdi
[33744:0829/100727.877:WARNING:third_party\webrtc\modules\desktop_capture\win\dxgi_adapter_duplicator.cc:116] Cannot initialize any DxgiOutputDuplicator instance.
[33744:0829/100727.877:WARNING:third_party\webrtc\modules\desktop_capture\win\dxgi_duplicator_controller.cc:286] Failed to initialize DxgiAdapterDuplicator on adapter 1
[33744:0829/100727.877:VERBOSE1:content\browser\renderer_host\media\media_stream_manager.cc:1519] video capture: Cannot initialize any DxgiOutputDuplicator instance.
[33744:0829/100727.877:VERBOSE1:content\browser\renderer_host\media\media_stream_manager.cc:1519] video capture: Failed to initialize DxgiAdapterDuplicator on adapter 1
[33744:0829/100727.877:INFO:third_party\webrtc\modules\desktop_capture\screen_capturer_win.cc:30] DesktopCapturer::CreateRawScreenCapturer creates DesktopCapturer of type ScreenCapturerWinDirectx
[33744:0829/100727.877:VERBOSE1:content\browser\renderer_host\media\media_stream_manager.cc:1519] video capture: DesktopCapturer::CreateRawScreenCapturer creates DesktopCapturer of type ScreenCapturerWinDirectx
[33744:0829/100727.877:VERBOSE1:content\browser\media\capture\desktop_capture_device.cc:1146] DesktopCaptureDevice [zero_hertz_is_supported=1]
[33744:0829/100727.879:VERBOSE1:content\browser\renderer_host\media\media_stream_manager.cc:1519] video capture: InProcessVideoCaptureDeviceLauncher::DoStartDesktopCaptureOnDeviceThread: implementation = 4, type = 1
[33744:0829/100727.879:VERBOSE1:content\browser\renderer_host\media\media_stream_manager.cc:1519] video capture: OnDeviceLaunched
[33744:0829/100727.879:VERBOSE1:content\browser\renderer_host\media\media_stream_manager.cc:1519] video capture: Launching device has succeeded. device_id = screen:0:0
[33744:0829/100727.879:VERBOSE1:media\capture\content\capture_resolution_chooser.cc:205] Recomputed snapped frame sizes: 160x90 <--> 320x180 <--> 480x270 <--> 640x360
[33744:0829/100727.879:VERBOSE1:content\browser\media\capture\desktop_capture_device.cc:488] AllocateAndStart (requested_frame_rate=60, max_frame_size=1280x720, requested_frame_duration=16, max_cpu_consumption_percentage=50)
[33744:0829/100727.879:VERBOSE1:content\browser\renderer_host\media\media_stream_manager.cc:1519] video capture: OnStarted
[33744:0829/100727.879:VERBOSE1:content\browser\renderer_host\media\media_stream_manager.cc:1519] video capture: VideoCaptureImpl changing state to VIDEO_CAPTURE_STATE_STARTED
[33744:0829/100727.879:VERBOSE1:content\browser\renderer_host\media\media_stream_manager.cc:1519] video capture: LocalVideoCapturerSource::OnStateUpdate signaling to consumer that source is now running.
[33744:0829/100727.879:VERBOSE1:content\browser\renderer_host\media\media_stream_manager.cc:1519] video capture: MediaStreamVideoCapturerSource sending OnStartDone
[33744:0829/100727.879:VERBOSE1:content\browser\renderer_host\media\media_stream_manager.cc:1519] video capture: MediaStreamVideoSource changing state to STARTED
[33744:0829/100727.879:VERBOSE1:content\browser\renderer_host\media\media_stream_manager.cc:1519] video capture: MediaStreamVideoSource invoking callback indicating result of starting track.
[33744:0829/100727.883:VERBOSE1:content\browser\renderer_host\media\media_stream_manager.cc:1519] RFAOSF::RequestDeviceAuthorization({device_id=}) [process_id=6, frame_id=1]
[33744:0829/100727.883:VERBOSE1:content\browser\renderer_host\media\media_stream_manager.cc:1519] RFAOSF::RequestDeviceAuthorization({device_id=}) [process_id=7, frame_id=1]
[33744:0829/100727.888:VERBOSE1:content\browser\renderer_host\media\media_stream_manager.cc:1519] RFAOSF::AuthorizationCompleted({status=OK}, {params=format: PCM_LOW_LATENCY, channel_layout: 14, channels: 8, sample_rate: 96000, frames_per_buffer: 960, effects: NONE, mic_positions: , latency_tag: LatencyUnknown, hw_capabilities: min_frames_per_buffer: 192, max_frames_per_buffer: 960, bitstream_formats:0, require_encapsulation:0, require_audio_offload:0}, {device_id=default}) [process_id=6, frame_id=1]
[33744:0829/100727.888:VERBOSE1:content\browser\renderer_host\media\media_stream_manager.cc:1519] RFAOSF::AuthorizationCompleted => (authorization time=4 ms) [process_id=6, frame_id=1]
[33744:0829/100727.889:VERBOSE1:content\browser\renderer_host\media\media_stream_manager.cc:1519] RFAOSF::RequestDeviceAuthorization({device_id=}) [process_id=7, frame_id=1]
[33744:0829/100727.892:VERBOSE1:content\browser\renderer_host\media\media_stream_manager.cc:1519] RFAOSF::AuthorizationCompleted({status=OK}, {params=format: PCM_LOW_LATENCY, channel_layout: 14, channels: 8, sample_rate: 96000, frames_per_buffer: 960, effects: NONE, mic_positions: , latency_tag: LatencyUnknown, hw_capabilities: min_frames_per_buffer: 192, max_frames_per_buffer: 960, bitstream_formats:0, require_encapsulation:0, require_audio_offload:0}, {device_id=default}) [process_id=7, frame_id=1]
[33744:0829/100727.892:VERBOSE1:content\browser\renderer_host\media\media_stream_manager.cc:1519] RFAOSF::AuthorizationCompleted => (authorization time=7 ms) [process_id=7, frame_id=1]
[33744:0829/100727.895:VERBOSE1:content\browser\renderer_host\media\media_stream_manager.cc:1519] RFAOSF::AuthorizationCompleted({status=OK}, {params=format: PCM_LOW_LATENCY, channel_layout: 14, channels: 8, sample_rate: 96000, frames_per_buffer: 960, effects: NONE, mic_positions: , latency_tag: LatencyUnknown, hw_capabilities: min_frames_per_buffer: 192, max_frames_per_buffer: 960, bitstream_formats:0, require_encapsulation:0, require_audio_offload:0}, {device_id=default}) [process_id=7, frame_id=1]
[33744:0829/100727.895:VERBOSE1:content\browser\renderer_host\media\media_stream_manager.cc:1519] RFAOSF::AuthorizationCompleted => (authorization time=6 ms) [process_id=7, frame_id=1]
[33744:0829/100727.896:VERBOSE1:content\browser\renderer_host\media\media_stream_manager.cc:1519] audio::OS::Ctor({audio_manager_name=Windows}, {device_id=default}, {params=[format: PCM_LOW_LATENCY, channel_layout: 3, channels: 2, sample_rate: 96000, frames_per_buffer: 960, effects: NONE, mic_positions: , latency_tag: LatencyInteractive]}) [id=0F908FCC46D01958D2C7E2CD82973FAD] [controller_id=BF22BB321349B7AD06E6465AF8B44430]
[33744:0829/100727.896:VERBOSE1:content\browser\renderer_host\media\media_stream_manager.cc:1519] AOC::CreateStream([state=empty]) [id=BF22BB321349B7AD06E6465AF8B44430]
[33744:0829/100727.896:VERBOSE1:content\browser\renderer_host\media\media_stream_manager.cc:1519] AOC::RecreateStream({reason=INITIAL_STREAM}, {device_name=Default - Unknown}, {params=[format: PCM_LOW_LATENCY, channel_layout: 3, channels: 2, sample_rate: 96000, frames_per_buffer: 960, effects: NONE, mic_positions: , latency_tag: LatencyInteractive]}, [state=empty]) [id=BF22BB321349B7AD06E6465AF8B44430]
[33744:0829/100727.896:VERBOSE1:content\browser\renderer_host\media\media_stream_manager.cc:1519] AOC::CreateStream => (state=created) [id=BF22BB321349B7AD06E6465AF8B44430]
[33744:0829/100727.896:VERBOSE1:content\browser\renderer_host\media\media_stream_manager.cc:1519] audio::OS::CreateAudioPipe() [id=0F908FCC46D01958D2C7E2CD82973FAD] [controller_id=BF22BB321349B7AD06E6465AF8B44430]
[33744:0829/100727.896:VERBOSE1:content\browser\renderer_host\media\media_stream_manager.cc:1519] audio::OS::CreateAudioPipe() => (duration=0 ms) [id=0F908FCC46D01958D2C7E2CD82973FAD] [controller_id=BF22BB321349B7AD06E6465AF8B44430]
[33744:0829/100727.896:VERBOSE1:content\browser\renderer_host\media\media_stream_manager.cc:1519] audio::OS::Create => (duration=0 ms) [id=0F908FCC46D01958D2C7E2CD82973FAD] [controller_id=BF22BB321349B7AD06E6465AF8B44430]
[33744:0829/100727.896:VERBOSE1:content\browser\renderer_host\media\media_stream_manager.cc:1519] AOC::Close([state=playing]) [id=F8E1ABB675FB39190CB036EEB4FBD926]
[33744:0829/100727.896:VERBOSE1:content\browser\renderer_host\media\media_stream_manager.cc:1519] AOC::StopStream => (duration=0 sec) [id=F8E1ABB675FB39190CB036EEB4FBD926]
[33744:0829/100727.896:VERBOSE1:content\browser\renderer_host\media\media_stream_manager.cc:1519] AOC::StopStream => (glitches=[duration (ms): 0, count: 0], glitch_percentage=0.000%) [id=F8E1ABB675FB39190CB036EEB4FBD926]
[33744:0829/100727.896:VERBOSE1:content\browser\renderer_host\media\media_stream_manager.cc:1519] AOC::StopStream => (error_during_callback=false) [id=F8E1ABB675FB39190CB036EEB4FBD926]
[33744:0829/100727.896:VERBOSE1:content\browser\renderer_host\media\media_stream_manager.cc:1519] AOC::StopStream => (average audio level=-inf dBFS) [id=F8E1ABB675FB39190CB036EEB4FBD926]
[33744:0829/100727.896:VERBOSE1:content\browser\renderer_host\media\media_stream_manager.cc:1519] AOC::Close => (state=closed) [id=F8E1ABB675FB39190CB036EEB4FBD926]
[33744:0829/100727.896:VERBOSE1:content\browser\renderer_host\media\media_stream_manager.cc:1519] audio::OS::Dtor => (completed, duration=0 ms) [id=D50DAEFAB672105D6780599C46E49692] [controller_id=F8E1ABB675FB39190CB036EEB4FBD926]
[33744:0829/100727.896:VERBOSE1:content\browser\renderer_host\media\media_stream_manager.cc:1519] ASR: number of detected audio glitches: 0 out of 77
[33744:0829/100727.896:VERBOSE1:content\browser\renderer_host\media\media_stream_manager.cc:1519] audio::OS::Ctor({audio_manager_name=Windows}, {device_id=default}, {params=[format: PCM_LOW_LATENCY, channel_layout: 3, channels: 2, sample_rate: 96000, frames_per_buffer: 960, effects: NONE, mic_positions: , latency_tag: LatencyInteractive]}) [id=7D59812B2D11A313308C73EEEECCBA2D] [controller_id=12448EEFFC27C3023D4615972B43A035]
[33744:0829/100727.896:VERBOSE1:content\browser\renderer_host\media\media_stream_manager.cc:1519] AOC::CreateStream([state=empty]) [id=12448EEFFC27C3023D4615972B43A035]
[33744:0829/100727.896:VERBOSE1:content\browser\renderer_host\media\media_stream_manager.cc:1519] AOC::RecreateStream({reason=INITIAL_STREAM}, {device_name=Default - Unknown}, {params=[format: PCM_LOW_LATENCY, channel_layout: 3, channels: 2, sample_rate: 96000, frames_per_buffer: 960, effects: NONE, mic_positions: , latency_tag: LatencyInteractive]}, [state=empty]) [id=12448EEFFC27C3023D4615972B43A035]
[33744:0829/100727.896:VERBOSE1:content\browser\renderer_host\media\media_stream_manager.cc:1519] AOC::CreateStream => (state=created) [id=12448EEFFC27C3023D4615972B43A035]
[33744:0829/100727.896:VERBOSE1:content\browser\renderer_host\media\media_stream_manager.cc:1519] audio::OS::CreateAudioPipe() [id=7D59812B2D11A313308C73EEEECCBA2D] [controller_id=12448EEFFC27C3023D4615972B43A035]
[33744:0829/100727.896:VERBOSE1:content\browser\renderer_host\media\media_stream_manager.cc:1519] audio::OS::CreateAudioPipe() => (duration=0 ms) [id=7D59812B2D11A313308C73EEEECCBA2D] [controller_id=12448EEFFC27C3023D4615972B43A035]
[33744:0829/100727.896:VERBOSE1:content\browser\renderer_host\media\media_stream_manager.cc:1519] audio::OS::Create => (duration=0 ms) [id=7D59812B2D11A313308C73EEEECCBA2D] [controller_id=12448EEFFC27C3023D4615972B43A035]
[33744:0829/100727.896:VERBOSE1:content\browser\renderer_host\media\media_stream_manager.cc:1519] audio::OS::Play() [id=0F908FCC46D01958D2C7E2CD82973FAD] [controller_id=BF22BB321349B7AD06E6465AF8B44430]
[33744:0829/100727.896:VERBOSE1:content\browser\renderer_host\media\media_stream_manager.cc:1519] AOC::Play([state=created]) [id=BF22BB321349B7AD06E6465AF8B44430]
[33744:0829/100727.896:VERBOSE1:content\browser\renderer_host\media\media_stream_manager.cc:1519] AOC::StartStream => (state=playing) [id=BF22BB321349B7AD06E6465AF8B44430]
[33744:0829/100727.896:VERBOSE1:content\browser\renderer_host\media\media_stream_manager.cc:1519] audio::OS::Play() => (duration=0 ms) [id=0F908FCC46D01958D2C7E2CD82973FAD] [controller_id=BF22BB321349B7AD06E6465AF8B44430]
[33744:0829/100727.896:VERBOSE1:content\browser\renderer_host\media\media_stream_manager.cc:1519] audio::OS::Ctor({audio_manager_name=Windows}, {device_id=default}, {params=[format: PCM_LOW_LATENCY, channel_layout: 3, channels: 2, sample_rate: 96000, frames_per_buffer: 960, effects: NONE, mic_positions: , latency_tag: LatencyInteractive]}) [id=7E167A12C94A0FBB5C593E000DA878B4] [controller_id=9DB36875A9B7DB252B1ADE07DFF74CD8]
[33744:0829/100727.896:VERBOSE1:content\browser\renderer_host\media\media_stream_manager.cc:1519] AOC::CreateStream([state=empty]) [id=9DB36875A9B7DB252B1ADE07DFF74CD8]
[33744:0829/100727.896:VERBOSE1:content\browser\renderer_host\media\media_stream_manager.cc:1519] AOC::RecreateStream({reason=INITIAL_STREAM}, {device_name=Default - Unknown}, {params=[format: PCM_LOW_LATENCY, channel_layout: 3, channels: 2, sample_rate: 96000, frames_per_buffer: 960, effects: NONE, mic_positions: , latency_tag: LatencyInteractive]}, [state=empty]) [id=9DB36875A9B7DB252B1ADE07DFF74CD8]
[33744:0829/100727.896:VERBOSE1:content\browser\renderer_host\media\media_stream_manager.cc:1519] AOC::CreateStream => (state=created) [id=9DB36875A9B7DB252B1ADE07DFF74CD8]
[33744:0829/100727.896:VERBOSE1:content\browser\renderer_host\media\media_stream_manager.cc:1519] audio::OS::CreateAudioPipe() [id=7E167A12C94A0FBB5C593E000DA878B4] [controller_id=9DB36875A9B7DB252B1ADE07DFF74CD8]
[33744:0829/100727.896:VERBOSE1:content\browser\renderer_host\media\media_stream_manager.cc:1519] audio::OS::CreateAudioPipe() => (duration=0 ms) [id=7E167A12C94A0FBB5C593E000DA878B4] [controller_id=9DB36875A9B7DB252B1ADE07DFF74CD8]
[33744:0829/100727.896:VERBOSE1:content\browser\renderer_host\media\media_stream_manager.cc:1519] audio::OS::Create => (duration=0 ms) [id=7E167A12C94A0FBB5C593E000DA878B4] [controller_id=9DB36875A9B7DB252B1ADE07DFF74CD8]
[33744:0829/100727.896:VERBOSE1:content\browser\renderer_host\media\media_stream_manager.cc:1519] audio::OS::Play() [id=7D59812B2D11A313308C73EEEECCBA2D] [controller_id=12448EEFFC27C3023D4615972B43A035]
[33744:0829/100727.896:VERBOSE1:content\browser\renderer_host\media\media_stream_manager.cc:1519] AOC::Play([state=created]) [id=12448EEFFC27C3023D4615972B43A035]
[33744:0829/100727.896:VERBOSE1:content\browser\renderer_host\media\media_stream_manager.cc:1519] AOC::StartStream => (state=playing) [id=12448EEFFC27C3023D4615972B43A035]
[33744:0829/100727.896:VERBOSE1:content\browser\renderer_host\media\media_stream_manager.cc:1519] audio::OS::Play() => (duration=0 ms) [id=7D59812B2D11A313308C73EEEECCBA2D] [controller_id=12448EEFFC27C3023D4615972B43A035]
[33744:0829/100727.896:VERBOSE1:content\browser\renderer_host\media\media_stream_manager.cc:1519] audio::OS::Play() [id=7E167A12C94A0FBB5C593E000DA878B4] [controller_id=9DB36875A9B7DB252B1ADE07DFF74CD8]
[33744:0829/100727.896:VERBOSE1:content\browser\renderer_host\media\media_stream_manager.cc:1519] AOC::Play([state=created]) [id=9DB36875A9B7DB252B1ADE07DFF74CD8]
[33744:0829/100727.896:VERBOSE1:content\browser\renderer_host\media\media_stream_manager.cc:1519] AOC::StartStream => (state=playing) [id=9DB36875A9B7DB252B1ADE07DFF74CD8]
[33744:0829/100727.896:VERBOSE1:content\browser\renderer_host\media\media_stream_manager.cc:1519] audio::OS::Play() => (duration=0 ms) [id=7E167A12C94A0FBB5C593E000DA878B4] [controller_id=9DB36875A9B7DB252B1ADE07DFF74CD8]
[33744:0829/100727.902:VERBOSE1:media\capture\content\capture_resolution_chooser.cc:205] Recomputed snapped frame sizes: 160x90 <--> 320x180 <--> 480x270 <--> 640x360 <--> 800x450 <--> 960x540 <--> 1120x630 <--> 1280x720
[33744:0829/100727.902:VERBOSE1:media\capture\content\capture_resolution_chooser.cc:157] Recomputed capture size from 640x360 to 1280x720 (100% of ideal size)
[33744:0829/100727.906:VERBOSE1:content\browser\renderer_host\media\media_stream_manager.cc:1519] video capture: Pixel format: PIXEL_FORMAT_I420
[33744:0829/100727.907:VERBOSE1:content\browser\renderer_host\media\media_stream_manager.cc:1519] video capture: First frame received at VideoCaptureController
[33744:0829/100727.907:VERBOSE1:content\browser\renderer_host\media\media_stream_manager.cc:1519] video capture: First frame received for this VideoCaptureImpl instance
[33744:0829/100727.911:VERBOSE1:content\browser\renderer_host\media\media_stream_manager.cc:1519] AOC::Close([state=playing]) [id=9DB36875A9B7DB252B1ADE07DFF74CD8]
[33744:0829/100727.911:VERBOSE1:content\browser\renderer_host\media\media_stream_manager.cc:1519] AOC::StopStream => (duration=0 sec) [id=9DB36875A9B7DB252B1ADE07DFF74CD8]
[33744:0829/100727.911:VERBOSE1:content\browser\renderer_host\media\media_stream_manager.cc:1519] AOC::StopStream => (glitches=[duration (ms): 0, count: 0], glitch_percentage=0.000%) [id=9DB36875A9B7DB252B1ADE07DFF74CD8]
[33744:0829/100727.911:VERBOSE1:content\browser\renderer_host\media\media_stream_manager.cc:1519] AOC::StopStream => (error_during_callback=false) [id=9DB36875A9B7DB252B1ADE07DFF74CD8]
[33744:0829/100727.911:VERBOSE1:content\browser\renderer_host\media\media_stream_manager.cc:1519] AOC::StopStream => (average audio level=-inf dBFS) [id=9DB36875A9B7DB252B1ADE07DFF74CD8]
[33744:0829/100727.911:VERBOSE1:content\browser\renderer_host\media\media_stream_manager.cc:1519] AOC::Close => (state=closed) [id=9DB36875A9B7DB252B1ADE07DFF74CD8]
[33744:0829/100727.911:VERBOSE1:content\browser\renderer_host\media\media_stream_manager.cc:1519] audio::OS::Dtor => (completed, duration=0 ms) [id=7E167A12C94A0FBB5C593E000DA878B4] [controller_id=9DB36875A9B7DB252B1ADE07DFF74CD8]
[33744:0829/100727.911:VERBOSE1:content\browser\renderer_host\media\media_stream_manager.cc:1519] ASR: number of detected audio glitches: 0 out of 2
[33744:0829/100727.911:VERBOSE1:content\browser\renderer_host\media\media_stream_manager.cc:1519] AOC::Close([state=playing]) [id=6AA0E9B1972BE60691C996F4281DF66B]
[33744:0829/100727.911:VERBOSE1:content\browser\renderer_host\media\media_stream_manager.cc:1519] AOC::StopStream => (duration=0 sec) [id=6AA0E9B1972BE60691C996F4281DF66B]
[33744:0829/100727.911:VERBOSE1:content\browser\renderer_host\media\media_stream_manager.cc:1519] AOC::StopStream => (glitches=[duration (ms): 0, count: 0], glitch_percentage=0.000%) [id=6AA0E9B1972BE60691C996F4281DF66B]
[33744:0829/100727.911:VERBOSE1:content\browser\renderer_host\media\media_stream_manager.cc:1519] AOC::StopStream => (error_during_callback=false) [id=6AA0E9B1972BE60691C996F4281DF66B]
[33744:0829/100727.911:VERBOSE1:content\browser\renderer_host\media\media_stream_manager.cc:1519] AOC::StopStream => (average audio level=-98.41 dBFS) [id=6AA0E9B1972BE60691C996F4281DF66B]
[33744:0829/100727.911:VERBOSE1:content\browser\renderer_host\media\media_stream_manager.cc:1519] AOC::Close => (state=closed) [id=6AA0E9B1972BE60691C996F4281DF66B]
[33744:0829/100727.911:VERBOSE1:content\browser\renderer_host\media\media_stream_manager.cc:1519] audio::OS::Dtor => (completed, duration=0 ms) [id=9EC843250E12B1A41AC592CCCD22DBB9] [controller_id=6AA0E9B1972BE60691C996F4281DF66B]
[33744:0829/100727.911:VERBOSE1:content\browser\renderer_host\media\media_stream_manager.cc:1519] ASR: number of detected audio glitches: 0 out of 79
[33744:0829/100727.911:VERBOSE1:content\browser\renderer_host\media\media_stream_manager.cc:1519] RFAOSF::RequestDeviceAuthorization({device_id=}) [process_id=7, frame_id=1]
[33744:0829/100727.912:VERBOSE1:content\browser\renderer_host\media\media_stream_manager.cc:1519] video capture: Frame dropped with reason code 23.
[33744:0829/100727.914:VERBOSE1:content\browser\renderer_host\media\media_stream_manager.cc:1519] RFAOSF::RequestDeviceAuthorization({device_id=}) [process_id=7, frame_id=1]
[33744:0829/100727.915:VERBOSE1:content\browser\renderer_host\media\media_stream_manager.cc:1519] video capture: Frame dropped with reason code 23.
[33744:0829/100727.916:VERBOSE1:content\browser\renderer_host\media\media_stream_manager.cc:1519] RFAOSF::AuthorizationCompleted({status=OK}, {params=format: PCM_LOW_LATENCY, channel_layout: 14, channels: 8, sample_rate: 96000, frames_per_buffer: 960, effects: NONE, mic_positions: , latency_tag: LatencyUnknown, hw_capabilities: min_frames_per_buffer: 192, max_frames_per_buffer: 960, bitstream_formats:0, require_encapsulation:0, require_audio_offload:0}, {device_id=default}) [process_id=7, frame_id=1]
[33744:0829/100727.916:VERBOSE1:content\browser\renderer_host\media\media_stream_manager.cc:1519] RFAOSF::AuthorizationCompleted => (authorization time=5 ms) [process_id=7, frame_id=1]
[33744:0829/100727.917:VERBOSE1:content\browser\renderer_host\media\media_stream_manager.cc:1519] video capture: Frame dropped with reason code 23. Additional logs will be partially suppressed.
[33744:0829/100727.921:VERBOSE1:content\browser\renderer_host\media\media_stream_manager.cc:1519] RFAOSF::AuthorizationCompleted({status=OK}, {params=format: PCM_LOW_LATENCY, channel_layout: 14, channels: 8, sample_rate: 96000, frames_per_buffer: 960, effects: NONE, mic_positions: , latency_tag: LatencyUnknown, hw_capabilities: min_frames_per_buffer: 192, max_frames_per_buffer: 960, bitstream_formats:0, require_encapsulation:0, require_audio_offload:0}, {device_id=default}) [process_id=7, frame_id=1]
[33744:0829/100727.921:VERBOSE1:content\browser\renderer_host\media\media_stream_manager.cc:1519] RFAOSF::AuthorizationCompleted => (authorization time=6 ms) [process_id=7, frame_id=1]
[33744:0829/100727.921:VERBOSE1:content\browser\renderer_host\media\media_stream_manager.cc:1519] audio::OS::Ctor({audio_manager_name=Windows}, {device_id=default}, {params=[format: PCM_LOW_LATENCY, channel_layout: 3, channels: 2, sample_rate: 96000, frames_per_buffer: 960, effects: NONE, mic_positions: , latency_tag: LatencyInteractive]}) [id=92369C90E471A0251848F429548285AB] [controller_id=0D4E5F89264E9213D104EC967924D93A]
[33744:0829/100727.921:VERBOSE1:content\browser\renderer_host\media\media_stream_manager.cc:1519] AOC::CreateStream([state=empty]) [id=0D4E5F89264E9213D104EC967924D93A]
[33744:0829/100727.921:VERBOSE1:content\browser\renderer_host\media\media_stream_manager.cc:1519] AOC::RecreateStream({reason=INITIAL_STREAM}, {device_name=Default - Unknown}, {params=[format: PCM_LOW_LATENCY, channel_layout: 3, channels: 2, sample_rate: 96000, frames_per_buffer: 960, effects: NONE, mic_positions: , latency_tag: LatencyInteractive]}, [state=empty]) [id=0D4E5F89264E9213D104EC967924D93A]
[33744:0829/100727.921:VERBOSE1:content\browser\renderer_host\media\media_stream_manager.cc:1519] AOC::CreateStream => (state=created) [id=0D4E5F89264E9213D104EC967924D93A]
[33744:0829/100727.921:VERBOSE1:content\browser\renderer_host\media\media_stream_manager.cc:1519] audio::OS::CreateAudioPipe() [id=92369C90E471A0251848F429548285AB] [controller_id=0D4E5F89264E9213D104EC967924D93A]
[33744:0829/100727.921:VERBOSE1:content\browser\renderer_host\media\media_stream_manager.cc:1519] audio::OS::CreateAudioPipe() => (duration=0 ms) [id=92369C90E471A0251848F429548285AB] [controller_id=0D4E5F89264E9213D104EC967924D93A]
[33744:0829/100727.921:VERBOSE1:content\browser\renderer_host\media\media_stream_manager.cc:1519] audio::OS::Create => (duration=0 ms) [id=92369C90E471A0251848F429548285AB] [controller_id=0D4E5F89264E9213D104EC967924D93A]
[33744:0829/100727.921:VERBOSE1:content\browser\renderer_host\media\media_stream_manager.cc:1519] audio::OS::Ctor({audio_manager_name=Windows}, {device_id=default}, {params=[format: PCM_LOW_LATENCY, channel_layout: 14, channels: 8, sample_rate: 96000, frames_per_buffer: 960, effects: NONE, mic_positions: , latency_tag: LatencyRtc]}) [id=3ACA75E13F2B0FE068BC4C2E122ED407] [controller_id=F05A1835589F0D0DAE89DA8D4B41DBF7]
[33744:0829/100727.921:VERBOSE1:content\browser\renderer_host\media\media_stream_manager.cc:1519] AOC::CreateStream([state=empty]) [id=F05A1835589F0D0DAE89DA8D4B41DBF7]
[33744:0829/100727.921:VERBOSE1:content\browser\renderer_host\media\media_stream_manager.cc:1519] AOC::RecreateStream({reason=INITIAL_STREAM}, {device_name=Default - Unknown}, {params=[format: PCM_LOW_LATENCY, channel_layout: 14, channels: 8, sample_rate: 96000, frames_per_buffer: 960, effects: NONE, mic_positions: , latency_tag: LatencyRtc]}, [state=empty]) [id=F05A1835589F0D0DAE89DA8D4B41DBF7]
[33744:0829/100727.921:VERBOSE1:content\browser\renderer_host\media\media_stream_manager.cc:1519] AOC::CreateStream => (state=created) [id=F05A1835589F0D0DAE89DA8D4B41DBF7]
[33744:0829/100727.921:VERBOSE1:content\browser\renderer_host\media\media_stream_manager.cc:1519] audio::OS::CreateAudioPipe() [id=3ACA75E13F2B0FE068BC4C2E122ED407] [controller_id=F05A1835589F0D0DAE89DA8D4B41DBF7]
[33744:0829/100727.921:VERBOSE1:content\browser\renderer_host\media\media_stream_manager.cc:1519] audio::OS::CreateAudioPipe() => (duration=0 ms) [id=3ACA75E13F2B0FE068BC4C2E122ED407] [controller_id=F05A1835589F0D0DAE89DA8D4B41DBF7]
[33744:0829/100727.921:VERBOSE1:content\browser\renderer_host\media\media_stream_manager.cc:1519] audio::OS::Create => (duration=0 ms) [id=3ACA75E13F2B0FE068BC4C2E122ED407] [controller_id=F05A1835589F0D0DAE89DA8D4B41DBF7]
[33744:0829/100727.922:VERBOSE1:content\browser\renderer_host\media\media_stream_manager.cc:1519] audio::OS::Play() [id=92369C90E471A0251848F429548285AB] [controller_id=0D4E5F89264E9213D104EC967924D93A]
[33744:0829/100727.922:VERBOSE1:content\browser\renderer_host\media\media_stream_manager.cc:1519] AOC::Play([state=created]) [id=0D4E5F89264E9213D104EC967924D93A]
[33744:0829/100727.922:VERBOSE1:content\browser\renderer_host\media\media_stream_manager.cc:1519] AOC::StartStream => (state=playing) [id=0D4E5F89264E9213D104EC967924D93A]
[33744:0829/100727.922:VERBOSE1:content\browser\renderer_host\media\media_stream_manager.cc:1519] audio::OS::Play() => (duration=0 ms) [id=92369C90E471A0251848F429548285AB] [controller_id=0D4E5F89264E9213D104EC967924D93A]
[33744:0829/100727.922:VERBOSE1:content\browser\renderer_host\media\media_stream_manager.cc:1519] audio::OS::Play() [id=3ACA75E13F2B0FE068BC4C2E122ED407] [controller_id=F05A1835589F0D0DAE89DA8D4B41DBF7]
[33744:0829/100727.922:VERBOSE1:content\browser\renderer_host\media\media_stream_manager.cc:1519] AOC::Play([state=created]) [id=F05A1835589F0D0DAE89DA8D4B41DBF7]
[33744:0829/100727.922:VERBOSE1:content\browser\renderer_host\media\media_stream_manager.cc:1519] AOC::StartStream => (state=playing) [id=F05A1835589F0D0DAE89DA8D4B41DBF7]
[33744:0829/100727.922:VERBOSE1:content\browser\renderer_host\media\media_stream_manager.cc:1519] audio::OS::Play() => (duration=0 ms) [id=3ACA75E13F2B0FE068BC4C2E122ED407] [controller_id=F05A1835589F0D0DAE89DA8D4B41DBF7]
[33744:0829/100727.928:VERBOSE1:content\browser\renderer_host\media\media_stream_manager.cc:1519] ASR: No room in socket buffer.
[33744:0829/100727.928:VERBOSE1:content\browser\renderer_host\media\media_stream_manager.cc:1519] AOC::Close([state=playing]) [id=A3F66D8FE75C38437A8CA8EB214761B2]
[33744:0829/100727.928:VERBOSE1:content\browser\renderer_host\media\media_stream_manager.cc:1519] AOC::StopStream => (duration=0 sec) [id=A3F66D8FE75C38437A8CA8EB214761B2]
[33744:0829/100727.928:VERBOSE1:content\browser\renderer_host\media\media_stream_manager.cc:1519] AOC::StopStream => (glitches=[duration (ms): 0, count: 0], glitch_percentage=0.000%) [id=A3F66D8FE75C38437A8CA8EB214761B2]
[33744:0829/100727.928:VERBOSE1:content\browser\renderer_host\media\media_stream_manager.cc:1519] AOC::StopStream => (error_during_callback=false) [id=A3F66D8FE75C38437A8CA8EB214761B2]
[33744:0829/100727.928:VERBOSE1:content\browser\renderer_host\media\media_stream_manager.cc:1519] AOC::StopStream => (average audio level=-inf dBFS) [id=A3F66D8FE75C38437A8CA8EB214761B2]
[33744:0829/100727.928:VERBOSE1:content\browser\renderer_host\media\media_stream_manager.cc:1519] AOC::Close => (state=closed) [id=A3F66D8FE75C38437A8CA8EB214761B2]
[33744:0829/100727.928:VERBOSE1:content\browser\renderer_host\media\media_stream_manager.cc:1519] audio::OS::Dtor => (completed, duration=0 ms) [id=1CF05A1C47EAE3B04866DF68CA10D471] [controller_id=A3F66D8FE75C38437A8CA8EB214761B2]
[33744:0829/100727.928:VERBOSE1:content\browser\renderer_host\media\media_stream_manager.cc:1519] ASR: number of detected audio glitches: 0 out of 81
[33744:0829/100727.929:VERBOSE1:content\browser\renderer_host\media\media_stream_manager.cc:1519] AOC::Close([state=playing]) [id=35E85A74C42FFFC291229705E763A3B0]
[33744:0829/100727.929:VERBOSE1:content\browser\renderer_host\media\media_stream_manager.cc:1519] AOC::StopStream => (duration=0 sec) [id=35E85A74C42FFFC291229705E763A3B0]
[33744:0829/100727.929:VERBOSE1:content\browser\renderer_host\media\media_stream_manager.cc:1519] AOC::StopStream => (glitches=[duration (ms): 0, count: 0], glitch_percentage=0.000%) [id=35E85A74C42FFFC291229705E763A3B0]
[33744:0829/100727.929:VERBOSE1:content\browser\renderer_host\media\media_stream_manager.cc:1519] AOC::StopStream => (error_during_callback=false) [id=35E85A74C42FFFC291229705E763A3B0]
[33744:0829/100727.929:VERBOSE1:content\browser\renderer_host\media\media_stream_manager.cc:1519] AOC::StopStream => (average audio level=-98.46 dBFS) [id=35E85A74C42FFFC291229705E763A3B0]
[33744:0829/100727.929:VERBOSE1:content\browser\renderer_host\media\media_stream_manager.cc:1519] AOC::Close => (state=closed) [id=35E85A74C42FFFC291229705E763A3B0]
[33744:0829/100727.929:VERBOSE1:content\browser\renderer_host\media\media_stream_manager.cc:1519] audio::OS::Dtor => (completed, duration=0 ms) [id=E72D4816221E603F5EB5BCB5E99EEF6B] [controller_id=35E85A74C42FFFC291229705E763A3B0]
[33744:0829/100727.929:VERBOSE1:content\browser\renderer_host\media\media_stream_manager.cc:1519] ASR: number of detected audio glitches: 0 out of 81
[33744:0829/100727.929:VERBOSE1:content\browser\renderer_host\media\media_stream_manager.cc:1519] RFAOSF::RequestDeviceAuthorization({device_id=}) [process_id=6, frame_id=1]
[33744:0829/100727.929:VERBOSE1:content\browser\renderer_host\media\media_stream_manager.cc:1519] RFAOSF::RequestDeviceAuthorization({device_id=}) [process_id=6, frame_id=1]
[33744:0829/100727.934:VERBOSE1:content\browser\renderer_host\media\media_stream_manager.cc:1519] RFAOSF::AuthorizationCompleted({status=OK}, {params=format: PCM_LOW_LATENCY, channel_layout: 14, channels: 8, sample_rate: 96000, frames_per_buffer: 960, effects: NONE, mic_positions: , latency_tag: LatencyUnknown, hw_capabilities: min_frames_per_buffer: 192, max_frames_per_buffer: 960, bitstream_formats:0, require_encapsulation:0, require_audio_offload:0}, {device_id=default}) [process_id=6, frame_id=1]
[33744:0829/100727.934:VERBOSE1:content\browser\renderer_host\media\media_stream_manager.cc:1519] RFAOSF::AuthorizationCompleted => (authorization time=3 ms) [process_id=6, frame_id=1]
[33744:0829/100727.938:VERBOSE1:content\browser\renderer_host\media\media_stream_manager.cc:1519] RFAOSF::AuthorizationCompleted({status=OK}, {params=format: PCM_LOW_LATENCY, channel_layout: 14, channels: 8, sample_rate: 96000, frames_per_buffer: 960, effects: NONE, mic_positions: , latency_tag: LatencyUnknown, hw_capabilities: min_frames_per_buffer: 192, max_frames_per_buffer: 960, bitstream_formats:0, require_encapsulation:0, require_audio_offload:0}, {device_id=default}) [process_id=6, frame_id=1]
[33744:0829/100727.938:VERBOSE1:content\browser\renderer_host\media\media_stream_manager.cc:1519] RFAOSF::AuthorizationCompleted => (authorization time=7 ms) [process_id=6, frame_id=1]
[33744:0829/100727.938:VERBOSE1:content\browser\renderer_host\media\media_stream_manager.cc:1519] audio::OS::Ctor({audio_manager_name=Windows}, {device_id=default}, {params=[format: PCM_LOW_LATENCY, channel_layout: 3, channels: 2, sample_rate: 96000, frames_per_buffer: 960, effects: NONE, mic_positions: , latency_tag: LatencyInteractive]}) [id=E50172A05002809B2CED6C45A1170D06] [controller_id=2D406900C7AB8335B5174F524C032151]
[33744:0829/100727.938:VERBOSE1:content\browser\renderer_host\media\media_stream_manager.cc:1519] AOC::CreateStream([state=empty]) [id=2D406900C7AB8335B5174F524C032151]
[33744:0829/100727.938:VERBOSE1:content\browser\renderer_host\media\media_stream_manager.cc:1519] AOC::RecreateStream({reason=INITIAL_STREAM}, {device_name=Default - Unknown}, {params=[format: PCM_LOW_LATENCY, channel_layout: 3, channels: 2, sample_rate: 96000, frames_per_buffer: 960, effects: NONE, mic_positions: , latency_tag: LatencyInteractive]}, [state=empty]) [id=2D406900C7AB8335B5174F524C032151]
[33744:0829/100727.938:VERBOSE1:content\browser\renderer_host\media\media_stream_manager.cc:1519] AOC::CreateStream => (state=created) [id=2D406900C7AB8335B5174F524C032151]
[33744:0829/100727.938:VERBOSE1:content\browser\renderer_host\media\media_stream_manager.cc:1519] audio::OS::CreateAudioPipe() [id=E50172A05002809B2CED6C45A1170D06] [controller_id=2D406900C7AB8335B5174F524C032151]
[33744:0829/100727.938:VERBOSE1:content\browser\renderer_host\media\media_stream_manager.cc:1519] audio::OS::CreateAudioPipe() => (duration=0 ms) [id=E50172A05002809B2CED6C45A1170D06] [controller_id=2D406900C7AB8335B5174F524C032151]
[33744:0829/100727.938:VERBOSE1:content\browser\renderer_host\media\media_stream_manager.cc:1519] audio::OS::Create => (duration=0 ms) [id=E50172A05002809B2CED6C45A1170D06] [controller_id=2D406900C7AB8335B5174F524C032151]
[33744:0829/100727.938:VERBOSE1:content\browser\renderer_host\media\media_stream_manager.cc:1519] audio::OS::Ctor({audio_manager_name=Windows}, {device_id=default}, {params=[format: PCM_LOW_LATENCY, channel_layout: 14, channels: 8, sample_rate: 96000, frames_per_buffer: 960, effects: NONE, mic_positions: , latency_tag: LatencyRtc]}) [id=BACAC0C841871E3E2FC784C66D2BF753] [controller_id=8BDB5621F89D4CDAE5C9CC36A2C96098]
[33744:0829/100727.938:VERBOSE1:content\browser\renderer_host\media\media_stream_manager.cc:1519] AOC::CreateStream([state=empty]) [id=8BDB5621F89D4CDAE5C9CC36A2C96098]
[33744:0829/100727.938:VERBOSE1:content\browser\renderer_host\media\media_stream_manager.cc:1519] AOC::RecreateStream({reason=INITIAL_STREAM}, {device_name=Default - Unknown}, {params=[format: PCM_LOW_LATENCY, channel_layout: 14, channels: 8, sample_rate: 96000, frames_per_buffer: 960, effects: NONE, mic_positions: , latency_tag: LatencyRtc]}, [state=empty]) [id=8BDB5621F89D4CDAE5C9CC36A2C96098]
[33744:0829/100727.938:VERBOSE1:content\browser\renderer_host\media\media_stream_manager.cc:1519] AOC::CreateStream => (state=created) [id=8BDB5621F89D4CDAE5C9CC36A2C96098]
[33744:0829/100727.938:VERBOSE1:content\browser\renderer_host\media\media_stream_manager.cc:1519] audio::OS::CreateAudioPipe() [id=BACAC0C841871E3E2FC784C66D2BF753] [controller_id=8BDB5621F89D4CDAE5C9CC36A2C96098]
[33744:0829/100727.938:VERBOSE1:content\browser\renderer_host\media\media_stream_manager.cc:1519] audio::OS::CreateAudioPipe() => (duration=0 ms) [id=BACAC0C841871E3E2FC784C66D2BF753] [controller_id=8BDB5621F89D4CDAE5C9CC36A2C96098]
[33744:0829/100727.938:VERBOSE1:content\browser\renderer_host\media\media_stream_manager.cc:1519] audio::OS::Create => (duration=0 ms) [id=BACAC0C841871E3E2FC784C66D2BF753] [controller_id=8BDB5621F89D4CDAE5C9CC36A2C96098]
[33744:0829/100727.938:VERBOSE1:content\browser\renderer_host\media\media_stream_manager.cc:1519] audio::OS::Play() [id=E50172A05002809B2CED6C45A1170D06] [controller_id=2D406900C7AB8335B5174F524C032151]
[33744:0829/100727.938:VERBOSE1:content\browser\renderer_host\media\media_stream_manager.cc:1519] AOC::Play([state=created]) [id=2D406900C7AB8335B5174F524C032151]
[33744:0829/100727.938:VERBOSE1:content\browser\renderer_host\media\media_stream_manager.cc:1519] AOC::StartStream => (state=playing) [id=2D406900C7AB8335B5174F524C032151]
[33744:0829/100727.938:VERBOSE1:content\browser\renderer_host\media\media_stream_manager.cc:1519] audio::OS::Play() => (duration=0 ms) [id=E50172A05002809B2CED6C45A1170D06] [controller_id=2D406900C7AB8335B5174F524C032151]
[33744:0829/100727.938:VERBOSE1:content\browser\renderer_host\media\media_stream_manager.cc:1519] audio::OS::Play() [id=BACAC0C841871E3E2FC784C66D2BF753] [controller_id=8BDB5621F89D4CDAE5C9CC36A2C96098]
[33744:0829/100727.938:VERBOSE1:content\browser\renderer_host\media\media_stream_manager.cc:1519] AOC::Play([state=created]) [id=8BDB5621F89D4CDAE5C9CC36A2C96098]
[33744:0829/100727.938:VERBOSE1:content\browser\renderer_host\media\media_stream_manager.cc:1519] AOC::StartStream => (state=playing) [id=8BDB5621F89D4CDAE5C9CC36A2C96098]
[33744:0829/100727.938:VERBOSE1:content\browser\renderer_host\media\media_stream_manager.cc:1519] audio::OS::Play() => (duration=0 ms) [id=BACAC0C841871E3E2FC784C66D2BF753] [controller_id=8BDB5621F89D4CDAE5C9CC36A2C96098]
[33744:0829/100727.990:VERBOSE1:content\browser\renderer_host\media\media_stream_manager.cc:1519] video capture: Frame dropped with reason code 15.
[33744:0829/100728.007:VERBOSE1:content\browser\renderer_host\media\media_stream_manager.cc:1519] video capture: Frame dropped with reason code 15.
[33744:0829/100728.025:VERBOSE1:content\browser\renderer_host\media\media_stream_manager.cc:1519] video capture: Frame dropped with reason code 15. Additional logs will be partially suppressed.
[stream-benchmark] aquecendo por 1000 ms
[stream-benchmark] qualidade visual indisponível para esta fonte
[33744:0829/100732.499:VERBOSE1:content\browser\renderer_host\media\media_stream_manager.cc:1519] video capture: VideoCaptureImpl changing state to VIDEO_CAPTURE_STATE_STOPPING
[33744:0829/100732.499:VERBOSE1:content\browser\renderer_host\media\media_stream_manager.cc:1519] video capture: VideoCaptureController::RemoveClient: id = (19CAC240FD28E2276894122A74978B48)
[33744:0829/100732.499:VERBOSE1:content\browser\renderer_host\media\media_stream_manager.cc:1519] video capture: DisconnectClient: session_id = (19CAC240FD28E2276894122A74978B48)
[33744:0829/100732.499:VERBOSE1:content\browser\renderer_host\media\media_stream_manager.cc:1519] video capture: VideoCaptureManager stopping device (stream_type = GUM_DESKTOP_VIDEO_CAPTURE, device_id = screen:0:0)
[33744:0829/100732.501:VERBOSE1:content\browser\renderer_host\media\media_stream_manager.cc:1519] video capture: VideoCaptureController::ReleaseDeviceAsync: serial_id = 0, device_id = screen:0:0
[33744:0829/100732.501:VERBOSE1:content\browser\renderer_host\media\media_stream_manager.cc:1519] MSM::StopStreamDevice({render_process_id=6}, {render_frame_id=1}, {requester_id=2}, {device_id=screen:0:0}, {session_id=19CAC240FD28E2276894122A74978B48})
[33744:0829/100732.501:VERBOSE1:content\browser\renderer_host\media\media_stream_manager.cc:1519] MSM::StopDevice({type=GUM_DESKTOP_VIDEO_CAPTURE}, {session_id=19CAC240FD28E2276894122A74978B48})
[33744:0829/100732.501:VERBOSE1:content\browser\renderer_host\media\media_stream_manager.cc:1519] MSM::CloseDevice({type=GUM_DESKTOP_VIDEO_CAPTURE}, {session_id=19CAC240FD28E2276894122A74978B48})
[33744:0829/100732.501:VERBOSE1:content\browser\renderer_host\media\media_stream_manager.cc:1519] video capture: VideoCaptureManager::Close, capture_session_id = (19CAC240FD28E2276894122A74978B48)
[33744:0829/100732.501:VERBOSE1:content\browser\renderer_host\media\media_stream_manager.cc:1519] MSM::DR::SetState({label=f917a9b6-3b56-4221-9f09-4b5d3bf392a2}, [requester_id=2], {stream_type=GUM_DESKTOP_VIDEO_CAPTURE}, {new_state=STATE_CLOSING})
[33744:0829/100732.501:VERBOSE1:content\browser\renderer_host\media\media_stream_manager.cc:1519] MSM::DeleteRequest([label=f917a9b6-3b56-4221-9f09-4b5d3bf392a2])
[33744:0829/100732.501:VERBOSE1:content\browser\renderer_host\media\media_stream_manager.cc:1519] MSM::Closed({stream_type=GUM_DESKTOP_VIDEO_CAPTURE}, {session_id=19CAC240FD28E2276894122A74978B48})
[33744:0829/100732.502:VERBOSE1:content\browser\renderer_host\media\media_stream_manager.cc:1519] RFAOSF::RequestDeviceAuthorization({device_id=}) [process_id=7, frame_id=1]
[33744:0829/100732.502:VERBOSE1:content\browser\renderer_host\media\media_stream_manager.cc:1519] AOC::Close([state=playing]) [id=0D4E5F89264E9213D104EC967924D93A]
[33744:0829/100732.502:VERBOSE1:content\browser\renderer_host\media\media_stream_manager.cc:1519] AOC::StopStream => (duration=4 sec) [id=0D4E5F89264E9213D104EC967924D93A]
[33744:0829/100732.502:VERBOSE1:content\browser\renderer_host\media\media_stream_manager.cc:1519] AOC::StopStream => (glitches=[duration (ms): 0, count: 0], glitch_percentage=0.000%) [id=0D4E5F89264E9213D104EC967924D93A]
[33744:0829/100732.502:VERBOSE1:content\browser\renderer_host\media\media_stream_manager.cc:1519] AOC::StopStream => (error_during_callback=false) [id=0D4E5F89264E9213D104EC967924D93A]
[33744:0829/100732.502:VERBOSE1:content\browser\renderer_host\media\media_stream_manager.cc:1519] AOC::StopStream => (average audio level=-inf dBFS) [id=0D4E5F89264E9213D104EC967924D93A]
[33744:0829/100732.502:VERBOSE1:content\browser\renderer_host\media\media_stream_manager.cc:1519] AOC::Close => (state=closed) [id=0D4E5F89264E9213D104EC967924D93A]
[33744:0829/100732.502:VERBOSE1:content\browser\renderer_host\media\media_stream_manager.cc:1519] audio::OS::Dtor => (completed, duration=0 ms) [id=92369C90E471A0251848F429548285AB] [controller_id=0D4E5F89264E9213D104EC967924D93A]
[33744:0829/100732.502:VERBOSE1:content\browser\renderer_host\media\media_stream_manager.cc:1519] ASR: number of detected audio glitches: 0 out of 458
[33744:0829/100732.506:WARNING:third_party\webrtc\modules\desktop_capture\win\dxgi_duplicator_controller.cc:106] Count of references reaches zero, DxgiDuplicatorController will be unloaded.
[33744:0829/100732.508:VERBOSE1:content\browser\renderer_host\media\media_stream_manager.cc:1519] RFAOSF::AuthorizationCompleted({status=OK}, {params=format: PCM_LOW_LATENCY, channel_layout: 14, channels: 8, sample_rate: 96000, frames_per_buffer: 960, effects: NONE, mic_positions: , latency_tag: LatencyUnknown, hw_capabilities: min_frames_per_buffer: 192, max_frames_per_buffer: 960, bitstream_formats:0, require_encapsulation:0, require_audio_offload:0}, {device_id=default}) [process_id=7, frame_id=1]
[33744:0829/100732.508:VERBOSE1:content\browser\renderer_host\media\media_stream_manager.cc:1519] RFAOSF::AuthorizationCompleted => (authorization time=5 ms) [process_id=7, frame_id=1]
[33744:0829/100732.508:VERBOSE1:content\browser\renderer_host\media\media_stream_manager.cc:1519] RFAOSF::RequestDeviceAuthorization({device_id=}) [process_id=7, frame_id=1]
[33744:0829/100732.512:VERBOSE1:content\browser\renderer_host\media\media_stream_manager.cc:1519] RFAOSF::AuthorizationCompleted({status=OK}, {params=format: PCM_LOW_LATENCY, channel_layout: 14, channels: 8, sample_rate: 96000, frames_per_buffer: 960, effects: NONE, mic_positions: , latency_tag: LatencyUnknown, hw_capabilities: min_frames_per_buffer: 192, max_frames_per_buffer: 960, bitstream_formats:0, require_encapsulation:0, require_audio_offload:0}, {device_id=default}) [process_id=7, frame_id=1]
[33744:0829/100732.512:VERBOSE1:content\browser\renderer_host\media\media_stream_manager.cc:1519] RFAOSF::AuthorizationCompleted => (authorization time=3 ms) [process_id=7, frame_id=1]
[33744:0829/100732.512:VERBOSE1:content\browser\renderer_host\media\media_stream_manager.cc:1519] audio::OS::Ctor({audio_manager_name=Windows}, {device_id=default}, {params=[format: PCM_LOW_LATENCY, channel_layout: 3, channels: 2, sample_rate: 96000, frames_per_buffer: 960, effects: NONE, mic_positions: , latency_tag: LatencyInteractive]}) [id=B6F5C4D0D5D35D23BD1AEDAFAD1DAE3F] [controller_id=899D4DAF08525C19EB1290618EDDA72D]
[33744:0829/100732.512:VERBOSE1:content\browser\renderer_host\media\media_stream_manager.cc:1519] AOC::CreateStream([state=empty]) [id=899D4DAF08525C19EB1290618EDDA72D]
[33744:0829/100732.512:VERBOSE1:content\browser\renderer_host\media\media_stream_manager.cc:1519] AOC::RecreateStream({reason=INITIAL_STREAM}, {device_name=Default - Unknown}, {params=[format: PCM_LOW_LATENCY, channel_layout: 3, channels: 2, sample_rate: 96000, frames_per_buffer: 960, effects: NONE, mic_positions: , latency_tag: LatencyInteractive]}, [state=empty]) [id=899D4DAF08525C19EB1290618EDDA72D]
[33744:0829/100732.512:VERBOSE1:content\browser\renderer_host\media\media_stream_manager.cc:1519] AOC::CreateStream => (state=created) [id=899D4DAF08525C19EB1290618EDDA72D]
[33744:0829/100732.512:VERBOSE1:content\browser\renderer_host\media\media_stream_manager.cc:1519] audio::OS::CreateAudioPipe() [id=B6F5C4D0D5D35D23BD1AEDAFAD1DAE3F] [controller_id=899D4DAF08525C19EB1290618EDDA72D]
[33744:0829/100732.512:VERBOSE1:content\browser\renderer_host\media\media_stream_manager.cc:1519] audio::OS::CreateAudioPipe() => (duration=0 ms) [id=B6F5C4D0D5D35D23BD1AEDAFAD1DAE3F] [controller_id=899D4DAF08525C19EB1290618EDDA72D]
[33744:0829/100732.512:VERBOSE1:content\browser\renderer_host\media\media_stream_manager.cc:1519] audio::OS::Create => (duration=0 ms) [id=B6F5C4D0D5D35D23BD1AEDAFAD1DAE3F] [controller_id=899D4DAF08525C19EB1290618EDDA72D]
[33744:0829/100732.512:VERBOSE1:content\browser\renderer_host\media\media_stream_manager.cc:1519] audio::OS::Play() [id=B6F5C4D0D5D35D23BD1AEDAFAD1DAE3F] [controller_id=899D4DAF08525C19EB1290618EDDA72D]
[33744:0829/100732.512:VERBOSE1:content\browser\renderer_host\media\media_stream_manager.cc:1519] AOC::Play([state=created]) [id=899D4DAF08525C19EB1290618EDDA72D]
[33744:0829/100732.512:VERBOSE1:content\browser\renderer_host\media\media_stream_manager.cc:1519] AOC::StartStream => (state=playing) [id=899D4DAF08525C19EB1290618EDDA72D]
[33744:0829/100732.512:VERBOSE1:content\browser\renderer_host\media\media_stream_manager.cc:1519] audio::OS::Play() => (duration=0 ms) [id=B6F5C4D0D5D35D23BD1AEDAFAD1DAE3F] [controller_id=899D4DAF08525C19EB1290618EDDA72D]
[33744:0829/100732.897:VERBOSE1:content\browser\renderer_host\media\media_stream_manager.cc:1519] AOC::WedgeCheck => (stream is alive) [id=BF22BB321349B7AD06E6465AF8B44430]
[33744:0829/100732.897:VERBOSE1:content\browser\renderer_host\media\media_stream_manager.cc:1519] AOC::WedgeCheck => (stream is alive) [id=12448EEFFC27C3023D4615972B43A035]
[33744:0829/100732.924:VERBOSE1:content\browser\renderer_host\media\media_stream_manager.cc:1519] AOC::WedgeCheck => (stream is alive) [id=F05A1835589F0D0DAE89DA8D4B41DBF7]
[33744:0829/100732.939:VERBOSE1:content\browser\renderer_host\media\media_stream_manager.cc:1519] AOC::WedgeCheck => (stream is alive) [id=2D406900C7AB8335B5174F524C032151]
[33744:0829/100732.939:VERBOSE1:content\browser\renderer_host\media\media_stream_manager.cc:1519] AOC::WedgeCheck => (stream is alive) [id=8BDB5621F89D4CDAE5C9CC36A2C96098]
[stream-benchmark] 01-performance: apresentado 2.87 FPS, encode 3.67 FPS, perda 0.00%, bitrate CV 0.496, SSIM n/a, CPU 6.0%, GPU n/a%, validade sender-receiver-resolution-mismatch
[stream-benchmark] relatório salvo em C:\Projects\discord p2p\artifacts\probe-m150-a-screen-default.json
{
  "schemaVersion": 5,
  "benchmark": "jump-screen-share-loopback",
  "config": {
    "warmupMs": 1000,
    "durationMs": 3000,
    "repeats": 1,
    "viewers": 1,
    "sampleMs": 250,
    "resourceSampleMs": 1000,
    "sourceFps": 60,
    "sourceWidth": 1920,
    "sourceHeight": 1080,
    "sourceSeed": 1247104336,
    "gpuLoad": 0,
    "qualitySamples": 0,
    "qualityWidth": 1920,
    "qualityHeight": 1080,
    "qualitySettleMs": 750,
    "externalSource": false,
    "externalSourceMode": "ffplay",
    "captureType": "screen",
    "disableFeatures": "",
    "enableFeatures": "",
    "preferredSoftwareCodec": "",
    "nvidiaSmiEnabled": false,
    "networkEmulation": {
      "packetLossPercent": 0,
      "packetQueueLength": 0,
      "packetReordering": false,
      "latencyMs": 0,
      "downloadKbps": 0,
      "uploadKbps": 0,
      "enabled": false
    },
    "profiles": [
      "performance"
    ],
    "outputPath": "C:\\Projects\\discord p2p\\artifacts\\probe-m150-a-screen-default.json",
    "pretty": true,
    "stdout": true,
    "sfuEnabled": true,
    "expectSfu": false
  },
  "environment": {
    "generatedAt": "2026-08-29T13:07:33.007Z",
    "git": {
      "commit": "5d290024c0b854d236eb1f770033333b5dcb9929",
      "status": "M electron/main.cjs\n M tests/screen-share-benchmark.e2e.cjs\n?? electron/media-runtime-config.cjs\n?? tests/media-runtime-config.e2e.cjs\n?? tests/media-runtime-config.test.cjs",
      "sourceSha256": {
        "electron/main.cjs": "4646ba3c30911278b7cb1dd6027b2d4fdd5a6219650511e2ea19811b3db3937d",
        "src/hooks/useScreenShare.js": "1191be41a8ca7845182526ecf8b3531d103a4f41aa08637be046d09e3eeac3d7",
        "src/media/screenShareProfiles.js": "9dda3e555fdb00167e227748ab2ed8359db500af60627e2ce71e719dd30b9bb7",
        "src/media/screenShareTelemetry.js": "0ffc6116cb2874abfbb21a5fd70ec13d0e4422ba83c5050841586ff45075ea72",
        "src/webrtc/usePeerMesh.js": "6469e5ba7c3cd9e68f4f29558bda07e3f1d78aff2531b49c5766b8f26d5f998a",
        "tests/screen-share-benchmark.e2e.cjs": "29d90605837b0d72b5ccfaa553d7ca659b045481a86a1e83db94df141b93b0d5",
        "tests/fixtures/motion-source.html": "a5d4f15b248f3a2ef622da89ee19ce8a7dd0e0f7f4d081bb50e8167cba29f25a"
      }
    },
    "runtime": {
      "node": "24.18.1",
      "acorn": "8.16.0",
      "ada": "3.4.4",
      "amaro": "1.1.9",
      "ares": "1.34.6",
      "brotli": "1.2.0",
      "cldr": "48.0",
      "icu": "78.2",
      "llhttp": "9.4.3",
      "merve": "1.2.2",
      "modules": "148",
      "napi": "10",
      "nbytes": "0.1.4",
      "ncrypto": "0.0.1",
      "nghttp2": "1.69.0",
      "nghttp3": "",
      "ngtcp2": "",
      "openssl": "0.0.0",
      "simdjson": "4.6.4",
      "simdutf": "7.7.0",
      "sqlite": "3.53.1",
      "tz": "2025c",
      "undici": "7.29.0",
      "unicode": "17.0",
      "uv": "1.52.1",
      "uvwasi": "0.0.23",
      "v8": "15.0.245.28-electron.0",
      "zlib": "1.3.2.1-motley",
      "zstd": "1.6.0",
      "electron": "43.4.1",
      "chrome": "150.0.7871.224"
    },
    "chromiumSwitches": {
      "disableFeatures": "AllowWgcScreenCapturer",
      "enableFeatures": "",
      "argv": [
        "C:\\Projects\\discord p2p\\node_modules\\electron\\dist\\electron.exe",
        "--enable-logging=stderr",
        "--v=1",
        "--trace-startup=disabled-by-default-video_and_image_capture,webrtc,media,gpu",
        "--trace-startup-file=C:\\Projects\\discord p2p\\artifacts\\probe-m150-a-screen-default.trace.json",
        "tests/screen-share-benchmark.e2e.cjs"
      ]
    },
    "platform": {
      "platform": "win32",
      "arch": "x64",
      "osType": "Windows_NT",
      "osRelease": "10.0.26200",
      "osVersion": "Windows 11 Pro",
      "cpu": "AMD Ryzen 7 5700X 8-Core Processor             ",
      "logicalCpuCount": 16,
      "totalMemoryBytes": 34305277952
    },
    "electronGpu": {
      "hardwareAcceleration": true,
      "featureStatus": {
        "2d_canvas": "enabled",
        "direct_rendering_display_compositor": "disabled_off_ok",
        "gpu_compositing": "enabled",
        "multiple_raster_threads": "enabled_on",
        "opengl": "enabled_on",
        "rasterization": "enabled",
        "raw_draw": "disabled_off_ok",
        "skia_graphite": "disabled_off",
        "trees_in_viz": "disabled_off",
        "video_decode": "enabled",
        "video_encode": "enabled",
        "webgl": "enabled",
        "webgpu": "enabled",
        "webnn": "disabled_off"
      },
      "info": {
        "auxAttributes": {
          "amdSwitchable": false,
          "canSupportThreadedTextureMailbox": false,
          "directMLFeatureLevel": "Not supported",
          "dx12FeatureLevel": "Not supported",
          "glImplementationParts": "(gl=none,angle=none)",
          "glResetNotificationStrategy": 0,
          "inProcessGpu": true,
          "initializationTime": 0,
          "isAsan": false,
          "isClangCoverage": false,
          "jpegDecodeAcceleratorSupported": false,
          "optimus": false,
          "overlayInfo": {
            "bgra8OverlaySupport": "NONE",
            "directComposition": false,
            "nv12OverlaySupport": "NONE",
            "p010OverlaySupport": "NONE",
            "rgb10a2OverlaySupport": "NONE",
            "supportsOverlays": false,
            "yuy2OverlaySupport": "NONE"
          },
          "passthroughCmdDecoder": false,
          "sandboxed": false,
          "skiaBackendType": "None",
          "subpixelFontRendering": true,
          "supportsD3dSharedImages": false,
          "supportsDirectML": false,
          "supportsDx12": false,
          "supportsVulkan": false,
          "targetCpuBits": 64,
          "visibilityCallbackCallCount": 0,
          "vulkanVersion": "Not supported"
        },
        "gpuDevice": [
          {
            "active": false,
            "deviceId": 9476,
            "deviceString": "NVIDIA GeForce RTX 3060",
            "driverVersion": "32.0.15.9636",
            "gpuPreference": 0,
            "revision": 161,
            "subSysId": 964498530,
            "vendorId": 4318
          },
          {
            "active": false,
            "deviceId": 140,
            "deviceString": "Microsoft Basic Render Driver",
            "driverVersion": "10.0.26100.8972",
            "gpuPreference": 0,
            "revision": 0,
            "subSysId": 0,
            "vendorId": 5140
          }
        ]
      }
    },
    "resourceTelemetry": {
      "appGetAppMetrics": true,
      "processGetCPUUsage": true,
      "processGetProcessMemoryInfo": true,
      "processGetSystemMemoryInfo": true,
      "nvidiaSmi": {
        "enabled": false,
        "detected": false,
        "available": false,
        "path": "",
        "successfulSamples": 0,
        "failedSamples": 0,
        "lastError": null
      }
    },
    "externalSource": null,
    "captureBackend": {
      "wgcScreenCapturerDisabled": true,
      "confirmedByTrace": false,
      "note": "The switch expresses preference; Chromium may use an internal fallback unless a trace confirms the capturer."
    },
    "isolation": {
      "receiver": "visible-offscreen-outside-all-displays",
      "loopbackSameMachine": true
    },
    "networkEmulation": {
      "requested": false,
      "active": false,
      "target": null,
      "mode": null,
      "ruleIds": [],
      "fallbackReason": null,
      "error": null
    },
    "displays": [
      {
        "id": 2036301598,
        "bounds": {
          "x": 0,
          "y": 0,
          "width": 2560,
          "height": 1440
        },
        "workArea": {
          "x": 0,
          "y": 0,
          "width": 2560,
          "height": 1392
        },
        "scaleFactor": 1,
        "displayFrequency": 165,
        "colorDepth": 24
      }
    ],
    "fixtureSource": {
      "id": "screen:0:0",
      "name": "Tela cheia",
      "type": "screen",
      "displayId": "2036301598",
      "selectionValidation": "display-id"
    }
  },
  "runs": [
    {
      "runId": "01-performance",
      "repeat": 1,
      "orderIndex": 0,
      "profile": "performance",
      "captureSource": {
        "id": "screen:0:0",
        "name": "Tela cheia",
        "type": "screen",
        "displayId": "2036301598",
        "selectionValidation": "display-id"
      },
      "validity": {
        "validForPerformance": false,
        "validForVisualQuality": false,
        "reasons": [
          "sender-receiver-resolution-mismatch"
        ],
        "warnings": [
          "sender-bitrate-oscillation",
          "sender-pacer-delay",
          "visual-quality-unavailable:disabled"
        ],
        "stratum": {
          "transportMode": "mesh",
          "codec": "video/H264",
          "encoder": "MediaFoundationVideoEncodeAccelerator (NVIDIA H.264 Encoder MFT)",
          "resolution": "960x540",
          "adaptationScale": 1.3333333333333333
        },
        "stratumKey": "{\"transportMode\":\"mesh\",\"codec\":\"video/H264\",\"encoder\":\"MediaFoundationVideoEncodeAccelerator (NVIDIA H.264 Encoder MFT)\",\"resolution\":\"960x540\",\"adaptationScale\":1.3333333333333333}"
      },
      "startedAt": "2026-08-29T13:07:29.488Z",
      "endedAt": "2026-08-29T13:07:32.498Z",
      "sourceStart": {
        "targetFps": 60,
        "seed": 1247104336,
        "epochMs": 3579.89999999851,
        "nowMs": 3580.89999999851,
        "frameId": -1,
        "drawnFrames": 0,
        "skippedSlots": 0,
        "lastDrawMs": 0,
        "width": 2560,
        "height": 1392,
        "gpuLoad": 0,
        "gpuLoadActive": false,
        "gpuLoadError": "",
        "frozen": false
      },
      "sourceEnd": {
        "targetFps": 60,
        "seed": 1247104336,
        "epochMs": 3579.89999999851,
        "nowMs": 6582.299999998882,
        "frameId": 179,
        "drawnFrames": 180,
        "skippedSlots": 0,
        "lastDrawMs": 6565.4,
        "width": 2560,
        "height": 1392,
        "gpuLoad": 0,
        "gpuLoadActive": false,
        "gpuLoadError": "",
        "frozen": false
      },
      "senderSamples": [
        {
          "benchmarkElapsedMs": 0.0027000000000043656,
          "collectedAt": 1788008849490.7,
          "role": "sender",
          "transportMode": "mesh",
          "peerId": "10045ee2",
          "connectionState": "connected",
          "iceConnectionState": "connected",
          "signalingState": "stable",
          "track": {
            "id": "53dfeded-81da-43f7-944c-68f9696b7665",
            "label": "Screen",
            "enabled": true,
            "muted": false,
            "readyState": "live",
            "settings": {
              "aspectRatio": 1.7777777777777777,
              "deviceId": "screen:0:0",
              "frameRate": 60,
              "height": 720,
              "resizeMode": "crop-and-scale",
              "screenPixelRatio": 1,
              "width": 1280
            },
            "constraints": {
              "frameRate": {
                "max": 60,
                "ideal": 60
              },
              "height": {
                "max": 720,
                "ideal": 720
              },
              "width": {
                "max": 1280,
                "ideal": 1280
              }
            }
          },
          "senderParameters": {
            "degradationPreference": "maintain-resolution",
            "transactionId": "58c4815b-5b3b-4ffc-b10a-ae7a4592ff84",
            "encodings": [
              {
                "active": true,
                "maxBitrate": 237069,
                "maxFramerate": 60,
                "scaleResolutionDownBy": 1,
                "priority": "high",
                "networkPriority": "high"
              }
            ]
          },
          "adaptation": {
            "profileId": "performance",
            "level": 0,
            "temporalLevel": 0,
            "poorSamples": 0,
            "stableSamples": 0,
            "sourceSamples": 0,
            "networkSamples": 2,
            "sampleCount": 2,
            "cooldownSamples": 0,
            "scale": 1,
            "frameRate": 60,
            "reason": "startup-observation",
            "targetFps": 60,
            "measuredFps": 4.024301699488022,
            "captureFps": 53.65735599317362,
            "encodedFps": 4.024301699488022,
            "encoderDeliveryRatio": 0.07500000000000001,
            "bottleneck": "network",
            "sourceLimited": false,
            "networkPressure": true,
            "capacityPressure": true,
            "transportPressure": true,
            "packetLossPressure": false,
            "retransmissionPressure": false,
            "pacerPressure": true,
            "discardedPacketPressure": false,
            "packetLossRatio": 0,
            "retransmissionRatio": 0,
            "averagePacketSendDelayMs": 193.0209142857143,
            "packetsDiscardedOnSend": 0,
            "pressureSamplesRequired": 2,
            "networkSustained": true,
            "networkHeadroomRatio": 0.08178175,
            "requiredBitrate": 8000000,
            "recoveryRequiredBitrate": 8000000,
            "networkRecoveryHeadroomRatio": 0.08178175,
            "networkRecoveryReady": true,
            "projectedRecoveryEncodeMs": 4.666666666666667,
            "encoderRecoveryReady": true,
            "encoderTrial": null,
            "downscaleEffectiveness": {
              "status": "idle",
              "samplesObserved": 0,
              "samplesRequired": 3,
              "requiredDeliveryGain": 0.08,
              "requiredEncodeCostReductionRatio": 0.15
            },
            "averageEncodeTimeMs": 4.666666666666667,
            "fpsEma": 1.690206713784969,
            "encodeEma": 4.666666666666667,
            "effectiveWidth": 1280,
            "effectiveHeight": 720,
            "temporalChanged": false,
            "softwareEncoder": false,
            "encoderImplementation": "MediaFoundationVideoEncodeAccelerator (NVIDIA H.264 Encoder MFT)",
            "trackId": "53dfeded-81da-43f7-944c-68f9696b7665"
          },
          "videoCodecPolicyKey": "hardware-or-unknown",
          "videoMutationCounts": {
            "total": 2,
            "structural": 1,
            "bitrate": 2,
            "active": 0,
            "track": 1
          },
          "lastVideoMutation": {
            "sequence": 2,
            "type": "adapt",
            "timestampMs": 1788008848083,
            "peerId": "10045ee2",
            "structural": false,
            "bitrate": true,
            "active": false,
            "trackChanged": false,
            "before": {
              "trackId": "53dfeded-81da-43f7-944c-68f9696b7665",
              "degradationPreference": "maintain-resolution",
              "encodings": [
                {
                  "active": true,
                  "maxBitrate": 8000000,
                  "maxFramerate": 60,
                  "scaleResolutionDownBy": 1,
                  "scalabilityMode": null
                }
              ]
            },
            "after": {
              "trackId": "53dfeded-81da-43f7-944c-68f9696b7665",
              "degradationPreference": "maintain-resolution",
              "encodings": [
                {
                  "active": true,
                  "maxBitrate": 237069,
                  "maxFramerate": 60,
                  "scaleResolutionDownBy": 1,
                  "scalabilityMode": null
                }
              ]
            },
            "countersBeforeNextSample": {
              "keyFramesEncoded": 0,
              "hugeFramesSent": 0,
              "nackCount": 0,
              "pliCount": 0,
              "firCount": 0,
              "bytesSent": 0
            },
            "profileId": "performance",
            "adaptationReason": "network-observation",
            "adaptationLevel": 0,
            "temporalLevel": 0
          },
          "jitterBufferTarget": null,
          "topology": {
            "sfuViewerCount": 0,
            "sfuConsumerCount": 0,
            "meshScreenSenders": 1,
            "meshActiveScreenSenders": 1,
            "meshViaSfuCount": 0,
            "meshBytesSentTotal": 65005,
            "publisherUploadBytes": 65005
          },
          "reports": {
            "source": {
              "id": "SV2",
              "timestamp": 1788008849490.002,
              "trackIdentifier": "53dfeded-81da-43f7-944c-68f9696b7665",
              "kind": "video",
              "width": 1280,
              "height": 720,
              "frames": 84,
              "framesPerSecond": 57
            },
            "outbound": {
              "id": "OT01V4281736207",
              "timestamp": 1788008849490.002,
              "ssrc": 4281736207,
              "kind": "video",
              "mid": "1",
              "active": true,
              "codecId": "COT01_103_level-asymmetry-allowed=1;packetization-mode=1;profile-level-id=42001f",
              "mediaSourceId": "SV2",
              "remoteId": "RIV4281736207",
              "transportId": "T01",
              "bytesSent": 65005,
              "headerBytesSent": 3470,
              "packetsSent": 70,
              "retransmittedBytesSent": 0,
              "retransmittedPacketsSent": 0,
              "framesEncoded": 6,
              "framesSent": 6,
              "hugeFramesSent": 6,
              "keyFramesEncoded": 1,
              "framesPerSecond": 2,
              "frameWidth": 1280,
              "frameHeight": 720,
              "qpSum": 295,
              "totalEncodeTime": 0.028,
              "totalEncodedBytesTarget": 0,
              "totalPacketSendDelay": 13.511464,
              "targetBitrate": 197500,
              "qualityLimitationReason": "none",
              "qualityLimitationDurations": {
                "bandwidth": 0,
                "cpu": 0,
                "none": 1.593,
                "other": 0
              },
              "qualityLimitationResolutionChanges": 0,
              "nackCount": 0,
              "firCount": 0,
              "pliCount": 0,
              "encoderImplementation": "MediaFoundationVideoEncodeAccelerator (NVIDIA H.264 Encoder MFT)",
              "powerEfficientEncoder": true
            },
            "remoteInbound": {
              "id": "RIV4281736207",
              "timestamp": 1788008849484.668,
              "ssrc": 4281736207,
              "kind": "video",
              "codecId": "COT01_103_level-asymmetry-allowed=1;packetization-mode=1;profile-level-id=42001f",
              "localId": "OT01V4281736207",
              "transportId": "T01",
              "packetsLost": 0,
              "jitter": 0.052565999999999995,
              "roundTripTime": 0.001,
              "totalRoundTripTime": 0.001,
              "roundTripTimeMeasurements": 1,
              "fractionLost": 0
            },
            "inbound": null,
            "remoteOutbound": null,
            "codec": {
              "id": "COT01_103_level-asymmetry-allowed=1;packetization-mode=1;profile-level-id=42001f",
              "timestamp": 1788008849490.002,
              "payloadType": 103,
              "mimeType": "video/H264",
              "clockRate": 90000,
              "sdpFmtpLine": "level-asymmetry-allowed=1;packetization-mode=1;profile-level-id=42001f"
            },
            "transport": {
              "id": "T01",
              "timestamp": 1788008849490.002,
              "bytesSent": 85303,
              "bytesReceived": 14533,
              "packetsSent": 242,
              "packetsReceived": 172,
              "selectedCandidatePairId": "CPYz1LktHt_Q+lLCKLz",
              "dtlsState": "connected",
              "iceRole": "controlled"
            },
            "candidatePair": {
              "id": "CPYz1LktHt_Q+lLCKLz",
              "timestamp": 1788008849490.002,
              "state": "succeeded",
              "nominated": true,
              "writable": true,
              "bytesSent": 80365,
              "bytesReceived": 10849,
              "currentRoundTripTime": 0,
              "totalRoundTripTime": 0.002,
              "responsesReceived": 5,
              "availableOutgoingBitrate": 666981,
              "requestsReceived": 5,
              "requestsSent": 5,
              "localCandidateId": "IYz1LktHt",
              "remoteCandidateId": "IQ+lLCKLz",
              "packetsDiscardedOnSend": 0,
              "bytesDiscardedOnSend": 0
            },
            "localCandidate": {
              "id": "IYz1LktHt",
              "timestamp": 1788008849490.002,
              "candidateType": "host",
              "protocol": "udp",
              "networkType": "ethernet",
              "address": "fdfd::1ab2:41f1",
              "port": 55625,
              "priority": 2122199807
            },
            "remoteCandidate": {
              "id": "IQ+lLCKLz",
              "timestamp": 1788008849490.002,
              "candidateType": "host",
              "protocol": "udp",
              "address": "fdfd::1ab2:41f1",
              "port": 59077,
              "priority": 2122199807
            }
          }
        },
        {
          "benchmarkElapsedMs": 250.09009999999944,
          "collectedAt": 1788008849741,
          "role": "sender",
          "transportMode": "mesh",
          "peerId": "10045ee2",
          "connectionState": "connected",
          "iceConnectionState": "connected",
          "signalingState": "stable",
          "track": {
            "id": "53dfeded-81da-43f7-944c-68f9696b7665",
            "label": "Screen",
            "enabled": true,
            "muted": false,
            "readyState": "live",
            "settings": {
              "aspectRatio": 1.7777777777777777,
              "deviceId": "screen:0:0",
              "frameRate": 60,
              "height": 720,
              "resizeMode": "crop-and-scale",
              "screenPixelRatio": 1,
              "width": 1280
            },
            "constraints": {
              "frameRate": {
                "max": 60,
                "ideal": 60
              },
              "height": {
                "max": 720,
                "ideal": 720
              },
              "width": {
                "max": 1280,
                "ideal": 1280
              }
            }
          },
          "senderParameters": {
            "degradationPreference": "maintain-resolution",
            "transactionId": "8bee2d65-9247-4edd-8444-65822311115f",
            "encodings": [
              {
                "active": true,
                "maxBitrate": 237069,
                "maxFramerate": 60,
                "scaleResolutionDownBy": 1,
                "priority": "high",
                "networkPriority": "high"
              }
            ]
          },
          "adaptation": {
            "profileId": "performance",
            "level": 0,
            "temporalLevel": 0,
            "poorSamples": 0,
            "stableSamples": 0,
            "sourceSamples": 0,
            "networkSamples": 2,
            "sampleCount": 2,
            "cooldownSamples": 0,
            "scale": 1,
            "frameRate": 60,
            "reason": "startup-observation",
            "targetFps": 60,
            "measuredFps": 4.024301699488022,
            "captureFps": 53.65735599317362,
            "encodedFps": 4.024301699488022,
            "encoderDeliveryRatio": 0.07500000000000001,
            "bottleneck": "network",
            "sourceLimited": false,
            "networkPressure": true,
            "capacityPressure": true,
            "transportPressure": true,
            "packetLossPressure": false,
            "retransmissionPressure": false,
            "pacerPressure": true,
            "discardedPacketPressure": false,
            "packetLossRatio": 0,
            "retransmissionRatio": 0,
            "averagePacketSendDelayMs": 193.0209142857143,
            "packetsDiscardedOnSend": 0,
            "pressureSamplesRequired": 2,
            "networkSustained": true,
            "networkHeadroomRatio": 0.08178175,
            "requiredBitrate": 8000000,
            "recoveryRequiredBitrate": 8000000,
            "networkRecoveryHeadroomRatio": 0.08178175,
            "networkRecoveryReady": true,
            "projectedRecoveryEncodeMs": 4.666666666666667,
            "encoderRecoveryReady": true,
            "encoderTrial": null,
            "downscaleEffectiveness": {
              "status": "idle",
              "samplesObserved": 0,
              "samplesRequired": 3,
              "requiredDeliveryGain": 0.08,
              "requiredEncodeCostReductionRatio": 0.15
            },
            "averageEncodeTimeMs": 4.666666666666667,
            "fpsEma": 1.690206713784969,
            "encodeEma": 4.666666666666667,
            "effectiveWidth": 1280,
            "effectiveHeight": 720,
            "temporalChanged": false,
            "softwareEncoder": false,
            "encoderImplementation": "MediaFoundationVideoEncodeAccelerator (NVIDIA H.264 Encoder MFT)",
            "trackId": "53dfeded-81da-43f7-944c-68f9696b7665"
          },
          "videoCodecPolicyKey": "hardware-or-unknown",
          "videoMutationCounts": {
            "total": 2,
            "structural": 1,
            "bitrate": 2,
            "active": 0,
            "track": 1
          },
          "lastVideoMutation": {
            "sequence": 2,
            "type": "adapt",
            "timestampMs": 1788008848083,
            "peerId": "10045ee2",
            "structural": false,
            "bitrate": true,
            "active": false,
            "trackChanged": false,
            "before": {
              "trackId": "53dfeded-81da-43f7-944c-68f9696b7665",
              "degradationPreference": "maintain-resolution",
              "encodings": [
                {
                  "active": true,
                  "maxBitrate": 8000000,
                  "maxFramerate": 60,
                  "scaleResolutionDownBy": 1,
                  "scalabilityMode": null
                }
              ]
            },
            "after": {
              "trackId": "53dfeded-81da-43f7-944c-68f9696b7665",
              "degradationPreference": "maintain-resolution",
              "encodings": [
                {
                  "active": true,
                  "maxBitrate": 237069,
                  "maxFramerate": 60,
                  "scaleResolutionDownBy": 1,
                  "scalabilityMode": null
                }
              ]
            },
            "countersBeforeNextSample": {
              "keyFramesEncoded": 0,
              "hugeFramesSent": 0,
              "nackCount": 0,
              "pliCount": 0,
              "firCount": 0,
              "bytesSent": 0
            },
            "profileId": "performance",
            "adaptationReason": "network-observation",
            "adaptationLevel": 0,
            "temporalLevel": 0
          },
          "jitterBufferTarget": null,
          "topology": {
            "sfuViewerCount": 0,
            "sfuConsumerCount": 0,
            "meshScreenSenders": 1,
            "meshActiveScreenSenders": 1,
            "meshViaSfuCount": 0,
            "meshBytesSentTotal": 73764,
            "publisherUploadBytes": 73764
          },
          "reports": {
            "source": {
              "id": "SV2",
              "timestamp": 1788008849740.096,
              "trackIdentifier": "53dfeded-81da-43f7-944c-68f9696b7665",
              "kind": "video",
              "width": 1280,
              "height": 720,
              "frames": 98,
              "framesPerSecond": 57
            },
            "outbound": {
              "id": "OT01V4281736207",
              "timestamp": 1788008849740.096,
              "ssrc": 4281736207,
              "kind": "video",
              "mid": "1",
              "active": true,
              "codecId": "COT01_103_level-asymmetry-allowed=1;packetization-mode=1;profile-level-id=42001f",
              "mediaSourceId": "SV2",
              "remoteId": "RIV4281736207",
              "transportId": "T01",
              "bytesSent": 73764,
              "headerBytesSent": 3702,
              "packetsSent": 79,
              "retransmittedBytesSent": 0,
              "retransmittedPacketsSent": 0,
              "framesEncoded": 7,
              "framesSent": 7,
              "hugeFramesSent": 7,
              "keyFramesEncoded": 1,
              "framesPerSecond": 3,
              "frameWidth": 1280,
              "frameHeight": 720,
              "qpSum": 346,
              "totalEncodeTime": 0.031,
              "totalEncodedBytesTarget": 0,
              "totalPacketSendDelay": 13.773385999999999,
              "targetBitrate": 197500,
              "qualityLimitationReason": "none",
              "qualityLimitationDurations": {
                "bandwidth": 0,
                "cpu": 0,
                "none": 1.843,
                "other": 0
              },
              "qualityLimitationResolutionChanges": 0,
              "nackCount": 0,
              "firCount": 0,
              "pliCount": 0,
              "encoderImplementation": "MediaFoundationVideoEncodeAccelerator (NVIDIA H.264 Encoder MFT)",
              "powerEfficientEncoder": true
            },
            "remoteInbound": {
              "id": "RIV4281736207",
              "timestamp": 1788008849484.668,
              "ssrc": 4281736207,
              "kind": "video",
              "codecId": "COT01_103_level-asymmetry-allowed=1;packetization-mode=1;profile-level-id=42001f",
              "localId": "OT01V4281736207",
              "transportId": "T01",
              "packetsLost": 0,
              "jitter": 0.052565999999999995,
              "roundTripTime": 0.001,
              "totalRoundTripTime": 0.001,
              "roundTripTimeMeasurements": 1,
              "fractionLost": 0
            },
            "inbound": null,
            "remoteOutbound": null,
            "codec": {
              "id": "COT01_103_level-asymmetry-allowed=1;packetization-mode=1;profile-level-id=42001f",
              "timestamp": 1788008849740.096,
              "payloadType": 103,
              "mimeType": "video/H264",
              "clockRate": 90000,
              "sdpFmtpLine": "level-asymmetry-allowed=1;packetization-mode=1;profile-level-id=42001f"
            },
            "transport": {
              "id": "T01",
              "timestamp": 1788008849740.096,
              "bytesSent": 95984,
              "bytesReceived": 16275,
              "packetsSent": 268,
              "packetsReceived": 191,
              "selectedCandidatePairId": "CPYz1LktHt_Q+lLCKLz",
              "dtlsState": "connected",
              "iceRole": "controlled"
            },
            "candidatePair": {
              "id": "CPYz1LktHt_Q+lLCKLz",
              "timestamp": 1788008849740.096,
              "state": "succeeded",
              "nominated": true,
              "writable": true,
              "bytesSent": 91046,
              "bytesReceived": 12591,
              "currentRoundTripTime": 0,
              "totalRoundTripTime": 0.002,
              "responsesReceived": 5,
              "availableOutgoingBitrate": 666981,
              "requestsReceived": 5,
              "requestsSent": 5,
              "localCandidateId": "IYz1LktHt",
              "remoteCandidateId": "IQ+lLCKLz",
              "packetsDiscardedOnSend": 0,
              "bytesDiscardedOnSend": 0
            },
            "localCandidate": {
              "id": "IYz1LktHt",
              "timestamp": 1788008849740.096,
              "candidateType": "host",
              "protocol": "udp",
              "networkType": "ethernet",
              "address": "fdfd::1ab2:41f1",
              "port": 55625,
              "priority": 2122199807
            },
            "remoteCandidate": {
              "id": "IQ+lLCKLz",
              "timestamp": 1788008849740.096,
              "candidateType": "host",
              "protocol": "udp",
              "address": "fdfd::1ab2:41f1",
              "port": 59077,
              "priority": 2122199807
            }
          }
        },
        {
          "benchmarkElapsedMs": 499.90160000000014,
          "collectedAt": 1788008849990.7,
          "role": "sender",
          "transportMode": "mesh",
          "peerId": "10045ee2",
          "connectionState": "connected",
          "iceConnectionState": "connected",
          "signalingState": "stable",
          "track": {
            "id": "53dfeded-81da-43f7-944c-68f9696b7665",
            "label": "Screen",
            "enabled": true,
            "muted": false,
            "readyState": "live",
            "settings": {
              "aspectRatio": 1.7777777777777777,
              "deviceId": "screen:0:0",
              "frameRate": 60,
              "height": 720,
              "resizeMode": "crop-and-scale",
              "screenPixelRatio": 1,
              "width": 1280
            },
            "constraints": {
              "frameRate": {
                "max": 60,
                "ideal": 60
              },
              "height": {
                "max": 720,
                "ideal": 720
              },
              "width": {
                "max": 1280,
                "ideal": 1280
              }
            }
          },
          "senderParameters": {
            "degradationPreference": "maintain-resolution",
            "transactionId": "149d430f-68ee-431c-b753-40a889ca03fe",
            "encodings": [
              {
                "active": true,
                "maxBitrate": 237069,
                "maxFramerate": 60,
                "scaleResolutionDownBy": 1,
                "priority": "high",
                "networkPriority": "high"
              }
            ]
          },
          "adaptation": {
            "profileId": "performance",
            "level": 0,
            "temporalLevel": 0,
            "poorSamples": 0,
            "stableSamples": 0,
            "sourceSamples": 0,
            "networkSamples": 2,
            "sampleCount": 2,
            "cooldownSamples": 0,
            "scale": 1,
            "frameRate": 60,
            "reason": "startup-observation",
            "targetFps": 60,
            "measuredFps": 4.024301699488022,
            "captureFps": 53.65735599317362,
            "encodedFps": 4.024301699488022,
            "encoderDeliveryRatio": 0.07500000000000001,
            "bottleneck": "network",
            "sourceLimited": false,
            "networkPressure": true,
            "capacityPressure": true,
            "transportPressure": true,
            "packetLossPressure": false,
            "retransmissionPressure": false,
            "pacerPressure": true,
            "discardedPacketPressure": false,
            "packetLossRatio": 0,
            "retransmissionRatio": 0,
            "averagePacketSendDelayMs": 193.0209142857143,
            "packetsDiscardedOnSend": 0,
            "pressureSamplesRequired": 2,
            "networkSustained": true,
            "networkHeadroomRatio": 0.08178175,
            "requiredBitrate": 8000000,
            "recoveryRequiredBitrate": 8000000,
            "networkRecoveryHeadroomRatio": 0.08178175,
            "networkRecoveryReady": true,
            "projectedRecoveryEncodeMs": 4.666666666666667,
            "encoderRecoveryReady": true,
            "encoderTrial": null,
            "downscaleEffectiveness": {
              "status": "idle",
              "samplesObserved": 0,
              "samplesRequired": 3,
              "requiredDeliveryGain": 0.08,
              "requiredEncodeCostReductionRatio": 0.15
            },
            "averageEncodeTimeMs": 4.666666666666667,
            "fpsEma": 1.690206713784969,
            "encodeEma": 4.666666666666667,
            "effectiveWidth": 1280,
            "effectiveHeight": 720,
            "temporalChanged": false,
            "softwareEncoder": false,
            "encoderImplementation": "MediaFoundationVideoEncodeAccelerator (NVIDIA H.264 Encoder MFT)",
            "trackId": "53dfeded-81da-43f7-944c-68f9696b7665"
          },
          "videoCodecPolicyKey": "hardware-or-unknown",
          "videoMutationCounts": {
            "total": 2,
            "structural": 1,
            "bitrate": 2,
            "active": 0,
            "track": 1
          },
          "lastVideoMutation": {
            "sequence": 2,
            "type": "adapt",
            "timestampMs": 1788008848083,
            "peerId": "10045ee2",
            "structural": false,
            "bitrate": true,
            "active": false,
            "trackChanged": false,
            "before": {
              "trackId": "53dfeded-81da-43f7-944c-68f9696b7665",
              "degradationPreference": "maintain-resolution",
              "encodings": [
                {
                  "active": true,
                  "maxBitrate": 8000000,
                  "maxFramerate": 60,
                  "scaleResolutionDownBy": 1,
                  "scalabilityMode": null
                }
              ]
            },
            "after": {
              "trackId": "53dfeded-81da-43f7-944c-68f9696b7665",
              "degradationPreference": "maintain-resolution",
              "encodings": [
                {
                  "active": true,
                  "maxBitrate": 237069,
                  "maxFramerate": 60,
                  "scaleResolutionDownBy": 1,
                  "scalabilityMode": null
                }
              ]
            },
            "countersBeforeNextSample": {
              "keyFramesEncoded": 0,
              "hugeFramesSent": 0,
              "nackCount": 0,
              "pliCount": 0,
              "firCount": 0,
              "bytesSent": 0
            },
            "profileId": "performance",
            "adaptationReason": "network-observation",
            "adaptationLevel": 0,
            "temporalLevel": 0
          },
          "jitterBufferTarget": null,
          "topology": {
            "sfuViewerCount": 0,
            "sfuConsumerCount": 0,
            "meshScreenSenders": 1,
            "meshActiveScreenSenders": 1,
            "meshViaSfuCount": 0,
            "meshBytesSentTotal": 81564,
            "publisherUploadBytes": 81564
          },
          "reports": {
            "source": {
              "id": "SV2",
              "timestamp": 1788008849989.903,
              "trackIdentifier": "53dfeded-81da-43f7-944c-68f9696b7665",
              "kind": "video",
              "width": 1280,
              "height": 720,
              "frames": 113,
              "framesPerSecond": 58
            },
            "outbound": {
              "id": "OT01V4281736207",
              "timestamp": 1788008849989.903,
              "ssrc": 4281736207,
              "kind": "video",
              "mid": "1",
              "active": true,
              "codecId": "COT01_103_level-asymmetry-allowed=1;packetization-mode=1;profile-level-id=42001f",
              "mediaSourceId": "SV2",
              "remoteId": "RIV4281736207",
              "transportId": "T01",
              "bytesSent": 81564,
              "headerBytesSent": 3894,
              "packetsSent": 87,
              "retransmittedBytesSent": 0,
              "retransmittedPacketsSent": 0,
              "framesEncoded": 8,
              "framesSent": 8,
              "hugeFramesSent": 8,
              "keyFramesEncoded": 1,
              "framesPerSecond": 3,
              "frameWidth": 1280,
              "frameHeight": 720,
              "qpSum": 397,
              "totalEncodeTime": 0.034,
              "totalEncodedBytesTarget": 0,
              "totalPacketSendDelay": 13.955668999999999,
              "targetBitrate": 197500,
              "qualityLimitationReason": "none",
              "qualityLimitationDurations": {
                "bandwidth": 0,
                "cpu": 0,
                "none": 2.093,
                "other": 0
              },
              "qualityLimitationResolutionChanges": 0,
              "nackCount": 0,
              "firCount": 0,
              "pliCount": 0,
              "encoderImplementation": "MediaFoundationVideoEncodeAccelerator (NVIDIA H.264 Encoder MFT)",
              "powerEfficientEncoder": true
            },
            "remoteInbound": {
              "id": "RIV4281736207",
              "timestamp": 1788008849484.668,
              "ssrc": 4281736207,
              "kind": "video",
              "codecId": "COT01_103_level-asymmetry-allowed=1;packetization-mode=1;profile-level-id=42001f",
              "localId": "OT01V4281736207",
              "transportId": "T01",
              "packetsLost": 0,
              "jitter": 0.052565999999999995,
              "roundTripTime": 0.001,
              "totalRoundTripTime": 0.001,
              "roundTripTimeMeasurements": 1,
              "fractionLost": 0
            },
            "inbound": null,
            "remoteOutbound": null,
            "codec": {
              "id": "COT01_103_level-asymmetry-allowed=1;packetization-mode=1;profile-level-id=42001f",
              "timestamp": 1788008849989.903,
              "payloadType": 103,
              "mimeType": "video/H264",
              "clockRate": 90000,
              "sdpFmtpLine": "level-asymmetry-allowed=1;packetization-mode=1;profile-level-id=42001f"
            },
            "transport": {
              "id": "T01",
              "timestamp": 1788008849989.903,
              "bytesSent": 105171,
              "bytesReceived": 17302,
              "packetsSent": 293,
              "packetsReceived": 207,
              "selectedCandidatePairId": "CPYz1LktHt_Q+lLCKLz",
              "dtlsState": "connected",
              "iceRole": "controlled"
            },
            "candidatePair": {
              "id": "CPYz1LktHt_Q+lLCKLz",
              "timestamp": 1788008849989.903,
              "state": "succeeded",
              "nominated": true,
              "writable": true,
              "bytesSent": 100233,
              "bytesReceived": 13618,
              "currentRoundTripTime": 0,
              "totalRoundTripTime": 0.002,
              "responsesReceived": 5,
              "availableOutgoingBitrate": 666981,
              "requestsReceived": 5,
              "requestsSent": 5,
              "localCandidateId": "IYz1LktHt",
              "remoteCandidateId": "IQ+lLCKLz",
              "packetsDiscardedOnSend": 0,
              "bytesDiscardedOnSend": 0
            },
            "localCandidate": {
              "id": "IYz1LktHt",
              "timestamp": 1788008849989.903,
              "candidateType": "host",
              "protocol": "udp",
              "networkType": "ethernet",
              "address": "fdfd::1ab2:41f1",
              "port": 55625,
              "priority": 2122199807
            },
            "remoteCandidate": {
              "id": "IQ+lLCKLz",
              "timestamp": 1788008849989.903,
              "candidateType": "host",
              "protocol": "udp",
              "address": "fdfd::1ab2:41f1",
              "port": 59077,
              "priority": 2122199807
            }
          }
        },
        {
          "benchmarkElapsedMs": 750.1193999999996,
          "collectedAt": 1788008850240.8,
          "role": "sender",
          "transportMode": "mesh",
          "peerId": "10045ee2",
          "connectionState": "connected",
          "iceConnectionState": "connected",
          "signalingState": "stable",
          "track": {
            "id": "53dfeded-81da-43f7-944c-68f9696b7665",
            "label": "Screen",
            "enabled": true,
            "muted": false,
            "readyState": "live",
            "settings": {
              "aspectRatio": 1.7777777777777777,
              "deviceId": "screen:0:0",
              "frameRate": 60,
              "height": 720,
              "resizeMode": "crop-and-scale",
              "screenPixelRatio": 1,
              "width": 1280
            },
            "constraints": {
              "frameRate": {
                "max": 60,
                "ideal": 60
              },
              "height": {
                "max": 720,
                "ideal": 720
              },
              "width": {
                "max": 1280,
                "ideal": 1280
              }
            }
          },
          "senderParameters": {
            "degradationPreference": "maintain-resolution",
            "transactionId": "3c05be8b-98cf-45db-afef-1286312b8323",
            "encodings": [
              {
                "active": true,
                "maxBitrate": 237069,
                "maxFramerate": 60,
                "scaleResolutionDownBy": 1,
                "priority": "high",
                "networkPriority": "high"
              }
            ]
          },
          "adaptation": {
            "profileId": "performance",
            "level": 0,
            "temporalLevel": 0,
            "poorSamples": 0,
            "stableSamples": 0,
            "sourceSamples": 0,
            "networkSamples": 2,
            "sampleCount": 2,
            "cooldownSamples": 0,
            "scale": 1,
            "frameRate": 60,
            "reason": "startup-observation",
            "targetFps": 60,
            "measuredFps": 4.024301699488022,
            "captureFps": 53.65735599317362,
            "encodedFps": 4.024301699488022,
            "encoderDeliveryRatio": 0.07500000000000001,
            "bottleneck": "network",
            "sourceLimited": false,
            "networkPressure": true,
            "capacityPressure": true,
            "transportPressure": true,
            "packetLossPressure": false,
            "retransmissionPressure": false,
            "pacerPressure": true,
            "discardedPacketPressure": false,
            "packetLossRatio": 0,
            "retransmissionRatio": 0,
            "averagePacketSendDelayMs": 193.0209142857143,
            "packetsDiscardedOnSend": 0,
            "pressureSamplesRequired": 2,
            "networkSustained": true,
            "networkHeadroomRatio": 0.08178175,
            "requiredBitrate": 8000000,
            "recoveryRequiredBitrate": 8000000,
            "networkRecoveryHeadroomRatio": 0.08178175,
            "networkRecoveryReady": true,
            "projectedRecoveryEncodeMs": 4.666666666666667,
            "encoderRecoveryReady": true,
            "encoderTrial": null,
            "downscaleEffectiveness": {
              "status": "idle",
              "samplesObserved": 0,
              "samplesRequired": 3,
              "requiredDeliveryGain": 0.08,
              "requiredEncodeCostReductionRatio": 0.15
            },
            "averageEncodeTimeMs": 4.666666666666667,
            "fpsEma": 1.690206713784969,
            "encodeEma": 4.666666666666667,
            "effectiveWidth": 1280,
            "effectiveHeight": 720,
            "temporalChanged": false,
            "softwareEncoder": false,
            "encoderImplementation": "MediaFoundationVideoEncodeAccelerator (NVIDIA H.264 Encoder MFT)",
            "trackId": "53dfeded-81da-43f7-944c-68f9696b7665"
          },
          "videoCodecPolicyKey": "hardware-or-unknown",
          "videoMutationCounts": {
            "total": 2,
            "structural": 1,
            "bitrate": 2,
            "active": 0,
            "track": 1
          },
          "lastVideoMutation": {
            "sequence": 2,
            "type": "adapt",
            "timestampMs": 1788008848083,
            "peerId": "10045ee2",
            "structural": false,
            "bitrate": true,
            "active": false,
            "trackChanged": false,
            "before": {
              "trackId": "53dfeded-81da-43f7-944c-68f9696b7665",
              "degradationPreference": "maintain-resolution",
              "encodings": [
                {
                  "active": true,
                  "maxBitrate": 8000000,
                  "maxFramerate": 60,
                  "scaleResolutionDownBy": 1,
                  "scalabilityMode": null
                }
              ]
            },
            "after": {
              "trackId": "53dfeded-81da-43f7-944c-68f9696b7665",
              "degradationPreference": "maintain-resolution",
              "encodings": [
                {
                  "active": true,
                  "maxBitrate": 237069,
                  "maxFramerate": 60,
                  "scaleResolutionDownBy": 1,
                  "scalabilityMode": null
                }
              ]
            },
            "countersBeforeNextSample": {
              "keyFramesEncoded": 0,
              "hugeFramesSent": 0,
              "nackCount": 0,
              "pliCount": 0,
              "firCount": 0,
              "bytesSent": 0
            },
            "profileId": "performance",
            "adaptationReason": "network-observation",
            "adaptationLevel": 0,
            "temporalLevel": 0
          },
          "jitterBufferTarget": null,
          "topology": {
            "sfuViewerCount": 0,
            "sfuConsumerCount": 0,
            "meshScreenSenders": 1,
            "meshActiveScreenSenders": 1,
            "meshViaSfuCount": 0,
            "meshBytesSentTotal": 82663,
            "publisherUploadBytes": 82663
          },
          "reports": {
            "source": {
              "id": "SV2",
              "timestamp": 1788008850240.082,
              "trackIdentifier": "53dfeded-81da-43f7-944c-68f9696b7665",
              "kind": "video",
              "width": 1280,
              "height": 720,
              "frames": 127,
              "framesPerSecond": 57
            },
            "outbound": {
              "id": "OT01V4281736207",
              "timestamp": 1788008850240.082,
              "ssrc": 4281736207,
              "kind": "video",
              "mid": "1",
              "active": true,
              "codecId": "COT01_103_level-asymmetry-allowed=1;packetization-mode=1;profile-level-id=42001f",
              "mediaSourceId": "SV2",
              "remoteId": "RIV4281736207",
              "transportId": "T01",
              "bytesSent": 82663,
              "headerBytesSent": 3934,
              "packetsSent": 88,
              "retransmittedBytesSent": 0,
              "retransmittedPacketsSent": 0,
              "framesEncoded": 8,
              "framesSent": 8,
              "hugeFramesSent": 8,
              "keyFramesEncoded": 1,
              "framesPerSecond": 2,
              "frameWidth": 1280,
              "frameHeight": 720,
              "qpSum": 397,
              "totalEncodeTime": 0.034,
              "totalEncodedBytesTarget": 0,
              "totalPacketSendDelay": 14.04138,
              "targetBitrate": 197500,
              "qualityLimitationReason": "none",
              "qualityLimitationDurations": {
                "bandwidth": 0,
                "cpu": 0,
                "none": 2.343,
                "other": 0
              },
              "qualityLimitationResolutionChanges": 0,
              "nackCount": 0,
              "firCount": 0,
              "pliCount": 0,
              "encoderImplementation": "MediaFoundationVideoEncodeAccelerator (NVIDIA H.264 Encoder MFT)",
              "powerEfficientEncoder": true
            },
            "remoteInbound": {
              "id": "RIV4281736207",
              "timestamp": 1788008849484.668,
              "ssrc": 4281736207,
              "kind": "video",
              "codecId": "COT01_103_level-asymmetry-allowed=1;packetization-mode=1;profile-level-id=42001f",
              "localId": "OT01V4281736207",
              "transportId": "T01",
              "packetsLost": 0,
              "jitter": 0.052565999999999995,
              "roundTripTime": 0.001,
              "totalRoundTripTime": 0.001,
              "roundTripTimeMeasurements": 1,
              "fractionLost": 0
            },
            "inbound": null,
            "remoteOutbound": null,
            "codec": {
              "id": "COT01_103_level-asymmetry-allowed=1;packetization-mode=1;profile-level-id=42001f",
              "timestamp": 1788008850240.082,
              "payloadType": 103,
              "mimeType": "video/H264",
              "clockRate": 90000,
              "sdpFmtpLine": "level-asymmetry-allowed=1;packetization-mode=1;profile-level-id=42001f"
            },
            "transport": {
              "id": "T01",
              "timestamp": 1788008850240.082,
              "bytesSent": 107908,
              "bytesReceived": 18861,
              "packetsSent": 311,
              "packetsReceived": 224,
              "selectedCandidatePairId": "CPYz1LktHt_Q+lLCKLz",
              "dtlsState": "connected",
              "iceRole": "controlled"
            },
            "candidatePair": {
              "id": "CPYz1LktHt_Q+lLCKLz",
              "timestamp": 1788008850240.082,
              "state": "succeeded",
              "nominated": true,
              "writable": true,
              "bytesSent": 102970,
              "bytesReceived": 15177,
              "currentRoundTripTime": 0,
              "totalRoundTripTime": 0.002,
              "responsesReceived": 5,
              "availableOutgoingBitrate": 666981,
              "requestsReceived": 5,
              "requestsSent": 5,
              "localCandidateId": "IYz1LktHt",
              "remoteCandidateId": "IQ+lLCKLz",
              "packetsDiscardedOnSend": 0,
              "bytesDiscardedOnSend": 0
            },
            "localCandidate": {
              "id": "IYz1LktHt",
              "timestamp": 1788008850240.082,
              "candidateType": "host",
              "protocol": "udp",
              "networkType": "ethernet",
              "address": "fdfd::1ab2:41f1",
              "port": 55625,
              "priority": 2122199807
            },
            "remoteCandidate": {
              "id": "IQ+lLCKLz",
              "timestamp": 1788008850240.082,
              "candidateType": "host",
              "protocol": "udp",
              "address": "fdfd::1ab2:41f1",
              "port": 59077,
              "priority": 2122199807
            }
          }
        },
        {
          "benchmarkElapsedMs": 1000.1050999999998,
          "collectedAt": 1788008850491.4,
          "role": "sender",
          "transportMode": "mesh",
          "peerId": "10045ee2",
          "connectionState": "connected",
          "iceConnectionState": "connected",
          "signalingState": "stable",
          "track": {
            "id": "53dfeded-81da-43f7-944c-68f9696b7665",
            "label": "Screen",
            "enabled": true,
            "muted": false,
            "readyState": "live",
            "settings": {
              "aspectRatio": 1.7777777777777777,
              "deviceId": "screen:0:0",
              "frameRate": 60,
              "height": 720,
              "resizeMode": "crop-and-scale",
              "screenPixelRatio": 1,
              "width": 1280
            },
            "constraints": {
              "frameRate": {
                "max": 60,
                "ideal": 60
              },
              "height": {
                "max": 720,
                "ideal": 720
              },
              "width": {
                "max": 1280,
                "ideal": 1280
              }
            }
          },
          "senderParameters": {
            "degradationPreference": "maintain-resolution",
            "transactionId": "b1d14f99-36d0-4be4-893b-2a5d6c8d29f1",
            "encodings": [
              {
                "active": true,
                "maxBitrate": 237069,
                "maxFramerate": 60,
                "scaleResolutionDownBy": 1,
                "priority": "high",
                "networkPriority": "high"
              }
            ]
          },
          "adaptation": {
            "profileId": "performance",
            "level": 0,
            "temporalLevel": 0,
            "poorSamples": 0,
            "stableSamples": 0,
            "sourceSamples": 0,
            "networkSamples": 2,
            "sampleCount": 2,
            "cooldownSamples": 0,
            "scale": 1,
            "frameRate": 60,
            "reason": "startup-observation",
            "targetFps": 60,
            "measuredFps": 4.024301699488022,
            "captureFps": 53.65735599317362,
            "encodedFps": 4.024301699488022,
            "encoderDeliveryRatio": 0.07500000000000001,
            "bottleneck": "network",
            "sourceLimited": false,
            "networkPressure": true,
            "capacityPressure": true,
            "transportPressure": true,
            "packetLossPressure": false,
            "retransmissionPressure": false,
            "pacerPressure": true,
            "discardedPacketPressure": false,
            "packetLossRatio": 0,
            "retransmissionRatio": 0,
            "averagePacketSendDelayMs": 193.0209142857143,
            "packetsDiscardedOnSend": 0,
            "pressureSamplesRequired": 2,
            "networkSustained": true,
            "networkHeadroomRatio": 0.08178175,
            "requiredBitrate": 8000000,
            "recoveryRequiredBitrate": 8000000,
            "networkRecoveryHeadroomRatio": 0.08178175,
            "networkRecoveryReady": true,
            "projectedRecoveryEncodeMs": 4.666666666666667,
            "encoderRecoveryReady": true,
            "encoderTrial": null,
            "downscaleEffectiveness": {
              "status": "idle",
              "samplesObserved": 0,
              "samplesRequired": 3,
              "requiredDeliveryGain": 0.08,
              "requiredEncodeCostReductionRatio": 0.15
            },
            "averageEncodeTimeMs": 4.666666666666667,
            "fpsEma": 1.690206713784969,
            "encodeEma": 4.666666666666667,
            "effectiveWidth": 1280,
            "effectiveHeight": 720,
            "temporalChanged": false,
            "softwareEncoder": false,
            "encoderImplementation": "MediaFoundationVideoEncodeAccelerator (NVIDIA H.264 Encoder MFT)",
            "trackId": "53dfeded-81da-43f7-944c-68f9696b7665"
          },
          "videoCodecPolicyKey": "hardware-or-unknown",
          "videoMutationCounts": {
            "total": 2,
            "structural": 1,
            "bitrate": 2,
            "active": 0,
            "track": 1
          },
          "lastVideoMutation": {
            "sequence": 2,
            "type": "adapt",
            "timestampMs": 1788008848083,
            "peerId": "10045ee2",
            "structural": false,
            "bitrate": true,
            "active": false,
            "trackChanged": false,
            "before": {
              "trackId": "53dfeded-81da-43f7-944c-68f9696b7665",
              "degradationPreference": "maintain-resolution",
              "encodings": [
                {
                  "active": true,
                  "maxBitrate": 8000000,
                  "maxFramerate": 60,
                  "scaleResolutionDownBy": 1,
                  "scalabilityMode": null
                }
              ]
            },
            "after": {
              "trackId": "53dfeded-81da-43f7-944c-68f9696b7665",
              "degradationPreference": "maintain-resolution",
              "encodings": [
                {
                  "active": true,
                  "maxBitrate": 237069,
                  "maxFramerate": 60,
                  "scaleResolutionDownBy": 1,
                  "scalabilityMode": null
                }
              ]
            },
            "countersBeforeNextSample": {
              "keyFramesEncoded": 0,
              "hugeFramesSent": 0,
              "nackCount": 0,
              "pliCount": 0,
              "firCount": 0,
              "bytesSent": 0
            },
            "profileId": "performance",
            "adaptationReason": "network-observation",
            "adaptationLevel": 0,
            "temporalLevel": 0
          },
          "jitterBufferTarget": null,
          "topology": {
            "sfuViewerCount": 0,
            "sfuConsumerCount": 0,
            "meshScreenSenders": 1,
            "meshActiveScreenSenders": 1,
            "meshViaSfuCount": 0,
            "meshBytesSentTotal": 91587,
            "publisherUploadBytes": 91587
          },
          "reports": {
            "source": {
              "id": "SV2",
              "timestamp": 1788008850490.624,
              "trackIdentifier": "53dfeded-81da-43f7-944c-68f9696b7665",
              "kind": "video",
              "width": 1280,
              "height": 720,
              "frames": 141,
              "framesPerSecond": 57
            },
            "outbound": {
              "id": "OT01V4281736207",
              "timestamp": 1788008850490.624,
              "ssrc": 4281736207,
              "kind": "video",
              "mid": "1",
              "active": true,
              "codecId": "COT01_103_level-asymmetry-allowed=1;packetization-mode=1;profile-level-id=42001f",
              "mediaSourceId": "SV2",
              "remoteId": "RIV4281736207",
              "transportId": "T01",
              "bytesSent": 91587,
              "headerBytesSent": 4166,
              "packetsSent": 97,
              "retransmittedBytesSent": 0,
              "retransmittedPacketsSent": 0,
              "framesEncoded": 9,
              "framesSent": 9,
              "hugeFramesSent": 9,
              "keyFramesEncoded": 1,
              "framesPerSecond": 3,
              "frameWidth": 1280,
              "frameHeight": 720,
              "qpSum": 448,
              "totalEncodeTime": 0.037,
              "totalEncodedBytesTarget": 0,
              "totalPacketSendDelay": 14.335958999999999,
              "targetBitrate": 197500,
              "qualityLimitationReason": "none",
              "qualityLimitationDurations": {
                "bandwidth": 0,
                "cpu": 0,
                "none": 2.594,
                "other": 0
              },
              "qualityLimitationResolutionChanges": 0,
              "nackCount": 0,
              "firCount": 0,
              "pliCount": 0,
              "encoderImplementation": "MediaFoundationVideoEncodeAccelerator (NVIDIA H.264 Encoder MFT)",
              "powerEfficientEncoder": true
            },
            "remoteInbound": {
              "id": "RIV4281736207",
              "timestamp": 1788008849484.668,
              "ssrc": 4281736207,
              "kind": "video",
              "codecId": "COT01_103_level-asymmetry-allowed=1;packetization-mode=1;profile-level-id=42001f",
              "localId": "OT01V4281736207",
              "transportId": "T01",
              "packetsLost": 0,
              "jitter": 0.052565999999999995,
              "roundTripTime": 0.001,
              "totalRoundTripTime": 0.001,
              "roundTripTimeMeasurements": 1,
              "fractionLost": 0
            },
            "inbound": null,
            "remoteOutbound": null,
            "codec": {
              "id": "COT01_103_level-asymmetry-allowed=1;packetization-mode=1;profile-level-id=42001f",
              "timestamp": 1788008850490.624,
              "payloadType": 103,
              "mimeType": "video/H264",
              "clockRate": 90000,
              "sdpFmtpLine": "level-asymmetry-allowed=1;packetization-mode=1;profile-level-id=42001f"
            },
            "transport": {
              "id": "T01",
              "timestamp": 1788008850490.624,
              "bytesSent": 118557,
              "bytesReceived": 20149,
              "packetsSent": 337,
              "packetsReceived": 240,
              "selectedCandidatePairId": "CPYz1LktHt_Q+lLCKLz",
              "dtlsState": "connected",
              "iceRole": "controlled"
            },
            "candidatePair": {
              "id": "CPYz1LktHt_Q+lLCKLz",
              "timestamp": 1788008850490.624,
              "state": "succeeded",
              "nominated": true,
              "writable": true,
              "bytesSent": 113619,
              "bytesReceived": 16465,
              "currentRoundTripTime": 0,
              "totalRoundTripTime": 0.002,
              "responsesReceived": 5,
              "availableOutgoingBitrate": 666981,
              "requestsReceived": 5,
              "requestsSent": 5,
              "localCandidateId": "IYz1LktHt",
              "remoteCandidateId": "IQ+lLCKLz",
              "packetsDiscardedOnSend": 0,
              "bytesDiscardedOnSend": 0
            },
            "localCandidate": {
              "id": "IYz1LktHt",
              "timestamp": 1788008850490.624,
              "candidateType": "host",
              "protocol": "udp",
              "networkType": "ethernet",
              "address": "fdfd::1ab2:41f1",
              "port": 55625,
              "priority": 2122199807
            },
            "remoteCandidate": {
              "id": "IQ+lLCKLz",
              "timestamp": 1788008850490.624,
              "candidateType": "host",
              "protocol": "udp",
              "address": "fdfd::1ab2:41f1",
              "port": 59077,
              "priority": 2122199807
            }
          }
        },
        {
          "benchmarkElapsedMs": 1250.1611000000003,
          "collectedAt": 1788008850741,
          "role": "sender",
          "transportMode": "mesh",
          "peerId": "10045ee2",
          "connectionState": "connected",
          "iceConnectionState": "connected",
          "signalingState": "stable",
          "track": {
            "id": "53dfeded-81da-43f7-944c-68f9696b7665",
            "label": "Screen",
            "enabled": true,
            "muted": false,
            "readyState": "live",
            "settings": {
              "aspectRatio": 1.7777777777777777,
              "deviceId": "screen:0:0",
              "frameRate": 60,
              "height": 720,
              "resizeMode": "crop-and-scale",
              "screenPixelRatio": 1,
              "width": 1280
            },
            "constraints": {
              "frameRate": {
                "max": 60,
                "ideal": 60
              },
              "height": {
                "max": 720,
                "ideal": 720
              },
              "width": {
                "max": 1280,
                "ideal": 1280
              }
            }
          },
          "senderParameters": {
            "degradationPreference": "maintain-resolution",
            "transactionId": "0e519a16-006e-4179-ac5f-88bf66d13f96",
            "encodings": [
              {
                "active": true,
                "maxBitrate": 237069,
                "maxFramerate": 60,
                "scaleResolutionDownBy": 1,
                "priority": "high",
                "networkPriority": "high"
              }
            ]
          },
          "adaptation": {
            "profileId": "performance",
            "level": 0,
            "temporalLevel": 0,
            "poorSamples": 0,
            "stableSamples": 0,
            "sourceSamples": 0,
            "networkSamples": 2,
            "sampleCount": 2,
            "cooldownSamples": 0,
            "scale": 1,
            "frameRate": 60,
            "reason": "startup-observation",
            "targetFps": 60,
            "measuredFps": 4.024301699488022,
            "captureFps": 53.65735599317362,
            "encodedFps": 4.024301699488022,
            "encoderDeliveryRatio": 0.07500000000000001,
            "bottleneck": "network",
            "sourceLimited": false,
            "networkPressure": true,
            "capacityPressure": true,
            "transportPressure": true,
            "packetLossPressure": false,
            "retransmissionPressure": false,
            "pacerPressure": true,
            "discardedPacketPressure": false,
            "packetLossRatio": 0,
            "retransmissionRatio": 0,
            "averagePacketSendDelayMs": 193.0209142857143,
            "packetsDiscardedOnSend": 0,
            "pressureSamplesRequired": 2,
            "networkSustained": true,
            "networkHeadroomRatio": 0.08178175,
            "requiredBitrate": 8000000,
            "recoveryRequiredBitrate": 8000000,
            "networkRecoveryHeadroomRatio": 0.08178175,
            "networkRecoveryReady": true,
            "projectedRecoveryEncodeMs": 4.666666666666667,
            "encoderRecoveryReady": true,
            "encoderTrial": null,
            "downscaleEffectiveness": {
              "status": "idle",
              "samplesObserved": 0,
              "samplesRequired": 3,
              "requiredDeliveryGain": 0.08,
              "requiredEncodeCostReductionRatio": 0.15
            },
            "averageEncodeTimeMs": 4.666666666666667,
            "fpsEma": 1.690206713784969,
            "encodeEma": 4.666666666666667,
            "effectiveWidth": 1280,
            "effectiveHeight": 720,
            "temporalChanged": false,
            "softwareEncoder": false,
            "encoderImplementation": "MediaFoundationVideoEncodeAccelerator (NVIDIA H.264 Encoder MFT)",
            "trackId": "53dfeded-81da-43f7-944c-68f9696b7665"
          },
          "videoCodecPolicyKey": "hardware-or-unknown",
          "videoMutationCounts": {
            "total": 2,
            "structural": 1,
            "bitrate": 2,
            "active": 0,
            "track": 1
          },
          "lastVideoMutation": {
            "sequence": 2,
            "type": "adapt",
            "timestampMs": 1788008848083,
            "peerId": "10045ee2",
            "structural": false,
            "bitrate": true,
            "active": false,
            "trackChanged": false,
            "before": {
              "trackId": "53dfeded-81da-43f7-944c-68f9696b7665",
              "degradationPreference": "maintain-resolution",
              "encodings": [
                {
                  "active": true,
                  "maxBitrate": 8000000,
                  "maxFramerate": 60,
                  "scaleResolutionDownBy": 1,
                  "scalabilityMode": null
                }
              ]
            },
            "after": {
              "trackId": "53dfeded-81da-43f7-944c-68f9696b7665",
              "degradationPreference": "maintain-resolution",
              "encodings": [
                {
                  "active": true,
                  "maxBitrate": 237069,
                  "maxFramerate": 60,
                  "scaleResolutionDownBy": 1,
                  "scalabilityMode": null
                }
              ]
            },
            "countersBeforeNextSample": {
              "keyFramesEncoded": 0,
              "hugeFramesSent": 0,
              "nackCount": 0,
              "pliCount": 0,
              "firCount": 0,
              "bytesSent": 0
            },
            "profileId": "performance",
            "adaptationReason": "network-observation",
            "adaptationLevel": 0,
            "temporalLevel": 0
          },
          "jitterBufferTarget": null,
          "topology": {
            "sfuViewerCount": 0,
            "sfuConsumerCount": 0,
            "meshScreenSenders": 1,
            "meshActiveScreenSenders": 1,
            "meshViaSfuCount": 0,
            "meshBytesSentTotal": 100571,
            "publisherUploadBytes": 100571
          },
          "reports": {
            "source": {
              "id": "SV2",
              "timestamp": 1788008850740.176,
              "trackIdentifier": "53dfeded-81da-43f7-944c-68f9696b7665",
              "kind": "video",
              "width": 1280,
              "height": 720,
              "frames": 155,
              "framesPerSecond": 56
            },
            "outbound": {
              "id": "OT01V4281736207",
              "timestamp": 1788008850740.176,
              "ssrc": 4281736207,
              "kind": "video",
              "mid": "1",
              "active": true,
              "codecId": "COT01_103_level-asymmetry-allowed=1;packetization-mode=1;profile-level-id=42001f",
              "mediaSourceId": "SV2",
              "remoteId": "RIV4281736207",
              "transportId": "T01",
              "bytesSent": 100571,
              "headerBytesSent": 4398,
              "packetsSent": 106,
              "retransmittedBytesSent": 0,
              "retransmittedPacketsSent": 0,
              "framesEncoded": 10,
              "framesSent": 10,
              "hugeFramesSent": 10,
              "keyFramesEncoded": 1,
              "framesPerSecond": 3,
              "frameWidth": 1280,
              "frameHeight": 720,
              "qpSum": 499,
              "totalEncodeTime": 0.04,
              "totalEncodedBytesTarget": 0,
              "totalPacketSendDelay": 14.622537999999999,
              "targetBitrate": 197500,
              "qualityLimitationReason": "none",
              "qualityLimitationDurations": {
                "bandwidth": 0,
                "cpu": 0,
                "none": 2.843,
                "other": 0
              },
              "qualityLimitationResolutionChanges": 0,
              "nackCount": 0,
              "firCount": 0,
              "pliCount": 0,
              "encoderImplementation": "MediaFoundationVideoEncodeAccelerator (NVIDIA H.264 Encoder MFT)",
              "powerEfficientEncoder": true
            },
            "remoteInbound": {
              "id": "RIV4281736207",
              "timestamp": 1788008849484.668,
              "ssrc": 4281736207,
              "kind": "video",
              "codecId": "COT01_103_level-asymmetry-allowed=1;packetization-mode=1;profile-level-id=42001f",
              "localId": "OT01V4281736207",
              "transportId": "T01",
              "packetsLost": 0,
              "jitter": 0.052565999999999995,
              "roundTripTime": 0.001,
              "totalRoundTripTime": 0.001,
              "roundTripTimeMeasurements": 1,
              "fractionLost": 0
            },
            "inbound": null,
            "remoteOutbound": null,
            "codec": {
              "id": "COT01_103_level-asymmetry-allowed=1;packetization-mode=1;profile-level-id=42001f",
              "timestamp": 1788008850740.176,
              "payloadType": 103,
              "mimeType": "video/H264",
              "clockRate": 90000,
              "sdpFmtpLine": "level-asymmetry-allowed=1;packetization-mode=1;profile-level-id=42001f"
            },
            "transport": {
              "id": "T01",
              "timestamp": 1788008850740.176,
              "bytesSent": 129381,
              "bytesReceived": 21716,
              "packetsSent": 362,
              "packetsReceived": 257,
              "selectedCandidatePairId": "CPYz1LktHt_Q+lLCKLz",
              "dtlsState": "connected",
              "iceRole": "controlled"
            },
            "candidatePair": {
              "id": "CPYz1LktHt_Q+lLCKLz",
              "timestamp": 1788008850740.176,
              "state": "succeeded",
              "nominated": true,
              "writable": true,
              "bytesSent": 124443,
              "bytesReceived": 18032,
              "currentRoundTripTime": 0,
              "totalRoundTripTime": 0.002,
              "responsesReceived": 5,
              "availableOutgoingBitrate": 666981,
              "requestsReceived": 5,
              "requestsSent": 5,
              "localCandidateId": "IYz1LktHt",
              "remoteCandidateId": "IQ+lLCKLz",
              "packetsDiscardedOnSend": 0,
              "bytesDiscardedOnSend": 0
            },
            "localCandidate": {
              "id": "IYz1LktHt",
              "timestamp": 1788008850740.176,
              "candidateType": "host",
              "protocol": "udp",
              "networkType": "ethernet",
              "address": "fdfd::1ab2:41f1",
              "port": 55625,
              "priority": 2122199807
            },
            "remoteCandidate": {
              "id": "IQ+lLCKLz",
              "timestamp": 1788008850740.176,
              "candidateType": "host",
              "protocol": "udp",
              "address": "fdfd::1ab2:41f1",
              "port": 59077,
              "priority": 2122199807
            }
          }
        },
        {
          "benchmarkElapsedMs": 1499.7992999999997,
          "collectedAt": 1788008850990.5999,
          "role": "sender",
          "transportMode": "mesh",
          "peerId": "10045ee2",
          "connectionState": "connected",
          "iceConnectionState": "connected",
          "signalingState": "stable",
          "track": {
            "id": "53dfeded-81da-43f7-944c-68f9696b7665",
            "label": "Screen",
            "enabled": true,
            "muted": false,
            "readyState": "live",
            "settings": {
              "aspectRatio": 1.7777777777777777,
              "deviceId": "screen:0:0",
              "frameRate": 60,
              "height": 720,
              "resizeMode": "crop-and-scale",
              "screenPixelRatio": 1,
              "width": 1280
            },
            "constraints": {
              "frameRate": {
                "max": 60,
                "ideal": 60
              },
              "height": {
                "max": 720,
                "ideal": 720
              },
              "width": {
                "max": 1280,
                "ideal": 1280
              }
            }
          },
          "senderParameters": {
            "degradationPreference": "maintain-resolution",
            "transactionId": "c6d4fcb4-5867-46f7-87be-8a575658092c",
            "encodings": [
              {
                "active": true,
                "maxBitrate": 237069,
                "maxFramerate": 60,
                "scaleResolutionDownBy": 1,
                "priority": "high",
                "networkPriority": "high"
              }
            ]
          },
          "adaptation": {
            "profileId": "performance",
            "level": 0,
            "temporalLevel": 0,
            "poorSamples": 0,
            "stableSamples": 0,
            "sourceSamples": 0,
            "networkSamples": 3,
            "sampleCount": 3,
            "cooldownSamples": 0,
            "scale": 1,
            "frameRate": 60,
            "reason": "startup-observation",
            "targetFps": 60,
            "measuredFps": 2.6662504989862423,
            "captureFps": 57.324385728204206,
            "encodedFps": 2.6662504989862423,
            "encoderDeliveryRatio": 0.04651162790697675,
            "bottleneck": "network",
            "sourceLimited": false,
            "networkPressure": true,
            "capacityPressure": true,
            "transportPressure": true,
            "packetLossPressure": false,
            "retransmissionPressure": false,
            "pacerPressure": true,
            "discardedPacketPressure": false,
            "packetLossRatio": 0,
            "retransmissionRatio": 0,
            "averagePacketSendDelayMs": 30.863166666666626,
            "packetsDiscardedOnSend": 0,
            "pressureSamplesRequired": 2,
            "networkSustained": true,
            "networkHeadroomRatio": 0.083372625,
            "requiredBitrate": 8000000,
            "recoveryRequiredBitrate": 8000000,
            "networkRecoveryHeadroomRatio": 0.083372625,
            "networkRecoveryReady": true,
            "projectedRecoveryEncodeMs": 3.966666666666667,
            "encoderRecoveryReady": true,
            "encoderTrial": null,
            "downscaleEffectiveness": {
              "status": "idle",
              "samplesObserved": 0,
              "samplesRequired": 3,
              "requiredDeliveryGain": 0.08,
              "requiredEncodeCostReductionRatio": 0.15
            },
            "averageEncodeTimeMs": 3,
            "fpsEma": 2.1001451035695036,
            "encodeEma": 3.966666666666667,
            "effectiveWidth": 1280,
            "effectiveHeight": 720,
            "temporalChanged": false,
            "softwareEncoder": false,
            "encoderImplementation": "MediaFoundationVideoEncodeAccelerator (NVIDIA H.264 Encoder MFT)",
            "trackId": "53dfeded-81da-43f7-944c-68f9696b7665"
          },
          "videoCodecPolicyKey": "hardware-or-unknown",
          "videoMutationCounts": {
            "total": 2,
            "structural": 1,
            "bitrate": 2,
            "active": 0,
            "track": 1
          },
          "lastVideoMutation": {
            "sequence": 2,
            "type": "adapt",
            "timestampMs": 1788008848083,
            "peerId": "10045ee2",
            "structural": false,
            "bitrate": true,
            "active": false,
            "trackChanged": false,
            "before": {
              "trackId": "53dfeded-81da-43f7-944c-68f9696b7665",
              "degradationPreference": "maintain-resolution",
              "encodings": [
                {
                  "active": true,
                  "maxBitrate": 8000000,
                  "maxFramerate": 60,
                  "scaleResolutionDownBy": 1,
                  "scalabilityMode": null
                }
              ]
            },
            "after": {
              "trackId": "53dfeded-81da-43f7-944c-68f9696b7665",
              "degradationPreference": "maintain-resolution",
              "encodings": [
                {
                  "active": true,
                  "maxBitrate": 237069,
                  "maxFramerate": 60,
                  "scaleResolutionDownBy": 1,
                  "scalabilityMode": null
                }
              ]
            },
            "countersBeforeNextSample": {
              "keyFramesEncoded": 0,
              "hugeFramesSent": 0,
              "nackCount": 0,
              "pliCount": 0,
              "firCount": 0,
              "bytesSent": 0
            },
            "profileId": "performance",
            "adaptationReason": "network-observation",
            "adaptationLevel": 0,
            "temporalLevel": 0
          },
          "jitterBufferTarget": null,
          "topology": {
            "sfuViewerCount": 0,
            "sfuConsumerCount": 0,
            "meshScreenSenders": 1,
            "meshActiveScreenSenders": 1,
            "meshViaSfuCount": 0,
            "meshBytesSentTotal": 100571,
            "publisherUploadBytes": 100571
          },
          "reports": {
            "source": {
              "id": "SV2",
              "timestamp": 1788008850989.787,
              "trackIdentifier": "53dfeded-81da-43f7-944c-68f9696b7665",
              "kind": "video",
              "width": 1280,
              "height": 720,
              "frames": 170,
              "framesPerSecond": 57
            },
            "outbound": {
              "id": "OT01V4281736207",
              "timestamp": 1788008850989.787,
              "ssrc": 4281736207,
              "kind": "video",
              "mid": "1",
              "active": true,
              "codecId": "COT01_103_level-asymmetry-allowed=1;packetization-mode=1;profile-level-id=42001f",
              "mediaSourceId": "SV2",
              "remoteId": "RIV4281736207",
              "transportId": "T01",
              "bytesSent": 100571,
              "headerBytesSent": 4398,
              "packetsSent": 106,
              "retransmittedBytesSent": 0,
              "retransmittedPacketsSent": 0,
              "framesEncoded": 10,
              "framesSent": 10,
              "hugeFramesSent": 10,
              "keyFramesEncoded": 1,
              "framesPerSecond": 2,
              "frameWidth": 1280,
              "frameHeight": 720,
              "qpSum": 499,
              "totalEncodeTime": 0.04,
              "totalEncodedBytesTarget": 0,
              "totalPacketSendDelay": 14.622537999999999,
              "targetBitrate": 197500,
              "qualityLimitationReason": "none",
              "qualityLimitationDurations": {
                "bandwidth": 0,
                "cpu": 0,
                "none": 3.093,
                "other": 0
              },
              "qualityLimitationResolutionChanges": 0,
              "nackCount": 0,
              "firCount": 0,
              "pliCount": 0,
              "encoderImplementation": "MediaFoundationVideoEncodeAccelerator (NVIDIA H.264 Encoder MFT)",
              "powerEfficientEncoder": true
            },
            "remoteInbound": {
              "id": "RIV4281736207",
              "timestamp": 1788008850764.448,
              "ssrc": 4281736207,
              "kind": "video",
              "codecId": "COT01_103_level-asymmetry-allowed=1;packetization-mode=1;profile-level-id=42001f",
              "localId": "OT01V4281736207",
              "transportId": "T01",
              "packetsLost": 0,
              "jitter": 0.061444,
              "roundTripTime": 0.001,
              "totalRoundTripTime": 0.002,
              "roundTripTimeMeasurements": 2,
              "fractionLost": 0
            },
            "inbound": null,
            "remoteOutbound": null,
            "codec": {
              "id": "COT01_103_level-asymmetry-allowed=1;packetization-mode=1;profile-level-id=42001f",
              "timestamp": 1788008850989.787,
              "payloadType": 103,
              "mimeType": "video/H264",
              "clockRate": 90000,
              "sdpFmtpLine": "level-asymmetry-allowed=1;packetization-mode=1;profile-level-id=42001f"
            },
            "transport": {
              "id": "T01",
              "timestamp": 1788008850989.787,
              "bytesSent": 130776,
              "bytesReceived": 22992,
              "packetsSent": 380,
              "packetsReceived": 274,
              "selectedCandidatePairId": "CPYz1LktHt_Q+lLCKLz",
              "dtlsState": "connected",
              "iceRole": "controlled"
            },
            "candidatePair": {
              "id": "CPYz1LktHt_Q+lLCKLz",
              "timestamp": 1788008850989.787,
              "state": "succeeded",
              "nominated": true,
              "writable": true,
              "bytesSent": 125838,
              "bytesReceived": 19308,
              "currentRoundTripTime": 0,
              "totalRoundTripTime": 0.002,
              "responsesReceived": 5,
              "availableOutgoingBitrate": 666981,
              "requestsReceived": 5,
              "requestsSent": 5,
              "localCandidateId": "IYz1LktHt",
              "remoteCandidateId": "IQ+lLCKLz",
              "packetsDiscardedOnSend": 0,
              "bytesDiscardedOnSend": 0
            },
            "localCandidate": {
              "id": "IYz1LktHt",
              "timestamp": 1788008850989.787,
              "candidateType": "host",
              "protocol": "udp",
              "networkType": "ethernet",
              "address": "fdfd::1ab2:41f1",
              "port": 55625,
              "priority": 2122199807
            },
            "remoteCandidate": {
              "id": "IQ+lLCKLz",
              "timestamp": 1788008850989.787,
              "candidateType": "host",
              "protocol": "udp",
              "address": "fdfd::1ab2:41f1",
              "port": 59077,
              "priority": 2122199807
            }
          }
        },
        {
          "benchmarkElapsedMs": 1750.1477999999997,
          "collectedAt": 1788008851240.9,
          "role": "sender",
          "transportMode": "mesh",
          "peerId": "10045ee2",
          "connectionState": "connected",
          "iceConnectionState": "connected",
          "signalingState": "stable",
          "track": {
            "id": "53dfeded-81da-43f7-944c-68f9696b7665",
            "label": "Screen",
            "enabled": true,
            "muted": false,
            "readyState": "live",
            "settings": {
              "aspectRatio": 1.7777777777777777,
              "deviceId": "screen:0:0",
              "frameRate": 60,
              "height": 720,
              "resizeMode": "crop-and-scale",
              "screenPixelRatio": 1,
              "width": 1280
            },
            "constraints": {
              "frameRate": {
                "max": 60,
                "ideal": 60
              },
              "height": {
                "max": 720,
                "ideal": 720
              },
              "width": {
                "max": 1280,
                "ideal": 1280
              }
            }
          },
          "senderParameters": {
            "degradationPreference": "maintain-resolution",
            "transactionId": "1fa23928-7f5a-4f5c-9226-4f1662c9c7e5",
            "encodings": [
              {
                "active": true,
                "maxBitrate": 237069,
                "maxFramerate": 60,
                "scaleResolutionDownBy": 1,
                "priority": "high",
                "networkPriority": "high"
              }
            ]
          },
          "adaptation": {
            "profileId": "performance",
            "level": 0,
            "temporalLevel": 0,
            "poorSamples": 0,
            "stableSamples": 0,
            "sourceSamples": 0,
            "networkSamples": 3,
            "sampleCount": 3,
            "cooldownSamples": 0,
            "scale": 1,
            "frameRate": 60,
            "reason": "startup-observation",
            "targetFps": 60,
            "measuredFps": 2.6662504989862423,
            "captureFps": 57.324385728204206,
            "encodedFps": 2.6662504989862423,
            "encoderDeliveryRatio": 0.04651162790697675,
            "bottleneck": "network",
            "sourceLimited": false,
            "networkPressure": true,
            "capacityPressure": true,
            "transportPressure": true,
            "packetLossPressure": false,
            "retransmissionPressure": false,
            "pacerPressure": true,
            "discardedPacketPressure": false,
            "packetLossRatio": 0,
            "retransmissionRatio": 0,
            "averagePacketSendDelayMs": 30.863166666666626,
            "packetsDiscardedOnSend": 0,
            "pressureSamplesRequired": 2,
            "networkSustained": true,
            "networkHeadroomRatio": 0.083372625,
            "requiredBitrate": 8000000,
            "recoveryRequiredBitrate": 8000000,
            "networkRecoveryHeadroomRatio": 0.083372625,
            "networkRecoveryReady": true,
            "projectedRecoveryEncodeMs": 3.966666666666667,
            "encoderRecoveryReady": true,
            "encoderTrial": null,
            "downscaleEffectiveness": {
              "status": "idle",
              "samplesObserved": 0,
              "samplesRequired": 3,
              "requiredDeliveryGain": 0.08,
              "requiredEncodeCostReductionRatio": 0.15
            },
            "averageEncodeTimeMs": 3,
            "fpsEma": 2.1001451035695036,
            "encodeEma": 3.966666666666667,
            "effectiveWidth": 1280,
            "effectiveHeight": 720,
            "temporalChanged": false,
            "softwareEncoder": false,
            "encoderImplementation": "MediaFoundationVideoEncodeAccelerator (NVIDIA H.264 Encoder MFT)",
            "trackId": "53dfeded-81da-43f7-944c-68f9696b7665"
          },
          "videoCodecPolicyKey": "hardware-or-unknown",
          "videoMutationCounts": {
            "total": 2,
            "structural": 1,
            "bitrate": 2,
            "active": 0,
            "track": 1
          },
          "lastVideoMutation": {
            "sequence": 2,
            "type": "adapt",
            "timestampMs": 1788008848083,
            "peerId": "10045ee2",
            "structural": false,
            "bitrate": true,
            "active": false,
            "trackChanged": false,
            "before": {
              "trackId": "53dfeded-81da-43f7-944c-68f9696b7665",
              "degradationPreference": "maintain-resolution",
              "encodings": [
                {
                  "active": true,
                  "maxBitrate": 8000000,
                  "maxFramerate": 60,
                  "scaleResolutionDownBy": 1,
                  "scalabilityMode": null
                }
              ]
            },
            "after": {
              "trackId": "53dfeded-81da-43f7-944c-68f9696b7665",
              "degradationPreference": "maintain-resolution",
              "encodings": [
                {
                  "active": true,
                  "maxBitrate": 237069,
                  "maxFramerate": 60,
                  "scaleResolutionDownBy": 1,
                  "scalabilityMode": null
                }
              ]
            },
            "countersBeforeNextSample": {
              "keyFramesEncoded": 0,
              "hugeFramesSent": 0,
              "nackCount": 0,
              "pliCount": 0,
              "firCount": 0,
              "bytesSent": 0
            },
            "profileId": "performance",
            "adaptationReason": "network-observation",
            "adaptationLevel": 0,
            "temporalLevel": 0
          },
          "jitterBufferTarget": null,
          "topology": {
            "sfuViewerCount": 0,
            "sfuConsumerCount": 0,
            "meshScreenSenders": 1,
            "meshActiveScreenSenders": 1,
            "meshViaSfuCount": 0,
            "meshBytesSentTotal": 109549,
            "publisherUploadBytes": 109549
          },
          "reports": {
            "source": {
              "id": "SV2",
              "timestamp": 1788008851240.114,
              "trackIdentifier": "53dfeded-81da-43f7-944c-68f9696b7665",
              "kind": "video",
              "width": 1280,
              "height": 720,
              "frames": 184,
              "framesPerSecond": 57
            },
            "outbound": {
              "id": "OT01V4281736207",
              "timestamp": 1788008851240.114,
              "ssrc": 4281736207,
              "kind": "video",
              "mid": "1",
              "active": true,
              "codecId": "COT01_103_level-asymmetry-allowed=1;packetization-mode=1;profile-level-id=42001f",
              "mediaSourceId": "SV2",
              "remoteId": "RIV4281736207",
              "transportId": "T01",
              "bytesSent": 109549,
              "headerBytesSent": 4630,
              "packetsSent": 115,
              "retransmittedBytesSent": 0,
              "retransmittedPacketsSent": 0,
              "framesEncoded": 11,
              "framesSent": 11,
              "hugeFramesSent": 11,
              "keyFramesEncoded": 1,
              "framesPerSecond": 3,
              "frameWidth": 1280,
              "frameHeight": 720,
              "qpSum": 550,
              "totalEncodeTime": 0.044,
              "totalEncodedBytesTarget": 0,
              "totalPacketSendDelay": 14.901793,
              "targetBitrate": 197500,
              "qualityLimitationReason": "none",
              "qualityLimitationDurations": {
                "bandwidth": 0,
                "cpu": 0,
                "none": 3.343,
                "other": 0
              },
              "qualityLimitationResolutionChanges": 0,
              "nackCount": 0,
              "firCount": 0,
              "pliCount": 0,
              "encoderImplementation": "MediaFoundationVideoEncodeAccelerator (NVIDIA H.264 Encoder MFT)",
              "powerEfficientEncoder": true
            },
            "remoteInbound": {
              "id": "RIV4281736207",
              "timestamp": 1788008850764.448,
              "ssrc": 4281736207,
              "kind": "video",
              "codecId": "COT01_103_level-asymmetry-allowed=1;packetization-mode=1;profile-level-id=42001f",
              "localId": "OT01V4281736207",
              "transportId": "T01",
              "packetsLost": 0,
              "jitter": 0.061444,
              "roundTripTime": 0.001,
              "totalRoundTripTime": 0.002,
              "roundTripTimeMeasurements": 2,
              "fractionLost": 0
            },
            "inbound": null,
            "remoteOutbound": null,
            "codec": {
              "id": "COT01_103_level-asymmetry-allowed=1;packetization-mode=1;profile-level-id=42001f",
              "timestamp": 1788008851240.114,
              "payloadType": 103,
              "mimeType": "video/H264",
              "clockRate": 90000,
              "sdpFmtpLine": "level-asymmetry-allowed=1;packetization-mode=1;profile-level-id=42001f"
            },
            "transport": {
              "id": "T01",
              "timestamp": 1788008851240.114,
              "bytesSent": 141594,
              "bytesReceived": 24555,
              "packetsSent": 405,
              "packetsReceived": 291,
              "selectedCandidatePairId": "CPYz1LktHt_Q+lLCKLz",
              "dtlsState": "connected",
              "iceRole": "controlled"
            },
            "candidatePair": {
              "id": "CPYz1LktHt_Q+lLCKLz",
              "timestamp": 1788008851240.114,
              "state": "succeeded",
              "nominated": true,
              "writable": true,
              "bytesSent": 136656,
              "bytesReceived": 20871,
              "currentRoundTripTime": 0,
              "totalRoundTripTime": 0.002,
              "responsesReceived": 5,
              "availableOutgoingBitrate": 666981,
              "requestsReceived": 5,
              "requestsSent": 5,
              "localCandidateId": "IYz1LktHt",
              "remoteCandidateId": "IQ+lLCKLz",
              "packetsDiscardedOnSend": 0,
              "bytesDiscardedOnSend": 0
            },
            "localCandidate": {
              "id": "IYz1LktHt",
              "timestamp": 1788008851240.114,
              "candidateType": "host",
              "protocol": "udp",
              "networkType": "ethernet",
              "address": "fdfd::1ab2:41f1",
              "port": 55625,
              "priority": 2122199807
            },
            "remoteCandidate": {
              "id": "IQ+lLCKLz",
              "timestamp": 1788008851240.114,
              "candidateType": "host",
              "protocol": "udp",
              "address": "fdfd::1ab2:41f1",
              "port": 59077,
              "priority": 2122199807
            }
          }
        },
        {
          "benchmarkElapsedMs": 2001.2929999999997,
          "collectedAt": 1788008851492.3,
          "role": "sender",
          "transportMode": "mesh",
          "peerId": "10045ee2",
          "connectionState": "connected",
          "iceConnectionState": "connected",
          "signalingState": "stable",
          "track": {
            "id": "53dfeded-81da-43f7-944c-68f9696b7665",
            "label": "Screen",
            "enabled": true,
            "muted": false,
            "readyState": "live",
            "settings": {
              "aspectRatio": 1.7777777777777777,
              "deviceId": "screen:0:0",
              "frameRate": 60,
              "height": 720,
              "resizeMode": "crop-and-scale",
              "screenPixelRatio": 1,
              "width": 1280
            },
            "constraints": {
              "frameRate": {
                "max": 60,
                "ideal": 60
              },
              "height": {
                "max": 720,
                "ideal": 720
              },
              "width": {
                "max": 1280,
                "ideal": 1280
              }
            }
          },
          "senderParameters": {
            "degradationPreference": "maintain-resolution",
            "transactionId": "8ac66b04-fa2a-4606-8683-7a5db819eda4",
            "encodings": [
              {
                "active": true,
                "maxBitrate": 237069,
                "maxFramerate": 60,
                "scaleResolutionDownBy": 1,
                "priority": "high",
                "networkPriority": "high"
              }
            ]
          },
          "adaptation": {
            "profileId": "performance",
            "level": 0,
            "temporalLevel": 0,
            "poorSamples": 0,
            "stableSamples": 0,
            "sourceSamples": 0,
            "networkSamples": 3,
            "sampleCount": 3,
            "cooldownSamples": 0,
            "scale": 1,
            "frameRate": 60,
            "reason": "startup-observation",
            "targetFps": 60,
            "measuredFps": 2.6662504989862423,
            "captureFps": 57.324385728204206,
            "encodedFps": 2.6662504989862423,
            "encoderDeliveryRatio": 0.04651162790697675,
            "bottleneck": "network",
            "sourceLimited": false,
            "networkPressure": true,
            "capacityPressure": true,
            "transportPressure": true,
            "packetLossPressure": false,
            "retransmissionPressure": false,
            "pacerPressure": true,
            "discardedPacketPressure": false,
            "packetLossRatio": 0,
            "retransmissionRatio": 0,
            "averagePacketSendDelayMs": 30.863166666666626,
            "packetsDiscardedOnSend": 0,
            "pressureSamplesRequired": 2,
            "networkSustained": true,
            "networkHeadroomRatio": 0.083372625,
            "requiredBitrate": 8000000,
            "recoveryRequiredBitrate": 8000000,
            "networkRecoveryHeadroomRatio": 0.083372625,
            "networkRecoveryReady": true,
            "projectedRecoveryEncodeMs": 3.966666666666667,
            "encoderRecoveryReady": true,
            "encoderTrial": null,
            "downscaleEffectiveness": {
              "status": "idle",
              "samplesObserved": 0,
              "samplesRequired": 3,
              "requiredDeliveryGain": 0.08,
              "requiredEncodeCostReductionRatio": 0.15
            },
            "averageEncodeTimeMs": 3,
            "fpsEma": 2.1001451035695036,
            "encodeEma": 3.966666666666667,
            "effectiveWidth": 1280,
            "effectiveHeight": 720,
            "temporalChanged": false,
            "softwareEncoder": false,
            "encoderImplementation": "MediaFoundationVideoEncodeAccelerator (NVIDIA H.264 Encoder MFT)",
            "trackId": "53dfeded-81da-43f7-944c-68f9696b7665"
          },
          "videoCodecPolicyKey": "hardware-or-unknown",
          "videoMutationCounts": {
            "total": 2,
            "structural": 1,
            "bitrate": 2,
            "active": 0,
            "track": 1
          },
          "lastVideoMutation": {
            "sequence": 2,
            "type": "adapt",
            "timestampMs": 1788008848083,
            "peerId": "10045ee2",
            "structural": false,
            "bitrate": true,
            "active": false,
            "trackChanged": false,
            "before": {
              "trackId": "53dfeded-81da-43f7-944c-68f9696b7665",
              "degradationPreference": "maintain-resolution",
              "encodings": [
                {
                  "active": true,
                  "maxBitrate": 8000000,
                  "maxFramerate": 60,
                  "scaleResolutionDownBy": 1,
                  "scalabilityMode": null
                }
              ]
            },
            "after": {
              "trackId": "53dfeded-81da-43f7-944c-68f9696b7665",
              "degradationPreference": "maintain-resolution",
              "encodings": [
                {
                  "active": true,
                  "maxBitrate": 237069,
                  "maxFramerate": 60,
                  "scaleResolutionDownBy": 1,
                  "scalabilityMode": null
                }
              ]
            },
            "countersBeforeNextSample": {
              "keyFramesEncoded": 0,
              "hugeFramesSent": 0,
              "nackCount": 0,
              "pliCount": 0,
              "firCount": 0,
              "bytesSent": 0
            },
            "profileId": "performance",
            "adaptationReason": "network-observation",
            "adaptationLevel": 0,
            "temporalLevel": 0
          },
          "jitterBufferTarget": null,
          "topology": {
            "sfuViewerCount": 0,
            "sfuConsumerCount": 0,
            "meshScreenSenders": 1,
            "meshActiveScreenSenders": 1,
            "meshViaSfuCount": 0,
            "meshBytesSentTotal": 118350,
            "publisherUploadBytes": 118350
          },
          "reports": {
            "source": {
              "id": "SV2",
              "timestamp": 1788008851491.617,
              "trackIdentifier": "53dfeded-81da-43f7-944c-68f9696b7665",
              "kind": "video",
              "width": 1280,
              "height": 720,
              "frames": 199,
              "framesPerSecond": 58
            },
            "outbound": {
              "id": "OT01V4281736207",
              "timestamp": 1788008851491.617,
              "ssrc": 4281736207,
              "kind": "video",
              "mid": "1",
              "active": true,
              "codecId": "COT01_103_level-asymmetry-allowed=1;packetization-mode=1;profile-level-id=42001f",
              "mediaSourceId": "SV2",
              "remoteId": "RIV4281736207",
              "transportId": "T01",
              "bytesSent": 118350,
              "headerBytesSent": 4862,
              "packetsSent": 124,
              "retransmittedBytesSent": 0,
              "retransmittedPacketsSent": 0,
              "framesEncoded": 12,
              "framesSent": 12,
              "hugeFramesSent": 12,
              "keyFramesEncoded": 1,
              "framesPerSecond": 3,
              "frameWidth": 1280,
              "frameHeight": 720,
              "qpSum": 601,
              "totalEncodeTime": 0.048,
              "totalEncodedBytesTarget": 0,
              "totalPacketSendDelay": 15.152531,
              "targetBitrate": 197500,
              "qualityLimitationReason": "none",
              "qualityLimitationDurations": {
                "bandwidth": 0,
                "cpu": 0,
                "none": 3.595,
                "other": 0
              },
              "qualityLimitationResolutionChanges": 0,
              "nackCount": 0,
              "firCount": 0,
              "pliCount": 0,
              "encoderImplementation": "MediaFoundationVideoEncodeAccelerator (NVIDIA H.264 Encoder MFT)",
              "powerEfficientEncoder": true
            },
            "remoteInbound": {
              "id": "RIV4281736207",
              "timestamp": 1788008850764.448,
              "ssrc": 4281736207,
              "kind": "video",
              "codecId": "COT01_103_level-asymmetry-allowed=1;packetization-mode=1;profile-level-id=42001f",
              "localId": "OT01V4281736207",
              "transportId": "T01",
              "packetsLost": 0,
              "jitter": 0.061444,
              "roundTripTime": 0.001,
              "totalRoundTripTime": 0.002,
              "roundTripTimeMeasurements": 2,
              "fractionLost": 0
            },
            "inbound": null,
            "remoteOutbound": null,
            "codec": {
              "id": "COT01_103_level-asymmetry-allowed=1;packetization-mode=1;profile-level-id=42001f",
              "timestamp": 1788008851491.617,
              "payloadType": 103,
              "mimeType": "video/H264",
              "clockRate": 90000,
              "sdpFmtpLine": "level-asymmetry-allowed=1;packetization-mode=1;profile-level-id=42001f"
            },
            "transport": {
              "id": "T01",
              "timestamp": 1788008851491.617,
              "bytesSent": 152432,
              "bytesReceived": 26155,
              "packetsSent": 431,
              "packetsReceived": 307,
              "selectedCandidatePairId": "CPYz1LktHt_Q+lLCKLz",
              "dtlsState": "connected",
              "iceRole": "controlled"
            },
            "candidatePair": {
              "id": "CPYz1LktHt_Q+lLCKLz",
              "timestamp": 1788008851491.617,
              "state": "succeeded",
              "nominated": true,
              "writable": true,
              "bytesSent": 147494,
              "bytesReceived": 22471,
              "currentRoundTripTime": 0,
              "totalRoundTripTime": 0.002,
              "responsesReceived": 5,
              "availableOutgoingBitrate": 666981,
              "requestsReceived": 5,
              "requestsSent": 5,
              "localCandidateId": "IYz1LktHt",
              "remoteCandidateId": "IQ+lLCKLz",
              "packetsDiscardedOnSend": 0,
              "bytesDiscardedOnSend": 0
            },
            "localCandidate": {
              "id": "IYz1LktHt",
              "timestamp": 1788008851491.617,
              "candidateType": "host",
              "protocol": "udp",
              "networkType": "ethernet",
              "address": "fdfd::1ab2:41f1",
              "port": 55625,
              "priority": 2122199807
            },
            "remoteCandidate": {
              "id": "IQ+lLCKLz",
              "timestamp": 1788008851491.617,
              "candidateType": "host",
              "protocol": "udp",
              "address": "fdfd::1ab2:41f1",
              "port": 59077,
              "priority": 2122199807
            }
          }
        },
        {
          "benchmarkElapsedMs": 2249.9464,
          "collectedAt": 1788008851740.5999,
          "role": "sender",
          "transportMode": "mesh",
          "peerId": "10045ee2",
          "connectionState": "connected",
          "iceConnectionState": "connected",
          "signalingState": "stable",
          "track": {
            "id": "53dfeded-81da-43f7-944c-68f9696b7665",
            "label": "Screen",
            "enabled": true,
            "muted": false,
            "readyState": "live",
            "settings": {
              "aspectRatio": 1.7777777777777777,
              "deviceId": "screen:0:0",
              "frameRate": 60,
              "height": 720,
              "resizeMode": "crop-and-scale",
              "screenPixelRatio": 1,
              "width": 1280
            },
            "constraints": {
              "frameRate": {
                "max": 60,
                "ideal": 60
              },
              "height": {
                "max": 720,
                "ideal": 720
              },
              "width": {
                "max": 1280,
                "ideal": 1280
              }
            }
          },
          "senderParameters": {
            "degradationPreference": "maintain-resolution",
            "transactionId": "b6375802-6a57-4536-853f-200f68203c2c",
            "encodings": [
              {
                "active": true,
                "maxBitrate": 237069,
                "maxFramerate": 60,
                "scaleResolutionDownBy": 1,
                "priority": "high",
                "networkPriority": "high"
              }
            ]
          },
          "adaptation": {
            "profileId": "performance",
            "level": 0,
            "temporalLevel": 0,
            "poorSamples": 0,
            "stableSamples": 0,
            "sourceSamples": 0,
            "networkSamples": 3,
            "sampleCount": 3,
            "cooldownSamples": 0,
            "scale": 1,
            "frameRate": 60,
            "reason": "startup-observation",
            "targetFps": 60,
            "measuredFps": 2.6662504989862423,
            "captureFps": 57.324385728204206,
            "encodedFps": 2.6662504989862423,
            "encoderDeliveryRatio": 0.04651162790697675,
            "bottleneck": "network",
            "sourceLimited": false,
            "networkPressure": true,
            "capacityPressure": true,
            "transportPressure": true,
            "packetLossPressure": false,
            "retransmissionPressure": false,
            "pacerPressure": true,
            "discardedPacketPressure": false,
            "packetLossRatio": 0,
            "retransmissionRatio": 0,
            "averagePacketSendDelayMs": 30.863166666666626,
            "packetsDiscardedOnSend": 0,
            "pressureSamplesRequired": 2,
            "networkSustained": true,
            "networkHeadroomRatio": 0.083372625,
            "requiredBitrate": 8000000,
            "recoveryRequiredBitrate": 8000000,
            "networkRecoveryHeadroomRatio": 0.083372625,
            "networkRecoveryReady": true,
            "projectedRecoveryEncodeMs": 3.966666666666667,
            "encoderRecoveryReady": true,
            "encoderTrial": null,
            "downscaleEffectiveness": {
              "status": "idle",
              "samplesObserved": 0,
              "samplesRequired": 3,
              "requiredDeliveryGain": 0.08,
              "requiredEncodeCostReductionRatio": 0.15
            },
            "averageEncodeTimeMs": 3,
            "fpsEma": 2.1001451035695036,
            "encodeEma": 3.966666666666667,
            "effectiveWidth": 1280,
            "effectiveHeight": 720,
            "temporalChanged": false,
            "softwareEncoder": false,
            "encoderImplementation": "MediaFoundationVideoEncodeAccelerator (NVIDIA H.264 Encoder MFT)",
            "trackId": "53dfeded-81da-43f7-944c-68f9696b7665"
          },
          "videoCodecPolicyKey": "hardware-or-unknown",
          "videoMutationCounts": {
            "total": 2,
            "structural": 1,
            "bitrate": 2,
            "active": 0,
            "track": 1
          },
          "lastVideoMutation": {
            "sequence": 2,
            "type": "adapt",
            "timestampMs": 1788008848083,
            "peerId": "10045ee2",
            "structural": false,
            "bitrate": true,
            "active": false,
            "trackChanged": false,
            "before": {
              "trackId": "53dfeded-81da-43f7-944c-68f9696b7665",
              "degradationPreference": "maintain-resolution",
              "encodings": [
                {
                  "active": true,
                  "maxBitrate": 8000000,
                  "maxFramerate": 60,
                  "scaleResolutionDownBy": 1,
                  "scalabilityMode": null
                }
              ]
            },
            "after": {
              "trackId": "53dfeded-81da-43f7-944c-68f9696b7665",
              "degradationPreference": "maintain-resolution",
              "encodings": [
                {
                  "active": true,
                  "maxBitrate": 237069,
                  "maxFramerate": 60,
                  "scaleResolutionDownBy": 1,
                  "scalabilityMode": null
                }
              ]
            },
            "countersBeforeNextSample": {
              "keyFramesEncoded": 0,
              "hugeFramesSent": 0,
              "nackCount": 0,
              "pliCount": 0,
              "firCount": 0,
              "bytesSent": 0
            },
            "profileId": "performance",
            "adaptationReason": "network-observation",
            "adaptationLevel": 0,
            "temporalLevel": 0
          },
          "jitterBufferTarget": null,
          "topology": {
            "sfuViewerCount": 0,
            "sfuConsumerCount": 0,
            "meshScreenSenders": 1,
            "meshActiveScreenSenders": 1,
            "meshViaSfuCount": 0,
            "meshBytesSentTotal": 122560,
            "publisherUploadBytes": 122560
          },
          "reports": {
            "source": {
              "id": "SV2",
              "timestamp": 1788008851739.901,
              "trackIdentifier": "53dfeded-81da-43f7-944c-68f9696b7665",
              "kind": "video",
              "width": 1280,
              "height": 720,
              "frames": 213,
              "framesPerSecond": 57
            },
            "outbound": {
              "id": "OT01V4281736207",
              "timestamp": 1788008851739.901,
              "ssrc": 4281736207,
              "kind": "video",
              "mid": "1",
              "active": true,
              "codecId": "COT01_103_level-asymmetry-allowed=1;packetization-mode=1;profile-level-id=42001f",
              "mediaSourceId": "SV2",
              "remoteId": "RIV4281736207",
              "transportId": "T01",
              "bytesSent": 122560,
              "headerBytesSent": 4982,
              "packetsSent": 129,
              "retransmittedBytesSent": 0,
              "retransmittedPacketsSent": 0,
              "framesEncoded": 13,
              "framesSent": 13,
              "hugeFramesSent": 13,
              "keyFramesEncoded": 1,
              "framesPerSecond": 3,
              "frameWidth": 1280,
              "frameHeight": 720,
              "qpSum": 652,
              "totalEncodeTime": 0.051,
              "totalEncodedBytesTarget": 0,
              "totalPacketSendDelay": 15.152538,
              "targetBitrate": 197500,
              "qualityLimitationReason": "none",
              "qualityLimitationDurations": {
                "bandwidth": 0,
                "cpu": 0,
                "none": 3.843,
                "other": 0
              },
              "qualityLimitationResolutionChanges": 0,
              "nackCount": 0,
              "firCount": 0,
              "pliCount": 0,
              "encoderImplementation": "MediaFoundationVideoEncodeAccelerator (NVIDIA H.264 Encoder MFT)",
              "powerEfficientEncoder": true
            },
            "remoteInbound": {
              "id": "RIV4281736207",
              "timestamp": 1788008851592.547,
              "ssrc": 4281736207,
              "kind": "video",
              "codecId": "COT01_103_level-asymmetry-allowed=1;packetization-mode=1;profile-level-id=42001f",
              "localId": "OT01V4281736207",
              "transportId": "T01",
              "packetsLost": 0,
              "jitter": 0.063966,
              "roundTripTime": 0.001,
              "totalRoundTripTime": 0.003,
              "roundTripTimeMeasurements": 3,
              "fractionLost": 0
            },
            "inbound": null,
            "remoteOutbound": null,
            "codec": {
              "id": "COT01_103_level-asymmetry-allowed=1;packetization-mode=1;profile-level-id=42001f",
              "timestamp": 1788008851739.901,
              "payloadType": 103,
              "mimeType": "video/H264",
              "clockRate": 90000,
              "sdpFmtpLine": "level-asymmetry-allowed=1;packetization-mode=1;profile-level-id=42001f"
            },
            "transport": {
              "id": "T01",
              "timestamp": 1788008851739.901,
              "bytesSent": 158408,
              "bytesReceived": 27944,
              "packetsSent": 452,
              "packetsReceived": 325,
              "selectedCandidatePairId": "CPYz1LktHt_Q+lLCKLz",
              "dtlsState": "connected",
              "iceRole": "controlled"
            },
            "candidatePair": {
              "id": "CPYz1LktHt_Q+lLCKLz",
              "timestamp": 1788008851739.901,
              "state": "succeeded",
              "nominated": true,
              "writable": true,
              "bytesSent": 153470,
              "bytesReceived": 24260,
              "currentRoundTripTime": 0,
              "totalRoundTripTime": 0.002,
              "responsesReceived": 5,
              "availableOutgoingBitrate": 666981,
              "requestsReceived": 5,
              "requestsSent": 5,
              "localCandidateId": "IYz1LktHt",
              "remoteCandidateId": "IQ+lLCKLz",
              "packetsDiscardedOnSend": 0,
              "bytesDiscardedOnSend": 0
            },
            "localCandidate": {
              "id": "IYz1LktHt",
              "timestamp": 1788008851739.901,
              "candidateType": "host",
              "protocol": "udp",
              "networkType": "ethernet",
              "address": "fdfd::1ab2:41f1",
              "port": 55625,
              "priority": 2122199807
            },
            "remoteCandidate": {
              "id": "IQ+lLCKLz",
              "timestamp": 1788008851739.901,
              "candidateType": "host",
              "protocol": "udp",
              "address": "fdfd::1ab2:41f1",
              "port": 59077,
              "priority": 2122199807
            }
          }
        },
        {
          "benchmarkElapsedMs": 2501.1971999999996,
          "collectedAt": 1788008851992,
          "role": "sender",
          "transportMode": "mesh",
          "peerId": "10045ee2",
          "connectionState": "connected",
          "iceConnectionState": "connected",
          "signalingState": "stable",
          "track": {
            "id": "53dfeded-81da-43f7-944c-68f9696b7665",
            "label": "Screen",
            "enabled": true,
            "muted": false,
            "readyState": "live",
            "settings": {
              "aspectRatio": 1.7777777777777777,
              "deviceId": "screen:0:0",
              "frameRate": 60,
              "height": 720,
              "resizeMode": "crop-and-scale",
              "screenPixelRatio": 1,
              "width": 1280
            },
            "constraints": {
              "frameRate": {
                "max": 60,
                "ideal": 60
              },
              "height": {
                "max": 720,
                "ideal": 720
              },
              "width": {
                "max": 1280,
                "ideal": 1280
              }
            }
          },
          "senderParameters": {
            "degradationPreference": "maintain-resolution",
            "transactionId": "a014ea68-d7a8-4056-9888-61f28d90b835",
            "encodings": [
              {
                "active": true,
                "maxBitrate": 237069,
                "maxFramerate": 60,
                "scaleResolutionDownBy": 1,
                "priority": "high",
                "networkPriority": "high"
              }
            ]
          },
          "adaptation": {
            "profileId": "performance",
            "level": 0,
            "temporalLevel": 0,
            "poorSamples": 0,
            "stableSamples": 0,
            "sourceSamples": 0,
            "networkSamples": 3,
            "sampleCount": 3,
            "cooldownSamples": 0,
            "scale": 1,
            "frameRate": 60,
            "reason": "startup-observation",
            "targetFps": 60,
            "measuredFps": 2.6662504989862423,
            "captureFps": 57.324385728204206,
            "encodedFps": 2.6662504989862423,
            "encoderDeliveryRatio": 0.04651162790697675,
            "bottleneck": "network",
            "sourceLimited": false,
            "networkPressure": true,
            "capacityPressure": true,
            "transportPressure": true,
            "packetLossPressure": false,
            "retransmissionPressure": false,
            "pacerPressure": true,
            "discardedPacketPressure": false,
            "packetLossRatio": 0,
            "retransmissionRatio": 0,
            "averagePacketSendDelayMs": 30.863166666666626,
            "packetsDiscardedOnSend": 0,
            "pressureSamplesRequired": 2,
            "networkSustained": true,
            "networkHeadroomRatio": 0.083372625,
            "requiredBitrate": 8000000,
            "recoveryRequiredBitrate": 8000000,
            "networkRecoveryHeadroomRatio": 0.083372625,
            "networkRecoveryReady": true,
            "projectedRecoveryEncodeMs": 3.966666666666667,
            "encoderRecoveryReady": true,
            "encoderTrial": null,
            "downscaleEffectiveness": {
              "status": "idle",
              "samplesObserved": 0,
              "samplesRequired": 3,
              "requiredDeliveryGain": 0.08,
              "requiredEncodeCostReductionRatio": 0.15
            },
            "averageEncodeTimeMs": 3,
            "fpsEma": 2.1001451035695036,
            "encodeEma": 3.966666666666667,
            "effectiveWidth": 1280,
            "effectiveHeight": 720,
            "temporalChanged": false,
            "softwareEncoder": false,
            "encoderImplementation": "MediaFoundationVideoEncodeAccelerator (NVIDIA H.264 Encoder MFT)",
            "trackId": "53dfeded-81da-43f7-944c-68f9696b7665"
          },
          "videoCodecPolicyKey": "hardware-or-unknown",
          "videoMutationCounts": {
            "total": 2,
            "structural": 1,
            "bitrate": 2,
            "active": 0,
            "track": 1
          },
          "lastVideoMutation": {
            "sequence": 2,
            "type": "adapt",
            "timestampMs": 1788008848083,
            "peerId": "10045ee2",
            "structural": false,
            "bitrate": true,
            "active": false,
            "trackChanged": false,
            "before": {
              "trackId": "53dfeded-81da-43f7-944c-68f9696b7665",
              "degradationPreference": "maintain-resolution",
              "encodings": [
                {
                  "active": true,
                  "maxBitrate": 8000000,
                  "maxFramerate": 60,
                  "scaleResolutionDownBy": 1,
                  "scalabilityMode": null
                }
              ]
            },
            "after": {
              "trackId": "53dfeded-81da-43f7-944c-68f9696b7665",
              "degradationPreference": "maintain-resolution",
              "encodings": [
                {
                  "active": true,
                  "maxBitrate": 237069,
                  "maxFramerate": 60,
                  "scaleResolutionDownBy": 1,
                  "scalabilityMode": null
                }
              ]
            },
            "countersBeforeNextSample": {
              "keyFramesEncoded": 0,
              "hugeFramesSent": 0,
              "nackCount": 0,
              "pliCount": 0,
              "firCount": 0,
              "bytesSent": 0
            },
            "profileId": "performance",
            "adaptationReason": "network-observation",
            "adaptationLevel": 0,
            "temporalLevel": 0
          },
          "jitterBufferTarget": null,
          "topology": {
            "sfuViewerCount": 0,
            "sfuConsumerCount": 0,
            "meshScreenSenders": 1,
            "meshActiveScreenSenders": 1,
            "meshViaSfuCount": 0,
            "meshBytesSentTotal": 127806,
            "publisherUploadBytes": 127806
          },
          "reports": {
            "source": {
              "id": "SV2",
              "timestamp": 1788008851991.192,
              "trackIdentifier": "53dfeded-81da-43f7-944c-68f9696b7665",
              "kind": "video",
              "width": 1280,
              "height": 720,
              "frames": 227,
              "framesPerSecond": 57
            },
            "outbound": {
              "id": "OT01V4281736207",
              "timestamp": 1788008851991.192,
              "ssrc": 4281736207,
              "kind": "video",
              "mid": "1",
              "active": true,
              "codecId": "COT01_103_level-asymmetry-allowed=1;packetization-mode=1;profile-level-id=42001f",
              "mediaSourceId": "SV2",
              "remoteId": "RIV4281736207",
              "transportId": "T01",
              "bytesSent": 127806,
              "headerBytesSent": 5118,
              "packetsSent": 134,
              "retransmittedBytesSent": 0,
              "retransmittedPacketsSent": 0,
              "framesEncoded": 13,
              "framesSent": 13,
              "hugeFramesSent": 13,
              "keyFramesEncoded": 1,
              "framesPerSecond": 3,
              "frameWidth": 1280,
              "frameHeight": 720,
              "qpSum": 652,
              "totalEncodeTime": 0.051,
              "totalEncodedBytesTarget": 0,
              "totalPacketSendDelay": 15.502927,
              "targetBitrate": 197500,
              "qualityLimitationReason": "none",
              "qualityLimitationDurations": {
                "bandwidth": 0,
                "cpu": 0,
                "none": 4.094,
                "other": 0
              },
              "qualityLimitationResolutionChanges": 0,
              "nackCount": 0,
              "firCount": 0,
              "pliCount": 0,
              "encoderImplementation": "MediaFoundationVideoEncodeAccelerator (NVIDIA H.264 Encoder MFT)",
              "powerEfficientEncoder": true
            },
            "remoteInbound": {
              "id": "RIV4281736207",
              "timestamp": 1788008851592.547,
              "ssrc": 4281736207,
              "kind": "video",
              "codecId": "COT01_103_level-asymmetry-allowed=1;packetization-mode=1;profile-level-id=42001f",
              "localId": "OT01V4281736207",
              "transportId": "T01",
              "packetsLost": 0,
              "jitter": 0.063966,
              "roundTripTime": 0.001,
              "totalRoundTripTime": 0.003,
              "roundTripTimeMeasurements": 3,
              "fractionLost": 0
            },
            "inbound": null,
            "remoteOutbound": null,
            "codec": {
              "id": "COT01_103_level-asymmetry-allowed=1;packetization-mode=1;profile-level-id=42001f",
              "timestamp": 1788008851991.192,
              "payloadType": 103,
              "mimeType": "video/H264",
              "clockRate": 90000,
              "sdpFmtpLine": "level-asymmetry-allowed=1;packetization-mode=1;profile-level-id=42001f"
            },
            "transport": {
              "id": "T01",
              "timestamp": 1788008851991.192,
              "bytesSent": 165349,
              "bytesReceived": 29306,
              "packetsSent": 474,
              "packetsReceived": 341,
              "selectedCandidatePairId": "CPYz1LktHt_Q+lLCKLz",
              "dtlsState": "connected",
              "iceRole": "controlled"
            },
            "candidatePair": {
              "id": "CPYz1LktHt_Q+lLCKLz",
              "timestamp": 1788008851991.192,
              "state": "succeeded",
              "nominated": true,
              "writable": true,
              "bytesSent": 160411,
              "bytesReceived": 25622,
              "currentRoundTripTime": 0,
              "totalRoundTripTime": 0.002,
              "responsesReceived": 5,
              "availableOutgoingBitrate": 666981,
              "requestsReceived": 5,
              "requestsSent": 5,
              "localCandidateId": "IYz1LktHt",
              "remoteCandidateId": "IQ+lLCKLz",
              "packetsDiscardedOnSend": 0,
              "bytesDiscardedOnSend": 0
            },
            "localCandidate": {
              "id": "IYz1LktHt",
              "timestamp": 1788008851991.192,
              "candidateType": "host",
              "protocol": "udp",
              "networkType": "ethernet",
              "address": "fdfd::1ab2:41f1",
              "port": 55625,
              "priority": 2122199807
            },
            "remoteCandidate": {
              "id": "IQ+lLCKLz",
              "timestamp": 1788008851991.192,
              "candidateType": "host",
              "protocol": "udp",
              "address": "fdfd::1ab2:41f1",
              "port": 59077,
              "priority": 2122199807
            }
          }
        },
        {
          "benchmarkElapsedMs": 2749.7352,
          "collectedAt": 1788008852240.5999,
          "role": "sender",
          "transportMode": "mesh",
          "peerId": "10045ee2",
          "connectionState": "connected",
          "iceConnectionState": "connected",
          "signalingState": "stable",
          "track": {
            "id": "53dfeded-81da-43f7-944c-68f9696b7665",
            "label": "Screen",
            "enabled": true,
            "muted": false,
            "readyState": "live",
            "settings": {
              "aspectRatio": 1.7777777777777777,
              "deviceId": "screen:0:0",
              "frameRate": 60,
              "height": 720,
              "resizeMode": "crop-and-scale",
              "screenPixelRatio": 1,
              "width": 1280
            },
            "constraints": {
              "frameRate": {
                "max": 60,
                "ideal": 60
              },
              "height": {
                "max": 720,
                "ideal": 720
              },
              "width": {
                "max": 1280,
                "ideal": 1280
              }
            }
          },
          "senderParameters": {
            "degradationPreference": "maintain-resolution",
            "transactionId": "1437ea11-a96a-45fe-a786-75f593014e26",
            "encodings": [
              {
                "active": true,
                "maxBitrate": 237069,
                "maxFramerate": 60,
                "scaleResolutionDownBy": 1,
                "priority": "high",
                "networkPriority": "high"
              }
            ]
          },
          "adaptation": {
            "profileId": "performance",
            "level": 0,
            "temporalLevel": 0,
            "poorSamples": 0,
            "stableSamples": 0,
            "sourceSamples": 0,
            "networkSamples": 3,
            "sampleCount": 3,
            "cooldownSamples": 0,
            "scale": 1,
            "frameRate": 60,
            "reason": "startup-observation",
            "targetFps": 60,
            "measuredFps": 2.6662504989862423,
            "captureFps": 57.324385728204206,
            "encodedFps": 2.6662504989862423,
            "encoderDeliveryRatio": 0.04651162790697675,
            "bottleneck": "network",
            "sourceLimited": false,
            "networkPressure": true,
            "capacityPressure": true,
            "transportPressure": true,
            "packetLossPressure": false,
            "retransmissionPressure": false,
            "pacerPressure": true,
            "discardedPacketPressure": false,
            "packetLossRatio": 0,
            "retransmissionRatio": 0,
            "averagePacketSendDelayMs": 30.863166666666626,
            "packetsDiscardedOnSend": 0,
            "pressureSamplesRequired": 2,
            "networkSustained": true,
            "networkHeadroomRatio": 0.083372625,
            "requiredBitrate": 8000000,
            "recoveryRequiredBitrate": 8000000,
            "networkRecoveryHeadroomRatio": 0.083372625,
            "networkRecoveryReady": true,
            "projectedRecoveryEncodeMs": 3.966666666666667,
            "encoderRecoveryReady": true,
            "encoderTrial": null,
            "downscaleEffectiveness": {
              "status": "idle",
              "samplesObserved": 0,
              "samplesRequired": 3,
              "requiredDeliveryGain": 0.08,
              "requiredEncodeCostReductionRatio": 0.15
            },
            "averageEncodeTimeMs": 3,
            "fpsEma": 2.1001451035695036,
            "encodeEma": 3.966666666666667,
            "effectiveWidth": 1280,
            "effectiveHeight": 720,
            "temporalChanged": false,
            "softwareEncoder": false,
            "encoderImplementation": "MediaFoundationVideoEncodeAccelerator (NVIDIA H.264 Encoder MFT)",
            "trackId": "53dfeded-81da-43f7-944c-68f9696b7665"
          },
          "videoCodecPolicyKey": "hardware-or-unknown",
          "videoMutationCounts": {
            "total": 2,
            "structural": 1,
            "bitrate": 2,
            "active": 0,
            "track": 1
          },
          "lastVideoMutation": {
            "sequence": 2,
            "type": "adapt",
            "timestampMs": 1788008848083,
            "peerId": "10045ee2",
            "structural": false,
            "bitrate": true,
            "active": false,
            "trackChanged": false,
            "before": {
              "trackId": "53dfeded-81da-43f7-944c-68f9696b7665",
              "degradationPreference": "maintain-resolution",
              "encodings": [
                {
                  "active": true,
                  "maxBitrate": 8000000,
                  "maxFramerate": 60,
                  "scaleResolutionDownBy": 1,
                  "scalabilityMode": null
                }
              ]
            },
            "after": {
              "trackId": "53dfeded-81da-43f7-944c-68f9696b7665",
              "degradationPreference": "maintain-resolution",
              "encodings": [
                {
                  "active": true,
                  "maxBitrate": 237069,
                  "maxFramerate": 60,
                  "scaleResolutionDownBy": 1,
                  "scalabilityMode": null
                }
              ]
            },
            "countersBeforeNextSample": {
              "keyFramesEncoded": 0,
              "hugeFramesSent": 0,
              "nackCount": 0,
              "pliCount": 0,
              "firCount": 0,
              "bytesSent": 0
            },
            "profileId": "performance",
            "adaptationReason": "network-observation",
            "adaptationLevel": 0,
            "temporalLevel": 0
          },
          "jitterBufferTarget": null,
          "topology": {
            "sfuViewerCount": 0,
            "sfuConsumerCount": 0,
            "meshScreenSenders": 1,
            "meshActiveScreenSenders": 1,
            "meshViaSfuCount": 0,
            "meshBytesSentTotal": 136678,
            "publisherUploadBytes": 136678
          },
          "reports": {
            "source": {
              "id": "SV2",
              "timestamp": 1788008852239.721,
              "trackIdentifier": "53dfeded-81da-43f7-944c-68f9696b7665",
              "kind": "video",
              "width": 1280,
              "height": 720,
              "frames": 242,
              "framesPerSecond": 58
            },
            "outbound": {
              "id": "OT01V4281736207",
              "timestamp": 1788008852239.721,
              "ssrc": 4281736207,
              "kind": "video",
              "mid": "1",
              "active": true,
              "codecId": "COT01_103_level-asymmetry-allowed=1;packetization-mode=1;profile-level-id=42001f",
              "mediaSourceId": "SV2",
              "remoteId": "RIV4281736207",
              "transportId": "T01",
              "bytesSent": 136678,
              "headerBytesSent": 5350,
              "packetsSent": 143,
              "retransmittedBytesSent": 0,
              "retransmittedPacketsSent": 0,
              "framesEncoded": 14,
              "framesSent": 14,
              "hugeFramesSent": 14,
              "keyFramesEncoded": 1,
              "framesPerSecond": 3,
              "frameWidth": 1280,
              "frameHeight": 720,
              "qpSum": 703,
              "totalEncodeTime": 0.055,
              "totalEncodedBytesTarget": 0,
              "totalPacketSendDelay": 15.780349999999999,
              "targetBitrate": 197500,
              "qualityLimitationReason": "none",
              "qualityLimitationDurations": {
                "bandwidth": 0,
                "cpu": 0,
                "none": 4.343,
                "other": 0
              },
              "qualityLimitationResolutionChanges": 0,
              "nackCount": 0,
              "firCount": 0,
              "pliCount": 0,
              "encoderImplementation": "MediaFoundationVideoEncodeAccelerator (NVIDIA H.264 Encoder MFT)",
              "powerEfficientEncoder": true
            },
            "remoteInbound": {
              "id": "RIV4281736207",
              "timestamp": 1788008851592.547,
              "ssrc": 4281736207,
              "kind": "video",
              "codecId": "COT01_103_level-asymmetry-allowed=1;packetization-mode=1;profile-level-id=42001f",
              "localId": "OT01V4281736207",
              "transportId": "T01",
              "packetsLost": 0,
              "jitter": 0.063966,
              "roundTripTime": 0.001,
              "totalRoundTripTime": 0.003,
              "roundTripTimeMeasurements": 3,
              "fractionLost": 0
            },
            "inbound": null,
            "remoteOutbound": null,
            "codec": {
              "id": "COT01_103_level-asymmetry-allowed=1;packetization-mode=1;profile-level-id=42001f",
              "timestamp": 1788008852239.721,
              "payloadType": 103,
              "mimeType": "video/H264",
              "clockRate": 90000,
              "sdpFmtpLine": "level-asymmetry-allowed=1;packetization-mode=1;profile-level-id=42001f"
            },
            "transport": {
              "id": "T01",
              "timestamp": 1788008852239.721,
              "bytesSent": 176061,
              "bytesReceived": 30750,
              "packetsSent": 499,
              "packetsReceived": 357,
              "selectedCandidatePairId": "CPYz1LktHt_Q+lLCKLz",
              "dtlsState": "connected",
              "iceRole": "controlled"
            },
            "candidatePair": {
              "id": "CPYz1LktHt_Q+lLCKLz",
              "timestamp": 1788008852239.721,
              "state": "succeeded",
              "nominated": true,
              "writable": true,
              "bytesSent": 171123,
              "bytesReceived": 27066,
              "currentRoundTripTime": 0,
              "totalRoundTripTime": 0.002,
              "responsesReceived": 6,
              "availableOutgoingBitrate": 666981,
              "requestsReceived": 6,
              "requestsSent": 6,
              "localCandidateId": "IYz1LktHt",
              "remoteCandidateId": "IQ+lLCKLz",
              "packetsDiscardedOnSend": 0,
              "bytesDiscardedOnSend": 0
            },
            "localCandidate": {
              "id": "IYz1LktHt",
              "timestamp": 1788008852239.721,
              "candidateType": "host",
              "protocol": "udp",
              "networkType": "ethernet",
              "address": "fdfd::1ab2:41f1",
              "port": 55625,
              "priority": 2122199807
            },
            "remoteCandidate": {
              "id": "IQ+lLCKLz",
              "timestamp": 1788008852239.721,
              "candidateType": "host",
              "protocol": "udp",
              "address": "fdfd::1ab2:41f1",
              "port": 59077,
              "priority": 2122199807
            }
          }
        },
        {
          "benchmarkElapsedMs": 2999.858,
          "collectedAt": 1788008852490.5,
          "role": "sender",
          "transportMode": "mesh",
          "peerId": "10045ee2",
          "connectionState": "connected",
          "iceConnectionState": "connected",
          "signalingState": "stable",
          "track": {
            "id": "53dfeded-81da-43f7-944c-68f9696b7665",
            "label": "Screen",
            "enabled": true,
            "muted": false,
            "readyState": "live",
            "settings": {
              "aspectRatio": 1.7777777777777777,
              "deviceId": "screen:0:0",
              "frameRate": 60,
              "height": 720,
              "resizeMode": "crop-and-scale",
              "screenPixelRatio": 1,
              "width": 1280
            },
            "constraints": {
              "frameRate": {
                "max": 60,
                "ideal": 60
              },
              "height": {
                "max": 720,
                "ideal": 720
              },
              "width": {
                "max": 1280,
                "ideal": 1280
              }
            }
          },
          "senderParameters": {
            "degradationPreference": "maintain-resolution",
            "transactionId": "a2914dad-b8d4-465e-a954-3229401dcdd5",
            "encodings": [
              {
                "active": true,
                "maxBitrate": 331897,
                "maxFramerate": 60,
                "scaleResolutionDownBy": 1.3333333333333333,
                "priority": "high",
                "networkPriority": "high"
              }
            ]
          },
          "adaptation": {
            "profileId": "performance",
            "level": 1,
            "temporalLevel": 0,
            "poorSamples": 0,
            "stableSamples": 0,
            "sourceSamples": 0,
            "networkSamples": 0,
            "sampleCount": 4,
            "cooldownSamples": 2,
            "scale": 1.3333333333333333,
            "frameRate": 60,
            "reason": "network-spatial-downshift",
            "targetFps": 60,
            "measuredFps": 2.6664019360057027,
            "captureFps": 56.661041140121185,
            "encodedFps": 2.6664019360057027,
            "encoderDeliveryRatio": 0.047058823529411764,
            "bottleneck": "network",
            "sourceLimited": false,
            "networkPressure": true,
            "capacityPressure": true,
            "transportPressure": true,
            "packetLossPressure": false,
            "retransmissionPressure": false,
            "pacerPressure": true,
            "discardedPacketPressure": false,
            "packetLossRatio": 0,
            "retransmissionRatio": 0,
            "averagePacketSendDelayMs": 31.292216216216215,
            "packetsDiscardedOnSend": 0,
            "pressureSamplesRequired": 2,
            "networkSustained": true,
            "networkHeadroomRatio": 0.083372625,
            "requiredBitrate": 8000000,
            "recoveryRequiredBitrate": 8000000,
            "networkRecoveryHeadroomRatio": 0.083372625,
            "networkRecoveryReady": true,
            "projectedRecoveryEncodeMs": 3.8756666666666666,
            "encoderRecoveryReady": true,
            "encoderTrial": null,
            "downscaleEffectiveness": {
              "status": "idle",
              "samplesObserved": 0,
              "samplesRequired": 3,
              "requiredDeliveryGain": 0.08,
              "requiredEncodeCostReductionRatio": 0.15
            },
            "averageEncodeTimeMs": 3.75,
            "fpsEma": 2.3379729731927075,
            "encodeEma": 3.8756666666666666,
            "effectiveWidth": 960,
            "effectiveHeight": 540,
            "temporalChanged": false,
            "softwareEncoder": false,
            "encoderImplementation": "MediaFoundationVideoEncodeAccelerator (NVIDIA H.264 Encoder MFT)",
            "trackId": "53dfeded-81da-43f7-944c-68f9696b7665"
          },
          "videoCodecPolicyKey": "hardware-or-unknown",
          "videoMutationCounts": {
            "total": 3,
            "structural": 2,
            "bitrate": 3,
            "active": 0,
            "track": 1
          },
          "lastVideoMutation": {
            "sequence": 3,
            "type": "adapt",
            "timestampMs": 1788008852434,
            "peerId": "10045ee2",
            "structural": true,
            "bitrate": true,
            "active": false,
            "trackChanged": false,
            "before": {
              "trackId": "53dfeded-81da-43f7-944c-68f9696b7665",
              "degradationPreference": "maintain-resolution",
              "encodings": [
                {
                  "active": true,
                  "maxBitrate": 237069,
                  "maxFramerate": 60,
                  "scaleResolutionDownBy": 1,
                  "scalabilityMode": null
                }
              ]
            },
            "after": {
              "trackId": "53dfeded-81da-43f7-944c-68f9696b7665",
              "degradationPreference": "maintain-resolution",
              "encodings": [
                {
                  "active": true,
                  "maxBitrate": 331897,
                  "maxFramerate": 60,
                  "scaleResolutionDownBy": 1.3333333333333333,
                  "scalabilityMode": null
                }
              ]
            },
            "countersBeforeNextSample": {
              "keyFramesEncoded": 1,
              "hugeFramesSent": 14,
              "nackCount": 0,
              "pliCount": 0,
              "firCount": 0,
              "bytesSent": 136678
            },
            "profileId": "performance",
            "adaptationReason": "network-spatial-downshift",
            "adaptationLevel": 1,
            "temporalLevel": 0
          },
          "jitterBufferTarget": 140,
          "topology": {
            "sfuViewerCount": 0,
            "sfuConsumerCount": 0,
            "meshScreenSenders": 1,
            "meshActiveScreenSenders": 1,
            "meshViaSfuCount": 0,
            "meshBytesSentTotal": 140997,
            "publisherUploadBytes": 140997
          },
          "reports": {
            "source": {
              "id": "SV2",
              "timestamp": 1788008852489.823,
              "trackIdentifier": "53dfeded-81da-43f7-944c-68f9696b7665",
              "kind": "video",
              "width": 1280,
              "height": 720,
              "frames": 256,
              "framesPerSecond": 57
            },
            "outbound": {
              "id": "OT01V4281736207",
              "timestamp": 1788008852489.823,
              "ssrc": 4281736207,
              "kind": "video",
              "mid": "1",
              "active": true,
              "codecId": "COT01_103_level-asymmetry-allowed=1;packetization-mode=1;profile-level-id=42001f",
              "mediaSourceId": "SV2",
              "remoteId": "RIV4281736207",
              "transportId": "T01",
              "bytesSent": 140997,
              "headerBytesSent": 5470,
              "packetsSent": 148,
              "retransmittedBytesSent": 0,
              "retransmittedPacketsSent": 0,
              "framesEncoded": 17,
              "framesSent": 17,
              "hugeFramesSent": 17,
              "keyFramesEncoded": 2,
              "framesPerSecond": 5,
              "frameWidth": 960,
              "frameHeight": 540,
              "qpSum": 856,
              "totalEncodeTime": 0.074,
              "totalEncodedBytesTarget": 0,
              "totalPacketSendDelay": 15.780356999999999,
              "targetBitrate": 275833,
              "qualityLimitationReason": "none",
              "qualityLimitationDurations": {
                "bandwidth": 0,
                "cpu": 0,
                "none": 4.593,
                "other": 0
              },
              "qualityLimitationResolutionChanges": 0,
              "nackCount": 0,
              "firCount": 0,
              "pliCount": 0,
              "encoderImplementation": "MediaFoundationVideoEncodeAccelerator (NVIDIA H.264 Encoder MFT)",
              "powerEfficientEncoder": true
            },
            "remoteInbound": {
              "id": "RIV4281736207",
              "timestamp": 1788008852421.525,
              "ssrc": 4281736207,
              "kind": "video",
              "codecId": "COT01_103_level-asymmetry-allowed=1;packetization-mode=1;profile-level-id=42001f",
              "localId": "OT01V4281736207",
              "transportId": "T01",
              "packetsLost": 0,
              "jitter": 0.06805499999999999,
              "roundTripTime": 0.001,
              "totalRoundTripTime": 0.004,
              "roundTripTimeMeasurements": 4,
              "fractionLost": 0
            },
            "inbound": {
              "id": "IT01V1795132819",
              "timestamp": 1788008852489.823,
              "ssrc": 1795132819,
              "kind": "video",
              "mid": "1",
              "transportId": "T01",
              "bytesReceived": 0,
              "headerBytesReceived": 849,
              "packetsReceived": 3,
              "packetsLost": 0,
              "jitter": 0,
              "framesReceived": 0,
              "framesDecoded": 0,
              "framesDropped": 0,
              "keyFramesDecoded": 0,
              "totalDecodeTime": 0,
              "totalProcessingDelay": 0,
              "totalInterFrameDelay": 0,
              "totalSquaredInterFrameDelay": 0,
              "freezeCount": 0,
              "totalFreezesDuration": 0,
              "pauseCount": 0,
              "totalPausesDuration": 0,
              "jitterBufferDelay": 0,
              "jitterBufferTargetDelay": 0,
              "jitterBufferMinimumDelay": 0,
              "jitterBufferEmittedCount": 0,
              "nackCount": 0,
              "firCount": 0,
              "pliCount": 0,
              "framesAssembledFromMultiplePackets": 0,
              "totalAssemblyTime": 0,
              "retransmittedBytesReceived": 0
            },
            "remoteOutbound": null,
            "codec": {
              "id": "COT01_103_level-asymmetry-allowed=1;packetization-mode=1;profile-level-id=42001f",
              "timestamp": 1788008852489.823,
              "payloadType": 103,
              "mimeType": "video/H264",
              "clockRate": 90000,
              "sdpFmtpLine": "level-asymmetry-allowed=1;packetization-mode=1;profile-level-id=42001f"
            },
            "transport": {
              "id": "T01",
              "timestamp": 1788008852489.823,
              "bytesSent": 182109,
              "bytesReceived": 33262,
              "packetsSent": 522,
              "packetsReceived": 378,
              "selectedCandidatePairId": "CPYz1LktHt_Q+lLCKLz",
              "dtlsState": "connected",
              "iceRole": "controlled"
            },
            "candidatePair": {
              "id": "CPYz1LktHt_Q+lLCKLz",
              "timestamp": 1788008852489.823,
              "state": "succeeded",
              "nominated": true,
              "writable": true,
              "bytesSent": 177171,
              "bytesReceived": 29578,
              "currentRoundTripTime": 0,
              "totalRoundTripTime": 0.002,
              "responsesReceived": 6,
              "availableOutgoingBitrate": 666981,
              "requestsReceived": 6,
              "requestsSent": 6,
              "localCandidateId": "IYz1LktHt",
              "remoteCandidateId": "IQ+lLCKLz",
              "packetsDiscardedOnSend": 0,
              "bytesDiscardedOnSend": 0
            },
            "localCandidate": {
              "id": "IYz1LktHt",
              "timestamp": 1788008852489.823,
              "candidateType": "host",
              "protocol": "udp",
              "networkType": "ethernet",
              "address": "fdfd::1ab2:41f1",
              "port": 55625,
              "priority": 2122199807
            },
            "remoteCandidate": {
              "id": "IQ+lLCKLz",
              "timestamp": 1788008852489.823,
              "candidateType": "host",
              "protocol": "udp",
              "address": "fdfd::1ab2:41f1",
              "port": 59077,
              "priority": 2122199807
            }
          }
        }
      ],
      "receiverSamples": [
        {
          "benchmarkElapsedMs": 0.0027000000000043656,
          "collectedAt": 1788008849490.7,
          "role": "receiver",
          "transportMode": "mesh",
          "peerId": "aef33380",
          "connectionState": "connected",
          "iceConnectionState": "connected",
          "signalingState": "stable",
          "track": {
            "id": "d680d02d-0088-48f4-8429-bd45d42a62ed",
            "label": "remote video",
            "enabled": true,
            "muted": false,
            "readyState": "live",
            "settings": {
              "aspectRatio": 1.7777777777777777,
              "deviceId": "d680d02d-0088-48f4-8429-bd45d42a62ed",
              "frameRate": 30,
              "height": 720,
              "resizeMode": "none",
              "width": 1280
            },
            "constraints": {}
          },
          "senderParameters": null,
          "adaptation": null,
          "videoCodecPolicyKey": "hardware-or-unknown",
          "videoMutationCounts": null,
          "lastVideoMutation": null,
          "jitterBufferTarget": 140,
          "topology": {
            "sfuViewerCount": 0,
            "sfuConsumerCount": 0,
            "meshScreenSenders": 0,
            "meshActiveScreenSenders": 0,
            "meshViaSfuCount": 0,
            "meshBytesSentTotal": 0,
            "publisherUploadBytes": null
          },
          "reports": {
            "source": null,
            "outbound": {
              "id": "OT01V1795132819",
              "timestamp": 1788008849489.951,
              "ssrc": 1795132819,
              "kind": "video",
              "mid": "1",
              "active": true,
              "codecId": "COT01_103_level-asymmetry-allowed=1;packetization-mode=1;profile-level-id=42001f",
              "mediaSourceId": "SV0",
              "transportId": "T01",
              "bytesSent": 0,
              "headerBytesSent": 0,
              "packetsSent": 0,
              "retransmittedBytesSent": 0,
              "retransmittedPacketsSent": 0,
              "framesEncoded": 0,
              "framesSent": 0,
              "hugeFramesSent": 0,
              "keyFramesEncoded": 0,
              "totalEncodeTime": 0,
              "totalEncodedBytesTarget": 0,
              "totalPacketSendDelay": 0,
              "qualityLimitationReason": "none",
              "qualityLimitationDurations": {
                "bandwidth": 0,
                "cpu": 0,
                "none": 2.388,
                "other": 0
              },
              "qualityLimitationResolutionChanges": 0,
              "nackCount": 0,
              "firCount": 0,
              "pliCount": 0
            },
            "remoteInbound": null,
            "inbound": {
              "id": "IT01V4281736207",
              "timestamp": 1788008849489.951,
              "ssrc": 4281736207,
              "kind": "video",
              "mid": "1",
              "codecId": "CIT01_103_level-asymmetry-allowed=1;packetization-mode=1;profile-level-id=42001f",
              "remoteId": "ROV4281736207",
              "transportId": "T01",
              "bytesReceived": 65005,
              "headerBytesReceived": 3470,
              "packetsReceived": 70,
              "packetsLost": 0,
              "jitter": 0.052,
              "framesReceived": 6,
              "framesDecoded": 6,
              "framesDropped": 0,
              "keyFramesDecoded": 1,
              "framesPerSecond": 5,
              "frameWidth": 1280,
              "frameHeight": 720,
              "totalDecodeTime": 0.022369,
              "totalProcessingDelay": 1.552474,
              "totalInterFrameDelay": 0.881,
              "totalSquaredInterFrameDelay": 0.169543,
              "freezeCount": 0,
              "totalFreezesDuration": 0,
              "pauseCount": 0,
              "totalPausesDuration": 0,
              "jitterBufferDelay": 1.5224449999999998,
              "jitterBufferTargetDelay": 0.7799999999999999,
              "jitterBufferMinimumDelay": 0.268098,
              "jitterBufferEmittedCount": 6,
              "nackCount": 0,
              "firCount": 0,
              "pliCount": 0,
              "decoderImplementation": "ExternalDecoder (D3D11VideoDecoder)",
              "powerEfficientDecoder": true,
              "framesAssembledFromMultiplePackets": 6,
              "totalAssemblyTime": 0.853968,
              "retransmittedBytesReceived": 0
            },
            "remoteOutbound": {
              "id": "ROV4281736207",
              "timestamp": 1788008849389.769,
              "ssrc": 4281736207,
              "kind": "video",
              "codecId": "CIT01_103_level-asymmetry-allowed=1;packetization-mode=1;profile-level-id=42001f",
              "localId": "IT01V4281736207",
              "transportId": "T01",
              "bytesSent": 65005,
              "packetsSent": 70,
              "remoteTimestamp": 1788008849389.283,
              "reportsSent": 2,
              "totalRoundTripTime": 0
            },
            "codec": {
              "id": "CIT01_103_level-asymmetry-allowed=1;packetization-mode=1;profile-level-id=42001f",
              "timestamp": 1788008849489.951,
              "payloadType": 103,
              "mimeType": "video/H264",
              "clockRate": 90000,
              "sdpFmtpLine": "level-asymmetry-allowed=1;packetization-mode=1;profile-level-id=42001f"
            },
            "transport": {
              "id": "T01",
              "timestamp": 1788008849489.951,
              "bytesSent": 14533,
              "bytesReceived": 85303,
              "packetsSent": 172,
              "packetsReceived": 242,
              "selectedCandidatePairId": "CPAepyPfVT_ImPUCFvY",
              "dtlsState": "connected",
              "iceRole": "controlling"
            },
            "candidatePair": {
              "id": "CPAepyPfVT_ImPUCFvY",
              "timestamp": 1788008849489.951,
              "state": "succeeded",
              "nominated": true,
              "writable": true,
              "bytesSent": 10849,
              "bytesReceived": 80365,
              "currentRoundTripTime": 0,
              "totalRoundTripTime": 0.002,
              "responsesReceived": 5,
              "availableOutgoingBitrate": 303910,
              "requestsReceived": 5,
              "requestsSent": 5,
              "localCandidateId": "IAepyPfVT",
              "remoteCandidateId": "IImPUCFvY",
              "packetsDiscardedOnSend": 0,
              "bytesDiscardedOnSend": 0
            },
            "localCandidate": {
              "id": "IAepyPfVT",
              "timestamp": 1788008849489.951,
              "candidateType": "host",
              "protocol": "udp",
              "networkType": "ethernet",
              "address": "fdfd::1ab2:41f1",
              "port": 59077,
              "priority": 2122199807
            },
            "remoteCandidate": {
              "id": "IImPUCFvY",
              "timestamp": 1788008849489.951,
              "candidateType": "host",
              "protocol": "udp",
              "address": "fdfd::1ab2:41f1",
              "port": 55625,
              "priority": 2122199807
            }
          }
        },
        {
          "benchmarkElapsedMs": 250.09009999999944,
          "collectedAt": 1788008849741,
          "role": "receiver",
          "transportMode": "mesh",
          "peerId": "aef33380",
          "connectionState": "connected",
          "iceConnectionState": "connected",
          "signalingState": "stable",
          "track": {
            "id": "d680d02d-0088-48f4-8429-bd45d42a62ed",
            "label": "remote video",
            "enabled": true,
            "muted": false,
            "readyState": "live",
            "settings": {
              "aspectRatio": 1.7777777777777777,
              "deviceId": "d680d02d-0088-48f4-8429-bd45d42a62ed",
              "frameRate": 30,
              "height": 720,
              "resizeMode": "none",
              "width": 1280
            },
            "constraints": {}
          },
          "senderParameters": null,
          "adaptation": null,
          "videoCodecPolicyKey": "hardware-or-unknown",
          "videoMutationCounts": null,
          "lastVideoMutation": null,
          "jitterBufferTarget": 320,
          "topology": {
            "sfuViewerCount": 0,
            "sfuConsumerCount": 0,
            "meshScreenSenders": 0,
            "meshActiveScreenSenders": 0,
            "meshViaSfuCount": 0,
            "meshBytesSentTotal": 0,
            "publisherUploadBytes": null
          },
          "reports": {
            "source": null,
            "outbound": {
              "id": "OT01V1795132819",
              "timestamp": 1788008849740.108,
              "ssrc": 1795132819,
              "kind": "video",
              "mid": "1",
              "active": true,
              "codecId": "COT01_103_level-asymmetry-allowed=1;packetization-mode=1;profile-level-id=42001f",
              "mediaSourceId": "SV0",
              "transportId": "T01",
              "bytesSent": 0,
              "headerBytesSent": 0,
              "packetsSent": 0,
              "retransmittedBytesSent": 0,
              "retransmittedPacketsSent": 0,
              "framesEncoded": 0,
              "framesSent": 0,
              "hugeFramesSent": 0,
              "keyFramesEncoded": 0,
              "totalEncodeTime": 0,
              "totalEncodedBytesTarget": 0,
              "totalPacketSendDelay": 0,
              "qualityLimitationReason": "none",
              "qualityLimitationDurations": {
                "bandwidth": 0,
                "cpu": 0,
                "none": 2.638,
                "other": 0
              },
              "qualityLimitationResolutionChanges": 0,
              "nackCount": 0,
              "firCount": 0,
              "pliCount": 0
            },
            "remoteInbound": null,
            "inbound": {
              "id": "IT01V4281736207",
              "timestamp": 1788008849740.108,
              "ssrc": 4281736207,
              "kind": "video",
              "mid": "1",
              "codecId": "CIT01_103_level-asymmetry-allowed=1;packetization-mode=1;profile-level-id=42001f",
              "remoteId": "ROV4281736207",
              "transportId": "T01",
              "bytesReceived": 73764,
              "headerBytesReceived": 3702,
              "packetsReceived": 79,
              "packetsLost": 0,
              "jitter": 0.055,
              "framesReceived": 7,
              "framesDecoded": 6,
              "framesDropped": 0,
              "keyFramesDecoded": 1,
              "framesPerSecond": 4,
              "frameWidth": 1280,
              "frameHeight": 720,
              "totalDecodeTime": 0.022369,
              "totalProcessingDelay": 1.552474,
              "totalInterFrameDelay": 0.881,
              "totalSquaredInterFrameDelay": 0.169543,
              "freezeCount": 0,
              "totalFreezesDuration": 0,
              "pauseCount": 0,
              "totalPausesDuration": 0,
              "jitterBufferDelay": 1.5224449999999998,
              "jitterBufferTargetDelay": 0.7799999999999999,
              "jitterBufferMinimumDelay": 0.268098,
              "jitterBufferEmittedCount": 6,
              "nackCount": 0,
              "firCount": 0,
              "pliCount": 0,
              "decoderImplementation": "ExternalDecoder (D3D11VideoDecoder)",
              "powerEfficientDecoder": true,
              "framesAssembledFromMultiplePackets": 6,
              "totalAssemblyTime": 0.853968,
              "retransmittedBytesReceived": 0
            },
            "remoteOutbound": {
              "id": "ROV4281736207",
              "timestamp": 1788008849389.769,
              "ssrc": 4281736207,
              "kind": "video",
              "codecId": "CIT01_103_level-asymmetry-allowed=1;packetization-mode=1;profile-level-id=42001f",
              "localId": "IT01V4281736207",
              "transportId": "T01",
              "bytesSent": 65005,
              "packetsSent": 70,
              "remoteTimestamp": 1788008849389.283,
              "reportsSent": 2,
              "totalRoundTripTime": 0
            },
            "codec": {
              "id": "CIT01_103_level-asymmetry-allowed=1;packetization-mode=1;profile-level-id=42001f",
              "timestamp": 1788008849740.108,
              "payloadType": 103,
              "mimeType": "video/H264",
              "clockRate": 90000,
              "sdpFmtpLine": "level-asymmetry-allowed=1;packetization-mode=1;profile-level-id=42001f"
            },
            "transport": {
              "id": "T01",
              "timestamp": 1788008849740.108,
              "bytesSent": 16275,
              "bytesReceived": 95984,
              "packetsSent": 191,
              "packetsReceived": 268,
              "selectedCandidatePairId": "CPAepyPfVT_ImPUCFvY",
              "dtlsState": "connected",
              "iceRole": "controlling"
            },
            "candidatePair": {
              "id": "CPAepyPfVT_ImPUCFvY",
              "timestamp": 1788008849740.108,
              "state": "succeeded",
              "nominated": true,
              "writable": true,
              "bytesSent": 12591,
              "bytesReceived": 91046,
              "currentRoundTripTime": 0,
              "totalRoundTripTime": 0.002,
              "responsesReceived": 5,
              "availableOutgoingBitrate": 303910,
              "requestsReceived": 5,
              "requestsSent": 5,
              "localCandidateId": "IAepyPfVT",
              "remoteCandidateId": "IImPUCFvY",
              "packetsDiscardedOnSend": 0,
              "bytesDiscardedOnSend": 0
            },
            "localCandidate": {
              "id": "IAepyPfVT",
              "timestamp": 1788008849740.108,
              "candidateType": "host",
              "protocol": "udp",
              "networkType": "ethernet",
              "address": "fdfd::1ab2:41f1",
              "port": 59077,
              "priority": 2122199807
            },
            "remoteCandidate": {
              "id": "IImPUCFvY",
              "timestamp": 1788008849740.108,
              "candidateType": "host",
              "protocol": "udp",
              "address": "fdfd::1ab2:41f1",
              "port": 55625,
              "priority": 2122199807
            }
          }
        },
        {
          "benchmarkElapsedMs": 499.90160000000014,
          "collectedAt": 1788008849990.6,
          "role": "receiver",
          "transportMode": "mesh",
          "peerId": "aef33380",
          "connectionState": "connected",
          "iceConnectionState": "connected",
          "signalingState": "stable",
          "track": {
            "id": "d680d02d-0088-48f4-8429-bd45d42a62ed",
            "label": "remote video",
            "enabled": true,
            "muted": false,
            "readyState": "live",
            "settings": {
              "aspectRatio": 1.7777777777777777,
              "deviceId": "d680d02d-0088-48f4-8429-bd45d42a62ed",
              "frameRate": 11.771589863319114,
              "height": 720,
              "resizeMode": "none",
              "width": 1280
            },
            "constraints": {}
          },
          "senderParameters": null,
          "adaptation": null,
          "videoCodecPolicyKey": "hardware-or-unknown",
          "videoMutationCounts": null,
          "lastVideoMutation": null,
          "jitterBufferTarget": 320,
          "topology": {
            "sfuViewerCount": 0,
            "sfuConsumerCount": 0,
            "meshScreenSenders": 0,
            "meshActiveScreenSenders": 0,
            "meshViaSfuCount": 0,
            "meshBytesSentTotal": 0,
            "publisherUploadBytes": null
          },
          "reports": {
            "source": null,
            "outbound": {
              "id": "OT01V1795132819",
              "timestamp": 1788008849989.898,
              "ssrc": 1795132819,
              "kind": "video",
              "mid": "1",
              "active": true,
              "codecId": "COT01_103_level-asymmetry-allowed=1;packetization-mode=1;profile-level-id=42001f",
              "mediaSourceId": "SV0",
              "transportId": "T01",
              "bytesSent": 0,
              "headerBytesSent": 0,
              "packetsSent": 0,
              "retransmittedBytesSent": 0,
              "retransmittedPacketsSent": 0,
              "framesEncoded": 0,
              "framesSent": 0,
              "hugeFramesSent": 0,
              "keyFramesEncoded": 0,
              "totalEncodeTime": 0,
              "totalEncodedBytesTarget": 0,
              "totalPacketSendDelay": 0,
              "qualityLimitationReason": "none",
              "qualityLimitationDurations": {
                "bandwidth": 0,
                "cpu": 0,
                "none": 2.888,
                "other": 0
              },
              "qualityLimitationResolutionChanges": 0,
              "nackCount": 0,
              "firCount": 0,
              "pliCount": 0
            },
            "remoteInbound": null,
            "inbound": {
              "id": "IT01V4281736207",
              "timestamp": 1788008849989.898,
              "ssrc": 4281736207,
              "kind": "video",
              "mid": "1",
              "codecId": "CIT01_103_level-asymmetry-allowed=1;packetization-mode=1;profile-level-id=42001f",
              "remoteId": "ROV4281736207",
              "transportId": "T01",
              "bytesReceived": 81564,
              "headerBytesReceived": 3894,
              "packetsReceived": 87,
              "packetsLost": 0,
              "jitter": 0.057,
              "framesReceived": 7,
              "framesDecoded": 7,
              "framesDropped": 0,
              "keyFramesDecoded": 1,
              "framesPerSecond": 3,
              "frameWidth": 1280,
              "frameHeight": 720,
              "totalDecodeTime": 0.022983999999999997,
              "totalProcessingDelay": 1.8730319999999998,
              "totalInterFrameDelay": 1.397,
              "totalSquaredInterFrameDelay": 0.435799,
              "freezeCount": 0,
              "totalFreezesDuration": 0,
              "pauseCount": 0,
              "totalPausesDuration": 0,
              "jitterBufferDelay": 1.842363,
              "jitterBufferTargetDelay": 1.089,
              "jitterBufferMinimumDelay": 0.268098,
              "jitterBufferEmittedCount": 7,
              "nackCount": 0,
              "firCount": 0,
              "pliCount": 0,
              "decoderImplementation": "ExternalDecoder (D3D11VideoDecoder)",
              "powerEfficientDecoder": true,
              "framesAssembledFromMultiplePackets": 7,
              "totalAssemblyTime": 0.944449,
              "retransmittedBytesReceived": 0
            },
            "remoteOutbound": {
              "id": "ROV4281736207",
              "timestamp": 1788008849389.769,
              "ssrc": 4281736207,
              "kind": "video",
              "codecId": "CIT01_103_level-asymmetry-allowed=1;packetization-mode=1;profile-level-id=42001f",
              "localId": "IT01V4281736207",
              "transportId": "T01",
              "bytesSent": 65005,
              "packetsSent": 70,
              "remoteTimestamp": 1788008849389.283,
              "reportsSent": 2,
              "totalRoundTripTime": 0
            },
            "codec": {
              "id": "CIT01_103_level-asymmetry-allowed=1;packetization-mode=1;profile-level-id=42001f",
              "timestamp": 1788008849989.898,
              "payloadType": 103,
              "mimeType": "video/H264",
              "clockRate": 90000,
              "sdpFmtpLine": "level-asymmetry-allowed=1;packetization-mode=1;profile-level-id=42001f"
            },
            "transport": {
              "id": "T01",
              "timestamp": 1788008849989.898,
              "bytesSent": 17302,
              "bytesReceived": 105171,
              "packetsSent": 207,
              "packetsReceived": 293,
              "selectedCandidatePairId": "CPAepyPfVT_ImPUCFvY",
              "dtlsState": "connected",
              "iceRole": "controlling"
            },
            "candidatePair": {
              "id": "CPAepyPfVT_ImPUCFvY",
              "timestamp": 1788008849989.898,
              "state": "succeeded",
              "nominated": true,
              "writable": true,
              "bytesSent": 13618,
              "bytesReceived": 100233,
              "currentRoundTripTime": 0,
              "totalRoundTripTime": 0.002,
              "responsesReceived": 5,
              "availableOutgoingBitrate": 303910,
              "requestsReceived": 5,
              "requestsSent": 5,
              "localCandidateId": "IAepyPfVT",
              "remoteCandidateId": "IImPUCFvY",
              "packetsDiscardedOnSend": 0,
              "bytesDiscardedOnSend": 0
            },
            "localCandidate": {
              "id": "IAepyPfVT",
              "timestamp": 1788008849989.898,
              "candidateType": "host",
              "protocol": "udp",
              "networkType": "ethernet",
              "address": "fdfd::1ab2:41f1",
              "port": 59077,
              "priority": 2122199807
            },
            "remoteCandidate": {
              "id": "IImPUCFvY",
              "timestamp": 1788008849989.898,
              "candidateType": "host",
              "protocol": "udp",
              "address": "fdfd::1ab2:41f1",
              "port": 55625,
              "priority": 2122199807
            }
          }
        },
        {
          "benchmarkElapsedMs": 750.1193999999996,
          "collectedAt": 1788008850240.8,
          "role": "receiver",
          "transportMode": "mesh",
          "peerId": "aef33380",
          "connectionState": "connected",
          "iceConnectionState": "connected",
          "signalingState": "stable",
          "track": {
            "id": "d680d02d-0088-48f4-8429-bd45d42a62ed",
            "label": "remote video",
            "enabled": true,
            "muted": false,
            "readyState": "live",
            "settings": {
              "aspectRatio": 1.7777777777777777,
              "deviceId": "d680d02d-0088-48f4-8429-bd45d42a62ed",
              "frameRate": 11.771589863319114,
              "height": 720,
              "resizeMode": "none",
              "width": 1280
            },
            "constraints": {}
          },
          "senderParameters": null,
          "adaptation": null,
          "videoCodecPolicyKey": "hardware-or-unknown",
          "videoMutationCounts": null,
          "lastVideoMutation": null,
          "jitterBufferTarget": 320,
          "topology": {
            "sfuViewerCount": 0,
            "sfuConsumerCount": 0,
            "meshScreenSenders": 0,
            "meshActiveScreenSenders": 0,
            "meshViaSfuCount": 0,
            "meshBytesSentTotal": 0,
            "publisherUploadBytes": null
          },
          "reports": {
            "source": null,
            "outbound": {
              "id": "OT01V1795132819",
              "timestamp": 1788008850240.082,
              "ssrc": 1795132819,
              "kind": "video",
              "mid": "1",
              "active": true,
              "codecId": "COT01_103_level-asymmetry-allowed=1;packetization-mode=1;profile-level-id=42001f",
              "mediaSourceId": "SV0",
              "transportId": "T01",
              "bytesSent": 0,
              "headerBytesSent": 0,
              "packetsSent": 0,
              "retransmittedBytesSent": 0,
              "retransmittedPacketsSent": 0,
              "framesEncoded": 0,
              "framesSent": 0,
              "hugeFramesSent": 0,
              "keyFramesEncoded": 0,
              "totalEncodeTime": 0,
              "totalEncodedBytesTarget": 0,
              "totalPacketSendDelay": 0,
              "qualityLimitationReason": "none",
              "qualityLimitationDurations": {
                "bandwidth": 0,
                "cpu": 0,
                "none": 3.138,
                "other": 0
              },
              "qualityLimitationResolutionChanges": 0,
              "nackCount": 0,
              "firCount": 0,
              "pliCount": 0
            },
            "remoteInbound": null,
            "inbound": {
              "id": "IT01V4281736207",
              "timestamp": 1788008850240.082,
              "ssrc": 4281736207,
              "kind": "video",
              "mid": "1",
              "codecId": "CIT01_103_level-asymmetry-allowed=1;packetization-mode=1;profile-level-id=42001f",
              "remoteId": "ROV4281736207",
              "transportId": "T01",
              "bytesReceived": 82663,
              "headerBytesReceived": 3934,
              "packetsReceived": 88,
              "packetsLost": 0,
              "jitter": 0.057,
              "framesReceived": 8,
              "framesDecoded": 8,
              "framesDropped": 0,
              "keyFramesDecoded": 1,
              "framesPerSecond": 3,
              "frameWidth": 1280,
              "frameHeight": 720,
              "totalDecodeTime": 0.023434999999999997,
              "totalProcessingDelay": 2.17239,
              "totalInterFrameDelay": 1.74,
              "totalSquaredInterFrameDelay": 0.553448,
              "freezeCount": 0,
              "totalFreezesDuration": 0,
              "pauseCount": 0,
              "totalPausesDuration": 0,
              "jitterBufferDelay": 2.141238,
              "jitterBufferTargetDelay": 1.398,
              "jitterBufferMinimumDelay": 0.268098,
              "jitterBufferEmittedCount": 8,
              "nackCount": 0,
              "firCount": 0,
              "pliCount": 0,
              "decoderImplementation": "ExternalDecoder (D3D11VideoDecoder)",
              "powerEfficientDecoder": true,
              "framesAssembledFromMultiplePackets": 8,
              "totalAssemblyTime": 1.030186,
              "retransmittedBytesReceived": 0
            },
            "remoteOutbound": {
              "id": "ROV4281736207",
              "timestamp": 1788008850046.022,
              "ssrc": 4281736207,
              "kind": "video",
              "codecId": "CIT01_103_level-asymmetry-allowed=1;packetization-mode=1;profile-level-id=42001f",
              "localId": "IT01V4281736207",
              "transportId": "T01",
              "bytesSent": 82663,
              "packetsSent": 88,
              "remoteTimestamp": 1788008850045.613,
              "reportsSent": 3,
              "totalRoundTripTime": 0
            },
            "codec": {
              "id": "CIT01_103_level-asymmetry-allowed=1;packetization-mode=1;profile-level-id=42001f",
              "timestamp": 1788008850240.082,
              "payloadType": 103,
              "mimeType": "video/H264",
              "clockRate": 90000,
              "sdpFmtpLine": "level-asymmetry-allowed=1;packetization-mode=1;profile-level-id=42001f"
            },
            "transport": {
              "id": "T01",
              "timestamp": 1788008850240.082,
              "bytesSent": 18861,
              "bytesReceived": 107908,
              "packetsSent": 224,
              "packetsReceived": 311,
              "selectedCandidatePairId": "CPAepyPfVT_ImPUCFvY",
              "dtlsState": "connected",
              "iceRole": "controlling"
            },
            "candidatePair": {
              "id": "CPAepyPfVT_ImPUCFvY",
              "timestamp": 1788008850240.082,
              "state": "succeeded",
              "nominated": true,
              "writable": true,
              "bytesSent": 15177,
              "bytesReceived": 102970,
              "currentRoundTripTime": 0,
              "totalRoundTripTime": 0.002,
              "responsesReceived": 5,
              "availableOutgoingBitrate": 303910,
              "requestsReceived": 5,
              "requestsSent": 5,
              "localCandidateId": "IAepyPfVT",
              "remoteCandidateId": "IImPUCFvY",
              "packetsDiscardedOnSend": 0,
              "bytesDiscardedOnSend": 0
            },
            "localCandidate": {
              "id": "IAepyPfVT",
              "timestamp": 1788008850240.082,
              "candidateType": "host",
              "protocol": "udp",
              "networkType": "ethernet",
              "address": "fdfd::1ab2:41f1",
              "port": 59077,
              "priority": 2122199807
            },
            "remoteCandidate": {
              "id": "IImPUCFvY",
              "timestamp": 1788008850240.082,
              "candidateType": "host",
              "protocol": "udp",
              "address": "fdfd::1ab2:41f1",
              "port": 55625,
              "priority": 2122199807
            }
          }
        },
        {
          "benchmarkElapsedMs": 1000.1050999999998,
          "collectedAt": 1788008850491.4,
          "role": "receiver",
          "transportMode": "mesh",
          "peerId": "aef33380",
          "connectionState": "connected",
          "iceConnectionState": "connected",
          "signalingState": "stable",
          "track": {
            "id": "d680d02d-0088-48f4-8429-bd45d42a62ed",
            "label": "remote video",
            "enabled": true,
            "muted": false,
            "readyState": "live",
            "settings": {
              "aspectRatio": 1.7777777777777777,
              "deviceId": "d680d02d-0088-48f4-8429-bd45d42a62ed",
              "frameRate": 11.771589863319114,
              "height": 720,
              "resizeMode": "none",
              "width": 1280
            },
            "constraints": {}
          },
          "senderParameters": null,
          "adaptation": null,
          "videoCodecPolicyKey": "hardware-or-unknown",
          "videoMutationCounts": null,
          "lastVideoMutation": null,
          "jitterBufferTarget": 320,
          "topology": {
            "sfuViewerCount": 0,
            "sfuConsumerCount": 0,
            "meshScreenSenders": 0,
            "meshActiveScreenSenders": 0,
            "meshViaSfuCount": 0,
            "meshBytesSentTotal": 0,
            "publisherUploadBytes": null
          },
          "reports": {
            "source": null,
            "outbound": {
              "id": "OT01V1795132819",
              "timestamp": 1788008850490.65,
              "ssrc": 1795132819,
              "kind": "video",
              "mid": "1",
              "active": true,
              "codecId": "COT01_103_level-asymmetry-allowed=1;packetization-mode=1;profile-level-id=42001f",
              "mediaSourceId": "SV0",
              "transportId": "T01",
              "bytesSent": 0,
              "headerBytesSent": 0,
              "packetsSent": 0,
              "retransmittedBytesSent": 0,
              "retransmittedPacketsSent": 0,
              "framesEncoded": 0,
              "framesSent": 0,
              "hugeFramesSent": 0,
              "keyFramesEncoded": 0,
              "totalEncodeTime": 0,
              "totalEncodedBytesTarget": 0,
              "totalPacketSendDelay": 0,
              "qualityLimitationReason": "none",
              "qualityLimitationDurations": {
                "bandwidth": 0,
                "cpu": 0,
                "none": 3.389,
                "other": 0
              },
              "qualityLimitationResolutionChanges": 0,
              "nackCount": 0,
              "firCount": 0,
              "pliCount": 0
            },
            "remoteInbound": null,
            "inbound": {
              "id": "IT01V4281736207",
              "timestamp": 1788008850490.65,
              "ssrc": 4281736207,
              "kind": "video",
              "mid": "1",
              "codecId": "CIT01_103_level-asymmetry-allowed=1;packetization-mode=1;profile-level-id=42001f",
              "remoteId": "ROV4281736207",
              "transportId": "T01",
              "bytesReceived": 91587,
              "headerBytesReceived": 4166,
              "packetsReceived": 97,
              "packetsLost": 0,
              "jitter": 0.059,
              "framesReceived": 9,
              "framesDecoded": 8,
              "framesDropped": 0,
              "keyFramesDecoded": 1,
              "framesPerSecond": 2,
              "frameWidth": 1280,
              "frameHeight": 720,
              "totalDecodeTime": 0.023434999999999997,
              "totalProcessingDelay": 2.17239,
              "totalInterFrameDelay": 1.74,
              "totalSquaredInterFrameDelay": 0.553448,
              "freezeCount": 0,
              "totalFreezesDuration": 0,
              "pauseCount": 0,
              "totalPausesDuration": 0,
              "jitterBufferDelay": 2.141238,
              "jitterBufferTargetDelay": 1.398,
              "jitterBufferMinimumDelay": 0.268098,
              "jitterBufferEmittedCount": 8,
              "nackCount": 0,
              "firCount": 0,
              "pliCount": 0,
              "decoderImplementation": "ExternalDecoder (D3D11VideoDecoder)",
              "powerEfficientDecoder": true,
              "framesAssembledFromMultiplePackets": 8,
              "totalAssemblyTime": 1.030186,
              "retransmittedBytesReceived": 0
            },
            "remoteOutbound": {
              "id": "ROV4281736207",
              "timestamp": 1788008850046.022,
              "ssrc": 4281736207,
              "kind": "video",
              "codecId": "CIT01_103_level-asymmetry-allowed=1;packetization-mode=1;profile-level-id=42001f",
              "localId": "IT01V4281736207",
              "transportId": "T01",
              "bytesSent": 82663,
              "packetsSent": 88,
              "remoteTimestamp": 1788008850045.613,
              "reportsSent": 3,
              "totalRoundTripTime": 0
            },
            "codec": {
              "id": "CIT01_103_level-asymmetry-allowed=1;packetization-mode=1;profile-level-id=42001f",
              "timestamp": 1788008850490.65,
              "payloadType": 103,
              "mimeType": "video/H264",
              "clockRate": 90000,
              "sdpFmtpLine": "level-asymmetry-allowed=1;packetization-mode=1;profile-level-id=42001f"
            },
            "transport": {
              "id": "T01",
              "timestamp": 1788008850490.65,
              "bytesSent": 20149,
              "bytesReceived": 118557,
              "packetsSent": 240,
              "packetsReceived": 337,
              "selectedCandidatePairId": "CPAepyPfVT_ImPUCFvY",
              "dtlsState": "connected",
              "iceRole": "controlling"
            },
            "candidatePair": {
              "id": "CPAepyPfVT_ImPUCFvY",
              "timestamp": 1788008850490.65,
              "state": "succeeded",
              "nominated": true,
              "writable": true,
              "bytesSent": 16465,
              "bytesReceived": 113619,
              "currentRoundTripTime": 0,
              "totalRoundTripTime": 0.002,
              "responsesReceived": 5,
              "availableOutgoingBitrate": 303910,
              "requestsReceived": 5,
              "requestsSent": 5,
              "localCandidateId": "IAepyPfVT",
              "remoteCandidateId": "IImPUCFvY",
              "packetsDiscardedOnSend": 0,
              "bytesDiscardedOnSend": 0
            },
            "localCandidate": {
              "id": "IAepyPfVT",
              "timestamp": 1788008850490.65,
              "candidateType": "host",
              "protocol": "udp",
              "networkType": "ethernet",
              "address": "fdfd::1ab2:41f1",
              "port": 59077,
              "priority": 2122199807
            },
            "remoteCandidate": {
              "id": "IImPUCFvY",
              "timestamp": 1788008850490.65,
              "candidateType": "host",
              "protocol": "udp",
              "address": "fdfd::1ab2:41f1",
              "port": 55625,
              "priority": 2122199807
            }
          }
        },
        {
          "benchmarkElapsedMs": 1250.1611000000003,
          "collectedAt": 1788008850741,
          "role": "receiver",
          "transportMode": "mesh",
          "peerId": "aef33380",
          "connectionState": "connected",
          "iceConnectionState": "connected",
          "signalingState": "stable",
          "track": {
            "id": "d680d02d-0088-48f4-8429-bd45d42a62ed",
            "label": "remote video",
            "enabled": true,
            "muted": false,
            "readyState": "live",
            "settings": {
              "aspectRatio": 1.7777777777777777,
              "deviceId": "d680d02d-0088-48f4-8429-bd45d42a62ed",
              "frameRate": 11.771589863319114,
              "height": 720,
              "resizeMode": "none",
              "width": 1280
            },
            "constraints": {}
          },
          "senderParameters": null,
          "adaptation": null,
          "videoCodecPolicyKey": "hardware-or-unknown",
          "videoMutationCounts": null,
          "lastVideoMutation": null,
          "jitterBufferTarget": 320,
          "topology": {
            "sfuViewerCount": 0,
            "sfuConsumerCount": 0,
            "meshScreenSenders": 0,
            "meshActiveScreenSenders": 0,
            "meshViaSfuCount": 0,
            "meshBytesSentTotal": 0,
            "publisherUploadBytes": null
          },
          "reports": {
            "source": null,
            "outbound": {
              "id": "OT01V1795132819",
              "timestamp": 1788008850740.175,
              "ssrc": 1795132819,
              "kind": "video",
              "mid": "1",
              "active": true,
              "codecId": "COT01_103_level-asymmetry-allowed=1;packetization-mode=1;profile-level-id=42001f",
              "mediaSourceId": "SV0",
              "transportId": "T01",
              "bytesSent": 0,
              "headerBytesSent": 0,
              "packetsSent": 0,
              "retransmittedBytesSent": 0,
              "retransmittedPacketsSent": 0,
              "framesEncoded": 0,
              "framesSent": 0,
              "hugeFramesSent": 0,
              "keyFramesEncoded": 0,
              "totalEncodeTime": 0,
              "totalEncodedBytesTarget": 0,
              "totalPacketSendDelay": 0,
              "qualityLimitationReason": "none",
              "qualityLimitationDurations": {
                "bandwidth": 0,
                "cpu": 0,
                "none": 3.638,
                "other": 0
              },
              "qualityLimitationResolutionChanges": 0,
              "nackCount": 0,
              "firCount": 0,
              "pliCount": 0
            },
            "remoteInbound": null,
            "inbound": {
              "id": "IT01V4281736207",
              "timestamp": 1788008850740.175,
              "ssrc": 4281736207,
              "kind": "video",
              "mid": "1",
              "codecId": "CIT01_103_level-asymmetry-allowed=1;packetization-mode=1;profile-level-id=42001f",
              "remoteId": "ROV4281736207",
              "transportId": "T01",
              "bytesReceived": 100571,
              "headerBytesReceived": 4398,
              "packetsReceived": 106,
              "packetsLost": 0,
              "jitter": 0.061,
              "framesReceived": 10,
              "framesDecoded": 9,
              "framesDropped": 0,
              "keyFramesDecoded": 1,
              "framesPerSecond": 3,
              "frameWidth": 1280,
              "frameHeight": 720,
              "totalDecodeTime": 0.023923999999999997,
              "totalProcessingDelay": 2.46577,
              "totalInterFrameDelay": 2.085,
              "totalSquaredInterFrameDelay": 0.672473,
              "freezeCount": 0,
              "totalFreezesDuration": 0,
              "pauseCount": 0,
              "totalPausesDuration": 0,
              "jitterBufferDelay": 2.434103,
              "jitterBufferTargetDelay": 1.7069999999999999,
              "jitterBufferMinimumDelay": 0.268098,
              "jitterBufferEmittedCount": 9,
              "nackCount": 0,
              "firCount": 0,
              "pliCount": 0,
              "decoderImplementation": "ExternalDecoder (D3D11VideoDecoder)",
              "powerEfficientDecoder": true,
              "framesAssembledFromMultiplePackets": 9,
              "totalAssemblyTime": 1.125326,
              "retransmittedBytesReceived": 0
            },
            "remoteOutbound": {
              "id": "ROV4281736207",
              "timestamp": 1788008850046.022,
              "ssrc": 4281736207,
              "kind": "video",
              "codecId": "CIT01_103_level-asymmetry-allowed=1;packetization-mode=1;profile-level-id=42001f",
              "localId": "IT01V4281736207",
              "transportId": "T01",
              "bytesSent": 82663,
              "packetsSent": 88,
              "remoteTimestamp": 1788008850045.613,
              "reportsSent": 3,
              "totalRoundTripTime": 0
            },
            "codec": {
              "id": "CIT01_103_level-asymmetry-allowed=1;packetization-mode=1;profile-level-id=42001f",
              "timestamp": 1788008850740.175,
              "payloadType": 103,
              "mimeType": "video/H264",
              "clockRate": 90000,
              "sdpFmtpLine": "level-asymmetry-allowed=1;packetization-mode=1;profile-level-id=42001f"
            },
            "transport": {
              "id": "T01",
              "timestamp": 1788008850740.175,
              "bytesSent": 21716,
              "bytesReceived": 129381,
              "packetsSent": 257,
              "packetsReceived": 362,
              "selectedCandidatePairId": "CPAepyPfVT_ImPUCFvY",
              "dtlsState": "connected",
              "iceRole": "controlling"
            },
            "candidatePair": {
              "id": "CPAepyPfVT_ImPUCFvY",
              "timestamp": 1788008850740.175,
              "state": "succeeded",
              "nominated": true,
              "writable": true,
              "bytesSent": 18032,
              "bytesReceived": 124443,
              "currentRoundTripTime": 0,
              "totalRoundTripTime": 0.002,
              "responsesReceived": 5,
              "availableOutgoingBitrate": 303910,
              "requestsReceived": 5,
              "requestsSent": 5,
              "localCandidateId": "IAepyPfVT",
              "remoteCandidateId": "IImPUCFvY",
              "packetsDiscardedOnSend": 0,
              "bytesDiscardedOnSend": 0
            },
            "localCandidate": {
              "id": "IAepyPfVT",
              "timestamp": 1788008850740.175,
              "candidateType": "host",
              "protocol": "udp",
              "networkType": "ethernet",
              "address": "fdfd::1ab2:41f1",
              "port": 59077,
              "priority": 2122199807
            },
            "remoteCandidate": {
              "id": "IImPUCFvY",
              "timestamp": 1788008850740.175,
              "candidateType": "host",
              "protocol": "udp",
              "address": "fdfd::1ab2:41f1",
              "port": 55625,
              "priority": 2122199807
            }
          }
        },
        {
          "benchmarkElapsedMs": 1499.7992999999997,
          "collectedAt": 1788008850990.6,
          "role": "receiver",
          "transportMode": "mesh",
          "peerId": "aef33380",
          "connectionState": "connected",
          "iceConnectionState": "connected",
          "signalingState": "stable",
          "track": {
            "id": "d680d02d-0088-48f4-8429-bd45d42a62ed",
            "label": "remote video",
            "enabled": true,
            "muted": false,
            "readyState": "live",
            "settings": {
              "aspectRatio": 1.7777777777777777,
              "deviceId": "d680d02d-0088-48f4-8429-bd45d42a62ed",
              "frameRate": 7.409511379420886,
              "height": 720,
              "resizeMode": "none",
              "width": 1280
            },
            "constraints": {}
          },
          "senderParameters": null,
          "adaptation": null,
          "videoCodecPolicyKey": "hardware-or-unknown",
          "videoMutationCounts": null,
          "lastVideoMutation": null,
          "jitterBufferTarget": 320,
          "topology": {
            "sfuViewerCount": 0,
            "sfuConsumerCount": 0,
            "meshScreenSenders": 0,
            "meshActiveScreenSenders": 0,
            "meshViaSfuCount": 0,
            "meshBytesSentTotal": 0,
            "publisherUploadBytes": null
          },
          "reports": {
            "source": null,
            "outbound": {
              "id": "OT01V1795132819",
              "timestamp": 1788008850989.797,
              "ssrc": 1795132819,
              "kind": "video",
              "mid": "1",
              "active": true,
              "codecId": "COT01_103_level-asymmetry-allowed=1;packetization-mode=1;profile-level-id=42001f",
              "mediaSourceId": "SV0",
              "transportId": "T01",
              "bytesSent": 0,
              "headerBytesSent": 0,
              "packetsSent": 0,
              "retransmittedBytesSent": 0,
              "retransmittedPacketsSent": 0,
              "framesEncoded": 0,
              "framesSent": 0,
              "hugeFramesSent": 0,
              "keyFramesEncoded": 0,
              "totalEncodeTime": 0,
              "totalEncodedBytesTarget": 0,
              "totalPacketSendDelay": 0,
              "qualityLimitationReason": "none",
              "qualityLimitationDurations": {
                "bandwidth": 0,
                "cpu": 0,
                "none": 3.888,
                "other": 0
              },
              "qualityLimitationResolutionChanges": 0,
              "nackCount": 0,
              "firCount": 0,
              "pliCount": 0
            },
            "remoteInbound": null,
            "inbound": {
              "id": "IT01V4281736207",
              "timestamp": 1788008850989.797,
              "ssrc": 4281736207,
              "kind": "video",
              "mid": "1",
              "codecId": "CIT01_103_level-asymmetry-allowed=1;packetization-mode=1;profile-level-id=42001f",
              "remoteId": "ROV4281736207",
              "transportId": "T01",
              "bytesReceived": 100571,
              "headerBytesReceived": 4398,
              "packetsReceived": 106,
              "packetsLost": 0,
              "jitter": 0.061,
              "framesReceived": 10,
              "framesDecoded": 10,
              "framesDropped": 0,
              "keyFramesDecoded": 1,
              "framesPerSecond": 3,
              "frameWidth": 1280,
              "frameHeight": 720,
              "totalDecodeTime": 0.024354999999999998,
              "totalProcessingDelay": 2.747937,
              "totalInterFrameDelay": 2.444,
              "totalSquaredInterFrameDelay": 0.801354,
              "freezeCount": 0,
              "totalFreezesDuration": 0,
              "pauseCount": 0,
              "totalPausesDuration": 0,
              "jitterBufferDelay": 2.715817,
              "jitterBufferTargetDelay": 2.016,
              "jitterBufferMinimumDelay": 0.268098,
              "jitterBufferEmittedCount": 10,
              "nackCount": 0,
              "firCount": 0,
              "pliCount": 0,
              "decoderImplementation": "ExternalDecoder (D3D11VideoDecoder)",
              "powerEfficientDecoder": true,
              "framesAssembledFromMultiplePackets": 10,
              "totalAssemblyTime": 1.210599,
              "retransmittedBytesReceived": 0
            },
            "remoteOutbound": {
              "id": "ROV4281736207",
              "timestamp": 1788008850749.126,
              "ssrc": 4281736207,
              "kind": "video",
              "codecId": "CIT01_103_level-asymmetry-allowed=1;packetization-mode=1;profile-level-id=42001f",
              "localId": "IT01V4281736207",
              "transportId": "T01",
              "bytesSent": 100571,
              "packetsSent": 106,
              "remoteTimestamp": 1788008850748.6611,
              "reportsSent": 4,
              "totalRoundTripTime": 0
            },
            "codec": {
              "id": "CIT01_103_level-asymmetry-allowed=1;packetization-mode=1;profile-level-id=42001f",
              "timestamp": 1788008850989.797,
              "payloadType": 103,
              "mimeType": "video/H264",
              "clockRate": 90000,
              "sdpFmtpLine": "level-asymmetry-allowed=1;packetization-mode=1;profile-level-id=42001f"
            },
            "transport": {
              "id": "T01",
              "timestamp": 1788008850989.797,
              "bytesSent": 22992,
              "bytesReceived": 130776,
              "packetsSent": 274,
              "packetsReceived": 380,
              "selectedCandidatePairId": "CPAepyPfVT_ImPUCFvY",
              "dtlsState": "connected",
              "iceRole": "controlling"
            },
            "candidatePair": {
              "id": "CPAepyPfVT_ImPUCFvY",
              "timestamp": 1788008850989.797,
              "state": "succeeded",
              "nominated": true,
              "writable": true,
              "bytesSent": 19308,
              "bytesReceived": 125838,
              "currentRoundTripTime": 0,
              "totalRoundTripTime": 0.002,
              "responsesReceived": 5,
              "availableOutgoingBitrate": 303910,
              "requestsReceived": 5,
              "requestsSent": 5,
              "localCandidateId": "IAepyPfVT",
              "remoteCandidateId": "IImPUCFvY",
              "packetsDiscardedOnSend": 0,
              "bytesDiscardedOnSend": 0
            },
            "localCandidate": {
              "id": "IAepyPfVT",
              "timestamp": 1788008850989.797,
              "candidateType": "host",
              "protocol": "udp",
              "networkType": "ethernet",
              "address": "fdfd::1ab2:41f1",
              "port": 59077,
              "priority": 2122199807
            },
            "remoteCandidate": {
              "id": "IImPUCFvY",
              "timestamp": 1788008850989.797,
              "candidateType": "host",
              "protocol": "udp",
              "address": "fdfd::1ab2:41f1",
              "port": 55625,
              "priority": 2122199807
            }
          }
        },
        {
          "benchmarkElapsedMs": 1750.1477999999997,
          "collectedAt": 1788008851240.8,
          "role": "receiver",
          "transportMode": "mesh",
          "peerId": "aef33380",
          "connectionState": "connected",
          "iceConnectionState": "connected",
          "signalingState": "stable",
          "track": {
            "id": "d680d02d-0088-48f4-8429-bd45d42a62ed",
            "label": "remote video",
            "enabled": true,
            "muted": false,
            "readyState": "live",
            "settings": {
              "aspectRatio": 1.7777777777777777,
              "deviceId": "d680d02d-0088-48f4-8429-bd45d42a62ed",
              "frameRate": 7.409511379420886,
              "height": 720,
              "resizeMode": "none",
              "width": 1280
            },
            "constraints": {}
          },
          "senderParameters": null,
          "adaptation": null,
          "videoCodecPolicyKey": "hardware-or-unknown",
          "videoMutationCounts": null,
          "lastVideoMutation": null,
          "jitterBufferTarget": 348,
          "topology": {
            "sfuViewerCount": 0,
            "sfuConsumerCount": 0,
            "meshScreenSenders": 0,
            "meshActiveScreenSenders": 0,
            "meshViaSfuCount": 0,
            "meshBytesSentTotal": 0,
            "publisherUploadBytes": null
          },
          "reports": {
            "source": null,
            "outbound": {
              "id": "OT01V1795132819",
              "timestamp": 1788008851240.114,
              "ssrc": 1795132819,
              "kind": "video",
              "mid": "1",
              "active": true,
              "codecId": "COT01_103_level-asymmetry-allowed=1;packetization-mode=1;profile-level-id=42001f",
              "mediaSourceId": "SV0",
              "transportId": "T01",
              "bytesSent": 0,
              "headerBytesSent": 0,
              "packetsSent": 0,
              "retransmittedBytesSent": 0,
              "retransmittedPacketsSent": 0,
              "framesEncoded": 0,
              "framesSent": 0,
              "hugeFramesSent": 0,
              "keyFramesEncoded": 0,
              "totalEncodeTime": 0,
              "totalEncodedBytesTarget": 0,
              "totalPacketSendDelay": 0,
              "qualityLimitationReason": "none",
              "qualityLimitationDurations": {
                "bandwidth": 0,
                "cpu": 0,
                "none": 4.138,
                "other": 0
              },
              "qualityLimitationResolutionChanges": 0,
              "nackCount": 0,
              "firCount": 0,
              "pliCount": 0
            },
            "remoteInbound": null,
            "inbound": {
              "id": "IT01V4281736207",
              "timestamp": 1788008851240.114,
              "ssrc": 4281736207,
              "kind": "video",
              "mid": "1",
              "codecId": "CIT01_103_level-asymmetry-allowed=1;packetization-mode=1;profile-level-id=42001f",
              "remoteId": "ROV4281736207",
              "transportId": "T01",
              "bytesReceived": 109549,
              "headerBytesReceived": 4630,
              "packetsReceived": 115,
              "packetsLost": 0,
              "jitter": 0.062,
              "framesReceived": 11,
              "framesDecoded": 10,
              "framesDropped": 0,
              "keyFramesDecoded": 1,
              "framesPerSecond": 2,
              "frameWidth": 1280,
              "frameHeight": 720,
              "totalDecodeTime": 0.024354999999999998,
              "totalProcessingDelay": 2.747937,
              "totalInterFrameDelay": 2.444,
              "totalSquaredInterFrameDelay": 0.801354,
              "freezeCount": 0,
              "totalFreezesDuration": 0,
              "pauseCount": 0,
              "totalPausesDuration": 0,
              "jitterBufferDelay": 2.715817,
              "jitterBufferTargetDelay": 2.016,
              "jitterBufferMinimumDelay": 0.268098,
              "jitterBufferEmittedCount": 10,
              "nackCount": 0,
              "firCount": 0,
              "pliCount": 0,
              "decoderImplementation": "ExternalDecoder (D3D11VideoDecoder)",
              "powerEfficientDecoder": true,
              "framesAssembledFromMultiplePackets": 10,
              "totalAssemblyTime": 1.210599,
              "retransmittedBytesReceived": 0
            },
            "remoteOutbound": {
              "id": "ROV4281736207",
              "timestamp": 1788008850749.126,
              "ssrc": 4281736207,
              "kind": "video",
              "codecId": "CIT01_103_level-asymmetry-allowed=1;packetization-mode=1;profile-level-id=42001f",
              "localId": "IT01V4281736207",
              "transportId": "T01",
              "bytesSent": 100571,
              "packetsSent": 106,
              "remoteTimestamp": 1788008850748.6611,
              "reportsSent": 4,
              "totalRoundTripTime": 0
            },
            "codec": {
              "id": "CIT01_103_level-asymmetry-allowed=1;packetization-mode=1;profile-level-id=42001f",
              "timestamp": 1788008851240.114,
              "payloadType": 103,
              "mimeType": "video/H264",
              "clockRate": 90000,
              "sdpFmtpLine": "level-asymmetry-allowed=1;packetization-mode=1;profile-level-id=42001f"
            },
            "transport": {
              "id": "T01",
              "timestamp": 1788008851240.114,
              "bytesSent": 24555,
              "bytesReceived": 141594,
              "packetsSent": 291,
              "packetsReceived": 405,
              "selectedCandidatePairId": "CPAepyPfVT_ImPUCFvY",
              "dtlsState": "connected",
              "iceRole": "controlling"
            },
            "candidatePair": {
              "id": "CPAepyPfVT_ImPUCFvY",
              "timestamp": 1788008851240.114,
              "state": "succeeded",
              "nominated": true,
              "writable": true,
              "bytesSent": 20871,
              "bytesReceived": 136656,
              "currentRoundTripTime": 0,
              "totalRoundTripTime": 0.002,
              "responsesReceived": 5,
              "availableOutgoingBitrate": 303910,
              "requestsReceived": 5,
              "requestsSent": 5,
              "localCandidateId": "IAepyPfVT",
              "remoteCandidateId": "IImPUCFvY",
              "packetsDiscardedOnSend": 0,
              "bytesDiscardedOnSend": 0
            },
            "localCandidate": {
              "id": "IAepyPfVT",
              "timestamp": 1788008851240.114,
              "candidateType": "host",
              "protocol": "udp",
              "networkType": "ethernet",
              "address": "fdfd::1ab2:41f1",
              "port": 59077,
              "priority": 2122199807
            },
            "remoteCandidate": {
              "id": "IImPUCFvY",
              "timestamp": 1788008851240.114,
              "candidateType": "host",
              "protocol": "udp",
              "address": "fdfd::1ab2:41f1",
              "port": 55625,
              "priority": 2122199807
            }
          }
        },
        {
          "benchmarkElapsedMs": 2001.2929999999997,
          "collectedAt": 1788008851492.3,
          "role": "receiver",
          "transportMode": "mesh",
          "peerId": "aef33380",
          "connectionState": "connected",
          "iceConnectionState": "connected",
          "signalingState": "stable",
          "track": {
            "id": "d680d02d-0088-48f4-8429-bd45d42a62ed",
            "label": "remote video",
            "enabled": true,
            "muted": false,
            "readyState": "live",
            "settings": {
              "aspectRatio": 1.7777777777777777,
              "deviceId": "d680d02d-0088-48f4-8429-bd45d42a62ed",
              "frameRate": 7.409511379420886,
              "height": 720,
              "resizeMode": "none",
              "width": 1280
            },
            "constraints": {}
          },
          "senderParameters": null,
          "adaptation": null,
          "videoCodecPolicyKey": "hardware-or-unknown",
          "videoMutationCounts": null,
          "lastVideoMutation": null,
          "jitterBufferTarget": 348,
          "topology": {
            "sfuViewerCount": 0,
            "sfuConsumerCount": 0,
            "meshScreenSenders": 0,
            "meshActiveScreenSenders": 0,
            "meshViaSfuCount": 0,
            "meshBytesSentTotal": 0,
            "publisherUploadBytes": null
          },
          "reports": {
            "source": null,
            "outbound": {
              "id": "OT01V1795132819",
              "timestamp": 1788008851491.621,
              "ssrc": 1795132819,
              "kind": "video",
              "mid": "1",
              "active": true,
              "codecId": "COT01_103_level-asymmetry-allowed=1;packetization-mode=1;profile-level-id=42001f",
              "mediaSourceId": "SV0",
              "transportId": "T01",
              "bytesSent": 0,
              "headerBytesSent": 0,
              "packetsSent": 0,
              "retransmittedBytesSent": 0,
              "retransmittedPacketsSent": 0,
              "framesEncoded": 0,
              "framesSent": 0,
              "hugeFramesSent": 0,
              "keyFramesEncoded": 0,
              "totalEncodeTime": 0,
              "totalEncodedBytesTarget": 0,
              "totalPacketSendDelay": 0,
              "qualityLimitationReason": "none",
              "qualityLimitationDurations": {
                "bandwidth": 0,
                "cpu": 0,
                "none": 4.39,
                "other": 0
              },
              "qualityLimitationResolutionChanges": 0,
              "nackCount": 0,
              "firCount": 0,
              "pliCount": 0
            },
            "remoteInbound": null,
            "inbound": {
              "id": "IT01V4281736207",
              "timestamp": 1788008851491.621,
              "ssrc": 4281736207,
              "kind": "video",
              "mid": "1",
              "codecId": "CIT01_103_level-asymmetry-allowed=1;packetization-mode=1;profile-level-id=42001f",
              "remoteId": "ROV4281736207",
              "transportId": "T01",
              "bytesReceived": 118350,
              "headerBytesReceived": 4862,
              "packetsReceived": 124,
              "packetsLost": 0,
              "jitter": 0.063,
              "framesReceived": 12,
              "framesDecoded": 11,
              "framesDropped": 0,
              "keyFramesDecoded": 1,
              "framesPerSecond": 3,
              "frameWidth": 1280,
              "frameHeight": 720,
              "totalDecodeTime": 0.024879,
              "totalProcessingDelay": 3.0236129999999997,
              "totalInterFrameDelay": 2.803,
              "totalSquaredInterFrameDelay": 0.930235,
              "freezeCount": 0,
              "totalFreezesDuration": 0,
              "pauseCount": 0,
              "totalPausesDuration": 0,
              "jitterBufferDelay": 2.990944,
              "jitterBufferTargetDelay": 2.3529999999999998,
              "jitterBufferMinimumDelay": 0.268098,
              "jitterBufferEmittedCount": 11,
              "nackCount": 0,
              "firCount": 0,
              "pliCount": 0,
              "decoderImplementation": "ExternalDecoder (D3D11VideoDecoder)",
              "powerEfficientDecoder": true,
              "framesAssembledFromMultiplePackets": 11,
              "totalAssemblyTime": 1.290478,
              "retransmittedBytesReceived": 0
            },
            "remoteOutbound": {
              "id": "ROV4281736207",
              "timestamp": 1788008850749.126,
              "ssrc": 4281736207,
              "kind": "video",
              "codecId": "CIT01_103_level-asymmetry-allowed=1;packetization-mode=1;profile-level-id=42001f",
              "localId": "IT01V4281736207",
              "transportId": "T01",
              "bytesSent": 100571,
              "packetsSent": 106,
              "remoteTimestamp": 1788008850748.6611,
              "reportsSent": 4,
              "totalRoundTripTime": 0
            },
            "codec": {
              "id": "CIT01_103_level-asymmetry-allowed=1;packetization-mode=1;profile-level-id=42001f",
              "timestamp": 1788008851491.621,
              "payloadType": 103,
              "mimeType": "video/H264",
              "clockRate": 90000,
              "sdpFmtpLine": "level-asymmetry-allowed=1;packetization-mode=1;profile-level-id=42001f"
            },
            "transport": {
              "id": "T01",
              "timestamp": 1788008851491.621,
              "bytesSent": 26155,
              "bytesReceived": 152432,
              "packetsSent": 307,
              "packetsReceived": 431,
              "selectedCandidatePairId": "CPAepyPfVT_ImPUCFvY",
              "dtlsState": "connected",
              "iceRole": "controlling"
            },
            "candidatePair": {
              "id": "CPAepyPfVT_ImPUCFvY",
              "timestamp": 1788008851491.621,
              "state": "succeeded",
              "nominated": true,
              "writable": true,
              "bytesSent": 22471,
              "bytesReceived": 147494,
              "currentRoundTripTime": 0,
              "totalRoundTripTime": 0.002,
              "responsesReceived": 5,
              "availableOutgoingBitrate": 303910,
              "requestsReceived": 5,
              "requestsSent": 5,
              "localCandidateId": "IAepyPfVT",
              "remoteCandidateId": "IImPUCFvY",
              "packetsDiscardedOnSend": 0,
              "bytesDiscardedOnSend": 0
            },
            "localCandidate": {
              "id": "IAepyPfVT",
              "timestamp": 1788008851491.621,
              "candidateType": "host",
              "protocol": "udp",
              "networkType": "ethernet",
              "address": "fdfd::1ab2:41f1",
              "port": 59077,
              "priority": 2122199807
            },
            "remoteCandidate": {
              "id": "IImPUCFvY",
              "timestamp": 1788008851491.621,
              "candidateType": "host",
              "protocol": "udp",
              "address": "fdfd::1ab2:41f1",
              "port": 55625,
              "priority": 2122199807
            }
          }
        },
        {
          "benchmarkElapsedMs": 2249.9464,
          "collectedAt": 1788008851740.6,
          "role": "receiver",
          "transportMode": "mesh",
          "peerId": "aef33380",
          "connectionState": "connected",
          "iceConnectionState": "connected",
          "signalingState": "stable",
          "track": {
            "id": "d680d02d-0088-48f4-8429-bd45d42a62ed",
            "label": "remote video",
            "enabled": true,
            "muted": false,
            "readyState": "live",
            "settings": {
              "aspectRatio": 1.7777777777777777,
              "deviceId": "d680d02d-0088-48f4-8429-bd45d42a62ed",
              "frameRate": 7.409511379420886,
              "height": 720,
              "resizeMode": "none",
              "width": 1280
            },
            "constraints": {}
          },
          "senderParameters": null,
          "adaptation": null,
          "videoCodecPolicyKey": "hardware-or-unknown",
          "videoMutationCounts": null,
          "lastVideoMutation": null,
          "jitterBufferTarget": 348,
          "topology": {
            "sfuViewerCount": 0,
            "sfuConsumerCount": 0,
            "meshScreenSenders": 0,
            "meshActiveScreenSenders": 0,
            "meshViaSfuCount": 0,
            "meshBytesSentTotal": 0,
            "publisherUploadBytes": null
          },
          "reports": {
            "source": null,
            "outbound": {
              "id": "OT01V1795132819",
              "timestamp": 1788008851739.908,
              "ssrc": 1795132819,
              "kind": "video",
              "mid": "1",
              "active": true,
              "codecId": "COT01_103_level-asymmetry-allowed=1;packetization-mode=1;profile-level-id=42001f",
              "mediaSourceId": "SV0",
              "transportId": "T01",
              "bytesSent": 0,
              "headerBytesSent": 0,
              "packetsSent": 0,
              "retransmittedBytesSent": 0,
              "retransmittedPacketsSent": 0,
              "framesEncoded": 0,
              "framesSent": 0,
              "hugeFramesSent": 0,
              "keyFramesEncoded": 0,
              "totalEncodeTime": 0,
              "totalEncodedBytesTarget": 0,
              "totalPacketSendDelay": 0,
              "qualityLimitationReason": "none",
              "qualityLimitationDurations": {
                "bandwidth": 0,
                "cpu": 0,
                "none": 4.638,
                "other": 0
              },
              "qualityLimitationResolutionChanges": 0,
              "nackCount": 0,
              "firCount": 0,
              "pliCount": 0
            },
            "remoteInbound": null,
            "inbound": {
              "id": "IT01V4281736207",
              "timestamp": 1788008851739.908,
              "ssrc": 4281736207,
              "kind": "video",
              "mid": "1",
              "codecId": "CIT01_103_level-asymmetry-allowed=1;packetization-mode=1;profile-level-id=42001f",
              "remoteId": "ROV4281736207",
              "transportId": "T01",
              "bytesReceived": 122560,
              "headerBytesReceived": 4982,
              "packetsReceived": 129,
              "packetsLost": 0,
              "jitter": 0.065,
              "framesReceived": 12,
              "framesDecoded": 12,
              "framesDropped": 0,
              "keyFramesDecoded": 1,
              "framesPerSecond": 3,
              "frameWidth": 1280,
              "frameHeight": 720,
              "totalDecodeTime": 0.025356,
              "totalProcessingDelay": 3.338711,
              "totalInterFrameDelay": 3.209,
              "totalSquaredInterFrameDelay": 1.0950710000000001,
              "freezeCount": 0,
              "totalFreezesDuration": 0,
              "pauseCount": 0,
              "totalPausesDuration": 0,
              "jitterBufferDelay": 3.305539,
              "jitterBufferTargetDelay": 2.69,
              "jitterBufferMinimumDelay": 0.268098,
              "jitterBufferEmittedCount": 12,
              "nackCount": 0,
              "firCount": 0,
              "pliCount": 0,
              "decoderImplementation": "ExternalDecoder (D3D11VideoDecoder)",
              "powerEfficientDecoder": true,
              "framesAssembledFromMultiplePackets": 12,
              "totalAssemblyTime": 1.383077,
              "retransmittedBytesReceived": 0
            },
            "remoteOutbound": {
              "id": "ROV4281736207",
              "timestamp": 1788008850749.126,
              "ssrc": 4281736207,
              "kind": "video",
              "codecId": "CIT01_103_level-asymmetry-allowed=1;packetization-mode=1;profile-level-id=42001f",
              "localId": "IT01V4281736207",
              "transportId": "T01",
              "bytesSent": 100571,
              "packetsSent": 106,
              "remoteTimestamp": 1788008850748.6611,
              "reportsSent": 4,
              "totalRoundTripTime": 0
            },
            "codec": {
              "id": "CIT01_103_level-asymmetry-allowed=1;packetization-mode=1;profile-level-id=42001f",
              "timestamp": 1788008851739.908,
              "payloadType": 103,
              "mimeType": "video/H264",
              "clockRate": 90000,
              "sdpFmtpLine": "level-asymmetry-allowed=1;packetization-mode=1;profile-level-id=42001f"
            },
            "transport": {
              "id": "T01",
              "timestamp": 1788008851739.908,
              "bytesSent": 27944,
              "bytesReceived": 158408,
              "packetsSent": 325,
              "packetsReceived": 452,
              "selectedCandidatePairId": "CPAepyPfVT_ImPUCFvY",
              "dtlsState": "connected",
              "iceRole": "controlling"
            },
            "candidatePair": {
              "id": "CPAepyPfVT_ImPUCFvY",
              "timestamp": 1788008851739.908,
              "state": "succeeded",
              "nominated": true,
              "writable": true,
              "bytesSent": 24260,
              "bytesReceived": 153470,
              "currentRoundTripTime": 0,
              "totalRoundTripTime": 0.002,
              "responsesReceived": 5,
              "availableOutgoingBitrate": 303910,
              "requestsReceived": 5,
              "requestsSent": 5,
              "localCandidateId": "IAepyPfVT",
              "remoteCandidateId": "IImPUCFvY",
              "packetsDiscardedOnSend": 0,
              "bytesDiscardedOnSend": 0
            },
            "localCandidate": {
              "id": "IAepyPfVT",
              "timestamp": 1788008851739.908,
              "candidateType": "host",
              "protocol": "udp",
              "networkType": "ethernet",
              "address": "fdfd::1ab2:41f1",
              "port": 59077,
              "priority": 2122199807
            },
            "remoteCandidate": {
              "id": "IImPUCFvY",
              "timestamp": 1788008851739.908,
              "candidateType": "host",
              "protocol": "udp",
              "address": "fdfd::1ab2:41f1",
              "port": 55625,
              "priority": 2122199807
            }
          }
        },
        {
          "benchmarkElapsedMs": 2501.1971999999996,
          "collectedAt": 1788008851991.9,
          "role": "receiver",
          "transportMode": "mesh",
          "peerId": "aef33380",
          "connectionState": "connected",
          "iceConnectionState": "connected",
          "signalingState": "stable",
          "track": {
            "id": "d680d02d-0088-48f4-8429-bd45d42a62ed",
            "label": "remote video",
            "enabled": true,
            "muted": false,
            "readyState": "live",
            "settings": {
              "aspectRatio": 1.7777777777777777,
              "deviceId": "d680d02d-0088-48f4-8429-bd45d42a62ed",
              "frameRate": 7.409511379420886,
              "height": 720,
              "resizeMode": "none",
              "width": 1280
            },
            "constraints": {}
          },
          "senderParameters": null,
          "adaptation": null,
          "videoCodecPolicyKey": "hardware-or-unknown",
          "videoMutationCounts": null,
          "lastVideoMutation": null,
          "jitterBufferTarget": 348,
          "topology": {
            "sfuViewerCount": 0,
            "sfuConsumerCount": 0,
            "meshScreenSenders": 0,
            "meshActiveScreenSenders": 0,
            "meshViaSfuCount": 0,
            "meshBytesSentTotal": 0,
            "publisherUploadBytes": null
          },
          "reports": {
            "source": null,
            "outbound": {
              "id": "OT01V1795132819",
              "timestamp": 1788008851991.182,
              "ssrc": 1795132819,
              "kind": "video",
              "mid": "1",
              "active": true,
              "codecId": "COT01_103_level-asymmetry-allowed=1;packetization-mode=1;profile-level-id=42001f",
              "mediaSourceId": "SV0",
              "transportId": "T01",
              "bytesSent": 0,
              "headerBytesSent": 0,
              "packetsSent": 0,
              "retransmittedBytesSent": 0,
              "retransmittedPacketsSent": 0,
              "framesEncoded": 0,
              "framesSent": 0,
              "hugeFramesSent": 0,
              "keyFramesEncoded": 0,
              "totalEncodeTime": 0,
              "totalEncodedBytesTarget": 0,
              "totalPacketSendDelay": 0,
              "qualityLimitationReason": "none",
              "qualityLimitationDurations": {
                "bandwidth": 0,
                "cpu": 0,
                "none": 4.889,
                "other": 0
              },
              "qualityLimitationResolutionChanges": 0,
              "nackCount": 0,
              "firCount": 0,
              "pliCount": 0
            },
            "remoteInbound": null,
            "inbound": {
              "id": "IT01V4281736207",
              "timestamp": 1788008851991.182,
              "ssrc": 4281736207,
              "kind": "video",
              "mid": "1",
              "codecId": "CIT01_103_level-asymmetry-allowed=1;packetization-mode=1;profile-level-id=42001f",
              "remoteId": "ROV4281736207",
              "transportId": "T01",
              "bytesReceived": 127806,
              "headerBytesReceived": 5118,
              "packetsReceived": 134,
              "packetsLost": 0,
              "jitter": 0.065,
              "framesReceived": 13,
              "framesDecoded": 12,
              "framesDropped": 0,
              "keyFramesDecoded": 1,
              "framesPerSecond": 2,
              "frameWidth": 1280,
              "frameHeight": 720,
              "totalDecodeTime": 0.025356,
              "totalProcessingDelay": 3.338711,
              "totalInterFrameDelay": 3.209,
              "totalSquaredInterFrameDelay": 1.0950710000000001,
              "freezeCount": 0,
              "totalFreezesDuration": 0,
              "pauseCount": 0,
              "totalPausesDuration": 0,
              "jitterBufferDelay": 3.305539,
              "jitterBufferTargetDelay": 2.69,
              "jitterBufferMinimumDelay": 0.268098,
              "jitterBufferEmittedCount": 12,
              "nackCount": 0,
              "firCount": 0,
              "pliCount": 0,
              "decoderImplementation": "ExternalDecoder (D3D11VideoDecoder)",
              "powerEfficientDecoder": true,
              "framesAssembledFromMultiplePackets": 12,
              "totalAssemblyTime": 1.383077,
              "retransmittedBytesReceived": 0
            },
            "remoteOutbound": {
              "id": "ROV4281736207",
              "timestamp": 1788008851889.307,
              "ssrc": 4281736207,
              "kind": "video",
              "codecId": "CIT01_103_level-asymmetry-allowed=1;packetization-mode=1;profile-level-id=42001f",
              "localId": "IT01V4281736207",
              "transportId": "T01",
              "bytesSent": 127806,
              "packetsSent": 134,
              "remoteTimestamp": 1788008851888.866,
              "reportsSent": 5,
              "totalRoundTripTime": 0
            },
            "codec": {
              "id": "CIT01_103_level-asymmetry-allowed=1;packetization-mode=1;profile-level-id=42001f",
              "timestamp": 1788008851991.182,
              "payloadType": 103,
              "mimeType": "video/H264",
              "clockRate": 90000,
              "sdpFmtpLine": "level-asymmetry-allowed=1;packetization-mode=1;profile-level-id=42001f"
            },
            "transport": {
              "id": "T01",
              "timestamp": 1788008851991.182,
              "bytesSent": 29306,
              "bytesReceived": 165349,
              "packetsSent": 341,
              "packetsReceived": 474,
              "selectedCandidatePairId": "CPAepyPfVT_ImPUCFvY",
              "dtlsState": "connected",
              "iceRole": "controlling"
            },
            "candidatePair": {
              "id": "CPAepyPfVT_ImPUCFvY",
              "timestamp": 1788008851991.182,
              "state": "succeeded",
              "nominated": true,
              "writable": true,
              "bytesSent": 25622,
              "bytesReceived": 160411,
              "currentRoundTripTime": 0,
              "totalRoundTripTime": 0.002,
              "responsesReceived": 5,
              "availableOutgoingBitrate": 303910,
              "requestsReceived": 5,
              "requestsSent": 5,
              "localCandidateId": "IAepyPfVT",
              "remoteCandidateId": "IImPUCFvY",
              "packetsDiscardedOnSend": 0,
              "bytesDiscardedOnSend": 0
            },
            "localCandidate": {
              "id": "IAepyPfVT",
              "timestamp": 1788008851991.182,
              "candidateType": "host",
              "protocol": "udp",
              "networkType": "ethernet",
              "address": "fdfd::1ab2:41f1",
              "port": 59077,
              "priority": 2122199807
            },
            "remoteCandidate": {
              "id": "IImPUCFvY",
              "timestamp": 1788008851991.182,
              "candidateType": "host",
              "protocol": "udp",
              "address": "fdfd::1ab2:41f1",
              "port": 55625,
              "priority": 2122199807
            }
          }
        },
        {
          "benchmarkElapsedMs": 2749.7352,
          "collectedAt": 1788008852240.6,
          "role": "receiver",
          "transportMode": "mesh",
          "peerId": "aef33380",
          "connectionState": "connected",
          "iceConnectionState": "connected",
          "signalingState": "stable",
          "track": {
            "id": "d680d02d-0088-48f4-8429-bd45d42a62ed",
            "label": "remote video",
            "enabled": true,
            "muted": false,
            "readyState": "live",
            "settings": {
              "aspectRatio": 1.7777777777777777,
              "deviceId": "d680d02d-0088-48f4-8429-bd45d42a62ed",
              "frameRate": 5.112472141480093,
              "height": 720,
              "resizeMode": "none",
              "width": 1280
            },
            "constraints": {}
          },
          "senderParameters": null,
          "adaptation": null,
          "videoCodecPolicyKey": "hardware-or-unknown",
          "videoMutationCounts": null,
          "lastVideoMutation": null,
          "jitterBufferTarget": 348,
          "topology": {
            "sfuViewerCount": 0,
            "sfuConsumerCount": 0,
            "meshScreenSenders": 0,
            "meshActiveScreenSenders": 0,
            "meshViaSfuCount": 0,
            "meshBytesSentTotal": 0,
            "publisherUploadBytes": null
          },
          "reports": {
            "source": null,
            "outbound": {
              "id": "OT01V1795132819",
              "timestamp": 1788008852239.718,
              "ssrc": 1795132819,
              "kind": "video",
              "mid": "1",
              "active": true,
              "codecId": "COT01_103_level-asymmetry-allowed=1;packetization-mode=1;profile-level-id=42001f",
              "mediaSourceId": "SV0",
              "transportId": "T01",
              "bytesSent": 0,
              "headerBytesSent": 0,
              "packetsSent": 0,
              "retransmittedBytesSent": 0,
              "retransmittedPacketsSent": 0,
              "framesEncoded": 0,
              "framesSent": 0,
              "hugeFramesSent": 0,
              "keyFramesEncoded": 0,
              "totalEncodeTime": 0,
              "totalEncodedBytesTarget": 0,
              "totalPacketSendDelay": 0,
              "qualityLimitationReason": "none",
              "qualityLimitationDurations": {
                "bandwidth": 0,
                "cpu": 0,
                "none": 5.138,
                "other": 0
              },
              "qualityLimitationResolutionChanges": 0,
              "nackCount": 0,
              "firCount": 0,
              "pliCount": 0
            },
            "remoteInbound": null,
            "inbound": {
              "id": "IT01V4281736207",
              "timestamp": 1788008852239.718,
              "ssrc": 4281736207,
              "kind": "video",
              "mid": "1",
              "codecId": "CIT01_103_level-asymmetry-allowed=1;packetization-mode=1;profile-level-id=42001f",
              "remoteId": "ROV4281736207",
              "transportId": "T01",
              "bytesReceived": 136678,
              "headerBytesReceived": 5350,
              "packetsReceived": 143,
              "packetsLost": 0,
              "jitter": 0.068,
              "framesReceived": 14,
              "framesDecoded": 13,
              "framesDropped": 0,
              "keyFramesDecoded": 1,
              "framesPerSecond": 3,
              "frameWidth": 1280,
              "frameHeight": 720,
              "totalDecodeTime": 0.026298,
              "totalProcessingDelay": 3.6627389999999997,
              "totalInterFrameDelay": 3.569,
              "totalSquaredInterFrameDelay": 1.224671,
              "freezeCount": 0,
              "totalFreezesDuration": 0,
              "pauseCount": 0,
              "totalPausesDuration": 0,
              "jitterBufferDelay": 3.628602,
              "jitterBufferTargetDelay": 3.0269999999999997,
              "jitterBufferMinimumDelay": 0.268098,
              "jitterBufferEmittedCount": 13,
              "nackCount": 0,
              "firCount": 0,
              "pliCount": 0,
              "decoderImplementation": "ExternalDecoder (D3D11VideoDecoder)",
              "powerEfficientDecoder": true,
              "framesAssembledFromMultiplePackets": 13,
              "totalAssemblyTime": 1.485333,
              "retransmittedBytesReceived": 0
            },
            "remoteOutbound": {
              "id": "ROV4281736207",
              "timestamp": 1788008851889.307,
              "ssrc": 4281736207,
              "kind": "video",
              "codecId": "CIT01_103_level-asymmetry-allowed=1;packetization-mode=1;profile-level-id=42001f",
              "localId": "IT01V4281736207",
              "transportId": "T01",
              "bytesSent": 127806,
              "packetsSent": 134,
              "remoteTimestamp": 1788008851888.866,
              "reportsSent": 5,
              "totalRoundTripTime": 0
            },
            "codec": {
              "id": "CIT01_103_level-asymmetry-allowed=1;packetization-mode=1;profile-level-id=42001f",
              "timestamp": 1788008852239.718,
              "payloadType": 103,
              "mimeType": "video/H264",
              "clockRate": 90000,
              "sdpFmtpLine": "level-asymmetry-allowed=1;packetization-mode=1;profile-level-id=42001f"
            },
            "transport": {
              "id": "T01",
              "timestamp": 1788008852239.718,
              "bytesSent": 30869,
              "bytesReceived": 176061,
              "packetsSent": 358,
              "packetsReceived": 499,
              "selectedCandidatePairId": "CPAepyPfVT_ImPUCFvY",
              "dtlsState": "connected",
              "iceRole": "controlling"
            },
            "candidatePair": {
              "id": "CPAepyPfVT_ImPUCFvY",
              "timestamp": 1788008852239.718,
              "state": "succeeded",
              "nominated": true,
              "writable": true,
              "bytesSent": 27185,
              "bytesReceived": 171123,
              "currentRoundTripTime": 0,
              "totalRoundTripTime": 0.002,
              "responsesReceived": 6,
              "availableOutgoingBitrate": 303910,
              "requestsReceived": 6,
              "requestsSent": 6,
              "localCandidateId": "IAepyPfVT",
              "remoteCandidateId": "IImPUCFvY",
              "packetsDiscardedOnSend": 0,
              "bytesDiscardedOnSend": 0
            },
            "localCandidate": {
              "id": "IAepyPfVT",
              "timestamp": 1788008852239.718,
              "candidateType": "host",
              "protocol": "udp",
              "networkType": "ethernet",
              "address": "fdfd::1ab2:41f1",
              "port": 59077,
              "priority": 2122199807
            },
            "remoteCandidate": {
              "id": "IImPUCFvY",
              "timestamp": 1788008852239.718,
              "candidateType": "host",
              "protocol": "udp",
              "address": "fdfd::1ab2:41f1",
              "port": 55625,
              "priority": 2122199807
            }
          }
        },
        {
          "benchmarkElapsedMs": 2999.858,
          "collectedAt": 1788008852490.5,
          "role": "receiver",
          "transportMode": "mesh",
          "peerId": "aef33380",
          "connectionState": "connected",
          "iceConnectionState": "connected",
          "signalingState": "stable",
          "track": {
            "id": "d680d02d-0088-48f4-8429-bd45d42a62ed",
            "label": "remote video",
            "enabled": true,
            "muted": false,
            "readyState": "live",
            "settings": {
              "aspectRatio": 1.7777777777777777,
              "deviceId": "d680d02d-0088-48f4-8429-bd45d42a62ed",
              "frameRate": 5.112472141480093,
              "height": 720,
              "resizeMode": "none",
              "width": 1280
            },
            "constraints": {}
          },
          "senderParameters": null,
          "adaptation": null,
          "videoCodecPolicyKey": "hardware-or-unknown",
          "videoMutationCounts": null,
          "lastVideoMutation": null,
          "jitterBufferTarget": 348,
          "topology": {
            "sfuViewerCount": 0,
            "sfuConsumerCount": 0,
            "meshScreenSenders": 0,
            "meshActiveScreenSenders": 0,
            "meshViaSfuCount": 0,
            "meshBytesSentTotal": 0,
            "publisherUploadBytes": null
          },
          "reports": {
            "source": null,
            "outbound": {
              "id": "OT01V1795132819",
              "timestamp": 1788008852489.831,
              "ssrc": 1795132819,
              "kind": "video",
              "mid": "1",
              "active": true,
              "codecId": "COT01_103_level-asymmetry-allowed=1;packetization-mode=1;profile-level-id=42001f",
              "mediaSourceId": "SV0",
              "transportId": "T01",
              "bytesSent": 0,
              "headerBytesSent": 849,
              "packetsSent": 3,
              "retransmittedBytesSent": 0,
              "retransmittedPacketsSent": 0,
              "framesEncoded": 0,
              "framesSent": 0,
              "hugeFramesSent": 0,
              "keyFramesEncoded": 0,
              "totalEncodeTime": 0,
              "totalEncodedBytesTarget": 0,
              "totalPacketSendDelay": 0,
              "qualityLimitationReason": "none",
              "qualityLimitationDurations": {
                "bandwidth": 0,
                "cpu": 0,
                "none": 5.388,
                "other": 0
              },
              "qualityLimitationResolutionChanges": 0,
              "nackCount": 0,
              "firCount": 0,
              "pliCount": 0
            },
            "remoteInbound": null,
            "inbound": {
              "id": "IT01V4281736207",
              "timestamp": 1788008852489.831,
              "ssrc": 4281736207,
              "kind": "video",
              "mid": "1",
              "codecId": "CIT01_103_level-asymmetry-allowed=1;packetization-mode=1;profile-level-id=42001f",
              "remoteId": "ROV4281736207",
              "transportId": "T01",
              "bytesReceived": 140997,
              "headerBytesReceived": 5470,
              "packetsReceived": 148,
              "packetsLost": 0,
              "jitter": 0.068,
              "framesReceived": 14,
              "framesDecoded": 14,
              "framesDropped": 0,
              "keyFramesDecoded": 1,
              "framesPerSecond": 3,
              "frameWidth": 1280,
              "frameHeight": 720,
              "totalDecodeTime": 0.026893999999999998,
              "totalProcessingDelay": 3.9799759999999997,
              "totalInterFrameDelay": 3.944,
              "totalSquaredInterFrameDelay": 1.365296,
              "freezeCount": 0,
              "totalFreezesDuration": 0,
              "pauseCount": 0,
              "totalPausesDuration": 0,
              "jitterBufferDelay": 3.945222,
              "jitterBufferTargetDelay": 3.364,
              "jitterBufferMinimumDelay": 0.268098,
              "jitterBufferEmittedCount": 14,
              "nackCount": 0,
              "firCount": 0,
              "pliCount": 0,
              "decoderImplementation": "ExternalDecoder (D3D11VideoDecoder)",
              "powerEfficientDecoder": true,
              "framesAssembledFromMultiplePackets": 14,
              "totalAssemblyTime": 1.5651009999999999,
              "retransmittedBytesReceived": 0
            },
            "remoteOutbound": {
              "id": "ROV4281736207",
              "timestamp": 1788008851889.307,
              "ssrc": 4281736207,
              "kind": "video",
              "codecId": "CIT01_103_level-asymmetry-allowed=1;packetization-mode=1;profile-level-id=42001f",
              "localId": "IT01V4281736207",
              "transportId": "T01",
              "bytesSent": 127806,
              "packetsSent": 134,
              "remoteTimestamp": 1788008851888.866,
              "reportsSent": 5,
              "totalRoundTripTime": 0
            },
            "codec": {
              "id": "CIT01_103_level-asymmetry-allowed=1;packetization-mode=1;profile-level-id=42001f",
              "timestamp": 1788008852489.831,
              "payloadType": 103,
              "mimeType": "video/H264",
              "clockRate": 90000,
              "sdpFmtpLine": "level-asymmetry-allowed=1;packetization-mode=1;profile-level-id=42001f"
            },
            "transport": {
              "id": "T01",
              "timestamp": 1788008852489.831,
              "bytesSent": 33262,
              "bytesReceived": 182109,
              "packetsSent": 378,
              "packetsReceived": 522,
              "selectedCandidatePairId": "CPAepyPfVT_ImPUCFvY",
              "dtlsState": "connected",
              "iceRole": "controlling"
            },
            "candidatePair": {
              "id": "CPAepyPfVT_ImPUCFvY",
              "timestamp": 1788008852489.831,
              "state": "succeeded",
              "nominated": true,
              "writable": true,
              "bytesSent": 29578,
              "bytesReceived": 177171,
              "currentRoundTripTime": 0,
              "totalRoundTripTime": 0.002,
              "responsesReceived": 6,
              "availableOutgoingBitrate": 270933,
              "requestsReceived": 6,
              "requestsSent": 6,
              "localCandidateId": "IAepyPfVT",
              "remoteCandidateId": "IImPUCFvY",
              "packetsDiscardedOnSend": 0,
              "bytesDiscardedOnSend": 0
            },
            "localCandidate": {
              "id": "IAepyPfVT",
              "timestamp": 1788008852489.831,
              "candidateType": "host",
              "protocol": "udp",
              "networkType": "ethernet",
              "address": "fdfd::1ab2:41f1",
              "port": 59077,
              "priority": 2122199807
            },
            "remoteCandidate": {
              "id": "IImPUCFvY",
              "timestamp": 1788008852489.831,
              "candidateType": "host",
              "protocol": "udp",
              "address": "fdfd::1ab2:41f1",
              "port": 55625,
              "priority": 2122199807
            }
          }
        }
      ],
      "renderSamples": [
        {
          "callbackNow": 3610.1,
          "absoluteCallbackTime": 1788008850007.6,
          "expectedDisplayTime": 3604,
          "presentationTime": 3604.2,
          "captureTime": null,
          "receiveTime": 3247.2,
          "mediaTime": 1.298,
          "processingDuration": 0.0006,
          "presentedFrames": 7,
          "rtpTimestamp": 2472632391,
          "width": 1280,
          "height": 720,
          "videoWidth": 1280,
          "videoHeight": 720,
          "currentTime": 1.298,
          "readyState": 4
        },
        {
          "callbackNow": 3840.4,
          "absoluteCallbackTime": 1788008850237.9,
          "expectedDisplayTime": 3840.4,
          "presentationTime": 3834.4,
          "captureTime": null,
          "receiveTime": 3607.4,
          "mediaTime": 1.645,
          "processingDuration": 0.0004,
          "presentedFrames": 8,
          "rtpTimestamp": 2472665241,
          "width": 1280,
          "height": 720,
          "videoWidth": 1280,
          "videoHeight": 720,
          "currentTime": 1.645,
          "readyState": 4
        },
        {
          "callbackNow": 4185.9,
          "absoluteCallbackTime": 1788008850583.4,
          "expectedDisplayTime": 4185.8,
          "presentationTime": 4179.9,
          "captureTime": null,
          "receiveTime": 3967.3,
          "mediaTime": 1.992,
          "processingDuration": 0.0004,
          "presentedFrames": 9,
          "rtpTimestamp": 2472696831,
          "width": 1280,
          "height": 720,
          "videoWidth": 1280,
          "videoHeight": 720,
          "currentTime": 1.992,
          "readyState": 4
        },
        {
          "callbackNow": 4682.9,
          "absoluteCallbackTime": 1788008851080.4,
          "expectedDisplayTime": 4676.8,
          "presentationTime": 4676.8,
          "captureTime": null,
          "receiveTime": 4327.3,
          "mediaTime": 2.354,
          "processingDuration": 0.0004,
          "presentedFrames": 10,
          "rtpTimestamp": 2472730041,
          "width": 1280,
          "height": 720,
          "videoWidth": 1280,
          "videoHeight": 720,
          "currentTime": 2.354,
          "readyState": 4
        },
        {
          "callbackNow": 4907,
          "absoluteCallbackTime": 1788008851304.5,
          "expectedDisplayTime": 4907.1,
          "presentationTime": 4901.1,
          "captureTime": null,
          "receiveTime": 4687.2,
          "mediaTime": 2.714,
          "processingDuration": 0.0005,
          "presentedFrames": 11,
          "rtpTimestamp": 2472762891,
          "width": 1280,
          "height": 720,
          "videoWidth": 1280,
          "videoHeight": 720,
          "currentTime": 2.714,
          "readyState": 4
        },
        {
          "callbackNow": 5307,
          "absoluteCallbackTime": 1788008851704.5,
          "expectedDisplayTime": 5307,
          "presentationTime": 5301.1,
          "captureTime": null,
          "receiveTime": 5067.1,
          "mediaTime": 3.111,
          "processingDuration": 0.0004,
          "presentedFrames": 12,
          "rtpTimestamp": 2472795921,
          "width": 1280,
          "height": 720,
          "videoWidth": 1280,
          "videoHeight": 720,
          "currentTime": 3.111,
          "readyState": 4
        },
        {
          "callbackNow": 5664.6,
          "absoluteCallbackTime": 1788008852062.1,
          "expectedDisplayTime": 5664.6,
          "presentationTime": 5658.7,
          "captureTime": null,
          "receiveTime": 5427.5,
          "mediaTime": 3.468,
          "processingDuration": 0.0009,
          "presentedFrames": 13,
          "rtpTimestamp": 2472827511,
          "width": 1280,
          "height": 720,
          "videoWidth": 1280,
          "videoHeight": 720,
          "currentTime": 3.468,
          "readyState": 4
        },
        {
          "callbackNow": 6040.4,
          "absoluteCallbackTime": 1788008852437.9,
          "expectedDisplayTime": 6040.4,
          "presentationTime": 6034.4,
          "captureTime": null,
          "receiveTime": 5787.1,
          "mediaTime": 3.847,
          "processingDuration": 0.0005,
          "presentedFrames": 14,
          "rtpTimestamp": 2472861891,
          "width": 1280,
          "height": 720,
          "videoWidth": 1280,
          "videoHeight": 720,
          "currentTime": 3.847,
          "readyState": 4
        }
      ],
      "resourceSamples": [
        {
          "benchmarkElapsedMs": 1000.1050999999998,
          "collectedAt": 5045.0598,
          "wallTime": "2026-08-29T13:07:30.492Z",
          "electronProcesses": [
            {
              "pid": 33744,
              "role": "main",
              "type": "Browser",
              "name": null,
              "serviceName": null,
              "creationTime": 1788008845426.495,
              "sandboxed": false,
              "integrityLevel": "medium",
              "cpu": {
                "percentCPUUsage": 1.350351124152818,
                "idleWakeupsPerSecond": 0
              },
              "memoryKiB": {
                "workingSet": 251904,
                "peakWorkingSet": 251968,
                "private": 169152,
                "shared": null
              }
            },
            {
              "pid": 21652,
              "role": "gpu-process",
              "type": "GPU",
              "name": null,
              "serviceName": "GPU",
              "creationTime": 1788008845528.065,
              "sandboxed": true,
              "integrityLevel": "low",
              "cpu": {
                "percentCPUUsage": 1.6848394889041,
                "idleWakeupsPerSecond": 0
              },
              "memoryKiB": {
                "workingSet": 238900,
                "peakWorkingSet": 241600,
                "private": 253952,
                "shared": null
              }
            },
            {
              "pid": 32212,
              "role": "utility-process",
              "type": "Utility",
              "name": "Network Service",
              "serviceName": "network.mojom.NetworkService",
              "creationTime": 1788008845531.474,
              "sandboxed": false,
              "integrityLevel": "medium",
              "cpu": {
                "percentCPUUsage": 0.11365000411694505,
                "idleWakeupsPerSecond": 0
              },
              "memoryKiB": {
                "workingSet": 111720,
                "peakWorkingSet": 111720,
                "private": 17976,
                "shared": null
              }
            },
            {
              "pid": 16964,
              "role": "utility-process",
              "type": "Utility",
              "name": "Tracing Service",
              "serviceName": "tracing.mojom.TracingService",
              "creationTime": 1788008845565.051,
              "sandboxed": true,
              "integrityLevel": "untrusted",
              "cpu": {
                "percentCPUUsage": 0.011160371060017004,
                "idleWakeupsPerSecond": 0
              },
              "memoryKiB": {
                "workingSet": 103220,
                "peakWorkingSet": 103220,
                "private": 15252,
                "shared": null
              }
            },
            {
              "pid": 30032,
              "role": "fixture-renderer",
              "type": "Tab",
              "name": null,
              "serviceName": null,
              "creationTime": 1788008845915.379,
              "sandboxed": true,
              "integrityLevel": "untrusted",
              "cpu": {
                "percentCPUUsage": 0.6230394967620075,
                "idleWakeupsPerSecond": 0
              },
              "memoryKiB": {
                "workingSet": 134300,
                "peakWorkingSet": 139424,
                "private": 48652,
                "shared": null
              }
            },
            {
              "pid": 18048,
              "role": "sender-renderer",
              "type": "Tab",
              "name": null,
              "serviceName": null,
              "creationTime": 1788008846325.605,
              "sandboxed": true,
              "integrityLevel": "untrusted",
              "cpu": {
                "percentCPUUsage": 0.9974274257790141,
                "idleWakeupsPerSecond": 0
              },
              "memoryKiB": {
                "workingSet": 157604,
                "peakWorkingSet": 158864,
                "private": 70308,
                "shared": null
              }
            },
            {
              "pid": 29864,
              "role": "receiver-renderer",
              "type": "Tab",
              "name": null,
              "serviceName": null,
              "creationTime": 1788008846404.837,
              "sandboxed": true,
              "integrityLevel": "untrusted",
              "cpu": {
                "percentCPUUsage": 0.886727844855209,
                "idleWakeupsPerSecond": 0
              },
              "memoryKiB": {
                "workingSet": 149484,
                "peakWorkingSet": 149484,
                "private": 67512,
                "shared": null
              }
            },
            {
              "pid": 14404,
              "role": "utility-process",
              "type": "Utility",
              "name": "Audio Service",
              "serviceName": "audio.mojom.AudioService",
              "creationTime": 1788008846443.829,
              "sandboxed": true,
              "integrityLevel": "low",
              "cpu": {
                "percentCPUUsage": 0.3770366214899776,
                "idleWakeupsPerSecond": 0
              },
              "memoryKiB": {
                "workingSet": 110764,
                "peakWorkingSet": 110764,
                "private": 16732,
                "shared": null
              }
            },
            {
              "pid": 27036,
              "role": "utility-process",
              "type": "Utility",
              "name": "Video Capture",
              "serviceName": "video_capture.mojom.VideoCaptureService",
              "creationTime": 1788008846443.929,
              "sandboxed": false,
              "integrityLevel": "medium",
              "cpu": {
                "percentCPUUsage": 0.005115109176890271,
                "idleWakeupsPerSecond": 0
              },
              "memoryKiB": {
                "workingSet": 130596,
                "peakWorkingSet": 132828,
                "private": 72860,
                "shared": null
              }
            }
          ],
          "mainProcess": {
            "pid": 33744,
            "cpu": {
              "percentCPUUsage": 1.3484280679612806,
              "idleWakeupsPerSecond": 0
            },
            "memoryKiB": {
              "residentSet": 251912,
              "private": 169156,
              "shared": 7056
            },
            "nodeMemoryBytes": {
              "rss": 257953792,
              "heapTotal": 10223616,
              "heapUsed": 6713588,
              "external": 4148169,
              "arrayBuffers": 0
            }
          },
          "systemMemoryKiB": {
            "total": 33501248,
            "free": 17053448,
            "swapTotal": 39268416,
            "swapFree": 16720680
          },
          "nvidia": null
        },
        {
          "benchmarkElapsedMs": 2001.2929999999997,
          "collectedAt": 6045.7352,
          "wallTime": "2026-08-29T13:07:31.493Z",
          "electronProcesses": [
            {
              "pid": 33744,
              "role": "main",
              "type": "Browser",
              "name": null,
              "serviceName": null,
              "creationTime": 1788008845426.495,
              "sandboxed": false,
              "integrityLevel": "medium",
              "cpu": {
                "percentCPUUsage": 1.4180923020682368,
                "idleWakeupsPerSecond": 0
              },
              "memoryKiB": {
                "workingSet": 251856,
                "peakWorkingSet": 251968,
                "private": 159748,
                "shared": null
              }
            },
            {
              "pid": 21652,
              "role": "gpu-process",
              "type": "GPU",
              "name": null,
              "serviceName": "GPU",
              "creationTime": 1788008845528.065,
              "sandboxed": true,
              "integrityLevel": "low",
              "cpu": {
                "percentCPUUsage": 1.5781907657518184,
                "idleWakeupsPerSecond": 0
              },
              "memoryKiB": {
                "workingSet": 239736,
                "peakWorkingSet": 242440,
                "private": 239824,
                "shared": null
              }
            },
            {
              "pid": 32212,
              "role": "utility-process",
              "type": "Utility",
              "name": "Network Service",
              "serviceName": "network.mojom.NetworkService",
              "creationTime": 1788008845531.474,
              "sandboxed": false,
              "integrityLevel": "medium",
              "cpu": {
                "percentCPUUsage": 0.11243540161368616,
                "idleWakeupsPerSecond": 0
              },
              "memoryKiB": {
                "workingSet": 111720,
                "peakWorkingSet": 111720,
                "private": 17976,
                "shared": null
              }
            },
            {
              "pid": 16964,
              "role": "utility-process",
              "type": "Utility",
              "name": "Tracing Service",
              "serviceName": "tracing.mojom.TracingService",
              "creationTime": 1788008845565.051,
              "sandboxed": true,
              "integrityLevel": "untrusted",
              "cpu": {
                "percentCPUUsage": 0.008583552739345657,
                "idleWakeupsPerSecond": 0
              },
              "memoryKiB": {
                "workingSet": 104284,
                "peakWorkingSet": 104284,
                "private": 15272,
                "shared": null
              }
            },
            {
              "pid": 30032,
              "role": "fixture-renderer",
              "type": "Tab",
              "name": null,
              "serviceName": null,
              "creationTime": 1788008845915.379,
              "sandboxed": true,
              "integrityLevel": "untrusted",
              "cpu": {
                "percentCPUUsage": 0.5561818935466795,
                "idleWakeupsPerSecond": 0
              },
              "memoryKiB": {
                "workingSet": 136032,
                "peakWorkingSet": 139424,
                "private": 50156,
                "shared": null
              }
            },
            {
              "pid": 18048,
              "role": "sender-renderer",
              "type": "Tab",
              "name": null,
              "serviceName": null,
              "creationTime": 1788008846325.605,
              "sandboxed": true,
              "integrityLevel": "untrusted",
              "cpu": {
                "percentCPUUsage": 1.0082189694263826,
                "idleWakeupsPerSecond": 0
              },
              "memoryKiB": {
                "workingSet": 158696,
                "peakWorkingSet": 160048,
                "private": 71212,
                "shared": null
              }
            },
            {
              "pid": 29864,
              "role": "receiver-renderer",
              "type": "Tab",
              "name": null,
              "serviceName": null,
              "creationTime": 1788008846404.837,
              "sandboxed": true,
              "integrityLevel": "untrusted",
              "cpu": {
                "percentCPUUsage": 0.8268114979404467,
                "idleWakeupsPerSecond": 0
              },
              "memoryKiB": {
                "workingSet": 150892,
                "peakWorkingSet": 150892,
                "private": 68608,
                "shared": null
              }
            },
            {
              "pid": 14404,
              "role": "utility-process",
              "type": "Utility",
              "name": "Audio Service",
              "serviceName": "audio.mojom.AudioService",
              "creationTime": 1788008846443.829,
              "sandboxed": true,
              "integrityLevel": "low",
              "cpu": {
                "percentCPUUsage": 0.37573525225557264,
                "idleWakeupsPerSecond": 0
              },
              "memoryKiB": {
                "workingSet": 110764,
                "peakWorkingSet": 110764,
                "private": 16732,
                "shared": null
              }
            },
            {
              "pid": 27036,
              "role": "utility-process",
              "type": "Utility",
              "name": "Video Capture",
              "serviceName": "video_capture.mojom.VideoCaptureService",
              "creationTime": 1788008846443.929,
              "sandboxed": false,
              "integrityLevel": "medium",
              "cpu": {
                "percentCPUUsage": 0.005175096809893037,
                "idleWakeupsPerSecond": 0
              },
              "memoryKiB": {
                "workingSet": 130596,
                "peakWorkingSet": 132828,
                "private": 72860,
                "shared": null
              }
            }
          ],
          "mainProcess": {
            "pid": 33744,
            "cpu": {
              "percentCPUUsage": 1.4179551720004795,
              "idleWakeupsPerSecond": 0
            },
            "memoryKiB": {
              "residentSet": 251860,
              "private": 159752,
              "shared": 7068
            },
            "nodeMemoryBytes": {
              "rss": 257900544,
              "heapTotal": 10223616,
              "heapUsed": 6799732,
              "external": 4148169,
              "arrayBuffers": 0
            }
          },
          "systemMemoryKiB": {
            "total": 33501248,
            "free": 17087808,
            "swapTotal": 39268416,
            "swapFree": 16917504
          },
          "nvidia": null
        }
      ],
      "summary": {
        "elapsedSeconds": 2.999800048828125,
        "source": {
          "fixtureFps": 59.972013060564294,
          "fixtureFrames": 180,
          "fixtureClockFps": null,
          "fixtureClockFrames": null,
          "frameCountEstimated": false,
          "skippedSlots": 0,
          "captureFps": 57.33715487710322,
          "reportedFpsMedian": 57,
          "capturedFrames": 172,
          "width": 1280,
          "height": 720
        },
        "sender": {
          "transportMode": "mesh",
          "totalUploadBitrateBps": 202658.84062422454,
          "topology": {
            "sfuViewerCount": 0,
            "sfuConsumerCount": 0,
            "meshScreenSenders": 1,
            "meshActiveScreenSenders": 1,
            "meshViaSfuCount": 0,
            "meshBytesSentTotal": 140997,
            "publisherUploadBytes": 140997
          },
          "encodeFps": 3.6669110677217174,
          "sendFps": 3.6669110677217174,
          "bitrateBps": 202658.84062422454,
          "retransmittedBitrateBps": 0,
          "packetsSent": 78,
          "retransmittedPacketsSent": 0,
          "retransmissionRatio": 0,
          "averageEncodeTimeMs": 4.181818181818182,
          "averagePacketSendDelayMs": 29.08837179487178,
          "averageQp": 51,
          "framesEncoded": 11,
          "keyFramesEncoded": 1,
          "keyFramesPerMinute": 20.001333096663913,
          "keyFrameRatio": 0.09090909090909091,
          "hugeFramesSent": 11,
          "nackCount": 0,
          "pliCount": 0,
          "firCount": 0,
          "framesSent": 11,
          "frameWidth": 960,
          "frameHeight": 540,
          "targetBitrate": 275833,
          "availableOutgoingBitrateMedian": 666981,
          "roundTripTimeMsMedian": 0,
          "qualityLimitationReason": "none",
          "encoderImplementation": "MediaFoundationVideoEncodeAccelerator (NVIDIA H.264 Encoder MFT)",
          "powerEfficientEncoder": true,
          "codec": {
            "id": "COT01_103_level-asymmetry-allowed=1;packetization-mode=1;profile-level-id=42001f",
            "timestamp": 1788008852489.823,
            "payloadType": 103,
            "mimeType": "video/H264",
            "clockRate": 90000,
            "sdpFmtpLine": "level-asymmetry-allowed=1;packetization-mode=1;profile-level-id=42001f"
          },
          "codecPolicy": "hardware-or-unknown",
          "adaptation": {
            "profileId": "performance",
            "level": 1,
            "temporalLevel": 0,
            "poorSamples": 0,
            "stableSamples": 0,
            "sourceSamples": 0,
            "networkSamples": 0,
            "sampleCount": 4,
            "cooldownSamples": 2,
            "scale": 1.3333333333333333,
            "frameRate": 60,
            "reason": "network-spatial-downshift",
            "targetFps": 60,
            "measuredFps": 2.6664019360057027,
            "captureFps": 56.661041140121185,
            "encodedFps": 2.6664019360057027,
            "encoderDeliveryRatio": 0.047058823529411764,
            "bottleneck": "network",
            "sourceLimited": false,
            "networkPressure": true,
            "capacityPressure": true,
            "transportPressure": true,
            "packetLossPressure": false,
            "retransmissionPressure": false,
            "pacerPressure": true,
            "discardedPacketPressure": false,
            "packetLossRatio": 0,
            "retransmissionRatio": 0,
            "averagePacketSendDelayMs": 31.292216216216215,
            "packetsDiscardedOnSend": 0,
            "pressureSamplesRequired": 2,
            "networkSustained": true,
            "networkHeadroomRatio": 0.083372625,
            "requiredBitrate": 8000000,
            "recoveryRequiredBitrate": 8000000,
            "networkRecoveryHeadroomRatio": 0.083372625,
            "networkRecoveryReady": true,
            "projectedRecoveryEncodeMs": 3.8756666666666666,
            "encoderRecoveryReady": true,
            "encoderTrial": null,
            "downscaleEffectiveness": {
              "status": "idle",
              "samplesObserved": 0,
              "samplesRequired": 3,
              "requiredDeliveryGain": 0.08,
              "requiredEncodeCostReductionRatio": 0.15
            },
            "averageEncodeTimeMs": 3.75,
            "fpsEma": 2.3379729731927075,
            "encodeEma": 3.8756666666666666,
            "effectiveWidth": 960,
            "effectiveHeight": 540,
            "temporalChanged": false,
            "softwareEncoder": false,
            "encoderImplementation": "MediaFoundationVideoEncodeAccelerator (NVIDIA H.264 Encoder MFT)",
            "trackId": "53dfeded-81da-43f7-944c-68f9696b7665"
          },
          "settings": {
            "aspectRatio": 1.7777777777777777,
            "deviceId": "screen:0:0",
            "frameRate": 60,
            "height": 720,
            "resizeMode": "crop-and-scale",
            "screenPixelRatio": 1,
            "width": 1280
          },
          "parameters": {
            "degradationPreference": "maintain-resolution",
            "transactionId": "a2914dad-b8d4-465e-a954-3229401dcdd5",
            "encodings": [
              {
                "active": true,
                "maxBitrate": 331897,
                "maxFramerate": 60,
                "scaleResolutionDownBy": 1.3333333333333333,
                "priority": "high",
                "networkPriority": "high"
              }
            ]
          },
          "mutations": {
            "total": 1,
            "structural": 1,
            "bitrate": 1,
            "active": 0,
            "track": 0,
            "last": {
              "sequence": 3,
              "type": "adapt",
              "timestampMs": 1788008852434,
              "peerId": "10045ee2",
              "structural": true,
              "bitrate": true,
              "active": false,
              "trackChanged": false,
              "before": {
                "trackId": "53dfeded-81da-43f7-944c-68f9696b7665",
                "degradationPreference": "maintain-resolution",
                "encodings": [
                  {
                    "active": true,
                    "maxBitrate": 237069,
                    "maxFramerate": 60,
                    "scaleResolutionDownBy": 1,
                    "scalabilityMode": null
                  }
                ]
              },
              "after": {
                "trackId": "53dfeded-81da-43f7-944c-68f9696b7665",
                "degradationPreference": "maintain-resolution",
                "encodings": [
                  {
                    "active": true,
                    "maxBitrate": 331897,
                    "maxFramerate": 60,
                    "scaleResolutionDownBy": 1.3333333333333333,
                    "scalabilityMode": null
                  }
                ]
              },
              "countersBeforeNextSample": {
                "keyFramesEncoded": 1,
                "hugeFramesSent": 14,
                "nackCount": 0,
                "pliCount": 0,
                "firCount": 0,
                "bytesSent": 136678
              },
              "profileId": "performance",
              "adaptationReason": "network-spatial-downshift",
              "adaptationLevel": 1,
              "temporalLevel": 0
            }
          }
        },
        "receiver": {
          "transportMode": "mesh",
          "receiveFps": 2.666844412888522,
          "decodeFps": 2.666844412888522,
          "statsRenderFps": null,
          "bitrateBps": 202658.84062422454,
          "averageDecodeTimeMs": 0.5656249999999997,
          "averageProcessingTimeMs": 303.43774999999994,
          "averageJitterBufferMs": 302.847125,
          "averageJitterBufferTargetMs": 323,
          "averageJitterBufferMinimumMs": 0,
          "framesReceived": 8,
          "framesDecoded": 8,
          "keyFramesDecoded": 0,
          "framesRendered": null,
          "framesDropped": 0,
          "frameWidth": 1280,
          "frameHeight": 720,
          "packetsLost": 0,
          "packetsReceived": 78,
          "packetLossRatio": 0,
          "freezeCount": 0,
          "totalFreezesDuration": 0,
          "nackCount": 0,
          "pliCount": 0,
          "firCount": 0,
          "decoderImplementation": "ExternalDecoder (D3D11VideoDecoder)",
          "powerEfficientDecoder": true,
          "jitterBufferTarget": 348,
          "codec": {
            "id": "CIT01_103_level-asymmetry-allowed=1;packetization-mode=1;profile-level-id=42001f",
            "timestamp": 1788008852489.831,
            "payloadType": 103,
            "mimeType": "video/H264",
            "clockRate": 90000,
            "sdpFmtpLine": "level-asymmetry-allowed=1;packetization-mode=1;profile-level-id=42001f"
          },
          "settings": {
            "aspectRatio": 1.7777777777777777,
            "deviceId": "d680d02d-0088-48f4-8429-bd45d42a62ed",
            "frameRate": 5.112472141480093,
            "height": 720,
            "resizeMode": "none",
            "width": 1280
          }
        },
        "render": {
          "callbackSamples": 8,
          "presentedFrames": 7,
          "presentedFps": 2.873091446396323,
          "callbackFps": 2.873091446396323,
          "missedCallbacks": 0,
          "intervalMs": {
            "p50": 357.60000000000036,
            "p95": 463.66999999999985,
            "p99": 485.53399999999993,
            "max": 491
          },
          "captureToCompositorMs": {
            "p50": null,
            "p95": null,
            "p99": null
          },
          "networkMs": {
            "p50": null,
            "p95": null
          },
          "postReceiveMs": {
            "p50": 238.5,
            "p95": 354.2450000000001
          },
          "processingDurationMs": {
            "p50": 0.45,
            "p95": 0.7949999999999998
          },
          "callbackLatenessMs": {
            "p50": 0,
            "p95": 6.09999999999975
          },
          "width": 1280,
          "height": 720
        },
        "retention": {
          "encodedPerCaptured": 0.06395348837209303,
          "decodedPerEncoded": 0.7272727272727273,
          "presentedPerCaptured": 0.040697674418604654
        },
        "transport": {
          "sendBitrateBps": {
            "count": 12,
            "mean": 202599.97717337482,
            "standardDeviation": 100516.89029589723,
            "coefficientOfVariation": 0.4961347562733433,
            "min": 0,
            "p05": 19334.658583965404,
            "p50": 264925.96582070994,
            "p95": 287400.2534976215,
            "max": 287948.60528853774
          },
          "totalUploadBitrateBps": {
            "count": 12,
            "mean": 202599.97717337482,
            "standardDeviation": 100516.89029589723,
            "coefficientOfVariation": 0.4961347562733433,
            "min": 0,
            "p05": 19334.658583965404,
            "p50": 264925.96582070994,
            "p95": 287400.2534976215,
            "max": 287948.60528853774
          },
          "retransmitBitrateBps": {
            "count": 12,
            "mean": 0,
            "standardDeviation": 0,
            "coefficientOfVariation": null,
            "min": 0,
            "p05": 0,
            "p50": 0,
            "p95": 0,
            "max": 0
          },
          "sendFps": {
            "count": 12,
            "mean": 3.6687071435257455,
            "standardDeviation": 3.0381139638613206,
            "coefficientOfVariation": 0.8281156944409566,
            "min": 0,
            "p05": 0,
            "p50": 3.995204973718067,
            "p95": 7.617221864605803,
            "max": 12.004794883894055
          },
          "keyFramesEncoded": {
            "count": 12,
            "mean": 0.33346652455261266,
            "standardDeviation": 1.1059833420848528,
            "coefficientOfVariation": 3.3166247903554,
            "min": 0,
            "p05": 0,
            "p50": 0,
            "p95": 1.8007192325841055,
            "max": 4.001598294631352
          },
          "pliRequests": {
            "count": 12,
            "mean": 0,
            "standardDeviation": 0,
            "coefficientOfVariation": null,
            "min": 0,
            "p05": 0,
            "p50": 0,
            "p95": 0,
            "max": 0
          },
          "firRequests": {
            "count": 12,
            "mean": 0,
            "standardDeviation": 0,
            "coefficientOfVariation": null,
            "min": 0,
            "p05": 0,
            "p50": 0,
            "p95": 0,
            "max": 0
          },
          "receiveBitrateBps": {
            "count": 12,
            "mean": 202603.39536251573,
            "standardDeviation": 100513.77984012825,
            "coefficientOfVariation": 0.49611103338263507,
            "min": 0,
            "p05": 19326.94222101659,
            "p50": 264975.9525528301,
            "p95": 287463.3939997573,
            "max": 287948.60528853774
          },
          "receiveFps": {
            "count": 12,
            "mean": 2.6635004214924596,
            "standardDeviation": 1.8834108450514784,
            "coefficientOfVariation": 0.7071186585343705,
            "min": 0,
            "p05": 0,
            "p50": 3.9848680053049,
            "p95": 4.0129322843229795,
            "max": 4.0209055676191445
          },
          "packetSendDelayMs": {
            "count": 11,
            "mean": 32.90594722222234,
            "standardDeviation": 24.284140333517502,
            "coefficientOfVariation": 0.7379863636661315,
            "min": 0.0014000000000180535,
            "p05": 0.0014000000000180535,
            "p50": 30.82477777777765,
            "p95": 77.89440000000081,
            "max": 85.71100000000165
          },
          "packetLossRatio": {
            "count": 11,
            "mean": 0,
            "standardDeviation": 0,
            "coefficientOfVariation": null,
            "min": 0,
            "p05": 0,
            "p50": 0,
            "p95": 0,
            "max": 0
          },
          "availableOutgoingBitrate": {
            "count": 13,
            "mean": 666981,
            "standardDeviation": 0,
            "coefficientOfVariation": 0,
            "min": 666981,
            "p05": 666981,
            "p50": 666981,
            "p95": 666981,
            "max": 666981
          },
          "roundTripTimeMs": {
            "count": 13,
            "mean": 0,
            "standardDeviation": 0,
            "coefficientOfVariation": null,
            "min": 0,
            "p05": 0,
            "p50": 0,
            "p95": 0,
            "max": 0
          },
          "packetsDiscardedOnSend": 0,
          "bytesDiscardedOnSend": 0
        },
        "resources": {
          "sampleCount": 2,
          "scope": {
            "electronProcessTree": "app.getAppMetrics; excludes external Chrome/ffplay and signaling Node process",
            "nvidia": "whole NVIDIA device; includes unrelated processes and the external source"
          },
          "electronProcessTree": {
            "processCount": {
              "count": 2,
              "mean": 9,
              "standardDeviation": 0,
              "coefficientOfVariation": 0,
              "min": 9,
              "p05": 9,
              "p50": 9,
              "p95": 9,
              "max": 9
            },
            "cpuPercentSum": {
              "count": 2,
              "mean": 5.96938610922452,
              "standardDeviation": 0.07996137707245854,
              "coefficientOfVariation": 0.01339524292940171,
              "min": 5.889424732152062,
              "p05": 5.897420869859308,
              "p50": 5.96938610922452,
              "p95": 6.041351348589733,
              "max": 6.049347486296979
            },
            "workingSetMiBSum": {
              "count": 2,
              "mean": 1358.919921875,
              "standardDeviation": 2.970703125,
              "coefficientOfVariation": 0.00218607666072119,
              "min": 1355.94921875,
              "p05": 1356.2462890625,
              "p50": 1358.919921875,
              "p95": 1361.5935546875,
              "max": 1361.890625
            },
            "privateMemoryMiBSum": {
              "count": 2,
              "mean": 705.4609375,
              "standardDeviation": 9.76953125,
              "coefficientOfVariation": 0.013848436859765889,
              "min": 695.69140625,
              "p05": 696.668359375,
              "p50": 705.4609375,
              "p95": 714.253515625,
              "max": 715.23046875
            },
            "systemFreeMemoryMiB": {
              "count": 2,
              "mean": 16670.53515625,
              "standardDeviation": 16.77734375,
              "coefficientOfVariation": 0.0010064070284936208,
              "min": 16653.7578125,
              "p05": 16655.435546875,
              "p50": 16670.53515625,
              "p95": 16685.634765625,
              "max": 16687.3125
            }
          },
          "global": {
            "processCount": {
              "count": 2,
              "mean": 9,
              "standardDeviation": 0,
              "coefficientOfVariation": 0,
              "min": 9,
              "p05": 9,
              "p50": 9,
              "p95": 9,
              "max": 9
            },
            "cpuPercentSum": {
              "count": 2,
              "mean": 5.96938610922452,
              "standardDeviation": 0.07996137707245854,
              "coefficientOfVariation": 0.01339524292940171,
              "min": 5.889424732152062,
              "p05": 5.897420869859308,
              "p50": 5.96938610922452,
              "p95": 6.041351348589733,
              "max": 6.049347486296979
            },
            "workingSetMiBSum": {
              "count": 2,
              "mean": 1358.919921875,
              "standardDeviation": 2.970703125,
              "coefficientOfVariation": 0.00218607666072119,
              "min": 1355.94921875,
              "p05": 1356.2462890625,
              "p50": 1358.919921875,
              "p95": 1361.5935546875,
              "max": 1361.890625
            },
            "privateMemoryMiBSum": {
              "count": 2,
              "mean": 705.4609375,
              "standardDeviation": 9.76953125,
              "coefficientOfVariation": 0.013848436859765889,
              "min": 695.69140625,
              "p05": 696.668359375,
              "p50": 705.4609375,
              "p95": 714.253515625,
              "max": 715.23046875
            },
            "systemFreeMemoryMiB": {
              "count": 2,
              "mean": 16670.53515625,
              "standardDeviation": 16.77734375,
              "coefficientOfVariation": 0.0010064070284936208,
              "min": 16653.7578125,
              "p05": 16655.435546875,
              "p50": 16670.53515625,
              "p95": 16685.634765625,
              "max": 16687.3125
            }
          },
          "mainProcess": {
            "cpuPercent": {
              "count": 2,
              "mean": 1.38319161998088,
              "standardDeviation": 0.034763552019599464,
              "coefficientOfVariation": 0.025132853263006325,
              "min": 1.3484280679612806,
              "p05": 1.3519044231632404,
              "p50": 1.38319161998088,
              "p95": 1.4144788167985196,
              "max": 1.4179551720004795
            },
            "idleWakeupsPerSecond": {
              "count": 2,
              "mean": 0,
              "standardDeviation": 0,
              "coefficientOfVariation": null,
              "min": 0,
              "p05": 0,
              "p50": 0,
              "p95": 0,
              "max": 0
            },
            "residentSetMiB": {
              "count": 2,
              "mean": 245.982421875,
              "standardDeviation": 0.025390625,
              "coefficientOfVariation": 0.00010322129852393544,
              "min": 245.95703125,
              "p05": 245.9595703125,
              "p50": 245.982421875,
              "p95": 246.0052734375,
              "max": 246.0078125
            },
            "privateMemoryMiB": {
              "count": 2,
              "mean": 160.599609375,
              "standardDeviation": 4.591796875,
              "coefficientOfVariation": 0.028591581840514673,
              "min": 156.0078125,
              "p05": 156.4669921875,
              "p50": 160.599609375,
              "p95": 164.7322265625,
              "max": 165.19140625
            },
            "sharedMemoryMiB": {
              "count": 2,
              "mean": 6.896484375,
              "standardDeviation": 0.005859375,
              "coefficientOfVariation": 0.0008496176720475786,
              "min": 6.890625,
              "p05": 6.8912109375,
              "p50": 6.896484375,
              "p95": 6.9017578125,
              "max": 6.90234375
            },
            "rssMiB": {
              "count": 2,
              "mean": 245.978515625,
              "standardDeviation": 0.025390625,
              "coefficientOfVariation": 0.00010322293772480764,
              "min": 245.953125,
              "p05": 245.9556640625,
              "p50": 245.978515625,
              "p95": 246.0013671875,
              "max": 246.00390625
            },
            "heapUsedMiB": {
              "count": 2,
              "mean": 6.443653106689453,
              "standardDeviation": 0.04107666015625,
              "coefficientOfVariation": 0.006374747286381141,
              "min": 6.402576446533203,
              "p05": 6.406684112548828,
              "p50": 6.443653106689453,
              "p95": 6.480622100830078,
              "max": 6.484729766845703
            }
          },
          "byProcess": [
            {
              "pid": 30032,
              "role": "fixture-renderer",
              "type": "Tab",
              "name": null,
              "serviceName": null,
              "cpuPercent": {
                "count": 2,
                "mean": 0.5896106951543435,
                "standardDeviation": 0.03342880160766404,
                "coefficientOfVariation": 0.05669639625331647,
                "min": 0.5561818935466795,
                "p05": 0.5595247737074459,
                "p50": 0.5896106951543435,
                "p95": 0.6196966166012411,
                "max": 0.6230394967620075
              },
              "idleWakeupsPerSecond": {
                "count": 2,
                "mean": 0,
                "standardDeviation": 0,
                "coefficientOfVariation": null,
                "min": 0,
                "p05": 0,
                "p50": 0,
                "p95": 0,
                "max": 0
              },
              "workingSetMiB": {
                "count": 2,
                "mean": 131.998046875,
                "standardDeviation": 0.845703125,
                "coefficientOfVariation": 0.006406936655667846,
                "min": 131.15234375,
                "p05": 131.2369140625,
                "p50": 131.998046875,
                "p95": 132.7591796875,
                "max": 132.84375
              },
              "peakWorkingSetMiB": {
                "count": 2,
                "mean": 136.15625,
                "standardDeviation": 0,
                "coefficientOfVariation": 0,
                "min": 136.15625,
                "p05": 136.15625,
                "p50": 136.15625,
                "p95": 136.15625,
                "max": 136.15625
              },
              "privateMemoryMiB": {
                "count": 2,
                "mean": 48.24609375,
                "standardDeviation": 0.734375,
                "coefficientOfVariation": 0.015221439559549833,
                "min": 47.51171875,
                "p05": 47.58515625,
                "p50": 48.24609375,
                "p95": 48.90703125,
                "max": 48.98046875
              },
              "sharedMemoryMiB": {
                "count": 0,
                "mean": null,
                "standardDeviation": null,
                "coefficientOfVariation": null,
                "min": null,
                "p05": null,
                "p50": null,
                "p95": null,
                "max": null
              }
            },
            {
              "pid": 21652,
              "role": "gpu-process",
              "type": "GPU",
              "name": null,
              "serviceName": "GPU",
              "cpuPercent": {
                "count": 2,
                "mean": 1.6315151273279591,
                "standardDeviation": 0.053324361576140844,
                "coefficientOfVariation": 0.032683951673481385,
                "min": 1.5781907657518184,
                "p05": 1.5835232019094325,
                "p50": 1.6315151273279591,
                "p95": 1.679507052746486,
                "max": 1.6848394889041
              },
              "idleWakeupsPerSecond": {
                "count": 2,
                "mean": 0,
                "standardDeviation": 0,
                "coefficientOfVariation": null,
                "min": 0,
                "p05": 0,
                "p50": 0,
                "p95": 0,
                "max": 0
              },
              "workingSetMiB": {
                "count": 2,
                "mean": 233.708984375,
                "standardDeviation": 0.408203125,
                "coefficientOfVariation": 0.0017466300069363776,
                "min": 233.30078125,
                "p05": 233.3416015625,
                "p50": 233.708984375,
                "p95": 234.0763671875,
                "max": 234.1171875
              },
              "peakWorkingSetMiB": {
                "count": 2,
                "mean": 236.34765625,
                "standardDeviation": 0.41015625,
                "coefficientOfVariation": 0.001735393769109991,
                "min": 235.9375,
                "p05": 235.978515625,
                "p50": 236.34765625,
                "p95": 236.716796875,
                "max": 236.7578125
              },
              "privateMemoryMiB": {
                "count": 2,
                "mean": 241.1015625,
                "standardDeviation": 6.8984375,
                "coefficientOfVariation": 0.028612164220213215,
                "min": 234.203125,
                "p05": 234.89296875,
                "p50": 241.1015625,
                "p95": 247.31015625,
                "max": 248
              },
              "sharedMemoryMiB": {
                "count": 0,
                "mean": null,
                "standardDeviation": null,
                "coefficientOfVariation": null,
                "min": null,
                "p05": null,
                "p50": null,
                "p95": null,
                "max": null
              }
            },
            {
              "pid": 33744,
              "role": "main",
              "type": "Browser",
              "name": null,
              "serviceName": null,
              "cpuPercent": {
                "count": 2,
                "mean": 1.3842217131105274,
                "standardDeviation": 0.033870588957709336,
                "coefficientOfVariation": 0.024469049023655095,
                "min": 1.350351124152818,
                "p05": 1.353738183048589,
                "p50": 1.3842217131105274,
                "p95": 1.4147052431724658,
                "max": 1.4180923020682368
              },
              "idleWakeupsPerSecond": {
                "count": 2,
                "mean": 0,
                "standardDeviation": 0,
                "coefficientOfVariation": null,
                "min": 0,
                "p05": 0,
                "p50": 0,
                "p95": 0,
                "max": 0
              },
              "workingSetMiB": {
                "count": 2,
                "mean": 245.9765625,
                "standardDeviation": 0.0234375,
                "coefficientOfVariation": 0.00009528346831824679,
                "min": 245.953125,
                "p05": 245.95546875,
                "p50": 245.9765625,
                "p95": 245.99765625,
                "max": 246
              },
              "peakWorkingSetMiB": {
                "count": 2,
                "mean": 246.0625,
                "standardDeviation": 0,
                "coefficientOfVariation": 0,
                "min": 246.0625,
                "p05": 246.0625,
                "p50": 246.0625,
                "p95": 246.0625,
                "max": 246.0625
              },
              "privateMemoryMiB": {
                "count": 2,
                "mean": 160.595703125,
                "standardDeviation": 4.591796875,
                "coefficientOfVariation": 0.02859227728792946,
                "min": 156.00390625,
                "p05": 156.4630859375,
                "p50": 160.595703125,
                "p95": 164.7283203125,
                "max": 165.1875
              },
              "sharedMemoryMiB": {
                "count": 0,
                "mean": null,
                "standardDeviation": null,
                "coefficientOfVariation": null,
                "min": null,
                "p05": null,
                "p50": null,
                "p95": null,
                "max": null
              }
            },
            {
              "pid": 29864,
              "role": "receiver-renderer",
              "type": "Tab",
              "name": null,
              "serviceName": null,
              "cpuPercent": {
                "count": 2,
                "mean": 0.8567696713978279,
                "standardDeviation": 0.02995817345738111,
                "coefficientOfVariation": 0.034966426167378294,
                "min": 0.8268114979404467,
                "p05": 0.8298073152861848,
                "p50": 0.8567696713978279,
                "p95": 0.8837320275094709,
                "max": 0.886727844855209
              },
              "idleWakeupsPerSecond": {
                "count": 2,
                "mean": 0,
                "standardDeviation": 0,
                "coefficientOfVariation": null,
                "min": 0,
                "p05": 0,
                "p50": 0,
                "p95": 0,
                "max": 0
              },
              "workingSetMiB": {
                "count": 2,
                "mean": 146.66796875,
                "standardDeviation": 0.6875,
                "coefficientOfVariation": 0.004687458385490186,
                "min": 145.98046875,
                "p05": 146.04921875,
                "p50": 146.66796875,
                "p95": 147.28671875,
                "max": 147.35546875
              },
              "peakWorkingSetMiB": {
                "count": 2,
                "mean": 146.66796875,
                "standardDeviation": 0.6875,
                "coefficientOfVariation": 0.004687458385490186,
                "min": 145.98046875,
                "p05": 146.04921875,
                "p50": 146.66796875,
                "p95": 147.28671875,
                "max": 147.35546875
              },
              "privateMemoryMiB": {
                "count": 2,
                "mean": 66.46484375,
                "standardDeviation": 0.53515625,
                "coefficientOfVariation": 0.008051719071407582,
                "min": 65.9296875,
                "p05": 65.983203125,
                "p50": 66.46484375,
                "p95": 66.946484375,
                "max": 67
              },
              "sharedMemoryMiB": {
                "count": 0,
                "mean": null,
                "standardDeviation": null,
                "coefficientOfVariation": null,
                "min": null,
                "p05": null,
                "p50": null,
                "p95": null,
                "max": null
              }
            },
            {
              "pid": 18048,
              "role": "sender-renderer",
              "type": "Tab",
              "name": null,
              "serviceName": null,
              "cpuPercent": {
                "count": 2,
                "mean": 1.0028231976026984,
                "standardDeviation": 0.005395771823684226,
                "coefficientOfVariation": 0.0053805813792332504,
                "min": 0.9974274257790141,
                "p05": 0.9979670029613825,
                "p50": 1.0028231976026984,
                "p95": 1.0076793922440141,
                "max": 1.0082189694263826
              },
              "idleWakeupsPerSecond": {
                "count": 2,
                "mean": 0,
                "standardDeviation": 0,
                "coefficientOfVariation": null,
                "min": 0,
                "p05": 0,
                "p50": 0,
                "p95": 0,
                "max": 0
              },
              "workingSetMiB": {
                "count": 2,
                "mean": 154.443359375,
                "standardDeviation": 0.533203125,
                "coefficientOfVariation": 0.0034524185899462534,
                "min": 153.91015625,
                "p05": 153.9634765625,
                "p50": 154.443359375,
                "p95": 154.9232421875,
                "max": 154.9765625
              },
              "peakWorkingSetMiB": {
                "count": 2,
                "mean": 155.71875,
                "standardDeviation": 0.578125,
                "coefficientOfVariation": 0.003712622917920931,
                "min": 155.140625,
                "p05": 155.1984375,
                "p50": 155.71875,
                "p95": 156.2390625,
                "max": 156.296875
              },
              "privateMemoryMiB": {
                "count": 2,
                "mean": 69.1015625,
                "standardDeviation": 0.44140625,
                "coefficientOfVariation": 0.006387789711701526,
                "min": 68.66015625,
                "p05": 68.704296875,
                "p50": 69.1015625,
                "p95": 69.498828125,
                "max": 69.54296875
              },
              "sharedMemoryMiB": {
                "count": 0,
                "mean": null,
                "standardDeviation": null,
                "coefficientOfVariation": null,
                "min": null,
                "p05": null,
                "p50": null,
                "p95": null,
                "max": null
              }
            },
            {
              "pid": 14404,
              "role": "utility-process",
              "type": "Utility",
              "name": "Audio Service",
              "serviceName": "audio.mojom.AudioService",
              "cpuPercent": {
                "count": 2,
                "mean": 0.3763859368727751,
                "standardDeviation": 0.0006506846172024683,
                "coefficientOfVariation": 0.001728769737277434,
                "min": 0.37573525225557264,
                "p05": 0.37580032071729286,
                "p50": 0.3763859368727751,
                "p95": 0.37697155302825736,
                "max": 0.3770366214899776
              },
              "idleWakeupsPerSecond": {
                "count": 2,
                "mean": 0,
                "standardDeviation": 0,
                "coefficientOfVariation": null,
                "min": 0,
                "p05": 0,
                "p50": 0,
                "p95": 0,
                "max": 0
              },
              "workingSetMiB": {
                "count": 2,
                "mean": 108.16796875,
                "standardDeviation": 0,
                "coefficientOfVariation": 0,
                "min": 108.16796875,
                "p05": 108.16796875,
                "p50": 108.16796875,
                "p95": 108.16796875,
                "max": 108.16796875
              },
              "peakWorkingSetMiB": {
                "count": 2,
                "mean": 108.16796875,
                "standardDeviation": 0,
                "coefficientOfVariation": 0,
                "min": 108.16796875,
                "p05": 108.16796875,
                "p50": 108.16796875,
                "p95": 108.16796875,
                "max": 108.16796875
              },
              "privateMemoryMiB": {
                "count": 2,
                "mean": 16.33984375,
                "standardDeviation": 0,
                "coefficientOfVariation": 0,
                "min": 16.33984375,
                "p05": 16.33984375,
                "p50": 16.33984375,
                "p95": 16.33984375,
                "max": 16.33984375
              },
              "sharedMemoryMiB": {
                "count": 0,
                "mean": null,
                "standardDeviation": null,
                "coefficientOfVariation": null,
                "min": null,
                "p05": null,
                "p50": null,
                "p95": null,
                "max": null
              }
            },
            {
              "pid": 16964,
              "role": "utility-process",
              "type": "Utility",
              "name": "Tracing Service",
              "serviceName": "tracing.mojom.TracingService",
              "cpuPercent": {
                "count": 2,
                "mean": 0.009871961899681331,
                "standardDeviation": 0.0012884091603356735,
                "coefficientOfVariation": 0.13051196645899368,
                "min": 0.008583552739345657,
                "p05": 0.008712393655379224,
                "p50": 0.009871961899681331,
                "p95": 0.011031530143983437,
                "max": 0.011160371060017004
              },
              "idleWakeupsPerSecond": {
                "count": 2,
                "mean": 0,
                "standardDeviation": 0,
                "coefficientOfVariation": null,
                "min": 0,
                "p05": 0,
                "p50": 0,
                "p95": 0,
                "max": 0
              },
              "workingSetMiB": {
                "count": 2,
                "mean": 101.3203125,
                "standardDeviation": 0.51953125,
                "coefficientOfVariation": 0.005127611997841006,
                "min": 100.80078125,
                "p05": 100.852734375,
                "p50": 101.3203125,
                "p95": 101.787890625,
                "max": 101.83984375
              },
              "peakWorkingSetMiB": {
                "count": 2,
                "mean": 101.3203125,
                "standardDeviation": 0.51953125,
                "coefficientOfVariation": 0.005127611997841006,
                "min": 100.80078125,
                "p05": 100.852734375,
                "p50": 101.3203125,
                "p95": 101.787890625,
                "max": 101.83984375
              },
              "privateMemoryMiB": {
                "count": 2,
                "mean": 14.904296875,
                "standardDeviation": 0.009765625,
                "coefficientOfVariation": 0.0006552221202987813,
                "min": 14.89453125,
                "p05": 14.8955078125,
                "p50": 14.904296875,
                "p95": 14.9130859375,
                "max": 14.9140625
              },
              "sharedMemoryMiB": {
                "count": 0,
                "mean": null,
                "standardDeviation": null,
                "coefficientOfVariation": null,
                "min": null,
                "p05": null,
                "p50": null,
                "p95": null,
                "max": null
              }
            },
            {
              "pid": 27036,
              "role": "utility-process",
              "type": "Utility",
              "name": "Video Capture",
              "serviceName": "video_capture.mojom.VideoCaptureService",
              "cpuPercent": {
                "count": 2,
                "mean": 0.005145102993391654,
                "standardDeviation": 0.00002999381650138286,
                "coefficientOfVariation": 0.005829585246380252,
                "min": 0.005115109176890271,
                "p05": 0.00511810855854041,
                "p50": 0.005145102993391654,
                "p95": 0.005172097428242898,
                "max": 0.005175096809893037
              },
              "idleWakeupsPerSecond": {
                "count": 2,
                "mean": 0,
                "standardDeviation": 0,
                "coefficientOfVariation": null,
                "min": 0,
                "p05": 0,
                "p50": 0,
                "p95": 0,
                "max": 0
              },
              "workingSetMiB": {
                "count": 2,
                "mean": 127.53515625,
                "standardDeviation": 0,
                "coefficientOfVariation": 0,
                "min": 127.53515625,
                "p05": 127.53515625,
                "p50": 127.53515625,
                "p95": 127.53515625,
                "max": 127.53515625
              },
              "peakWorkingSetMiB": {
                "count": 2,
                "mean": 129.71484375,
                "standardDeviation": 0,
                "coefficientOfVariation": 0,
                "min": 129.71484375,
                "p05": 129.71484375,
                "p50": 129.71484375,
                "p95": 129.71484375,
                "max": 129.71484375
              },
              "privateMemoryMiB": {
                "count": 2,
                "mean": 71.15234375,
                "standardDeviation": 0,
                "coefficientOfVariation": 0,
                "min": 71.15234375,
                "p05": 71.15234375,
                "p50": 71.15234375,
                "p95": 71.15234375,
                "max": 71.15234375
              },
              "sharedMemoryMiB": {
                "count": 0,
                "mean": null,
                "standardDeviation": null,
                "coefficientOfVariation": null,
                "min": null,
                "p05": null,
                "p50": null,
                "p95": null,
                "max": null
              }
            },
            {
              "pid": 32212,
              "role": "utility-process",
              "type": "Utility",
              "name": "Network Service",
              "serviceName": "network.mojom.NetworkService",
              "cpuPercent": {
                "count": 2,
                "mean": 0.1130427028653156,
                "standardDeviation": 0.000607301251629444,
                "coefficientOfVariation": 0.0053723171530409295,
                "min": 0.11243540161368616,
                "p05": 0.1124961317388491,
                "p50": 0.1130427028653156,
                "p95": 0.1135892739917821,
                "max": 0.11365000411694505
              },
              "idleWakeupsPerSecond": {
                "count": 2,
                "mean": 0,
                "standardDeviation": 0,
                "coefficientOfVariation": null,
                "min": 0,
                "p05": 0,
                "p50": 0,
                "p95": 0,
                "max": 0
              },
              "workingSetMiB": {
                "count": 2,
                "mean": 109.1015625,
                "standardDeviation": 0,
                "coefficientOfVariation": 0,
                "min": 109.1015625,
                "p05": 109.1015625,
                "p50": 109.1015625,
                "p95": 109.1015625,
                "max": 109.1015625
              },
              "peakWorkingSetMiB": {
                "count": 2,
                "mean": 109.1015625,
                "standardDeviation": 0,
                "coefficientOfVariation": 0,
                "min": 109.1015625,
                "p05": 109.1015625,
                "p50": 109.1015625,
                "p95": 109.1015625,
                "max": 109.1015625
              },
              "privateMemoryMiB": {
                "count": 2,
                "mean": 17.5546875,
                "standardDeviation": 0,
                "coefficientOfVariation": 0,
                "min": 17.5546875,
                "p05": 17.5546875,
                "p50": 17.5546875,
                "p95": 17.5546875,
                "max": 17.5546875
              },
              "sharedMemoryMiB": {
                "count": 0,
                "mean": null,
                "standardDeviation": null,
                "coefficientOfVariation": null,
                "min": null,
                "p05": null,
                "p50": null,
                "p95": null,
                "max": null
              }
            }
          ],
          "nvidia": {
            "available": false,
            "gpuUtilizationPercentMax": {
              "count": 0,
              "mean": null,
              "standardDeviation": null,
              "coefficientOfVariation": null,
              "min": null,
              "p05": null,
              "p50": null,
              "p95": null,
              "max": null
            },
            "encoderUtilizationPercentMax": {
              "count": 0,
              "mean": null,
              "standardDeviation": null,
              "coefficientOfVariation": null,
              "min": null,
              "p05": null,
              "p50": null,
              "p95": null,
              "max": null
            },
            "decoderUtilizationPercentMax": {
              "count": 0,
              "mean": null,
              "standardDeviation": null,
              "coefficientOfVariation": null,
              "min": null,
              "p05": null,
              "p50": null,
              "p95": null,
              "max": null
            },
            "memoryUsedMiBSum": {
              "count": 0,
              "mean": null,
              "standardDeviation": null,
              "coefficientOfVariation": null,
              "min": null,
              "p05": null,
              "p50": null,
              "p95": null,
              "max": null
            },
            "powerDrawWattsSum": {
              "count": 0,
              "mean": null,
              "standardDeviation": null,
              "coefficientOfVariation": null,
              "min": null,
              "p05": null,
              "p50": null,
              "p95": null,
              "max": null
            },
            "temperatureCelsiusMax": {
              "count": 0,
              "mean": null,
              "standardDeviation": null,
              "coefficientOfVariation": null,
              "min": null,
              "p05": null,
              "p50": null,
              "p95": null,
              "max": null
            },
            "graphicsClockMHzMax": {
              "count": 0,
              "mean": null,
              "standardDeviation": null,
              "coefficientOfVariation": null,
              "min": null,
              "p05": null,
              "p50": null,
              "p95": null,
              "max": null
            },
            "memoryClockMHzMax": {
              "count": 0,
              "mean": null,
              "standardDeviation": null,
              "coefficientOfVariation": null,
              "min": null,
              "p05": null,
              "p50": null,
              "p95": null,
              "max": null
            },
            "byGpu": []
          }
        },
        "visualQuality": {
          "available": false,
          "valid": false,
          "reason": "disabled"
        }
      }
    }
  ],
  "aggregate": {
    "byProfile": {
      "performance": {
        "runs": 1,
        "validRuns": 0,
        "excludedRuns": 1,
        "comparable": true,
        "selectedStratum": null,
        "strata": [],
        "median": {
          "source.captureFps": null,
          "sender.encodeFps": null,
          "sender.bitrateBps": null,
          "sender.totalUploadBitrateBps": null,
          "sender.retransmissionRatio": null,
          "sender.keyFramesPerMinute": null,
          "sender.keyFrameRatio": null,
          "sender.pliCount": null,
          "sender.firCount": null,
          "sender.mutations.total": null,
          "sender.mutations.structural": null,
          "sender.mutations.bitrate": null,
          "receiver.packetLossRatio": null,
          "transport.sendBitrateBps.coefficientOfVariation": null,
          "transport.packetSendDelayMs.p95": null,
          "transport.packetLossRatio.p95": null,
          "sender.averageEncodeTimeMs": null,
          "receiver.decodeFps": null,
          "receiver.averageJitterBufferMs": null,
          "render.presentedFps": null,
          "render.intervalMs.p95": null,
          "render.captureToCompositorMs.p95": null,
          "visualQuality.ssim.p50": null,
          "visualQuality.psnrDb.p50": null,
          "resources.global.cpuPercentSum.mean": null,
          "resources.global.cpuPercentSum.p95": null,
          "resources.global.privateMemoryMiBSum.p95": null,
          "resources.mainProcess.cpuPercent.mean": null,
          "resources.nvidia.gpuUtilizationPercentMax.mean": null,
          "resources.nvidia.encoderUtilizationPercentMax.mean": null,
          "resources.nvidia.decoderUtilizationPercentMax.mean": null,
          "resources.nvidia.memoryUsedMiBSum.p95": null
        }
      }
    },
    "differential": null
  }
}
[33744:0829/100733.139:VERBOSE1:content\browser\renderer_host\media\media_stream_manager.cc:1519] AOC::Close([state=playing]) [id=BF22BB321349B7AD06E6465AF8B44430]
[33744:0829/100733.139:VERBOSE1:content\browser\renderer_host\media\media_stream_manager.cc:1519] AOC::StopStream => (duration=5 sec) [id=BF22BB321349B7AD06E6465AF8B44430]
[33744:0829/100733.139:VERBOSE1:content\browser\renderer_host\media\media_stream_manager.cc:1519] AOC::StopStream => (glitches=[duration (ms): 0, count: 0], glitch_percentage=0.000%) [id=BF22BB321349B7AD06E6465AF8B44430]
[33744:0829/100733.139:VERBOSE1:content\browser\renderer_host\media\media_stream_manager.cc:1519] AOC::StopStream => (error_during_callback=false) [id=BF22BB321349B7AD06E6465AF8B44430]
[33744:0829/100733.139:VERBOSE1:content\browser\renderer_host\media\media_stream_manager.cc:1519] AOC::StopStream => (average audio level=-inf dBFS) [id=BF22BB321349B7AD06E6465AF8B44430]
[33744:0829/100733.139:VERBOSE1:content\browser\renderer_host\media\media_stream_manager.cc:1519] AOC::Close => (state=closed) [id=BF22BB321349B7AD06E6465AF8B44430]
[33744:0829/100733.139:VERBOSE1:content\browser\renderer_host\media\media_stream_manager.cc:1519] audio::OS::Dtor => (completed, duration=0 ms) [id=0F908FCC46D01958D2C7E2CD82973FAD] [controller_id=BF22BB321349B7AD06E6465AF8B44430]
[33744:0829/100733.139:VERBOSE1:content\browser\renderer_host\media\media_stream_manager.cc:1519] ASR: number of detected audio glitches: 0 out of 525
[33744:0829/100733.139:VERBOSE1:content\browser\renderer_host\media\media_stream_manager.cc:1519] MSM::StopStreamDevice({render_process_id=6}, {render_frame_id=1}, {requester_id=0}, {device_id=default}, {session_id=D28BF2ED8DA3A632B8291C4DDD5D6162})
[33744:0829/100733.139:VERBOSE1:content\browser\renderer_host\media\media_stream_manager.cc:1519] MSM::StopDevice({type=DEVICE_AUDIO_CAPTURE}, {session_id=D28BF2ED8DA3A632B8291C4DDD5D6162})
[33744:0829/100733.139:VERBOSE1:content\browser\renderer_host\media\media_stream_manager.cc:1519] MSM::CloseDevice({type=DEVICE_AUDIO_CAPTURE}, {session_id=D28BF2ED8DA3A632B8291C4DDD5D6162})
[33744:0829/100733.141:VERBOSE1:content\browser\renderer_host\media\media_stream_manager.cc:1519] AIDM::Close({session_id=D28BF2ED8DA3A632B8291C4DDD5D6162})
[33744:0829/100733.141:VERBOSE1:content\browser\renderer_host\media\media_stream_manager.cc:1519] MSM::DR::SetState({label=d820657c-a899-4d7e-a078-5b30a2a3eab0}, [requester_id=0], {stream_type=DEVICE_AUDIO_CAPTURE}, {new_state=STATE_CLOSING})
[33744:0829/100733.141:VERBOSE1:content\browser\renderer_host\media\media_stream_manager.cc:1519] MSM::DeleteRequest([label=d820657c-a899-4d7e-a078-5b30a2a3eab0])
[33744:0829/100733.141:VERBOSE1:content\browser\renderer_host\media\media_stream_manager.cc:1519] AIDM::Closed({session_id=D28BF2ED8DA3A632B8291C4DDD5D6162})
[33744:0829/100733.141:VERBOSE1:content\browser\renderer_host\media\media_stream_manager.cc:1519] MSM::Closed({stream_type=DEVICE_AUDIO_CAPTURE}, {session_id=D28BF2ED8DA3A632B8291C4DDD5D6162})
[33744:0829/100733.141:VERBOSE1:content\browser\renderer_host\media\media_stream_manager.cc:1519] AOC::Close([state=playing]) [id=2D406900C7AB8335B5174F524C032151]
[33744:0829/100733.141:VERBOSE1:content\browser\renderer_host\media\media_stream_manager.cc:1519] AOC::StopStream => (duration=5 sec) [id=2D406900C7AB8335B5174F524C032151]
[33744:0829/100733.141:VERBOSE1:content\browser\renderer_host\media\media_stream_manager.cc:1519] AOC::StopStream => (glitches=[duration (ms): 0, count: 0], glitch_percentage=0.000%) [id=2D406900C7AB8335B5174F524C032151]
[33744:0829/100733.141:VERBOSE1:content\browser\renderer_host\media\media_stream_manager.cc:1519] AOC::StopStream => (error_during_callback=false) [id=2D406900C7AB8335B5174F524C032151]
[33744:0829/100733.141:VERBOSE1:content\browser\renderer_host\media\media_stream_manager.cc:1519] AOC::StopStream => (average audio level=-inf dBFS) [id=2D406900C7AB8335B5174F524C032151]
[33744:0829/100733.141:VERBOSE1:content\browser\renderer_host\media\media_stream_manager.cc:1519] AOC::Close => (state=closed) [id=2D406900C7AB8335B5174F524C032151]
[33744:0829/100733.141:VERBOSE1:content\browser\renderer_host\media\media_stream_manager.cc:1519] audio::OS::Dtor => (completed, duration=0 ms) [id=E50172A05002809B2CED6C45A1170D06] [controller_id=2D406900C7AB8335B5174F524C032151]
[33744:0829/100733.141:VERBOSE1:content\browser\renderer_host\media\media_stream_manager.cc:1519] ASR: number of detected audio glitches: 0 out of 520
[33744:0829/100733.141:VERBOSE1:content\browser\renderer_host\media\media_stream_manager.cc:1519] AOC::Close([state=playing]) [id=8BDB5621F89D4CDAE5C9CC36A2C96098]
[33744:0829/100733.141:VERBOSE1:content\browser\renderer_host\media\media_stream_manager.cc:1519] AOC::StopStream => (duration=5 sec) [id=8BDB5621F89D4CDAE5C9CC36A2C96098]
[33744:0829/100733.141:VERBOSE1:content\browser\renderer_host\media\media_stream_manager.cc:1519] AOC::StopStream => (glitches=[duration (ms): 0, count: 0], glitch_percentage=0.000%) [id=8BDB5621F89D4CDAE5C9CC36A2C96098]
[33744:0829/100733.141:VERBOSE1:content\browser\renderer_host\media\media_stream_manager.cc:1519] AOC::StopStream => (error_during_callback=false) [id=8BDB5621F89D4CDAE5C9CC36A2C96098]
[33744:0829/100733.141:VERBOSE1:content\browser\renderer_host\media\media_stream_manager.cc:1519] AOC::StopStream => (average audio level=-44.91 dBFS) [id=8BDB5621F89D4CDAE5C9CC36A2C96098]
[33744:0829/100733.141:VERBOSE1:content\browser\renderer_host\media\media_stream_manager.cc:1519] AOC::Close => (state=closed) [id=8BDB5621F89D4CDAE5C9CC36A2C96098]
[33744:0829/100733.141:VERBOSE1:content\browser\renderer_host\media\media_stream_manager.cc:1519] audio::OS::Dtor => (completed, duration=0 ms) [id=BACAC0C841871E3E2FC784C66D2BF753] [controller_id=8BDB5621F89D4CDAE5C9CC36A2C96098]
[33744:0829/100733.141:VERBOSE1:content\browser\renderer_host\media\media_stream_manager.cc:1519] ASR: number of detected audio glitches: 0 out of 520
[33744:0829/100733.141:VERBOSE1:content\browser\renderer_host\media\media_stream_manager.cc:1519] OutputTapper: stop listening [id=3AFF56E3C97F788DD554DCE309ABAAEF]
[33744:0829/100733.141:VERBOSE1:content\browser\renderer_host\media\media_stream_manager.cc:1519] AIC::~ProcessingFifo() => (total_callbacks=612, total_overruns=0) [id=3AFF56E3C97F788DD554DCE309ABAAEF]
[33744:0829/100733.141:VERBOSE1:content\browser\renderer_host\media\media_stream_manager.cc:1519] AIC::Close => (stream duration=6 seconds) [id=3AFF56E3C97F788DD554DCE309ABAAEF]
[33744:0829/100733.141:VERBOSE1:content\browser\renderer_host\media\media_stream_manager.cc:1519] audio::IS::Dtor => (completed, duration=0 ms) [id=3AFF56E3C97F788DD554DCE309ABAAEF]
[33744:0829/100733.141:VERBOSE1:content\browser\renderer_host\media\media_stream_manager.cc:1519] AIC::Dtor => (duration=6 sec) [id=3AFF56E3C97F788DD554DCE309ABAAEF]
[33744:0829/100733.141:VERBOSE1:content\browser\renderer_host\media\media_stream_manager.cc:1519] AIC::Dtor => (glitches=[duration (ms): 0, count: 0], glitch_percentage=0.000%) [id=3AFF56E3C97F788DD554DCE309ABAAEF]
[33744:0829/100733.141:VERBOSE1:content\browser\renderer_host\media\media_stream_manager.cc:1519] AISW::~InputGlitchCounter => (number of detected audio glitches: 0 out of 612)  [id=E0C084D36A07EE860660B7E629AEB909]
[33744:0829/100733.141:VERBOSE1:content\browser\renderer_host\media\media_stream_manager.cc:1519] AOC::Close([state=playing]) [id=899D4DAF08525C19EB1290618EDDA72D]
[33744:0829/100733.141:VERBOSE1:content\browser\renderer_host\media\media_stream_manager.cc:1519] AOC::StopStream => (duration=0 sec) [id=899D4DAF08525C19EB1290618EDDA72D]
[33744:0829/100733.141:VERBOSE1:content\browser\renderer_host\media\media_stream_manager.cc:1519] AOC::StopStream => (glitches=[duration (ms): 0, count: 0], glitch_percentage=0.000%) [id=899D4DAF08525C19EB1290618EDDA72D]
[33744:0829/100733.141:VERBOSE1:content\browser\renderer_host\media\media_stream_manager.cc:1519] AOC::StopStream => (error_during_callback=false) [id=899D4DAF08525C19EB1290618EDDA72D]
[33744:0829/100733.141:VERBOSE1:content\browser\renderer_host\media\media_stream_manager.cc:1519] AOC::StopStream => (average audio level=-inf dBFS) [id=899D4DAF08525C19EB1290618EDDA72D]
[33744:0829/100733.141:VERBOSE1:content\browser\renderer_host\media\media_stream_manager.cc:1519] AOC::Close => (state=closed) [id=899D4DAF08525C19EB1290618EDDA72D]
[33744:0829/100733.141:VERBOSE1:content\browser\renderer_host\media\media_stream_manager.cc:1519] audio::OS::Dtor => (completed, duration=0 ms) [id=B6F5C4D0D5D35D23BD1AEDAFAD1DAE3F] [controller_id=899D4DAF08525C19EB1290618EDDA72D]
[33744:0829/100733.141:VERBOSE1:content\browser\renderer_host\media\media_stream_manager.cc:1519] ASR: number of detected audio glitches: 0 out of 63
[33744:0829/100733.141:VERBOSE1:content\browser\renderer_host\media\media_stream_manager.cc:1519] AOC::Close([state=playing]) [id=12448EEFFC27C3023D4615972B43A035]
[33744:0829/100733.141:VERBOSE1:content\browser\renderer_host\media\media_stream_manager.cc:1519] AOC::StopStream => (duration=5 sec) [id=12448EEFFC27C3023D4615972B43A035]
[33744:0829/100733.141:VERBOSE1:content\browser\renderer_host\media\media_stream_manager.cc:1519] AOC::StopStream => (glitches=[duration (ms): 0, count: 0], glitch_percentage=0.000%) [id=12448EEFFC27C3023D4615972B43A035]
[33744:0829/100733.141:VERBOSE1:content\browser\renderer_host\media\media_stream_manager.cc:1519] AOC::StopStream => (error_during_callback=false) [id=12448EEFFC27C3023D4615972B43A035]
[33744:0829/100733.141:VERBOSE1:content\browser\renderer_host\media\media_stream_manager.cc:1519] AOC::StopStream => (average audio level=-inf dBFS) [id=12448EEFFC27C3023D4615972B43A035]
[33744:0829/100733.141:VERBOSE1:content\browser\renderer_host\media\media_stream_manager.cc:1519] AOC::Close => (state=closed) [id=12448EEFFC27C3023D4615972B43A035]
[33744:0829/100733.141:VERBOSE1:content\browser\renderer_host\media\media_stream_manager.cc:1519] audio::OS::Dtor => (completed, duration=0 ms) [id=7D59812B2D11A313308C73EEEECCBA2D] [controller_id=12448EEFFC27C3023D4615972B43A035]
[33744:0829/100733.141:VERBOSE1:content\browser\renderer_host\media\media_stream_manager.cc:1519] ASR: number of detected audio glitches: 0 out of 525
[33744:0829/100733.144:VERBOSE1:content\browser\renderer_host\media\media_stream_manager.cc:1519] AOC::Close([state=playing]) [id=F05A1835589F0D0DAE89DA8D4B41DBF7]
[33744:0829/100733.144:VERBOSE1:content\browser\renderer_host\media\media_stream_manager.cc:1519] AOC::StopStream => (duration=5 sec) [id=F05A1835589F0D0DAE89DA8D4B41DBF7]
[33744:0829/100733.144:VERBOSE1:content\browser\renderer_host\media\media_stream_manager.cc:1519] AOC::StopStream => (glitches=[duration (ms): 0, count: 0], glitch_percentage=0.000%) [id=F05A1835589F0D0DAE89DA8D4B41DBF7]
[33744:0829/100733.144:VERBOSE1:content\browser\renderer_host\media\media_stream_manager.cc:1519] AOC::StopStream => (error_during_callback=false) [id=F05A1835589F0D0DAE89DA8D4B41DBF7]
[33744:0829/100733.144:VERBOSE1:content\browser\renderer_host\media\media_stream_manager.cc:1519] AOC::StopStream => (average audio level=-41.89 dBFS) [id=F05A1835589F0D0DAE89DA8D4B41DBF7]
[33744:0829/100733.144:VERBOSE1:content\browser\renderer_host\media\media_stream_manager.cc:1519] AOC::Close => (state=closed) [id=F05A1835589F0D0DAE89DA8D4B41DBF7]
[33744:0829/100733.144:VERBOSE1:content\browser\renderer_host\media\media_stream_manager.cc:1519] audio::OS::Dtor => (completed, duration=0 ms) [id=3ACA75E13F2B0FE068BC4C2E122ED407] [controller_id=F05A1835589F0D0DAE89DA8D4B41DBF7]
[33744:0829/100733.144:VERBOSE1:content\browser\renderer_host\media\media_stream_manager.cc:1519] ASR: number of detected audio glitches: 0 out of 522
[33744:0829/100733.144:VERBOSE1:content\browser\renderer_host\media\media_stream_manager.cc:1519] OutputTapper: stop listening [id=1E0BDE1A04D43DAF14499FE31E659D38]
[33744:0829/100733.144:VERBOSE1:content\browser\renderer_host\media\media_stream_manager.cc:1519] AIC::~ProcessingFifo() => (total_callbacks=612, total_overruns=0) [id=1E0BDE1A04D43DAF14499FE31E659D38]
[33744:0829/100733.144:VERBOSE1:content\browser\renderer_host\media\media_stream_manager.cc:1519] AIC::Close => (stream duration=6 seconds) [id=1E0BDE1A04D43DAF14499FE31E659D38]
[33744:0829/100733.144:VERBOSE1:content\browser\renderer_host\media\media_stream_manager.cc:1519] audio::IS::Dtor => (completed, duration=1 ms) [id=1E0BDE1A04D43DAF14499FE31E659D38]
[33744:0829/100733.144:VERBOSE1:content\browser\renderer_host\media\media_stream_manager.cc:1519] AIC::Dtor => (duration=6 sec) [id=1E0BDE1A04D43DAF14499FE31E659D38]
[33744:0829/100733.144:VERBOSE1:content\browser\renderer_host\media\media_stream_manager.cc:1519] AIC::Dtor => (glitches=[duration (ms): 0, count: 0], glitch_percentage=0.000%) [id=1E0BDE1A04D43DAF14499FE31E659D38]
[33744:0829/100733.144:VERBOSE1:content\browser\renderer_host\media\media_stream_manager.cc:1519] AISW::~InputGlitchCounter => (number of detected audio glitches: 0 out of 612)  [id=E3EA50E60D99FB9CAB253B9BBD780EAD]
[33744:0829/100733.147:VERBOSE1:content\browser\renderer_host\media\media_stream_manager.cc:1519] MSM::CancelRequest({label=cb0668d6-d727-4a34-bb8d-c53e2fb46402})
[33744:0829/100733.147:VERBOSE1:content\browser\renderer_host\media\media_stream_manager.cc:1519] MSM::CloseDevice({type=DEVICE_AUDIO_CAPTURE}, {session_id=878C07026D21F9AB081BB91783CD8A9F})
[33744:0829/100733.147:VERBOSE1:content\browser\renderer_host\media\media_stream_manager.cc:1519] AIDM::Close({session_id=878C07026D21F9AB081BB91783CD8A9F})
[33744:0829/100733.147:VERBOSE1:content\browser\renderer_host\media\media_stream_manager.cc:1519] MSM::DR::SetState({label=cb0668d6-d727-4a34-bb8d-c53e2fb46402}, [requester_id=1], {stream_type=DEVICE_AUDIO_CAPTURE}, {new_state=STATE_CLOSING})
[33744:0829/100733.147:VERBOSE1:content\browser\renderer_host\media\media_stream_manager.cc:1519] MSM::DR::SetState({label=cb0668d6-d727-4a34-bb8d-c53e2fb46402}, [requester_id=1], {stream_type=NUM_MEDIA_TYPES}, {new_state=STATE_CLOSING})
[33744:0829/100733.147:VERBOSE1:content\browser\renderer_host\media\media_stream_manager.cc:1519] MSM::DeleteRequest([label=cb0668d6-d727-4a34-bb8d-c53e2fb46402])
[33744:0829/100733.147:VERBOSE1:content\browser\renderer_host\media\media_stream_manager.cc:1519] AIDM::Closed({session_id=878C07026D21F9AB081BB91783CD8A9F})
[33744:0829/100733.147:VERBOSE1:content\browser\renderer_host\media\media_stream_manager.cc:1519] MSM::Closed({stream_type=DEVICE_AUDIO_CAPTURE}, {session_id=878C07026D21F9AB081BB91783CD8A9F})
[33744:0829/100733.149:VERBOSE1:content\browser\renderer_host\media\media_stream_manager.cc:1519] WAOS[id=00919B86D34A2BE23312A2D336161056]: Stop([started=true])
[33744:0829/100733.171:VERBOSE1:content\browser\renderer_host\media\media_stream_manager.cc:1519] WAOS[id=00919B86D34A2BE23312A2D336161056]: ReportAndResetStats => (num_glitches_detected=[0], cumulative_audio_lost=[0 ms], largest_glitch=[0 ms])
[33744:0829/100733.237:INFO:services\tracing\public\cpp\startup_tracing_controller.cc:242] Completed startup tracing to C:\Projects\discord p2p\artifacts\probe-m150-a-screen-default.trace.json
[33744:0829/100733.274:VERBOSE1:content\browser\renderer_host\media\media_stream_manager.cc:1519] MDM::HandleDevicesChanged({type=AUDIO_INPUT}, {request_id=7})
[33744:0829/100733.274:VERBOSE1:content\browser\renderer_host\media\media_stream_manager.cc:1519] MDM::EnumerateSystemDevices({request_id=7}, {type=AUDIO_INPUT})
[33744:0829/100733.274:VERBOSE1:content\browser\renderer_host\media\media_stream_manager.cc:1519] MDM::DevicesEnumerated({request_id=7}, {type=AUDIO_INPUT}, {labels=[Fake Default Audio Input, Fake Audio Input 1, Fake Audio Input 2]})
[33744:0829/100733.284:VERBOSE1:content\browser\renderer_host\media\media_stream_manager.cc:1519] MDM::HandleDevicesChanged({type=VIDEO_INPUT}, {request_id=8})
[33744:0829/100733.284:VERBOSE1:content\browser\renderer_host\media\media_stream_manager.cc:1519] MDM::EnumerateSystemDevices({request_id=8}, {type=VIDEO_INPUT})
[33744:0829/100733.284:VERBOSE1:content\browser\renderer_host\media\media_stream_manager.cc:1519] video capture: VideoCaptureManager::EnumerateDevices
[33744:0829/100733.284:VERBOSE1:content\browser\renderer_host\media\media_stream_manager.cc:1519] video capture: ServiceVideoCaptureProvider::GetDeviceInfosAsync
[33744:0829/100733.320:VERBOSE1:content\browser\renderer_host\media\media_stream_manager.cc:1519] MDM::StopMonitoring({audio=true}, {video=true})
[33744:0829/100733.374:VERBOSE1:base\metrics\statistics_recorder.cc:631] Collections of all histograms
Histogram: Accessibility.InlineTextBoxes.PresentInUpdate recorded 8 samples, mean = 0.0 (flags = 0x1)
0  --------O                                                                 (8 = 100.0%)
1  ... 

Histogram: Accessibility.ManuallyEnabled recorded 1 samples, mean = 0.0 (flags = 0x1)
0  -O                                                                        (1 = 100.0%)
1  ... 

Histogram: Accessibility.Performance.AXTree.Destroy2 recorded 8 samples, mean = 0.0 (flags = 0x1)
0  --------O                                                                 (8 = 100.0%)
1  ... 

Histogram: Accessibility.Performance.Tree.Unserialize2 recorded 8 samples, mean = 2.6 (flags = 0x1)
0  O                                                                         (0 = 0.0%)
1  ---O                                                                      (3 = 37.5%) {0.0%}
2  --O                                                                       (2 = 25.0%) {37.5%}
3  O                                                                         (0 = 0.0%) {62.5%}
4  --O                                                                       (2 = 25.0%) {62.5%}
5  -O                                                                        (1 = 12.5%) {87.5%}
7  ... 

Histogram: Accessibility.WinHighContrastTheme recorded 1 samples, mean = 0.0 (flags = 0x1)
0  -O                                                                        (1 = 100.0%)
1  ... 

Histogram: BackForwardCache.History.EntryMatch recorded 3 samples, mean = 0.0 (flags = 0x1)
0  ---O                                                                      (3 = 100.0%)
1  ... 

Histogram: BackForwardCache.NewPageNavHasPotentialMatch recorded 3 samples, mean = 0.0 (flags = 0x1)
0  ---O                                                                      (3 = 100.0%)
1  ... 

Histogram: BackForwardCache.NewPageNavHasPotentialMatchWithNoSubframes recorded 3 samples, mean = 0.0 (flags = 0x1)
0  ---O                                                                      (3 = 100.0%)
1  ... 

Histogram: BrowserRenderProcessHost.Cleanup.DelayReason recorded 6 samples, mean = 4.5 (flags = 0x1)
0  ---O                                                                      (3 = 50.0%)
1  ... 
9  ---O                                                                      (3 = 50.0%) {50.0%}
10 ... 

Histogram: BrowserRenderProcessHost.Cleanup.Total recorded 6 samples, mean = 1.0 (flags = 0x1)
0  O                                                                         (0 = 0.0%)
1  ------O                                                                   (6 = 100.0%) {0.0%}
2  O                                                                         (0 = 0.0%) {100.0%}

Histogram: BrowserRenderProcessHost.MaxOutermostMainFrames recorded 3 samples, mean = 1.0 (flags = 0x1)
0  O                                                                         (0 = 0.0%)
1  ---O                                                                      (3 = 100.0%) {0.0%}
2  ... 

Histogram: BrowserRenderProcessHost.NoSparePresentReason2 recorded 3 samples, mean = 4.7 (flags = 0x1)
0  ... 
3  --O                                                                       (2 = 66.7%) {0.0%}
4  ... 
8  -O                                                                        (1 = 33.3%) {66.7%}
9  ... 

Histogram: BrowserRenderProcessHost.NoSpareRenderer.AllocationSource.NotEnabled recorded 2 samples, mean = 0.0 (flags = 0x1)
0  --O                                                                       (2 = 100.0%)
1  ... 

Histogram: BrowserRenderProcessHost.NoSpareRenderer.AllocationSource.NotYetCreatedFirstLaunch recorded 1 samples, mean = 0.0 (flags = 0x1)
0  -O                                                                        (1 = 100.0%)
1  ... 

Histogram: BrowserRenderProcessHost.SiteInstanceRenderProcessAssignment recorded 3 samples, mean = 3.0 (flags = 0x1)
0  ... 
3  ---O                                                                      (3 = 100.0%) {0.0%}
4  O                                                                         (0 = 0.0%) {100.0%}

Histogram: BrowserRenderProcessHost.SpareProcessMaybeTakeAction recorded 3 samples, mean = 0.0 (flags = 0x1)
0  ---O                                                                      (3 = 100.0%)
1  ... 

Histogram: BrowserRenderProcessHost.SuspendedChild.KernelExecutionRecorded recorded 3 samples, mean = 0.0 (flags = 0x1)
0  ---O                                                                      (3 = 100.0%)
1  ... 

Histogram: BrowserRenderProcessHost.SuspendedChild.UserExecutionRecorded recorded 3 samples, mean = 0.0 (flags = 0x1)
0  ---O                                                                      (3 = 100.0%)
1  ... 

Histogram: BrowserScheduler.UIThread.TaskOffCpuDuration recorded 3 samples, mean = 2.0 (flags = 0x1)
0  -O                                                                        (1 = 33.3%)
1  O                                                                         (0 = 0.0%) {33.3%}
2  -O                                                                        (1 = 33.3%) {33.3%}
3  O                                                                         (0 = 0.0%) {66.7%}
4  -O                                                                        (1 = 33.3%) {66.7%}
5  ... 

Histogram: BrowserScheduler.UIThread.TaskOnCpuDuration recorded 3 samples, mean = 54.3 (flags = 0x1)
0    ... 
13   -O                                                                        (1 = 33.3%) {0.0%}
16   O                                                                         (0 = 0.0%) {33.3%}
20   -O                                                                        (1 = 33.3%) {33.3%}
25   ... 
119  -O                                                                        (1 = 33.3%) {66.7%}
149  ... 

Histogram: BrowserScheduler.UIThread.TaskOnCpuPercentage recorded 3 samples, mean = 94.0 (flags = 0x1)
0    ... 
86   -O                                                                        (1 = 33.3%) {0.0%}
87   ... 
96   -O                                                                        (1 = 33.3%) {33.3%}
97   ... 
100  -O                                                                        (1 = 33.3%) {66.7%}
101  O                                                                         (0 = 0.0%) {100.0%}

Histogram: Chrome.FontDataService.CreateResult recorded 14 samples, mean = 3.0 (flags = 0x1)
0  ... 
3  --------------O                                                           (14 = 100.0%) {0.0%}
4  ... 

Histogram: Chrome.FontDataService.EmptyPathOnGetFileHandle recorded 14 samples, mean = 0.0 (flags = 0x1)
0  --------------O                                                           (14 = 100.0%)
1  ... 

Histogram: Chrome.FontDataService.FileHandlePathReferencesParent recorded 14 samples, mean = 0.0 (flags = 0x1)
0  --------------O                                                           (14 = 100.0%)
1  ... 

Histogram: Chrome.FontDataService.InvokedIPC recorded 14 samples, mean = 0.4 (flags = 0x1)
0  ------------O                                                             (12 = 85.7%)
1  ... 
3  --O                                                                       (2 = 14.3%) {85.7%}
4  ... 

Histogram: Compositing.Browser.CompositorFrame.Quads recorded 17 samples, mean = 1.4 (flags = 0x1)
0  O                                                                         (0 = 0.0%)
1  ------------O                                                             (12 = 70.6%) {0.0%}
2  ----O                                                                     (4 = 23.5%) {70.6%}
3  -O                                                                        (1 = 5.9%) {94.1%}
4  ... 

Histogram: Compositing.Browser.LayersUpdateTime recorded 20 samples, mean = 44.2 (flags = 0x1)
0    ... 
4    --O                                                                       (2 = 10.0%) {0.0%}
6    ------O                                                                   (6 = 30.0%) {10.0%}
8    O                                                                         (0 = 0.0%) {40.0%}
11   --O                                                                       (2 = 10.0%) {40.0%}
15   --O                                                                       (2 = 10.0%) {50.0%}
21   ---O                                                                      (3 = 15.0%) {60.0%}
29   --O                                                                       (2 = 10.0%) {75.0%}
40   -O                                                                        (1 = 5.0%) {85.0%}
55   ... 
203  -O                                                                        (1 = 5.0%) {90.0%}
282  -O                                                                        (1 = 5.0%) {95.0%}
391  ... 

Histogram: Compositing.ResourcePool.PeakMemoryUsage recorded 3 samples, mean = 0.3 (flags = 0x1)
0  --O                                                                       (2 = 66.7%)
1  -O                                                                        (1 = 33.3%) {66.7%}
2  ... 

Histogram: Compositing.ResourcePool.PeakMemoryUsage.NonZero recorded 1 samples, mean = 1.0 (flags = 0x1)
0  O                                                                         (0 = 0.0%)
1  -O                                                                        (1 = 100.0%) {0.0%}
2  ... 

Histogram: Compositing.ResourcePool.PeakResourceCount recorded 3 samples, mean = 0.3 (flags = 0x1)
0  --O                                                                       (2 = 66.7%)
1  -O                                                                        (1 = 33.3%) {66.7%}
2  ... 

Histogram: Cookie.FirstPartySets.Browser.DelayedQueriesCount recorded 1 samples, mean = 1.0 (flags = 0x1)
0  O                                                                         (0 = 0.0%)
1  -O                                                                        (1 = 100.0%) {0.0%}
2  ... 

Histogram: Cookie.FirstPartySets.Browser.MostDelayedQueryDelta recorded 1 samples, mean = 33.0 (flags = 0x1)
0   ... 
29  -O                                                                        (1 = 100.0%) {0.0%}
34  ... 

Histogram: Event.UserActivation.TriggerForSticky recorded 3 samples, mean = 1.0 (flags = 0x1)
0  O                                                                         (0 = 0.0%)
1  ---O                                                                      (3 = 100.0%) {0.0%}
2  ... 

Histogram: Extensions.WebRequest.DeclarativeRequestDependentExtensionCount recorded 20 samples, mean = 0.0 (flags = 0x1)
0  --------------------O                                                     (20 = 100.0%)
1  ... 

Histogram: Extensions.WebRequest.ProxyDecision2 recorded 20 samples, mean = 0.0 (flags = 0x1)
0  --------------------O                                                     (20 = 100.0%)
1  ... 

Histogram: Extensions.WebRequest.WebRequestDependentExtensionCount recorded 20 samples, mean = 0.0 (flags = 0x1)
0  --------------------O                                                     (20 = 100.0%)
1  ... 

Histogram: Extensions.WebRequest.WebViewDependentExtensionCount recorded 20 samples, mean = 0.0 (flags = 0x1)
0  --------------------O                                                     (20 = 100.0%)
1  ... 

Histogram: GPU.BlocklistEntriesApplied recorded 2 samples (flags = 0x1)
0    -O                                                                        (1 = 50.0%)
186  -O                                                                        (1 = 50.0%)

Histogram: GPU.BlocklistFeatureTestResults.Accelerated2dCanvas recorded 1 samples, mean = 0.0 (flags = 0x1)
0  -O                                                                        (1 = 100.0%)
1  ... 

Histogram: GPU.BlocklistFeatureTestResults.GpuCompositing recorded 1 samples, mean = 0.0 (flags = 0x1)
0  -O                                                                        (1 = 100.0%)
1  ... 

Histogram: GPU.BlocklistFeatureTestResults.GpuRasterization recorded 1 samples, mean = 0.0 (flags = 0x1)
0  -O                                                                        (1 = 100.0%)
1  ... 

Histogram: GPU.BlocklistFeatureTestResults.Webgl recorded 1 samples, mean = 0.0 (flags = 0x1)
0  -O                                                                        (1 = 100.0%)
1  ... 

Histogram: GPU.BlocklistFeatureTestResults.Webgl2 recorded 1 samples, mean = 0.0 (flags = 0x1)
0  -O                                                                        (1 = 100.0%)
1  ... 

Histogram: GPU.BlocklistFeatureTestResults.Webgpu recorded 1 samples, mean = 2.0 (flags = 0x1)
0  ... 
2  -O                                                                        (1 = 100.0%) {0.0%}
3  ... 

Histogram: GPU.CanvasOopRaster.OopRasterAndGpuAcceleration recorded 1 samples, mean = 0.0 (flags = 0x1)
0  -O                                                                        (1 = 100.0%)
1  ... 

Histogram: GPU.DriverBugTestResultsPerEntry recorded 6 samples (flags = 0x1)
0    -O                                                                        (1 = 16.7%)
17   -O                                                                        (1 = 16.7%)
165  -O                                                                        (1 = 16.7%)
206  -O                                                                        (1 = 16.7%)
256  -O                                                                        (1 = 16.7%)
426  -O                                                                        (1 = 16.7%)

Histogram: GPU.EstablishGpuChannel.Browser.InitAsyncLatency recorded 3 samples, mean = 4.7 (flags = 0x1)
0  ... 
4  -O                                                                        (1 = 33.3%) {0.0%}
5  --O                                                                       (2 = 66.7%) {33.3%}
6  ... 

Histogram: GPU.EstablishGpuChannel.Browser.RegularAsyncLatency recorded 1 samples, mean = 58.0 (flags = 0x1)
0   ... 
52  -O                                                                        (1 = 100.0%) {0.0%}
66  ... 

Histogram: GPU.GPUProcessLaunchTime recorded 1 samples, mean = 41.0 (flags = 0x1)
0   ... 
40  -O                                                                        (1 = 100.0%) {0.0%}
48  ... 

Histogram: GPU.GPUProcessTerminationStatus2 recorded 1 samples, mean = 4.0 (flags = 0x1)
0  ... 
4  -O                                                                        (1 = 100.0%) {0.0%}
5  ... 

Histogram: GPU.ProcessLifetime2 recorded 1 samples, mean = 7.0 (flags = 0x1)
0  ... 
7  -O                                                                        (1 = 100.0%) {0.0%}
9  ... 

Histogram: GPU.ProcessLifetimeEvents.HardwareAccelerated recorded 1 samples, mean = 0.0 (flags = 0x1)
0  -O                                                                        (1 = 100.0%)
1  ... 

Histogram: Graphics.Paint.UI.NormalizedInvalidatedArea recorded 2 samples, mean = 100000.0 (flags = 0x1)
0      ... 
94854  --O                                                                       (2 = 100.0%) {0.0%}
123452 ... 

Histogram: ImportantFile.FileReplaceResult.All recorded 4 samples, mean = 0.2 (flags = 0x1)
0  ---O                                                                      (3 = 75.0%)
1  -O                                                                        (1 = 25.0%) {75.0%}
2  ... 

Histogram: ImportantFile.FileReplaceResult.Local_State recorded 1 samples, mean = 0.0 (flags = 0x1)
0  -O                                                                        (1 = 100.0%)
1  ... 

Histogram: ImportantFile.FileReplaceResult.Preferences recorded 3 samples, mean = 0.3 (flags = 0x1)
0  --O                                                                       (2 = 66.7%)
1  -O                                                                        (1 = 33.3%) {66.7%}
2  ... 

Histogram: ImportantFile.FileReplaceRetryCount recorded 4 samples, mean = 0.2 (flags = 0x1)
0  ---O                                                                      (3 = 75.0%)
1  -O                                                                        (1 = 25.0%) {75.0%}
2  ... 

Histogram: ImportantFile.FileReplaceRetryCount2.All recorded 1 samples, mean = 1.0 (flags = 0x1)
0  O                                                                         (0 = 0.0%)
1  -O                                                                        (1 = 100.0%) {0.0%}
2  ... 

Histogram: ImportantFile.FileReplaceRetryCount2.Preferences recorded 1 samples, mean = 1.0 (flags = 0x1)
0  O                                                                         (0 = 0.0%)
1  -O                                                                        (1 = 100.0%) {0.0%}
2  ... 

Histogram: ImportantFile.SerializationDuration.All recorded 4 samples, mean = 0.0 (flags = 0x1)
0  ----O                                                                     (4 = 100.0%)
1  ... 

Histogram: ImportantFile.SerializationDuration.Local_State recorded 1 samples, mean = 0.0 (flags = 0x1)
0  -O                                                                        (1 = 100.0%)
1  ... 

Histogram: ImportantFile.SerializationDuration.Preferences recorded 3 samples, mean = 0.0 (flags = 0x1)
0  ---O                                                                      (3 = 100.0%)
1  ... 

Histogram: ImportantFile.WriteDuration.All recorded 4 samples, mean = 36.2 (flags = 0x1)
0    ... 
4    -O                                                                        (1 = 25.0%) {0.0%}
5    -O                                                                        (1 = 25.0%) {25.0%}
6    ... 
10   -O                                                                        (1 = 25.0%) {50.0%}
12   ... 
114  -O                                                                        (1 = 25.0%) {75.0%}
135  ... 

Histogram: ImportantFile.WriteDuration.Local_State recorded 1 samples, mean = 4.0 (flags = 0x1)
0  ... 
4  -O                                                                        (1 = 100.0%) {0.0%}
5  ... 

Histogram: ImportantFile.WriteDuration.Preferences recorded 3 samples, mean = 47.0 (flags = 0x1)
0    ... 
5    -O                                                                        (1 = 33.3%) {0.0%}
6    ... 
10   -O                                                                        (1 = 33.3%) {33.3%}
12   ... 
114  -O                                                                        (1 = 33.3%) {66.7%}
135  ... 

Histogram: IndexedDB.BackendDuration.BeginTransaction.InMemory recorded 18 samples, mean = 0.0 (flags = 0x1)
0  ------------------O                                                       (18 = 100.0%)
1  ... 

Histogram: IndexedDB.BackendDuration.ChangeDatabaseVersion.InMemory recorded 2 samples, mean = 0.0 (flags = 0x1)
0  --O                                                                       (2 = 100.0%)
1  ... 

Histogram: IndexedDB.BackendDuration.CloseBackingStore.InMemory recorded 2 samples, mean = 0.0 (flags = 0x1)
0  --O                                                                       (2 = 100.0%)
1  ... 

Histogram: IndexedDB.BackendDuration.CommitTransaction.InMemory recorded 18 samples, mean = 0.0 (flags = 0x1)
0  ------------------O                                                       (18 = 100.0%)
1  ... 

Histogram: IndexedDB.BackendDuration.CreateDatabase.InMemory recorded 2 samples, mean = 0.0 (flags = 0x1)
0  --O                                                                       (2 = 100.0%)
1  ... 

Histogram: IndexedDB.BackendDuration.CreateIndex.InMemory recorded 2 samples, mean = 0.0 (flags = 0x1)
0  --O                                                                       (2 = 100.0%)
1  ... 

Histogram: IndexedDB.BackendDuration.CreateObjectStore.InMemory recorded 6 samples, mean = 0.0 (flags = 0x1)
0  ------O                                                                   (6 = 100.0%)
1  ... 

Histogram: IndexedDB.BackendDuration.GetAllRecords.InMemory recorded 2 samples, mean = 0.0 (flags = 0x1)
0  --O                                                                       (2 = 100.0%)
1  ... 

Histogram: IndexedDB.BackendDuration.GetRecord.InMemory recorded 4 samples, mean = 0.0 (flags = 0x1)
0  ----O                                                                     (4 = 100.0%)
1  ... 

Histogram: IndexedDB.BackendDuration.OpenCursor.InMemory recorded 2 samples, mean = 0.0 (flags = 0x1)
0  --O                                                                       (2 = 100.0%)
1  ... 

Histogram: IndexedDB.BackendDuration.PutRecord.InMemory recorded 10 samples, mean = 0.0 (flags = 0x1)
0  ----------O                                                               (10 = 100.0%)
1  ... 

Histogram: IndexedDB.BackingStore.BeginTransaction.InMemory recorded 18 samples, mean = 0.0 (flags = 0x1)
0  ------------------O                                                       (18 = 100.0%)
1  ... 

Histogram: IndexedDB.BackingStore.ChangeDatabaseVersion.InMemory recorded 2 samples, mean = 0.0 (flags = 0x1)
0  --O                                                                       (2 = 100.0%)
1  ... 

Histogram: IndexedDB.BackingStore.CommitPhaseOne.InMemory recorded 18 samples, mean = 0.0 (flags = 0x1)
0  ------------------O                                                       (18 = 100.0%)
1  ... 

Histogram: IndexedDB.BackingStore.CommitPhaseTwo.InMemory recorded 18 samples, mean = 0.0 (flags = 0x1)
0  ------------------O                                                       (18 = 100.0%)
1  ... 

Histogram: IndexedDB.BackingStore.CreateIfMissing.InMemory recorded 2 samples, mean = 0.0 (flags = 0x1)
0  --O                                                                       (2 = 100.0%)
1  ... 

Histogram: IndexedDB.BackingStore.CreateIndex.InMemory recorded 2 samples, mean = 0.0 (flags = 0x1)
0  --O                                                                       (2 = 100.0%)
1  ... 

Histogram: IndexedDB.BackingStore.CreateObjectStore.InMemory recorded 6 samples, mean = 0.0 (flags = 0x1)
0  ------O                                                                   (6 = 100.0%)
1  ... 

Histogram: IndexedDB.BackingStore.CreateOrOpenDatabase.InMemory recorded 2 samples, mean = 0.0 (flags = 0x1)
0  --O                                                                       (2 = 100.0%)
1  ... 

Histogram: IndexedDB.BackingStore.GetAllRecords.InMemory recorded 2 samples, mean = 0.0 (flags = 0x1)
0  --O                                                                       (2 = 100.0%)
1  ... 

Histogram: IndexedDB.BackingStore.GetRecord.InMemory recorded 4 samples, mean = 0.0 (flags = 0x1)
0  ----O                                                                     (4 = 100.0%)
1  ... 

Histogram: IndexedDB.BackingStore.OpenCursor.InMemory recorded 2 samples, mean = 0.0 (flags = 0x1)
0  --O                                                                       (2 = 100.0%)
1  ... 

Histogram: IndexedDB.BackingStore.PutRecord.InMemory recorded 10 samples, mean = 0.0 (flags = 0x1)
0  ----------O                                                               (10 = 100.0%)
1  ... 

Histogram: IndexedDB.ContextShutdownDuration2 recorded 1 samples, mean = 0.0 (flags = 0x1)
0  -O                                                                        (1 = 100.0%)
1  ... 

Histogram: IndexedDB.CreateReadOnlyTransaction.NumTransactionsInConnection recorded 6 samples, mean = 1.7 (flags = 0x1)
0  --O                                                                       (2 = 33.3%)
1  --O                                                                       (2 = 33.3%) {33.3%}
2  ... 
4  --O                                                                       (2 = 33.3%) {66.7%}
5  ... 

Histogram: IndexedDB.CreateReadOnlyTransaction.NumTransactionsInDatabase recorded 6 samples, mean = 1.7 (flags = 0x1)
0  --O                                                                       (2 = 33.3%)
1  --O                                                                       (2 = 33.3%) {33.3%}
2  ... 
4  --O                                                                       (2 = 33.3%) {66.7%}
5  ... 

Histogram: IndexedDB.CreateReadWriteTransaction.NumTransactionsInConnection recorded 10 samples, mean = 2.2 (flags = 0x1)
0  --O                                                                       (2 = 20.0%)
1  O                                                                         (0 = 0.0%) {20.0%}
2  ----O                                                                     (4 = 40.0%) {20.0%}
3  --O                                                                       (2 = 20.0%) {60.0%}
4  --O                                                                       (2 = 20.0%) {80.0%}
5  ... 

Histogram: IndexedDB.CreateReadWriteTransaction.NumTransactionsInDatabase recorded 10 samples, mean = 2.2 (flags = 0x1)
0  --O                                                                       (2 = 20.0%)
1  O                                                                         (0 = 0.0%) {20.0%}
2  ----O                                                                     (4 = 40.0%) {20.0%}
3  --O                                                                       (2 = 20.0%) {60.0%}
4  --O                                                                       (2 = 20.0%) {80.0%}
5  ... 

Histogram: IndexedDB.CreateVersionChangeTransaction.NumTransactionsInConnection recorded 2 samples, mean = 0.0 (flags = 0x1)
0  --O                                                                       (2 = 100.0%)
1  ... 

Histogram: IndexedDB.CreateVersionChangeTransaction.NumTransactionsInDatabase recorded 2 samples, mean = 0.0 (flags = 0x1)
0  --O                                                                       (2 = 100.0%)
1  ... 

Histogram: IndexedDB.DatabaseConnectionOpenResult.InMemory recorded 4 samples, mean = 1.0 (flags = 0x1)
0  --O                                                                       (2 = 50.0%)
1  O                                                                         (0 = 0.0%) {50.0%}
2  --O                                                                       (2 = 50.0%) {50.0%}
3  ... 

Histogram: IndexedDB.QuotaCheckTime2.Success recorded 2 samples, mean = 0.0 (flags = 0x1)
0  --O                                                                       (2 = 100.0%)
1  ... 

Histogram: Input.PointerTypePrimary recorded 1 samples, mean = 2.0 (flags = 0x1)
0  ... 
2  -O                                                                        (1 = 100.0%) {0.0%}
3  O                                                                         (0 = 0.0%) {100.0%}

Histogram: Input.PointerTypesAll recorded 1 samples, mean = 2.0 (flags = 0x1)
0  ... 
2  -O                                                                        (1 = 100.0%) {0.0%}
3  ... 

Histogram: LevelDBEnv.DeleteTableBackupFile recorded 0 samples (flags = 0x1)
0 ... 

Histogram: LevelDBEnv.SyncResult recorded 4 samples, mean = 0.0 (flags = 0x1)
0  ----O                                                                     (4 = 100.0%)
1  ... 

Histogram: LevelDBWrapper.CommitDelay recorded 4 samples, mean = 29116.2 (flags = 0x1)
0      ... 
4516   --O                                                                       (2 = 50.0%) {0.0%}
6118   ... 
51267  --O                                                                       (2 = 50.0%) {50.0%}
69459  ... 

Histogram: LocalStorage.DatabaseOnDiskSizeKB recorded 1 samples, mean = 0.0 (flags = 0x1)
0  -O                                                                        (1 = 100.0%)
1000... 

Histogram: MPArch.ChildProcessLaunchFirst recorded 1 samples, mean = 13.0 (flags = 0x1)
0   ... 
12  -O                                                                        (1 = 100.0%) {0.0%}
14  ... 

Histogram: MPArch.ChildProcessLaunchSubsequent recorded 7 samples, mean = 14.6 (flags = 0x1)
0   ... 
10  -O                                                                        (1 = 14.3%) {0.0%}
12  -O                                                                        (1 = 14.3%) {14.3%}
14  ---O                                                                      (3 = 42.9%) {28.6%}
17  --O                                                                       (2 = 28.6%) {71.4%}
20  ... 

Histogram: MPArch.ChildProcessLauncher.Notify recorded 8 samples, mean = 20.9 (flags = 0x1)
0   ... 
12  --O                                                                       (2 = 25.0%) {0.0%}
14  --O                                                                       (2 = 25.0%) {25.0%}
17  --O                                                                       (2 = 25.0%) {50.0%}
20  ... 
34  -O                                                                        (1 = 12.5%) {75.0%}
40  -O                                                                        (1 = 12.5%) {87.5%}
48  ... 

Histogram: MPArch.ChildProcessLauncher.PreLaunchDelay recorded 8 samples, mean = 0.1 (flags = 0x1)
0  -------O                                                                  (7 = 87.5%)
1  -O                                                                        (1 = 12.5%) {87.5%}
2  ... 

Histogram: Media.Audible.ConcurrentTabsTime recorded 12 samples, mean = 222.7 (flags = 0x1)
0    ... 
2    -O                                                                        (1 = 8.3%) {0.0%}
3    ... 
118  -O                                                                        (1 = 8.3%) {8.3%}
160  -------O                                                                  (7 = 58.3%) {16.7%}
217  -O                                                                        (1 = 8.3%) {75.0%}
294  O                                                                         (0 = 0.0%) {83.3%}
398  --O                                                                       (2 = 16.7%) {83.3%}
539  ... 

Histogram: Media.Audible.ConcurrentTabsWhenStarting recorded 24 samples, mean = 0.5 (flags = 0x1)
0  ------------O                                                             (12 = 50.0%)
1  ------------O                                                             (12 = 50.0%) {50.0%}
2  ... 

Histogram: Media.Audible.MaxConcurrentTabsInSession recorded 2 samples, mean = 1.5 (flags = 0x1)
0  O                                                                         (0 = 0.0%)
1  -O                                                                        (1 = 50.0%) {0.0%}
2  -O                                                                        (1 = 50.0%) {50.0%}
3  ... 

Histogram: Media.Audio.OutputDeviceAuthorizationTime recorded 19 samples, mean = 5.6 (flags = 0x1)
0  ... 
3  ---O                                                                      (3 = 15.8%) {0.0%}
4  ---O                                                                      (3 = 15.8%) {15.8%}
5  ---O                                                                      (3 = 15.8%) {31.6%}
6  ---O                                                                      (3 = 15.8%) {47.4%}
7  -----O                                                                    (5 = 26.3%) {63.2%}
8  -O                                                                        (1 = 5.3%) {89.5%}
9  -O                                                                        (1 = 5.3%) {94.7%}
11 ... 

Histogram: Media.MediaDevicesManager.VideoDeviceEnumeration.Result recorded 1 samples, mean = 0.0 (flags = 0x1)
0  -O                                                                        (1 = 100.0%)
1  ... 

Histogram: Media.MediaDevicesManager.VideoDeviceEnumeration.Start recorded 2 samples, mean = 1.0 (flags = 0x1)
0  O                                                                         (0 = 0.0%)
1  --O                                                                       (2 = 100.0%) {0.0%}
2  O                                                                         (0 = 0.0%) {100.0%}

Histogram: Media.Session.ActiveTime recorded 4 samples, mean = 358.8 (flags = 0x1)
0    ... 
294  ---O                                                                      (3 = 75.0%) {0.0%}
398  -O                                                                        (1 = 25.0%) {75.0%}
539  ... 

Histogram: Media.VideoCapture.AspectRatio recorded 1 samples (flags = 0x1)
177  -O                                                                        (1 = 100.0%)

Histogram: Media.VideoCapture.DelayUntilFirstFrame recorded 1 samples, mean = 156.0 (flags = 0x1)
0    ... 
135  -O                                                                        (1 = 100.0%) {0.0%}
160  ... 

Histogram: Media.VideoCapture.FrameRate recorded 1 samples, mean = 60.0 (flags = 0x1)
0   ... 
49  -O                                                                        (1 = 100.0%) {0.0%}
65  ... 

Histogram: Media.VideoCapture.Height recorded 1 samples, mean = 720.0 (flags = 0x1)
0    ... 
590  -O                                                                        (1 = 100.0%) {0.0%}
777  ... 

Histogram: Media.VideoCapture.StreamShared recorded 1 samples, mean = 0.0 (flags = 0x1)
0  -O                                                                        (1 = 100.0%)
1  ... 

Histogram: Media.VideoCapture.Width recorded 1 samples, mean = 1280.0 (flags = 0x1)
0     ... 
1023  -O                                                                        (1 = 100.0%) {0.0%}
1347  ... 

Histogram: Media.VideoCaptureManager.DesktopCaptureImplementationAndType recorded 1 samples, mean = 17.0 (flags = 0x1)
0   ... 
17  -O                                                                        (1 = 100.0%) {0.0%}
18  ... 

Histogram: Media.VideoEncoder.WebRTC.HW.Area recorded 2 samples, mean = 7200.0 (flags = 0x1)
0     ... 
4053  -O                                                                        (1 = 50.0%) {0.0%}
5338  O                                                                         (0 = 0.0%) {50.0%}
7031  -O                                                                        (1 = 50.0%) {50.0%}
9260  ... 

Histogram: Media.VideoEncoder.WebRTC.HW.Frames recorded 2 samples, mean = 1.0 (flags = 0x1)
0  O                                                                         (0 = 0.0%)
1  --O                                                                       (2 = 100.0%) {0.0%}
2  ... 

Histogram: Media.VideoEncoder.WebRTC.HW.Height recorded 2 samples, mean = 630.0 (flags = 0x1)
0    ... 
533  -O                                                                        (1 = 50.0%) {0.0%}
633  -O                                                                        (1 = 50.0%) {50.0%}
752  ... 

Histogram: Media.VideoEncoder.WebRTC.HW.Profile recorded 2 samples, mean = 0.0 (flags = 0x1)
0  --O                                                                       (2 = 100.0%)
1  ... 

Histogram: Media.VideoEncoder.WebRTC.HW.SVC recorded 2 samples, mean = 0.0 (flags = 0x1)
0  --O                                                                       (2 = 100.0%)
1  ... 

Histogram: Media.VideoEncoder.WebRTC.HW.Status recorded 2 samples, mean = 0.0 (flags = 0x1)
0  --O                                                                       (2 = 100.0%)
1  ... 

Histogram: Media.VideoEncoder.WebRTC.HW.Width recorded 2 samples, mean = 1120.0 (flags = 0x1)
0     ... 
894   -O                                                                        (1 = 50.0%) {0.0%}
1062  O                                                                         (0 = 0.0%) {50.0%}
1262  -O                                                                        (1 = 50.0%) {50.0%}
1500  ... 

Histogram: Memory.CommitAvailableMB recorded 1 samples, mean = 16343.0 (flags = 0x1)
0      ... 
14319  -O                                                                        (1 = 100.0%) {0.0%}
19866  ... 

Histogram: Memory.CommitLimitMB recorded 1 samples, mean = 38348.0 (flags = 0x1)
0      ... 
38240  -O                                                                        (1 = 100.0%) {0.0%}
53055  ... 

Histogram: Memory.CommitPercentageUsed recorded 1 samples, mean = 58.0 (flags = 0x1)
0   ... 
58  -O                                                                        (1 = 100.0%) {0.0%}
59  ... 

Histogram: Memory.Dump.Type.AllDetailLevels recorded 3 samples, mean = 2.0 (flags = 0x1)
0  ... 
2  ---O                                                                      (3 = 100.0%) {0.0%}
3  O                                                                         (0 = 0.0%) {100.0%}

Histogram: Memory.Dump.Type.Background recorded 3 samples, mean = 2.0 (flags = 0x1)
0  ... 
2  ---O                                                                      (3 = 100.0%) {0.0%}
3  O                                                                         (0 = 0.0%) {100.0%}

Histogram: Memory.DumpProvider.Count.AllDetailLevels.AXPlatformNode recorded 3 samples, mean = 1.0 (flags = 0x1)
0  O                                                                         (0 = 0.0%)
1  ---O                                                                      (3 = 100.0%) {0.0%}
2  ... 

Histogram: Memory.DumpProvider.Count.AllDetailLevels.AXPlatformNodeWin recorded 3 samples, mean = 1.0 (flags = 0x1)
0  O                                                                         (0 = 0.0%)
1  ---O                                                                      (3 = 100.0%) {0.0%}
2  ... 

Histogram: Memory.DumpProvider.Count.AllDetailLevels.AllProviders recorded 72 samples, mean = 2.0 (flags = 0x1)
0  O                                                                         (0 = 0.0%)
1  ---------------------------------------O                                  (39 = 54.2%) {0.0%}
2  ---------O                                                                (9 = 12.5%) {54.2%}
3  ------------------O                                                       (18 = 25.0%) {66.7%}
4  O                                                                         (0 = 0.0%) {91.7%}
5  ------O                                                                   (6 = 8.3%) {91.7%}
6  ... 

Histogram: Memory.DumpProvider.Count.AllDetailLevels.BlobStorageContext recorded 3 samples, mean = 3.0 (flags = 0x1)
0  ... 
3  ---O                                                                      (3 = 100.0%) {0.0%}
4  ... 

Histogram: Memory.DumpProvider.Count.AllDetailLevels.BucketContext recorded 3 samples, mean = 2.0 (flags = 0x1)
0  ... 
2  ---O                                                                      (3 = 100.0%) {0.0%}
3  ... 

Histogram: Memory.DumpProvider.Count.AllDetailLevels.ContextProviderCommandBuffer recorded 3 samples, mean = 2.0 (flags = 0x1)
0  ... 
2  ---O                                                                      (3 = 100.0%) {0.0%}
3  ... 

Histogram: Memory.DumpProvider.Count.AllDetailLevels.DiscardableSharedMemoryManager recorded 3 samples, mean = 1.0 (flags = 0x1)
0  O                                                                         (0 = 0.0%)
1  ---O                                                                      (3 = 100.0%) {0.0%}
2  ... 

Histogram: Memory.DumpProvider.Count.AllDetailLevels.FrameEvictionManager recorded 3 samples, mean = 1.0 (flags = 0x1)
0  O                                                                         (0 = 0.0%)
1  ---O                                                                      (3 = 100.0%) {0.0%}
2  ... 

Histogram: Memory.DumpProvider.Count.AllDetailLevels.IPCChannel recorded 3 samples, mean = 1.0 (flags = 0x1)
0  O                                                                         (0 = 0.0%)
1  ---O                                                                      (3 = 100.0%) {0.0%}
2  ... 

Histogram: Memory.DumpProvider.Count.AllDetailLevels.IndexedDBBackingStore recorded 3 samples, mean = 2.0 (flags = 0x1)
0  ... 
2  ---O                                                                      (3 = 100.0%) {0.0%}
3  ... 

Histogram: Memory.DumpProvider.Count.AllDetailLevels.LevelDB recorded 3 samples, mean = 1.0 (flags = 0x1)
0  O                                                                         (0 = 0.0%)
1  ---O                                                                      (3 = 100.0%) {0.0%}
2  ... 

Histogram: Memory.DumpProvider.Count.AllDetailLevels.LocalStorage recorded 3 samples, mean = 3.0 (flags = 0x1)
0  ... 
3  ---O                                                                      (3 = 100.0%) {0.0%}
4  ... 

Histogram: Memory.DumpProvider.Count.AllDetailLevels.Malloc recorded 3 samples, mean = 1.0 (flags = 0x1)
0  O                                                                         (0 = 0.0%)
1  ---O                                                                      (3 = 100.0%) {0.0%}
2  ... 

Histogram: Memory.DumpProvider.Count.AllDetailLevels.MojoLevelDB recorded 3 samples, mean = 5.0 (flags = 0x1)
0  ... 
5  ---O                                                                      (3 = 100.0%) {0.0%}
6  ... 

Histogram: Memory.DumpProvider.Count.AllDetailLevels.PartitionAlloc.AddressSpace recorded 3 samples, mean = 1.0 (flags = 0x1)
0  O                                                                         (0 = 0.0%)
1  ---O                                                                      (3 = 100.0%) {0.0%}
2  ... 

Histogram: Memory.DumpProvider.Count.AllDetailLevels.SessionStorage recorded 3 samples, mean = 3.0 (flags = 0x1)
0  ... 
3  ---O                                                                      (3 = 100.0%) {0.0%}
4  ... 

Histogram: Memory.DumpProvider.Count.AllDetailLevels.SharedMemoryTracker recorded 3 samples, mean = 1.0 (flags = 0x1)
0  O                                                                         (0 = 0.0%)
1  ---O                                                                      (3 = 100.0%) {0.0%}
2  ... 

Histogram: Memory.DumpProvider.Count.AllDetailLevels.Skia recorded 3 samples, mean = 1.0 (flags = 0x1)
0  O                                                                         (0 = 0.0%)
1  ---O                                                                      (3 = 100.0%) {0.0%}
2  ... 

Histogram: Memory.DumpProvider.Count.AllDetailLevels.Sql recorded 3 samples, mean = 1.0 (flags = 0x1)
0  O                                                                         (0 = 0.0%)
1  ---O                                                                      (3 = 100.0%) {0.0%}
2  ... 

Histogram: Memory.DumpProvider.Count.AllDetailLevels.TileManager recorded 3 samples, mean = 3.0 (flags = 0x1)
0  ... 
3  ---O                                                                      (3 = 100.0%) {0.0%}
4  ... 

Histogram: Memory.DumpProvider.Count.AllDetailLevels.V8Isolate recorded 3 samples, mean = 1.0 (flags = 0x1)
0  O                                                                         (0 = 0.0%)
1  ---O                                                                      (3 = 100.0%) {0.0%}
2  ... 

Histogram: Memory.DumpProvider.Count.AllDetailLevels.V8SharedMemory recorded 3 samples, mean = 1.0 (flags = 0x1)
0  O                                                                         (0 = 0.0%)
1  ---O                                                                      (3 = 100.0%) {0.0%}
2  ... 

Histogram: Memory.DumpProvider.Count.AllDetailLevels.cc__GpuImageDecodeCache recorded 3 samples, mean = 3.0 (flags = 0x1)
0  ... 
3  ---O                                                                      (3 = 100.0%) {0.0%}
4  ... 

Histogram: Memory.DumpProvider.Count.AllDetailLevels.cc__ResourcePool recorded 3 samples, mean = 3.0 (flags = 0x1)
0  ... 
3  ---O                                                                      (3 = 100.0%) {0.0%}
4  ... 

Histogram: Memory.DumpProvider.Count.AllDetailLevels.sql__Database recorded 3 samples, mean = 5.0 (flags = 0x1)
0  ... 
5  ---O                                                                      (3 = 100.0%) {0.0%}
6  ... 

Histogram: Memory.DumpProvider.Count.Background.AXPlatformNode recorded 3 samples, mean = 1.0 (flags = 0x1)
0  O                                                                         (0 = 0.0%)
1  ---O                                                                      (3 = 100.0%) {0.0%}
2  ... 

Histogram: Memory.DumpProvider.Count.Background.AXPlatformNodeWin recorded 3 samples, mean = 1.0 (flags = 0x1)
0  O                                                                         (0 = 0.0%)
1  ---O                                                                      (3 = 100.0%) {0.0%}
2  ... 

Histogram: Memory.DumpProvider.Count.Background.AllProviders recorded 72 samples, mean = 2.0 (flags = 0x1)
0  O                                                                         (0 = 0.0%)
1  ---------------------------------------O                                  (39 = 54.2%) {0.0%}
2  ---------O                                                                (9 = 12.5%) {54.2%}
3  ------------------O                                                       (18 = 25.0%) {66.7%}
4  O                                                                         (0 = 0.0%) {91.7%}
5  ------O                                                                   (6 = 8.3%) {91.7%}
6  ... 

Histogram: Memory.DumpProvider.Count.Background.BlobStorageContext recorded 3 samples, mean = 3.0 (flags = 0x1)
0  ... 
3  ---O                                                                      (3 = 100.0%) {0.0%}
4  ... 

Histogram: Memory.DumpProvider.Count.Background.BucketContext recorded 3 samples, mean = 2.0 (flags = 0x1)
0  ... 
2  ---O                                                                      (3 = 100.0%) {0.0%}
3  ... 

Histogram: Memory.DumpProvider.Count.Background.ContextProviderCommandBuffer recorded 3 samples, mean = 2.0 (flags = 0x1)
0  ... 
2  ---O                                                                      (3 = 100.0%) {0.0%}
3  ... 

Histogram: Memory.DumpProvider.Count.Background.DiscardableSharedMemoryManager recorded 3 samples, mean = 1.0 (flags = 0x1)
0  O                                                                         (0 = 0.0%)
1  ---O                                                                      (3 = 100.0%) {0.0%}
2  ... 

Histogram: Memory.DumpProvider.Count.Background.FrameEvictionManager recorded 3 samples, mean = 1.0 (flags = 0x1)
0  O                                                                         (0 = 0.0%)
1  ---O                                                                      (3 = 100.0%) {0.0%}
2  ... 

Histogram: Memory.DumpProvider.Count.Background.IPCChannel recorded 3 samples, mean = 1.0 (flags = 0x1)
0  O                                                                         (0 = 0.0%)
1  ---O                                                                      (3 = 100.0%) {0.0%}
2  ... 

Histogram: Memory.DumpProvider.Count.Background.IndexedDBBackingStore recorded 3 samples, mean = 2.0 (flags = 0x1)
0  ... 
2  ---O                                                                      (3 = 100.0%) {0.0%}
3  ... 

Histogram: Memory.DumpProvider.Count.Background.LevelDB recorded 3 samples, mean = 1.0 (flags = 0x1)
0  O                                                                         (0 = 0.0%)
1  ---O                                                                      (3 = 100.0%) {0.0%}
2  ... 

Histogram: Memory.DumpProvider.Count.Background.LocalStorage recorded 3 samples, mean = 3.0 (flags = 0x1)
0  ... 
3  ---O                                                                      (3 = 100.0%) {0.0%}
4  ... 

Histogram: Memory.DumpProvider.Count.Background.Malloc recorded 3 samples, mean = 1.0 (flags = 0x1)
0  O                                                                         (0 = 0.0%)
1  ---O                                                                      (3 = 100.0%) {0.0%}
2  ... 

Histogram: Memory.DumpProvider.Count.Background.MojoLevelDB recorded 3 samples, mean = 5.0 (flags = 0x1)
0  ... 
5  ---O                                                                      (3 = 100.0%) {0.0%}
6  ... 

Histogram: Memory.DumpProvider.Count.Background.PartitionAlloc.AddressSpace recorded 3 samples, mean = 1.0 (flags = 0x1)
0  O                                                                         (0 = 0.0%)
1  ---O                                                                      (3 = 100.0%) {0.0%}
2  ... 

Histogram: Memory.DumpProvider.Count.Background.SessionStorage recorded 3 samples, mean = 3.0 (flags = 0x1)
0  ... 
3  ---O                                                                      (3 = 100.0%) {0.0%}
4  ... 

Histogram: Memory.DumpProvider.Count.Background.SharedMemoryTracker recorded 3 samples, mean = 1.0 (flags = 0x1)
0  O                                                                         (0 = 0.0%)
1  ---O                                                                      (3 = 100.0%) {0.0%}
2  ... 

Histogram: Memory.DumpProvider.Count.Background.Skia recorded 3 samples, mean = 1.0 (flags = 0x1)
0  O                                                                         (0 = 0.0%)
1  ---O                                                                      (3 = 100.0%) {0.0%}
2  ... 

Histogram: Memory.DumpProvider.Count.Background.Sql recorded 3 samples, mean = 1.0 (flags = 0x1)
0  O                                                                         (0 = 0.0%)
1  ---O                                                                      (3 = 100.0%) {0.0%}
2  ... 

Histogram: Memory.DumpProvider.Count.Background.TileManager recorded 3 samples, mean = 3.0 (flags = 0x1)
0  ... 
3  ---O                                                                      (3 = 100.0%) {0.0%}
4  ... 

Histogram: Memory.DumpProvider.Count.Background.V8Isolate recorded 3 samples, mean = 1.0 (flags = 0x1)
0  O                                                                         (0 = 0.0%)
1  ---O                                                                      (3 = 100.0%) {0.0%}
2  ... 

Histogram: Memory.DumpProvider.Count.Background.V8SharedMemory recorded 3 samples, mean = 1.0 (flags = 0x1)
0  O                                                                         (0 = 0.0%)
1  ---O                                                                      (3 = 100.0%) {0.0%}
2  ... 

Histogram: Memory.DumpProvider.Count.Background.cc__GpuImageDecodeCache recorded 3 samples, mean = 3.0 (flags = 0x1)
0  ... 
3  ---O                                                                      (3 = 100.0%) {0.0%}
4  ... 

Histogram: Memory.DumpProvider.Count.Background.cc__ResourcePool recorded 3 samples, mean = 3.0 (flags = 0x1)
0  ... 
3  ---O                                                                      (3 = 100.0%) {0.0%}
4  ... 

Histogram: Memory.DumpProvider.Count.Background.sql__Database recorded 3 samples, mean = 5.0 (flags = 0x1)
0  ... 
5  ---O                                                                      (3 = 100.0%) {0.0%}
6  ... 

Histogram: Memory.DumpProvider.FinalStatus.AllDetailLevels.AXPlatformNode recorded 3 samples, mean = 5.0 (flags = 0x1)
0  ... 
5  ---O                                                                      (3 = 100.0%) {0.0%}
6  ... 

Histogram: Memory.DumpProvider.FinalStatus.AllDetailLevels.AXPlatformNodeWin recorded 3 samples, mean = 5.0 (flags = 0x1)
0  ... 
5  ---O                                                                      (3 = 100.0%) {0.0%}
6  ... 

Histogram: Memory.DumpProvider.FinalStatus.AllDetailLevels.AllProviders recorded 141 samples, mean = 4.3 (flags = 0x1)
0  ... 
3  -----------------------------------------O                                (51 = 36.2%) {0.0%}
4  O                                                                         (0 = 0.0%) {36.2%}
5  ------------------------------------------------------------------------O (90 = 63.8%) {36.2%}
6  ... 

Histogram: Memory.DumpProvider.FinalStatus.AllDetailLevels.BlobStorageContext recorded 9 samples, mean = 5.0 (flags = 0x1)
0  ... 
5  ---------O                                                                (9 = 100.0%) {0.0%}
6  ... 

Histogram: Memory.DumpProvider.FinalStatus.AllDetailLevels.BucketContext recorded 6 samples, mean = 3.0 (flags = 0x1)
0  ... 
3  ------O                                                                   (6 = 100.0%) {0.0%}
4  ... 

Histogram: Memory.DumpProvider.FinalStatus.AllDetailLevels.ContextProviderCommandBuffer recorded 6 samples, mean = 5.0 (flags = 0x1)
0  ... 
5  ------O                                                                   (6 = 100.0%) {0.0%}
6  ... 

Histogram: Memory.DumpProvider.FinalStatus.AllDetailLevels.DiscardableSharedMemoryManager recorded 3 samples, mean = 5.0 (flags = 0x1)
0  ... 
5  ---O                                                                      (3 = 100.0%) {0.0%}
6  ... 

Histogram: Memory.DumpProvider.FinalStatus.AllDetailLevels.FrameEvictionManager recorded 3 samples, mean = 5.0 (flags = 0x1)
0  ... 
5  ---O                                                                      (3 = 100.0%) {0.0%}
6  ... 

Histogram: Memory.DumpProvider.FinalStatus.AllDetailLevels.IPCChannel recorded 3 samples, mean = 5.0 (flags = 0x1)
0  ... 
5  ---O                                                                      (3 = 100.0%) {0.0%}
6  ... 

Histogram: Memory.DumpProvider.FinalStatus.AllDetailLevels.IndexedDBBackingStore recorded 6 samples, mean = 5.0 (flags = 0x1)
0  ... 
5  ------O                                                                   (6 = 100.0%) {0.0%}
6  ... 

Histogram: Memory.DumpProvider.FinalStatus.AllDetailLevels.LevelDB recorded 3 samples, mean = 5.0 (flags = 0x1)
0  ... 
5  ---O                                                                      (3 = 100.0%) {0.0%}
6  ... 

Histogram: Memory.DumpProvider.FinalStatus.AllDetailLevels.LocalStorage recorded 9 samples, mean = 5.0 (flags = 0x1)
0  ... 
5  ---------O                                                                (9 = 100.0%) {0.0%}
6  ... 

Histogram: Memory.DumpProvider.FinalStatus.AllDetailLevels.Malloc recorded 3 samples, mean = 5.0 (flags = 0x1)
0  ... 
5  ---O                                                                      (3 = 100.0%) {0.0%}
6  ... 

Histogram: Memory.DumpProvider.FinalStatus.AllDetailLevels.MojoLevelDB recorded 15 samples, mean = 5.0 (flags = 0x1)
0  ... 
5  ---------------O                                                          (15 = 100.0%) {0.0%}
6  ... 

Histogram: Memory.DumpProvider.FinalStatus.AllDetailLevels.PartitionAlloc.AddressSpace recorded 3 samples, mean = 5.0 (flags = 0x1)
0  ... 
5  ---O                                                                      (3 = 100.0%) {0.0%}
6  ... 

Histogram: Memory.DumpProvider.FinalStatus.AllDetailLevels.SessionStorage recorded 9 samples, mean = 3.0 (flags = 0x1)
0  ... 
3  ---------O                                                                (9 = 100.0%) {0.0%}
4  ... 

Histogram: Memory.DumpProvider.FinalStatus.AllDetailLevels.SharedMemoryTracker recorded 3 samples, mean = 5.0 (flags = 0x1)
0  ... 
5  ---O                                                                      (3 = 100.0%) {0.0%}
6  ... 

Histogram: Memory.DumpProvider.FinalStatus.AllDetailLevels.Skia recorded 3 samples, mean = 5.0 (flags = 0x1)
0  ... 
5  ---O                                                                      (3 = 100.0%) {0.0%}
6  ... 

Histogram: Memory.DumpProvider.FinalStatus.AllDetailLevels.Sql recorded 3 samples, mean = 5.0 (flags = 0x1)
0  ... 
5  ---O                                                                      (3 = 100.0%) {0.0%}
6  ... 

Histogram: Memory.DumpProvider.FinalStatus.AllDetailLevels.TileManager recorded 9 samples, mean = 3.0 (flags = 0x1)
0  ... 
3  ---------O                                                                (9 = 100.0%) {0.0%}
4  ... 

Histogram: Memory.DumpProvider.FinalStatus.AllDetailLevels.V8Isolate recorded 3 samples, mean = 5.0 (flags = 0x1)
0  ... 
5  ---O                                                                      (3 = 100.0%) {0.0%}
6  ... 

Histogram: Memory.DumpProvider.FinalStatus.AllDetailLevels.V8SharedMemory recorded 3 samples, mean = 3.0 (flags = 0x1)
0  ... 
3  ---O                                                                      (3 = 100.0%) {0.0%}
4  ... 

Histogram: Memory.DumpProvider.FinalStatus.AllDetailLevels.cc__GpuImageDecodeCache recorded 9 samples, mean = 3.0 (flags = 0x1)
0  ... 
3  ---------O                                                                (9 = 100.0%) {0.0%}
4  ... 

Histogram: Memory.DumpProvider.FinalStatus.AllDetailLevels.cc__ResourcePool recorded 9 samples, mean = 5.0 (flags = 0x1)
0  ... 
5  ---------O                                                                (9 = 100.0%) {0.0%}
6  ... 

Histogram: Memory.DumpProvider.FinalStatus.AllDetailLevels.sql__Database recorded 15 samples, mean = 3.0 (flags = 0x1)
0  ... 
3  ---------------O                                                          (15 = 100.0%) {0.0%}
4  ... 

Histogram: Memory.DumpProvider.FinalStatus.Background.AXPlatformNode recorded 3 samples, mean = 5.0 (flags = 0x1)
0  ... 
5  ---O                                                                      (3 = 100.0%) {0.0%}
6  ... 

Histogram: Memory.DumpProvider.FinalStatus.Background.AXPlatformNodeWin recorded 3 samples, mean = 5.0 (flags = 0x1)
0  ... 
5  ---O                                                                      (3 = 100.0%) {0.0%}
6  ... 

Histogram: Memory.DumpProvider.FinalStatus.Background.AllProviders recorded 141 samples, mean = 4.3 (flags = 0x1)
0  ... 
3  -----------------------------------------O                                (51 = 36.2%) {0.0%}
4  O                                                                         (0 = 0.0%) {36.2%}
5  ------------------------------------------------------------------------O (90 = 63.8%) {36.2%}
6  ... 

Histogram: Memory.DumpProvider.FinalStatus.Background.BlobStorageContext recorded 9 samples, mean = 5.0 (flags = 0x1)
0  ... 
5  ---------O                                                                (9 = 100.0%) {0.0%}
6  ... 

Histogram: Memory.DumpProvider.FinalStatus.Background.BucketContext recorded 6 samples, mean = 3.0 (flags = 0x1)
0  ... 
3  ------O                                                                   (6 = 100.0%) {0.0%}
4  ... 

Histogram: Memory.DumpProvider.FinalStatus.Background.ContextProviderCommandBuffer recorded 6 samples, mean = 5.0 (flags = 0x1)
0  ... 
5  ------O                                                                   (6 = 100.0%) {0.0%}
6  ... 

Histogram: Memory.DumpProvider.FinalStatus.Background.DiscardableSharedMemoryManager recorded 3 samples, mean = 5.0 (flags = 0x1)
0  ... 
5  ---O                                                                      (3 = 100.0%) {0.0%}
6  ... 

Histogram: Memory.DumpProvider.FinalStatus.Background.FrameEvictionManager recorded 3 samples, mean = 5.0 (flags = 0x1)
0  ... 
5  ---O                                                                      (3 = 100.0%) {0.0%}
6  ... 

Histogram: Memory.DumpProvider.FinalStatus.Background.IPCChannel recorded 3 samples, mean = 5.0 (flags = 0x1)
0  ... 
5  ---O                                                                      (3 = 100.0%) {0.0%}
6  ... 

Histogram: Memory.DumpProvider.FinalStatus.Background.IndexedDBBackingStore recorded 6 samples, mean = 5.0 (flags = 0x1)
0  ... 
5  ------O                                                                   (6 = 100.0%) {0.0%}
6  ... 

Histogram: Memory.DumpProvider.FinalStatus.Background.LevelDB recorded 3 samples, mean = 5.0 (flags = 0x1)
0  ... 
5  ---O                                                                      (3 = 100.0%) {0.0%}
6  ... 

Histogram: Memory.DumpProvider.FinalStatus.Background.LocalStorage recorded 9 samples, mean = 5.0 (flags = 0x1)
0  ... 
5  ---------O                                                                (9 = 100.0%) {0.0%}
6  ... 

Histogram: Memory.DumpProvider.FinalStatus.Background.Malloc recorded 3 samples, mean = 5.0 (flags = 0x1)
0  ... 
5  ---O                                                                      (3 = 100.0%) {0.0%}
6  ... 

Histogram: Memory.DumpProvider.FinalStatus.Background.MojoLevelDB recorded 15 samples, mean = 5.0 (flags = 0x1)
0  ... 
5  ---------------O                                                          (15 = 100.0%) {0.0%}
6  ... 

Histogram: Memory.DumpProvider.FinalStatus.Background.PartitionAlloc.AddressSpace recorded 3 samples, mean = 5.0 (flags = 0x1)
0  ... 
5  ---O                                                                      (3 = 100.0%) {0.0%}
6  ... 

Histogram: Memory.DumpProvider.FinalStatus.Background.SessionStorage recorded 9 samples, mean = 3.0 (flags = 0x1)
0  ... 
3  ---------O                                                                (9 = 100.0%) {0.0%}
4  ... 

Histogram: Memory.DumpProvider.FinalStatus.Background.SharedMemoryTracker recorded 3 samples, mean = 5.0 (flags = 0x1)
0  ... 
5  ---O                                                                      (3 = 100.0%) {0.0%}
6  ... 

Histogram: Memory.DumpProvider.FinalStatus.Background.Skia recorded 3 samples, mean = 5.0 (flags = 0x1)
0  ... 
5  ---O                                                                      (3 = 100.0%) {0.0%}
6  ... 

Histogram: Memory.DumpProvider.FinalStatus.Background.Sql recorded 3 samples, mean = 5.0 (flags = 0x1)
0  ... 
5  ---O                                                                      (3 = 100.0%) {0.0%}
6  ... 

Histogram: Memory.DumpProvider.FinalStatus.Background.TileManager recorded 9 samples, mean = 3.0 (flags = 0x1)
0  ... 
3  ---------O                                                                (9 = 100.0%) {0.0%}
4  ... 

Histogram: Memory.DumpProvider.FinalStatus.Background.V8Isolate recorded 3 samples, mean = 5.0 (flags = 0x1)
0  ... 
5  ---O                                                                      (3 = 100.0%) {0.0%}
6  ... 

Histogram: Memory.DumpProvider.FinalStatus.Background.V8SharedMemory recorded 3 samples, mean = 3.0 (flags = 0x1)
0  ... 
3  ---O                                                                      (3 = 100.0%) {0.0%}
4  ... 

Histogram: Memory.DumpProvider.FinalStatus.Background.cc__GpuImageDecodeCache recorded 9 samples, mean = 3.0 (flags = 0x1)
0  ... 
3  ---------O                                                                (9 = 100.0%) {0.0%}
4  ... 

Histogram: Memory.DumpProvider.FinalStatus.Background.cc__ResourcePool recorded 9 samples, mean = 5.0 (flags = 0x1)
0  ... 
5  ---------O                                                                (9 = 100.0%) {0.0%}
6  ... 

Histogram: Memory.DumpProvider.FinalStatus.Background.sql__Database recorded 15 samples, mean = 3.0 (flags = 0x1)
0  ... 
3  ---------------O                                                          (15 = 100.0%) {0.0%}
4  ... 

Histogram: Memory.DumpProvider.FollowingProviders.AllDetailLevels.AXPlatformNode recorded 3 samples, mean = 0.0 (flags = 0x1)
0  ---O                                                                      (3 = 100.0%)
1  ... 

Histogram: Memory.DumpProvider.FollowingProviders.AllDetailLevels.AXPlatformNodeWin recorded 3 samples, mean = 1.0 (flags = 0x1)
0  O                                                                         (0 = 0.0%)
1  ---O                                                                      (3 = 100.0%) {0.0%}
2  ... 

Histogram: Memory.DumpProvider.FollowingProviders.AllDetailLevels.AllProviders recorded 141 samples, mean = 5.1 (flags = 0x1)
0   ---------------------------O                                              (27 = 19.1%)
1   ---------------O                                                          (15 = 10.6%) {19.1%}
2   ------------O                                                             (12 = 8.5%) {29.8%}
3   ---------O                                                                (9 = 6.4%) {38.3%}
4   ---------O                                                                (9 = 6.4%) {44.7%}
5   ---------O                                                                (9 = 6.4%) {51.1%}
6   ------------------O                                                       (18 = 12.8%) {57.4%}
8   ---------------O                                                          (15 = 10.6%) {70.2%}
10  ------------------O                                                       (18 = 12.8%) {80.9%}
13  ---------O                                                                (9 = 6.4%) {93.6%}
16  ... 

Histogram: Memory.DumpProvider.FollowingProviders.AllDetailLevels.BlobStorageContext recorded 9 samples, mean = 5.0 (flags = 0x1)
0  ... 
4  ---O                                                                      (3 = 33.3%) {0.0%}
5  ---O                                                                      (3 = 33.3%) {33.3%}
6  ---O                                                                      (3 = 33.3%) {66.7%}
8  ... 

Histogram: Memory.DumpProvider.FollowingProviders.AllDetailLevels.BucketContext recorded 6 samples, mean = 1.5 (flags = 0x1)
0  O                                                                         (0 = 0.0%)
1  ---O                                                                      (3 = 50.0%) {0.0%}
2  ---O                                                                      (3 = 50.0%) {50.0%}
3  ... 

Histogram: Memory.DumpProvider.FollowingProviders.AllDetailLevels.ContextProviderCommandBuffer recorded 6 samples, mean = 9.5 (flags = 0x1)
0   ... 
8   ---O                                                                      (3 = 50.0%) {0.0%}
10  ---O                                                                      (3 = 50.0%) {50.0%}
13  ... 

Histogram: Memory.DumpProvider.FollowingProviders.AllDetailLevels.DiscardableSharedMemoryManager recorded 3 samples, mean = 15.0 (flags = 0x1)
0   ... 
13  ---O                                                                      (3 = 100.0%) {0.0%}
16  ... 

Histogram: Memory.DumpProvider.FollowingProviders.AllDetailLevels.FrameEvictionManager recorded 3 samples, mean = 8.0 (flags = 0x1)
0  ... 
8  ---O                                                                      (3 = 100.0%) {0.0%}
10 ... 

Histogram: Memory.DumpProvider.FollowingProviders.AllDetailLevels.IPCChannel recorded 3 samples, mean = 0.0 (flags = 0x1)
0  ---O                                                                      (3 = 100.0%)
1  ... 

Histogram: Memory.DumpProvider.FollowingProviders.AllDetailLevels.IndexedDBBackingStore recorded 6 samples, mean = 0.5 (flags = 0x1)
0  ---O                                                                      (3 = 50.0%)
1  ---O                                                                      (3 = 50.0%) {50.0%}
2  ... 

Histogram: Memory.DumpProvider.FollowingProviders.AllDetailLevels.LevelDB recorded 3 samples, mean = 7.0 (flags = 0x1)
0  ... 
6  ---O                                                                      (3 = 100.0%) {0.0%}
8  ... 

Histogram: Memory.DumpProvider.FollowingProviders.AllDetailLevels.LocalStorage recorded 9 samples, mean = 3.0 (flags = 0x1)
0  ---O                                                                      (3 = 33.3%)
1  ---O                                                                      (3 = 33.3%) {33.3%}
2  ... 
8  ---O                                                                      (3 = 33.3%) {66.7%}
10 ... 

Histogram: Memory.DumpProvider.FollowingProviders.AllDetailLevels.Malloc recorded 3 samples, mean = 10.0 (flags = 0x1)
0   ... 
10  ---O                                                                      (3 = 100.0%) {0.0%}
13  ... 

Histogram: Memory.DumpProvider.FollowingProviders.AllDetailLevels.MojoLevelDB recorded 15 samples, mean = 0.0 (flags = 0x1)
0  ---------------O                                                          (15 = 100.0%)
1  ... 

Histogram: Memory.DumpProvider.FollowingProviders.AllDetailLevels.PartitionAlloc.AddressSpace recorded 3 samples, mean = 1.0 (flags = 0x1)
0  O                                                                         (0 = 0.0%)
1  ---O                                                                      (3 = 100.0%) {0.0%}
2  ... 

Histogram: Memory.DumpProvider.FollowingProviders.AllDetailLevels.SessionStorage recorded 9 samples, mean = 4.0 (flags = 0x1)
0  ... 
2  ---O                                                                      (3 = 33.3%) {0.0%}
3  ---O                                                                      (3 = 33.3%) {33.3%}
4  ... 
6  ---O                                                                      (3 = 33.3%) {66.7%}
8  ... 

Histogram: Memory.DumpProvider.FollowingProviders.AllDetailLevels.SharedMemoryTracker recorded 3 samples, mean = 12.0 (flags = 0x1)
0   ... 
10  ---O                                                                      (3 = 100.0%) {0.0%}
13  ... 

Histogram: Memory.DumpProvider.FollowingProviders.AllDetailLevels.Skia recorded 3 samples, mean = 8.0 (flags = 0x1)
0  ... 
8  ---O                                                                      (3 = 100.0%) {0.0%}
10 ... 

Histogram: Memory.DumpProvider.FollowingProviders.AllDetailLevels.Sql recorded 3 samples, mean = 9.0 (flags = 0x1)
0  ... 
8  ---O                                                                      (3 = 100.0%) {0.0%}
10 ... 

Histogram: Memory.DumpProvider.FollowingProviders.AllDetailLevels.TileManager recorded 9 samples, mean = 12.0 (flags = 0x1)
0   ... 
10  ------O                                                                   (6 = 66.7%) {0.0%}
13  ---O                                                                      (3 = 33.3%) {66.7%}
16  ... 

Histogram: Memory.DumpProvider.FollowingProviders.AllDetailLevels.V8Isolate recorded 3 samples, mean = 14.0 (flags = 0x1)
0   ... 
13  ---O                                                                      (3 = 100.0%) {0.0%}
16  ... 

Histogram: Memory.DumpProvider.FollowingProviders.AllDetailLevels.V8SharedMemory recorded 3 samples, mean = 11.0 (flags = 0x1)
0   ... 
10  ---O                                                                      (3 = 100.0%) {0.0%}
13  ... 

Histogram: Memory.DumpProvider.FollowingProviders.AllDetailLevels.cc__GpuImageDecodeCache recorded 9 samples, mean = 5.0 (flags = 0x1)
0  ... 
4  ---O                                                                      (3 = 33.3%) {0.0%}
5  ---O                                                                      (3 = 33.3%) {33.3%}
6  ---O                                                                      (3 = 33.3%) {66.7%}
8  ... 

Histogram: Memory.DumpProvider.FollowingProviders.AllDetailLevels.cc__ResourcePool recorded 9 samples, mean = 4.0 (flags = 0x1)
0  ... 
2  ---O                                                                      (3 = 33.3%) {0.0%}
3  ---O                                                                      (3 = 33.3%) {33.3%}
4  ... 
6  ---O                                                                      (3 = 33.3%) {66.7%}
8  ... 

Histogram: Memory.DumpProvider.FollowingProviders.AllDetailLevels.sql__Database recorded 15 samples, mean = 4.0 (flags = 0x1)
0  ... 
2  ---O                                                                      (3 = 20.0%) {0.0%}
3  ---O                                                                      (3 = 20.0%) {20.0%}
4  ---O                                                                      (3 = 20.0%) {40.0%}
5  ---O                                                                      (3 = 20.0%) {60.0%}
6  ---O                                                                      (3 = 20.0%) {80.0%}
8  ... 

Histogram: Memory.DumpProvider.FollowingProviders.Background.AXPlatformNode recorded 3 samples, mean = 0.0 (flags = 0x1)
0  ---O                                                                      (3 = 100.0%)
1  ... 

Histogram: Memory.DumpProvider.FollowingProviders.Background.AXPlatformNodeWin recorded 3 samples, mean = 1.0 (flags = 0x1)
0  O                                                                         (0 = 0.0%)
1  ---O                                                                      (3 = 100.0%) {0.0%}
2  ... 

Histogram: Memory.DumpProvider.FollowingProviders.Background.AllProviders recorded 141 samples, mean = 5.1 (flags = 0x1)
0   ---------------------------O                                              (27 = 19.1%)
1   ---------------O                                                          (15 = 10.6%) {19.1%}
2   ------------O                                                             (12 = 8.5%) {29.8%}
3   ---------O                                                                (9 = 6.4%) {38.3%}
4   ---------O                                                                (9 = 6.4%) {44.7%}
5   ---------O                                                                (9 = 6.4%) {51.1%}
6   ------------------O                                                       (18 = 12.8%) {57.4%}
8   ---------------O                                                          (15 = 10.6%) {70.2%}
10  ------------------O                                                       (18 = 12.8%) {80.9%}
13  ---------O                                                                (9 = 6.4%) {93.6%}
16  ... 

Histogram: Memory.DumpProvider.FollowingProviders.Background.BlobStorageContext recorded 9 samples, mean = 5.0 (flags = 0x1)
0  ... 
4  ---O                                                                      (3 = 33.3%) {0.0%}
5  ---O                                                                      (3 = 33.3%) {33.3%}
6  ---O                                                                      (3 = 33.3%) {66.7%}
8  ... 

Histogram: Memory.DumpProvider.FollowingProviders.Background.BucketContext recorded 6 samples, mean = 1.5 (flags = 0x1)
0  O                                                                         (0 = 0.0%)
1  ---O                                                                      (3 = 50.0%) {0.0%}
2  ---O                                                                      (3 = 50.0%) {50.0%}
3  ... 

Histogram: Memory.DumpProvider.FollowingProviders.Background.ContextProviderCommandBuffer recorded 6 samples, mean = 9.5 (flags = 0x1)
0   ... 
8   ---O                                                                      (3 = 50.0%) {0.0%}
10  ---O                                                                      (3 = 50.0%) {50.0%}
13  ... 

Histogram: Memory.DumpProvider.FollowingProviders.Background.DiscardableSharedMemoryManager recorded 3 samples, mean = 15.0 (flags = 0x1)
0   ... 
13  ---O                                                                      (3 = 100.0%) {0.0%}
16  ... 

Histogram: Memory.DumpProvider.FollowingProviders.Background.FrameEvictionManager recorded 3 samples, mean = 8.0 (flags = 0x1)
0  ... 
8  ---O                                                                      (3 = 100.0%) {0.0%}
10 ... 

Histogram: Memory.DumpProvider.FollowingProviders.Background.IPCChannel recorded 3 samples, mean = 0.0 (flags = 0x1)
0  ---O                                                                      (3 = 100.0%)
1  ... 

Histogram: Memory.DumpProvider.FollowingProviders.Background.IndexedDBBackingStore recorded 6 samples, mean = 0.5 (flags = 0x1)
0  ---O                                                                      (3 = 50.0%)
1  ---O                                                                      (3 = 50.0%) {50.0%}
2  ... 

Histogram: Memory.DumpProvider.FollowingProviders.Background.LevelDB recorded 3 samples, mean = 7.0 (flags = 0x1)
0  ... 
6  ---O                                                                      (3 = 100.0%) {0.0%}
8  ... 

Histogram: Memory.DumpProvider.FollowingProviders.Background.LocalStorage recorded 9 samples, mean = 3.0 (flags = 0x1)
0  ---O                                                                      (3 = 33.3%)
1  ---O                                                                      (3 = 33.3%) {33.3%}
2  ... 
8  ---O                                                                      (3 = 33.3%) {66.7%}
10 ... 

Histogram: Memory.DumpProvider.FollowingProviders.Background.Malloc recorded 3 samples, mean = 10.0 (flags = 0x1)
0   ... 
10  ---O                                                                      (3 = 100.0%) {0.0%}
13  ... 

Histogram: Memory.DumpProvider.FollowingProviders.Background.MojoLevelDB recorded 15 samples, mean = 0.0 (flags = 0x1)
0  ---------------O                                                          (15 = 100.0%)
1  ... 

Histogram: Memory.DumpProvider.FollowingProviders.Background.PartitionAlloc.AddressSpace recorded 3 samples, mean = 1.0 (flags = 0x1)
0  O                                                                         (0 = 0.0%)
1  ---O                                                                      (3 = 100.0%) {0.0%}
2  ... 

Histogram: Memory.DumpProvider.FollowingProviders.Background.SessionStorage recorded 9 samples, mean = 4.0 (flags = 0x1)
0  ... 
2  ---O                                                                      (3 = 33.3%) {0.0%}
3  ---O                                                                      (3 = 33.3%) {33.3%}
4  ... 
6  ---O                                                                      (3 = 33.3%) {66.7%}
8  ... 

Histogram: Memory.DumpProvider.FollowingProviders.Background.SharedMemoryTracker recorded 3 samples, mean = 12.0 (flags = 0x1)
0   ... 
10  ---O                                                                      (3 = 100.0%) {0.0%}
13  ... 

Histogram: Memory.DumpProvider.FollowingProviders.Background.Skia recorded 3 samples, mean = 8.0 (flags = 0x1)
0  ... 
8  ---O                                                                      (3 = 100.0%) {0.0%}
10 ... 

Histogram: Memory.DumpProvider.FollowingProviders.Background.Sql recorded 3 samples, mean = 9.0 (flags = 0x1)
0  ... 
8  ---O                                                                      (3 = 100.0%) {0.0%}
10 ... 

Histogram: Memory.DumpProvider.FollowingProviders.Background.TileManager recorded 9 samples, mean = 12.0 (flags = 0x1)
0   ... 
10  ------O                                                                   (6 = 66.7%) {0.0%}
13  ---O                                                                      (3 = 33.3%) {66.7%}
16  ... 

Histogram: Memory.DumpProvider.FollowingProviders.Background.V8Isolate recorded 3 samples, mean = 14.0 (flags = 0x1)
0   ... 
13  ---O                                                                      (3 = 100.0%) {0.0%}
16  ... 

Histogram: Memory.DumpProvider.FollowingProviders.Background.V8SharedMemory recorded 3 samples, mean = 11.0 (flags = 0x1)
0   ... 
10  ---O                                                                      (3 = 100.0%) {0.0%}
13  ... 

Histogram: Memory.DumpProvider.FollowingProviders.Background.cc__GpuImageDecodeCache recorded 9 samples, mean = 5.0 (flags = 0x1)
0  ... 
4  ---O                                                                      (3 = 33.3%) {0.0%}
5  ---O                                                                      (3 = 33.3%) {33.3%}
6  ---O                                                                      (3 = 33.3%) {66.7%}
8  ... 

Histogram: Memory.DumpProvider.FollowingProviders.Background.cc__ResourcePool recorded 9 samples, mean = 4.0 (flags = 0x1)
0  ... 
2  ---O                                                                      (3 = 33.3%) {0.0%}
3  ---O                                                                      (3 = 33.3%) {33.3%}
4  ... 
6  ---O                                                                      (3 = 33.3%) {66.7%}
8  ... 

Histogram: Memory.DumpProvider.FollowingProviders.Background.sql__Database recorded 15 samples, mean = 4.0 (flags = 0x1)
0  ... 
2  ---O                                                                      (3 = 20.0%) {0.0%}
3  ---O                                                                      (3 = 20.0%) {20.0%}
4  ---O                                                                      (3 = 20.0%) {40.0%}
5  ---O                                                                      (3 = 20.0%) {60.0%}
6  ---O                                                                      (3 = 20.0%) {80.0%}
8  ... 

Histogram: Memory.DumpProvider.MemoryDumpTime.AllDetailLevels.AXPlatformNode recorded 3 samples, mean = 73.0 (flags = 0x1)
0    ... 
4    --O                                                                       (2 = 66.7%) {0.0%}
6    ... 
203  -O                                                                        (1 = 33.3%) {66.7%}
282  ... 

Histogram: Memory.DumpProvider.MemoryDumpTime.AllDetailLevels.AXPlatformNodeWin recorded 3 samples, mean = 49.3 (flags = 0x1)
0    ... 
4    --O                                                                       (2 = 66.7%) {0.0%}
6    ... 
105  -O                                                                        (1 = 33.3%) {66.7%}
146  ... 

Histogram: Memory.DumpProvider.MemoryDumpTime.AllDetailLevels.AllProviders recorded 90 samples, mean = 45.7 (flags = 0x1)
0    O                                                                         (0 = 0.0%)
1    --O                                                                       (2 = 2.2%) {0.0%}
2    -----------------O                                                        (17 = 18.9%) {2.2%}
3    ------------------O                                                       (18 = 20.0%) {21.1%}
4    --------------------O                                                     (20 = 22.2%) {41.1%}
6    --O                                                                       (2 = 2.2%) {63.3%}
8    --------O                                                                 (8 = 8.9%) {65.6%}
11   --O                                                                       (2 = 2.2%) {74.4%}
15   ---O                                                                      (3 = 3.3%) {76.7%}
21   --O                                                                       (2 = 2.2%) {80.0%}
29   --O                                                                       (2 = 2.2%) {82.2%}
40   --O                                                                       (2 = 2.2%) {84.4%}
55   -O                                                                        (1 = 1.1%) {86.7%}
76   O                                                                         (0 = 0.0%) {87.8%}
105  --O                                                                       (2 = 2.2%) {87.8%}
146  -O                                                                        (1 = 1.1%) {90.0%}
203  -O                                                                        (1 = 1.1%) {91.1%}
282  ---O                                                                      (3 = 3.3%) {92.2%}
391  ----O                                                                     (4 = 4.4%) {95.6%}
542  ... 

Histogram: Memory.DumpProvider.MemoryDumpTime.AllDetailLevels.BlobStorageContext recorded 9 samples, mean = 3.1 (flags = 0x1)
0  O                                                                         (0 = 0.0%)
1  -O                                                                        (1 = 11.1%) {0.0%}
2  ---O                                                                      (3 = 33.3%) {11.1%}
3  ---O                                                                      (3 = 33.3%) {44.4%}
4  -O                                                                        (1 = 11.1%) {77.8%}
6  -O                                                                        (1 = 11.1%) {88.9%}
8  ... 

Histogram: Memory.DumpProvider.MemoryDumpTime.AllDetailLevels.ContextProviderCommandBuffer recorded 6 samples, mean = 4.2 (flags = 0x1)
0  ... 
3  --O                                                                       (2 = 33.3%) {0.0%}
4  ---O                                                                      (3 = 50.0%) {33.3%}
6  -O                                                                        (1 = 16.7%) {83.3%}
8  ... 

Histogram: Memory.DumpProvider.MemoryDumpTime.AllDetailLevels.DiscardableSharedMemoryManager recorded 3 samples, mean = 5.7 (flags = 0x1)
0  ... 
3  -O                                                                        (1 = 33.3%) {0.0%}
4  -O                                                                        (1 = 33.3%) {33.3%}
6  O                                                                         (0 = 0.0%) {66.7%}
8  -O                                                                        (1 = 33.3%) {66.7%}
11 ... 

Histogram: Memory.DumpProvider.MemoryDumpTime.AllDetailLevels.FrameEvictionManager recorded 3 samples, mean = 2.0 (flags = 0x1)
0  ... 
2  ---O                                                                      (3 = 100.0%) {0.0%}
3  ... 

Histogram: Memory.DumpProvider.MemoryDumpTime.AllDetailLevels.IPCChannel recorded 3 samples, mean = 16.3 (flags = 0x1)
0   ... 
11  -O                                                                        (1 = 33.3%) {0.0%}
15  --O                                                                       (2 = 66.7%) {33.3%}
21  ... 

Histogram: Memory.DumpProvider.MemoryDumpTime.AllDetailLevels.IndexedDBBackingStore recorded 6 samples, mean = 7.7 (flags = 0x1)
0   ... 
4   --O                                                                       (2 = 33.3%) {0.0%}
6   O                                                                         (0 = 0.0%) {33.3%}
8   ---O                                                                      (3 = 50.0%) {33.3%}
11  -O                                                                        (1 = 16.7%) {83.3%}
15  ... 

Histogram: Memory.DumpProvider.MemoryDumpTime.AllDetailLevels.LevelDB recorded 3 samples, mean = 94.7 (flags = 0x1)
0    ... 
29   -O                                                                        (1 = 33.3%) {0.0%}
40   O                                                                         (0 = 0.0%) {33.3%}
55   -O                                                                        (1 = 33.3%) {33.3%}
76   ... 
146  -O                                                                        (1 = 33.3%) {66.7%}
203  ... 

Histogram: Memory.DumpProvider.MemoryDumpTime.AllDetailLevels.LocalStorage recorded 9 samples, mean = 6.4 (flags = 0x1)
0   ... 
3   --O                                                                       (2 = 22.2%) {0.0%}
4   ----O                                                                     (4 = 44.4%) {22.2%}
6   O                                                                         (0 = 0.0%) {66.7%}
8   --O                                                                       (2 = 22.2%) {66.7%}
11  O                                                                         (0 = 0.0%) {88.9%}
15  -O                                                                        (1 = 11.1%) {88.9%}
21  ... 

Histogram: Memory.DumpProvider.MemoryDumpTime.AllDetailLevels.Malloc recorded 3 samples, mean = 369.0 (flags = 0x1)
0    ... 
282  ---O                                                                      (3 = 100.0%) {0.0%}
391  ... 

Histogram: Memory.DumpProvider.MemoryDumpTime.AllDetailLevels.MojoLevelDB recorded 15 samples, mean = 3.5 (flags = 0x1)
0  ... 
2  -------O                                                                  (7 = 46.7%) {0.0%}
3  ---O                                                                      (3 = 20.0%) {46.7%}
4  ---O                                                                      (3 = 20.0%) {66.7%}
6  O                                                                         (0 = 0.0%) {86.7%}
8  --O                                                                       (2 = 13.3%) {86.7%}
11 ... 

Histogram: Memory.DumpProvider.MemoryDumpTime.AllDetailLevels.PartitionAlloc.AddressSpace recorded 3 samples, mean = 24.7 (flags = 0x1)
0   ... 
21  --O                                                                       (2 = 66.7%) {0.0%}
29  -O                                                                        (1 = 33.3%) {66.7%}
40  ... 

Histogram: Memory.DumpProvider.MemoryDumpTime.AllDetailLevels.SharedMemoryTracker recorded 3 samples, mean = 445.0 (flags = 0x1)
0    ... 
391  ---O                                                                      (3 = 100.0%) {0.0%}
542  ... 

Histogram: Memory.DumpProvider.MemoryDumpTime.AllDetailLevels.Skia recorded 3 samples, mean = 3.7 (flags = 0x1)
0  ... 
3  -O                                                                        (1 = 33.3%) {0.0%}
4  --O                                                                       (2 = 66.7%) {33.3%}
6  ... 

Histogram: Memory.DumpProvider.MemoryDumpTime.AllDetailLevels.Sql recorded 3 samples, mean = 45.7 (flags = 0x1)
0    ... 
3    --O                                                                       (2 = 66.7%) {0.0%}
4    ... 
105  -O                                                                        (1 = 33.3%) {66.7%}
146  ... 

Histogram: Memory.DumpProvider.MemoryDumpTime.AllDetailLevels.V8Isolate recorded 3 samples, mean = 165.3 (flags = 0x1)
0    ... 
40   --O                                                                       (2 = 66.7%) {0.0%}
55   ... 
391  -O                                                                        (1 = 33.3%) {66.7%}
542  ... 

Histogram: Memory.DumpProvider.MemoryDumpTime.AllDetailLevels.cc__ResourcePool recorded 9 samples, mean = 2.3 (flags = 0x1)
0  O                                                                         (0 = 0.0%)
1  -O                                                                        (1 = 11.1%) {0.0%}
2  ----O                                                                     (4 = 44.4%) {11.1%}
3  ----O                                                                     (4 = 44.4%) {55.6%}
4  ... 

Histogram: Memory.DumpProvider.MemoryDumpTime.Background.AXPlatformNode recorded 3 samples, mean = 73.0 (flags = 0x1)
0    ... 
4    --O                                                                       (2 = 66.7%) {0.0%}
6    ... 
203  -O                                                                        (1 = 33.3%) {66.7%}
282  ... 

Histogram: Memory.DumpProvider.MemoryDumpTime.Background.AXPlatformNodeWin recorded 3 samples, mean = 49.3 (flags = 0x1)
0    ... 
4    --O                                                                       (2 = 66.7%) {0.0%}
6    ... 
105  -O                                                                        (1 = 33.3%) {66.7%}
146  ... 

Histogram: Memory.DumpProvider.MemoryDumpTime.Background.AllProviders recorded 90 samples, mean = 45.7 (flags = 0x1)
0    O                                                                         (0 = 0.0%)
1    --O                                                                       (2 = 2.2%) {0.0%}
2    -----------------O                                                        (17 = 18.9%) {2.2%}
3    ------------------O                                                       (18 = 20.0%) {21.1%}
4    --------------------O                                                     (20 = 22.2%) {41.1%}
6    --O                                                                       (2 = 2.2%) {63.3%}
8    --------O                                                                 (8 = 8.9%) {65.6%}
11   --O                                                                       (2 = 2.2%) {74.4%}
15   ---O                                                                      (3 = 3.3%) {76.7%}
21   --O                                                                       (2 = 2.2%) {80.0%}
29   --O                                                                       (2 = 2.2%) {82.2%}
40   --O                                                                       (2 = 2.2%) {84.4%}
55   -O                                                                        (1 = 1.1%) {86.7%}
76   O                                                                         (0 = 0.0%) {87.8%}
105  --O                                                                       (2 = 2.2%) {87.8%}
146  -O                                                                        (1 = 1.1%) {90.0%}
203  -O                                                                        (1 = 1.1%) {91.1%}
282  ---O                                                                      (3 = 3.3%) {92.2%}
391  ----O                                                                     (4 = 4.4%) {95.6%}
542  ... 

Histogram: Memory.DumpProvider.MemoryDumpTime.Background.BlobStorageContext recorded 9 samples, mean = 3.1 (flags = 0x1)
0  O                                                                         (0 = 0.0%)
1  -O                                                                        (1 = 11.1%) {0.0%}
2  ---O                                                                      (3 = 33.3%) {11.1%}
3  ---O                                                                      (3 = 33.3%) {44.4%}
4  -O                                                                        (1 = 11.1%) {77.8%}
6  -O                                                                        (1 = 11.1%) {88.9%}
8  ... 

Histogram: Memory.DumpProvider.MemoryDumpTime.Background.ContextProviderCommandBuffer recorded 6 samples, mean = 4.2 (flags = 0x1)
0  ... 
3  --O                                                                       (2 = 33.3%) {0.0%}
4  ---O                                                                      (3 = 50.0%) {33.3%}
6  -O                                                                        (1 = 16.7%) {83.3%}
8  ... 

Histogram: Memory.DumpProvider.MemoryDumpTime.Background.DiscardableSharedMemoryManager recorded 3 samples, mean = 5.7 (flags = 0x1)
0  ... 
3  -O                                                                        (1 = 33.3%) {0.0%}
4  -O                                                                        (1 = 33.3%) {33.3%}
6  O                                                                         (0 = 0.0%) {66.7%}
8  -O                                                                        (1 = 33.3%) {66.7%}
11 ... 

Histogram: Memory.DumpProvider.MemoryDumpTime.Background.FrameEvictionManager recorded 3 samples, mean = 2.0 (flags = 0x1)
0  ... 
2  ---O                                                                      (3 = 100.0%) {0.0%}
3  ... 

Histogram: Memory.DumpProvider.MemoryDumpTime.Background.IPCChannel recorded 3 samples, mean = 16.3 (flags = 0x1)
0   ... 
11  -O                                                                        (1 = 33.3%) {0.0%}
15  --O                                                                       (2 = 66.7%) {33.3%}
21  ... 

Histogram: Memory.DumpProvider.MemoryDumpTime.Background.IndexedDBBackingStore recorded 6 samples, mean = 7.7 (flags = 0x1)
0   ... 
4   --O                                                                       (2 = 33.3%) {0.0%}
6   O                                                                         (0 = 0.0%) {33.3%}
8   ---O                                                                      (3 = 50.0%) {33.3%}
11  -O                                                                        (1 = 16.7%) {83.3%}
15  ... 

Histogram: Memory.DumpProvider.MemoryDumpTime.Background.LevelDB recorded 3 samples, mean = 94.7 (flags = 0x1)
0    ... 
29   -O                                                                        (1 = 33.3%) {0.0%}
40   O                                                                         (0 = 0.0%) {33.3%}
55   -O                                                                        (1 = 33.3%) {33.3%}
76   ... 
146  -O                                                                        (1 = 33.3%) {66.7%}
203  ... 

Histogram: Memory.DumpProvider.MemoryDumpTime.Background.LocalStorage recorded 9 samples, mean = 6.4 (flags = 0x1)
0   ... 
3   --O                                                                       (2 = 22.2%) {0.0%}
4   ----O                                                                     (4 = 44.4%) {22.2%}
6   O                                                                         (0 = 0.0%) {66.7%}
8   --O                                                                       (2 = 22.2%) {66.7%}
11  O                                                                         (0 = 0.0%) {88.9%}
15  -O                                                                        (1 = 11.1%) {88.9%}
21  ... 

Histogram: Memory.DumpProvider.MemoryDumpTime.Background.Malloc recorded 3 samples, mean = 369.0 (flags = 0x1)
0    ... 
282  ---O                                                                      (3 = 100.0%) {0.0%}
391  ... 

Histogram: Memory.DumpProvider.MemoryDumpTime.Background.MojoLevelDB recorded 15 samples, mean = 3.5 (flags = 0x1)
0  ... 
2  -------O                                                                  (7 = 46.7%) {0.0%}
3  ---O                                                                      (3 = 20.0%) {46.7%}
4  ---O                                                                      (3 = 20.0%) {66.7%}
6  O                                                                         (0 = 0.0%) {86.7%}
8  --O                                                                       (2 = 13.3%) {86.7%}
11 ... 

Histogram: Memory.DumpProvider.MemoryDumpTime.Background.PartitionAlloc.AddressSpace recorded 3 samples, mean = 24.7 (flags = 0x1)
0   ... 
21  --O                                                                       (2 = 66.7%) {0.0%}
29  -O                                                                        (1 = 33.3%) {66.7%}
40  ... 

Histogram: Memory.DumpProvider.MemoryDumpTime.Background.SharedMemoryTracker recorded 3 samples, mean = 445.0 (flags = 0x1)
0    ... 
391  ---O                                                                      (3 = 100.0%) {0.0%}
542  ... 

Histogram: Memory.DumpProvider.MemoryDumpTime.Background.Skia recorded 3 samples, mean = 3.7 (flags = 0x1)
0  ... 
3  -O                                                                        (1 = 33.3%) {0.0%}
4  --O                                                                       (2 = 66.7%) {33.3%}
6  ... 

Histogram: Memory.DumpProvider.MemoryDumpTime.Background.Sql recorded 3 samples, mean = 45.7 (flags = 0x1)
0    ... 
3    --O                                                                       (2 = 66.7%) {0.0%}
4    ... 
105  -O                                                                        (1 = 33.3%) {66.7%}
146  ... 

Histogram: Memory.DumpProvider.MemoryDumpTime.Background.V8Isolate recorded 3 samples, mean = 165.3 (flags = 0x1)
0    ... 
40   --O                                                                       (2 = 66.7%) {0.0%}
55   ... 
391  -O                                                                        (1 = 33.3%) {66.7%}
542  ... 

Histogram: Memory.DumpProvider.MemoryDumpTime.Background.cc__ResourcePool recorded 9 samples, mean = 2.3 (flags = 0x1)
0  O                                                                         (0 = 0.0%)
1  -O                                                                        (1 = 11.1%) {0.0%}
2  ----O                                                                     (4 = 44.4%) {11.1%}
3  ----O                                                                     (4 = 44.4%) {55.6%}
4  ... 

Histogram: Memory.DumpProvider.PostTaskTime.AllDetailLevels.AXPlatformNode recorded 3 samples, mean = 0.0 (flags = 0x1)
0  ---O                                                                      (3 = 100.0%)
1  ... 

Histogram: Memory.DumpProvider.PostTaskTime.AllDetailLevels.AllProviders recorded 24 samples, mean = 0.0 (flags = 0x1)
0  ------------------------O                                                 (24 = 100.0%)
1  ... 

Histogram: Memory.DumpProvider.PostTaskTime.AllDetailLevels.IndexedDBBackingStore recorded 3 samples, mean = 0.0 (flags = 0x1)
0  ---O                                                                      (3 = 100.0%)
1  ... 

Histogram: Memory.DumpProvider.PostTaskTime.AllDetailLevels.LocalStorage recorded 3 samples, mean = 0.0 (flags = 0x1)
0  ---O                                                                      (3 = 100.0%)
1  ... 

Histogram: Memory.DumpProvider.PostTaskTime.AllDetailLevels.MojoLevelDB recorded 15 samples, mean = 0.0 (flags = 0x1)
0  ---------------O                                                          (15 = 100.0%)
1  ... 

Histogram: Memory.DumpProvider.PostTaskTime.Background.AXPlatformNode recorded 3 samples, mean = 0.0 (flags = 0x1)
0  ---O                                                                      (3 = 100.0%)
1  ... 

Histogram: Memory.DumpProvider.PostTaskTime.Background.AllProviders recorded 24 samples, mean = 0.0 (flags = 0x1)
0  ------------------------O                                                 (24 = 100.0%)
1  ... 

Histogram: Memory.DumpProvider.PostTaskTime.Background.IndexedDBBackingStore recorded 3 samples, mean = 0.0 (flags = 0x1)
0  ---O                                                                      (3 = 100.0%)
1  ... 

Histogram: Memory.DumpProvider.PostTaskTime.Background.LocalStorage recorded 3 samples, mean = 0.0 (flags = 0x1)
0  ---O                                                                      (3 = 100.0%)
1  ... 

Histogram: Memory.DumpProvider.PostTaskTime.Background.MojoLevelDB recorded 15 samples, mean = 0.0 (flags = 0x1)
0  ---------------O                                                          (15 = 100.0%)
1  ... 

Histogram: Memory.DumpProvider.TotalTime.AllDetailLevels.AXPlatformNode recorded 3 samples, mean = 1.3 (flags = 0x1)
0  O                                                                         (0 = 0.0%)
1  --O                                                                       (2 = 66.7%) {0.0%}
2  -O                                                                        (1 = 33.3%) {66.7%}
3  ... 

Histogram: Memory.DumpProvider.TotalTime.AllDetailLevels.AXPlatformNodeWin recorded 3 samples, mean = 1.3 (flags = 0x1)
0  O                                                                         (0 = 0.0%)
1  --O                                                                       (2 = 66.7%) {0.0%}
2  -O                                                                        (1 = 33.3%) {66.7%}
3  ... 

Histogram: Memory.DumpProvider.TotalTime.AllDetailLevels.AllProviders recorded 141 samples, mean = 1.0 (flags = 0x1)
0  ------------------------------O                                           (34 = 24.1%)
1  ------------------------------------------------------------------------O (82 = 58.2%) {24.1%}
2  -------------O                                                            (15 = 10.6%) {82.3%}
3  ---------O                                                                (10 = 7.1%) {92.9%}
4  ... 

Histogram: Memory.DumpProvider.TotalTime.AllDetailLevels.BlobStorageContext recorded 9 samples, mean = 1.7 (flags = 0x1)
0  O                                                                         (0 = 0.0%)
1  ------O                                                                   (6 = 66.7%) {0.0%}
2  O                                                                         (0 = 0.0%) {66.7%}
3  ---O                                                                      (3 = 33.3%) {66.7%}
4  ... 

Histogram: Memory.DumpProvider.TotalTime.AllDetailLevels.BucketContext recorded 6 samples, mean = 1.0 (flags = 0x1)
0  O                                                                         (0 = 0.0%)
1  ------O                                                                   (6 = 100.0%) {0.0%}
2  ... 

Histogram: Memory.DumpProvider.TotalTime.AllDetailLevels.ContextProviderCommandBuffer recorded 6 samples, mean = 1.3 (flags = 0x1)
0  O                                                                         (0 = 0.0%)
1  ----O                                                                     (4 = 66.7%) {0.0%}
2  --O                                                                       (2 = 33.3%) {66.7%}
3  ... 

Histogram: Memory.DumpProvider.TotalTime.AllDetailLevels.DiscardableSharedMemoryManager recorded 3 samples, mean = 1.7 (flags = 0x1)
0  O                                                                         (0 = 0.0%)
1  --O                                                                       (2 = 66.7%) {0.0%}
2  O                                                                         (0 = 0.0%) {66.7%}
3  -O                                                                        (1 = 33.3%) {66.7%}
4  ... 

Histogram: Memory.DumpProvider.TotalTime.AllDetailLevels.FrameEvictionManager recorded 3 samples, mean = 1.3 (flags = 0x1)
0  O                                                                         (0 = 0.0%)
1  --O                                                                       (2 = 66.7%) {0.0%}
2  -O                                                                        (1 = 33.3%) {66.7%}
3  ... 

Histogram: Memory.DumpProvider.TotalTime.AllDetailLevels.IPCChannel recorded 3 samples, mean = 0.0 (flags = 0x1)
0  ---O                                                                      (3 = 100.0%)
1  ... 

Histogram: Memory.DumpProvider.TotalTime.AllDetailLevels.IndexedDBBackingStore recorded 6 samples, mean = 1.0 (flags = 0x1)
0  O                                                                         (0 = 0.0%)
1  ------O                                                                   (6 = 100.0%) {0.0%}
2  ... 

Histogram: Memory.DumpProvider.TotalTime.AllDetailLevels.LevelDB recorded 3 samples, mean = 0.0 (flags = 0x1)
0  ---O                                                                      (3 = 100.0%)
1  ... 

Histogram: Memory.DumpProvider.TotalTime.AllDetailLevels.LocalStorage recorded 9 samples, mean = 1.7 (flags = 0x1)
0  O                                                                         (0 = 0.0%)
1  ------O                                                                   (6 = 66.7%) {0.0%}
2  O                                                                         (0 = 0.0%) {66.7%}
3  ---O                                                                      (3 = 33.3%) {66.7%}
4  ... 

Histogram: Memory.DumpProvider.TotalTime.AllDetailLevels.Malloc recorded 3 samples, mean = 0.3 (flags = 0x1)
0  --O                                                                       (2 = 66.7%)
1  -O                                                                        (1 = 33.3%) {66.7%}
2  ... 

Histogram: Memory.DumpProvider.TotalTime.AllDetailLevels.MojoLevelDB recorded 15 samples, mean = 1.0 (flags = 0x1)
0  O                                                                         (0 = 0.0%)
1  ---------------O                                                          (15 = 100.0%) {0.0%}
2  ... 

Histogram: Memory.DumpProvider.TotalTime.AllDetailLevels.PartitionAlloc.AddressSpace recorded 3 samples, mean = 0.0 (flags = 0x1)
0  ---O                                                                      (3 = 100.0%)
1  ... 

Histogram: Memory.DumpProvider.TotalTime.AllDetailLevels.SessionStorage recorded 9 samples, mean = 1.7 (flags = 0x1)
0  O                                                                         (0 = 0.0%)
1  ------O                                                                   (6 = 66.7%) {0.0%}
2  O                                                                         (0 = 0.0%) {66.7%}
3  ---O                                                                      (3 = 33.3%) {66.7%}
4  ... 

Histogram: Memory.DumpProvider.TotalTime.AllDetailLevels.SharedMemoryTracker recorded 3 samples, mean = 1.0 (flags = 0x1)
0  O                                                                         (0 = 0.0%)
1  ---O                                                                      (3 = 100.0%) {0.0%}
2  ... 

Histogram: Memory.DumpProvider.TotalTime.AllDetailLevels.Skia recorded 3 samples, mean = 0.0 (flags = 0x1)
0  ---O                                                                      (3 = 100.0%)
1  ... 

Histogram: Memory.DumpProvider.TotalTime.AllDetailLevels.Sql recorded 3 samples, mean = 0.0 (flags = 0x1)
0  ---O                                                                      (3 = 100.0%)
1  ... 

Histogram: Memory.DumpProvider.TotalTime.AllDetailLevels.TileManager recorded 9 samples, mean = 1.3 (flags = 0x1)
0  O                                                                         (0 = 0.0%)
1  ------O                                                                   (6 = 66.7%) {0.0%}
2  ---O                                                                      (3 = 33.3%) {66.7%}
3  ... 

Histogram: Memory.DumpProvider.TotalTime.AllDetailLevels.V8Isolate recorded 3 samples, mean = 1.3 (flags = 0x1)
0  O                                                                         (0 = 0.0%)
1  --O                                                                       (2 = 66.7%) {0.0%}
2  -O                                                                        (1 = 33.3%) {66.7%}
3  ... 

Histogram: Memory.DumpProvider.TotalTime.AllDetailLevels.V8SharedMemory recorded 3 samples, mean = 0.3 (flags = 0x1)
0  --O                                                                       (2 = 66.7%)
1  -O                                                                        (1 = 33.3%) {66.7%}
2  ... 

Histogram: Memory.DumpProvider.TotalTime.AllDetailLevels.cc__GpuImageDecodeCache recorded 9 samples, mean = 1.3 (flags = 0x1)
0  O                                                                         (0 = 0.0%)
1  ------O                                                                   (6 = 66.7%) {0.0%}
2  ---O                                                                      (3 = 33.3%) {66.7%}
3  ... 

Histogram: Memory.DumpProvider.TotalTime.AllDetailLevels.cc__ResourcePool recorded 9 samples, mean = 1.3 (flags = 0x1)
0  O                                                                         (0 = 0.0%)
1  ------O                                                                   (6 = 66.7%) {0.0%}
2  ---O                                                                      (3 = 33.3%) {66.7%}
3  ... 

Histogram: Memory.DumpProvider.TotalTime.AllDetailLevels.sql__Database recorded 15 samples, mean = 0.0 (flags = 0x1)
0  ---------------O                                                          (15 = 100.0%)
1  ... 

Histogram: Memory.DumpProvider.TotalTime.Background.AXPlatformNode recorded 3 samples, mean = 1.3 (flags = 0x1)
0  O                                                                         (0 = 0.0%)
1  --O                                                                       (2 = 66.7%) {0.0%}
2  -O                                                                        (1 = 33.3%) {66.7%}
3  ... 

Histogram: Memory.DumpProvider.TotalTime.Background.AXPlatformNodeWin recorded 3 samples, mean = 1.3 (flags = 0x1)
0  O                                                                         (0 = 0.0%)
1  --O                                                                       (2 = 66.7%) {0.0%}
2  -O                                                                        (1 = 33.3%) {66.7%}
3  ... 

Histogram: Memory.DumpProvider.TotalTime.Background.AllProviders recorded 141 samples, mean = 1.0 (flags = 0x1)
0  ------------------------------O                                           (34 = 24.1%)
1  ------------------------------------------------------------------------O (82 = 58.2%) {24.1%}
2  -------------O                                                            (15 = 10.6%) {82.3%}
3  ---------O                                                                (10 = 7.1%) {92.9%}
4  ... 

Histogram: Memory.DumpProvider.TotalTime.Background.BlobStorageContext recorded 9 samples, mean = 1.7 (flags = 0x1)
0  O                                                                         (0 = 0.0%)
1  ------O                                                                   (6 = 66.7%) {0.0%}
2  O                                                                         (0 = 0.0%) {66.7%}
3  ---O                                                                      (3 = 33.3%) {66.7%}
4  ... 

Histogram: Memory.DumpProvider.TotalTime.Background.BucketContext recorded 6 samples, mean = 1.0 (flags = 0x1)
0  O                                                                         (0 = 0.0%)
1  ------O                                                                   (6 = 100.0%) {0.0%}
2  ... 

Histogram: Memory.DumpProvider.TotalTime.Background.ContextProviderCommandBuffer recorded 6 samples, mean = 1.3 (flags = 0x1)
0  O                                                                         (0 = 0.0%)
1  ----O                                                                     (4 = 66.7%) {0.0%}
2  --O                                                                       (2 = 33.3%) {66.7%}
3  ... 

Histogram: Memory.DumpProvider.TotalTime.Background.DiscardableSharedMemoryManager recorded 3 samples, mean = 1.7 (flags = 0x1)
0  O                                                                         (0 = 0.0%)
1  --O                                                                       (2 = 66.7%) {0.0%}
2  O                                                                         (0 = 0.0%) {66.7%}
3  -O                                                                        (1 = 33.3%) {66.7%}
4  ... 

Histogram: Memory.DumpProvider.TotalTime.Background.FrameEvictionManager recorded 3 samples, mean = 1.3 (flags = 0x1)
0  O                                                                         (0 = 0.0%)
1  --O                                                                       (2 = 66.7%) {0.0%}
2  -O                                                                        (1 = 33.3%) {66.7%}
3  ... 

Histogram: Memory.DumpProvider.TotalTime.Background.IPCChannel recorded 3 samples, mean = 0.0 (flags = 0x1)
0  ---O                                                                      (3 = 100.0%)
1  ... 

Histogram: Memory.DumpProvider.TotalTime.Background.IndexedDBBackingStore recorded 6 samples, mean = 1.0 (flags = 0x1)
0  O                                                                         (0 = 0.0%)
1  ------O                                                                   (6 = 100.0%) {0.0%}
2  ... 

Histogram: Memory.DumpProvider.TotalTime.Background.LevelDB recorded 3 samples, mean = 0.0 (flags = 0x1)
0  ---O                                                                      (3 = 100.0%)
1  ... 

Histogram: Memory.DumpProvider.TotalTime.Background.LocalStorage recorded 9 samples, mean = 1.7 (flags = 0x1)
0  O                                                                         (0 = 0.0%)
1  ------O                                                                   (6 = 66.7%) {0.0%}
2  O                                                                         (0 = 0.0%) {66.7%}
3  ---O                                                                      (3 = 33.3%) {66.7%}
4  ... 

Histogram: Memory.DumpProvider.TotalTime.Background.Malloc recorded 3 samples, mean = 0.3 (flags = 0x1)
0  --O                                                                       (2 = 66.7%)
1  -O                                                                        (1 = 33.3%) {66.7%}
2  ... 

Histogram: Memory.DumpProvider.TotalTime.Background.MojoLevelDB recorded 15 samples, mean = 1.0 (flags = 0x1)
0  O                                                                         (0 = 0.0%)
1  ---------------O                                                          (15 = 100.0%) {0.0%}
2  ... 

Histogram: Memory.DumpProvider.TotalTime.Background.PartitionAlloc.AddressSpace recorded 3 samples, mean = 0.0 (flags = 0x1)
0  ---O                                                                      (3 = 100.0%)
1  ... 

Histogram: Memory.DumpProvider.TotalTime.Background.SessionStorage recorded 9 samples, mean = 1.7 (flags = 0x1)
0  O                                                                         (0 = 0.0%)
1  ------O                                                                   (6 = 66.7%) {0.0%}
2  O                                                                         (0 = 0.0%) {66.7%}
3  ---O                                                                      (3 = 33.3%) {66.7%}
4  ... 

Histogram: Memory.DumpProvider.TotalTime.Background.SharedMemoryTracker recorded 3 samples, mean = 1.0 (flags = 0x1)
0  O                                                                         (0 = 0.0%)
1  ---O                                                                      (3 = 100.0%) {0.0%}
2  ... 

Histogram: Memory.DumpProvider.TotalTime.Background.Skia recorded 3 samples, mean = 0.0 (flags = 0x1)
0  ---O                                                                      (3 = 100.0%)
1  ... 

Histogram: Memory.DumpProvider.TotalTime.Background.Sql recorded 3 samples, mean = 0.0 (flags = 0x1)
0  ---O                                                                      (3 = 100.0%)
1  ... 

Histogram: Memory.DumpProvider.TotalTime.Background.TileManager recorded 9 samples, mean = 1.3 (flags = 0x1)
0  O                                                                         (0 = 0.0%)
1  ------O                                                                   (6 = 66.7%) {0.0%}
2  ---O                                                                      (3 = 33.3%) {66.7%}
3  ... 

Histogram: Memory.DumpProvider.TotalTime.Background.V8Isolate recorded 3 samples, mean = 1.3 (flags = 0x1)
0  O                                                                         (0 = 0.0%)
1  --O                                                                       (2 = 66.7%) {0.0%}
2  -O                                                                        (1 = 33.3%) {66.7%}
3  ... 

Histogram: Memory.DumpProvider.TotalTime.Background.V8SharedMemory recorded 3 samples, mean = 0.3 (flags = 0x1)
0  --O                                                                       (2 = 66.7%)
1  -O                                                                        (1 = 33.3%) {66.7%}
2  ... 

Histogram: Memory.DumpProvider.TotalTime.Background.cc__GpuImageDecodeCache recorded 9 samples, mean = 1.3 (flags = 0x1)
0  O                                                                         (0 = 0.0%)
1  ------O                                                                   (6 = 66.7%) {0.0%}
2  ---O                                                                      (3 = 33.3%) {66.7%}
3  ... 

Histogram: Memory.DumpProvider.TotalTime.Background.cc__ResourcePool recorded 9 samples, mean = 1.3 (flags = 0x1)
0  O                                                                         (0 = 0.0%)
1  ------O                                                                   (6 = 66.7%) {0.0%}
2  ---O                                                                      (3 = 33.3%) {66.7%}
3  ... 

Histogram: Memory.DumpProvider.TotalTime.Background.sql__Database recorded 15 samples, mean = 0.0 (flags = 0x1)
0  ---------------O                                                          (15 = 100.0%)
1  ... 

Histogram: Memory.GPU.PeakMemoryAllocationSource2.PageLoad.CommandBuffer recorded 3 samples, mean = 0.0 (flags = 0x1)
0  ---O                                                                      (3 = 100.0%)
1  ... 

Histogram: Memory.GPU.PeakMemoryAllocationSource2.PageLoad.SharedContextState recorded 3 samples, mean = 5.7 (flags = 0x1)
0  -O                                                                        (1 = 33.3%)
1  ... 
8  -O                                                                        (1 = 33.3%) {33.3%}
9  -O                                                                        (1 = 33.3%) {66.7%}
10 ... 

Histogram: Memory.GPU.PeakMemoryAllocationSource2.PageLoad.SharedImageStub recorded 3 samples, mean = 9.3 (flags = 0x1)
0   -O                                                                        (1 = 33.3%)
1   ... 
13  -O                                                                        (1 = 33.3%) {33.3%}
14  O                                                                         (0 = 0.0%) {66.7%}
15  -O                                                                        (1 = 33.3%) {66.7%}
17  ... 

Histogram: Memory.GPU.PeakMemoryAllocationSource2.PageLoad.Skia recorded 3 samples, mean = 20.0 (flags = 0x1)
0   ... 
13  -O                                                                        (1 = 33.3%) {0.0%}
14  ... 
19  -O                                                                        (1 = 33.3%) {33.3%}
21  ... 
25  -O                                                                        (1 = 33.3%) {66.7%}
28  ... 

Histogram: Memory.GPU.PeakMemoryAllocationSource2.PageLoad.Unknown recorded 3 samples, mean = 0.0 (flags = 0x1)
0  ---O                                                                      (3 = 100.0%)
1  ... 

Histogram: Memory.GPU.PeakMemoryAllocationSource2.PageLoad.WebNN recorded 3 samples, mean = 0.0 (flags = 0x1)
0  ---O                                                                      (3 = 100.0%)
1  ... 

Histogram: Memory.GPU.PeakMemoryUsage2.PageLoad recorded 3 samples, mean = 35.7 (flags = 0x1)
0   ... 
13  -O                                                                        (1 = 33.3%) {0.0%}
14  ... 
42  -O                                                                        (1 = 33.3%) {33.3%}
46  -O                                                                        (1 = 33.3%) {66.7%}
51  ... 

Histogram: Memory.PartitionAlloc.PartitionRoot.ExtrasSize recorded 1 samples, mean = 4.0 (flags = 0x1)
0  ... 
4  -O                                                                        (1 = 100.0%) {0.0%}
5  ... 

Histogram: Memory.PressureLevel2 recorded 7 samples, mean = 0.0 (flags = 0x1)
0  -------O                                                                  (7 = 100.0%)
1  ... 

Histogram: Mojo.Channel.WriteMessageSize recorded 5 samples, mean = 238.4 (flags = 0x1)
0    ... 
186  ----O                                                                     (4 = 80.0%) {0.0%}
233  O                                                                         (0 = 0.0%) {80.0%}
292  -O                                                                        (1 = 20.0%) {80.0%}
365  ... 

Histogram: Mojo.Channel.WriteReceiveMessageProcessType recorded 6 samples, mean = 1.0 (flags = 0x1)
0  O                                                                         (0 = 0.0%)
1  ------O                                                                   (6 = 100.0%) {0.0%}
2  ... 

Histogram: Mojo.Channel.WriteSendMessageProcessType recorded 5 samples, mean = 1.0 (flags = 0x1)
0  O                                                                         (0 = 0.0%)
1  -----O                                                                    (5 = 100.0%) {0.0%}
2  ... 

Histogram: Mojo.Channel.WriteToReadLatencyUs recorded 4 samples, mean = 22.5 (flags = 0x1)
0   ... 
11  -O                                                                        (1 = 25.0%) {0.0%}
13  O                                                                         (0 = 0.0%) {25.0%}
15  -O                                                                        (1 = 25.0%) {25.0%}
17  ... 
22  -O                                                                        (1 = 25.0%) {50.0%}
25  ... 
36  -O                                                                        (1 = 25.0%) {75.0%}
41  ... 

Histogram: Mojo.EndToEndLatencyUs.BrowserIO recorded 0 samples (flags = 0x1)
0 ... 

Histogram: Mojo.EndToEndLatencyUs.BrowserMain recorded 2 samples, mean = 276.5 (flags = 0x1)
0    ... 
41   -O                                                                        (1 = 50.0%) {0.0%}
47   ... 
471  -O                                                                        (1 = 50.0%) {50.0%}
536  ... 

Histogram: NQE.ContentObserver.NetworkQualityMeaningfullyChanged recorded 3 samples, mean = 0.7
0  -O                                                                        (1 = 33.3%)
1  --O                                                                       (2 = 66.7%) {33.3%}
2  O                                                                         (0 = 0.0%) {100.0%}

Histogram: Navigation.AgentSchedulingGroupHost.RemoveRoute recorded 6 samples, mean = 0.0 (flags = 0x1)
0  ------O                                                                   (6 = 100.0%)
1  ... 

Histogram: Navigation.All.WastedSpeculativeRFHCase recorded 6 samples, mean = 0.5 (flags = 0x1)
0  ---O                                                                      (3 = 50.0%)
1  ---O                                                                      (3 = 50.0%) {50.0%}
2  ... 

Histogram: Navigation.BeforeUnloadExecutionMode.IsInOutermostMainFrame recorded 2 samples, mean = 0.0 (flags = 0x1)
0  --O                                                                       (2 = 100.0%)
1  ... 

Histogram: Navigation.BeforeUnloadExecutionMode.IsInOutermostMainFrame.CrossOrigin recorded 2 samples, mean = 0.0 (flags = 0x1)
0  --O                                                                       (2 = 100.0%)
1  ... 

Histogram: Navigation.BeginNavigationImpl.MainFrame recorded 3 samples, mean = 0.0 (flags = 0x1)
0  ---O                                                                      (3 = 100.0%)
1  ... 

Histogram: Navigation.BrowserInitiated.IsDuplicateWithoutThresholdCheck2 recorded 3 samples, mean = 0.0 (flags = 0x1)
0  ---O                                                                      (3 = 100.0%)
1  ... 

Histogram: Navigation.BrowserInitiated.ShouldDispatchBeforeUnload recorded 3 samples, mean = 0.0 (flags = 0x1)
0  ---O                                                                      (3 = 100.0%)
1  ... 

Histogram: Navigation.DeferSpeculativeRFHAction recorded 3 samples, mean = 0.0 (flags = 0x1)
0  ---O                                                                      (3 = 100.0%)
1  ... 

Histogram: Navigation.DelayedCurrentProcessInitByLaunchingSpareFirst recorded 6 samples, mean = 1.0 (flags = 0x1)
0  O                                                                         (0 = 0.0%)
1  ------O                                                                   (6 = 100.0%) {0.0%}
2  O                                                                         (0 = 0.0%) {100.0%}

Histogram: Navigation.DidStartLoading.MainFrame recorded 3 samples, mean = 0.0 (flags = 0x1)
0  ---O                                                                      (3 = 100.0%)
1  ... 

Histogram: Navigation.DocumentAssociatedDataDestructor recorded 6 samples, mean = 0.0 (flags = 0x1)
0  ------O                                                                   (6 = 100.0%)
1  ... 

Histogram: Navigation.EarlyRenderFrameHostSwapType recorded 3 samples, mean = 0.0 (flags = 0x1)
0  ---O                                                                      (3 = 100.0%)
1  ... 

Histogram: Navigation.GetFrameHostForNavigation recorded 6 samples, mean = 1.3 (flags = 0x1)
0  ---O                                                                      (3 = 50.0%)
1  O                                                                         (0 = 0.0%) {50.0%}
2  --O                                                                       (2 = 33.3%) {50.0%}
3  O                                                                         (0 = 0.0%) {83.3%}
4  -O                                                                        (1 = 16.7%) {83.3%}
5  ... 

Histogram: Navigation.GetFrameHostForNavigationTime.InDidCreateNavigationRequest.IsHTTPOrHTTPS recorded 2 samples, mean = 2453.5 (flags = 0x1)
0     ... 
2008  --O                                                                       (2 = 100.0%) {0.0%}
2786  ... 

Histogram: Navigation.IsGuest recorded 3 samples, mean = 0.0 (flags = 0x1)
0  ---O                                                                      (3 = 100.0%)
1  ... 

Histogram: Navigation.IsLockedProcess recorded 3 samples, mean = 1.0 (flags = 0x1)
0  O                                                                         (0 = 0.0%)
1  ---O                                                                      (3 = 100.0%) {0.0%}
2  O                                                                         (0 = 0.0%) {100.0%}

Histogram: Navigation.IsLockedProcess.HTTPOrHTTPS recorded 2 samples, mean = 1.0 (flags = 0x1)
0  O                                                                         (0 = 0.0%)
1  --O                                                                       (2 = 100.0%) {0.0%}
2  O                                                                         (0 = 0.0%) {100.0%}

Histogram: Navigation.IsProcessBackgrounded2.OnCommit recorded 2 samples, mean = 0.0 (flags = 0x1)
0  --O                                                                       (2 = 100.0%)
1  ... 

Histogram: Navigation.IsProcessBackgrounded2.OnDOMContentLoaded recorded 2 samples, mean = 0.0 (flags = 0x1)
0  --O                                                                       (2 = 100.0%)
1  ... 

Histogram: Navigation.IsSameBrowsingInstance recorded 3 samples, mean = 1.0 (flags = 0x1)
0  O                                                                         (0 = 0.0%)
1  ---O                                                                      (3 = 100.0%) {0.0%}
2  O                                                                         (0 = 0.0%) {100.0%}

Histogram: Navigation.IsSameSiteInstance recorded 3 samples, mean = 1.0 (flags = 0x1)
0  O                                                                         (0 = 0.0%)
1  ---O                                                                      (3 = 100.0%) {0.0%}
2  O                                                                         (0 = 0.0%) {100.0%}

Histogram: Navigation.IsSameSiteInstance.MainFrame recorded 3 samples, mean = 1.0 (flags = 0x1)
0  O                                                                         (0 = 0.0%)
1  ---O                                                                      (3 = 100.0%) {0.0%}
2  O                                                                         (0 = 0.0%) {100.0%}

Histogram: Navigation.LoaderCreateToRequestStart.MainFrame recorded 3 samples, mean = 0.0 (flags = 0x1)
0  ---O                                                                      (3 = 100.0%)
1  ... 

Histogram: Navigation.MainFrame.FrameCount recorded 3 samples, mean = 1.0 (flags = 0x1)
0  O                                                                         (0 = 0.0%)
1  ---O                                                                      (3 = 100.0%) {0.0%}
2  ... 

Histogram: Navigation.MainFrame.MaxFrameCount recorded 3 samples, mean = 1.0 (flags = 0x1)
0  O                                                                         (0 = 0.0%)
1  ---O                                                                      (3 = 100.0%) {0.0%}
2  ... 

Histogram: Navigation.MainFrame.NewNavigation.IgnoreRestore.IsHTTPOrHTTPS.BeginNavigationToLoaderStart.Time2 recorded 2 samples, mean = 0.0 (flags = 0x1)
0  --O                                                                       (2 = 100.0%)
1  ... 

Histogram: Navigation.MainFrame.NewNavigation.IgnoreRestore.IsHTTPOrHTTPS.FetchStart.Time2 recorded 2 samples, mean = 4.5 (flags = 0x1)
0  ... 
3  -O                                                                        (1 = 50.0%) {0.0%}
4  ... 
6  -O                                                                        (1 = 50.0%) {50.0%}
7  ... 

Histogram: Navigation.MainFrame.NewNavigation.IgnoreRestore.IsHTTPOrHTTPS.LoaderStartToFetchStart.Time2 recorded 2 samples, mean = 2.5 (flags = 0x1)
0  ... 
2  -O                                                                        (1 = 50.0%) {0.0%}
3  -O                                                                        (1 = 50.0%) {50.0%}
4  ... 

Histogram: Navigation.MainFrame.NewNavigation.IgnoreRestore.IsHTTPOrHTTPS.LoaderStartToReceiveResponse.Time2 recorded 2 samples, mean = 10.5 (flags = 0x1)
0   ... 
8   -O                                                                        (1 = 50.0%) {0.0%}
10  O                                                                         (0 = 0.0%) {50.0%}
12  -O                                                                        (1 = 50.0%) {50.0%}
14  ... 

Histogram: Navigation.MainFrame.NewNavigation.IgnoreRestore.IsHTTPOrHTTPS.NavigationStartToBeginNavigation.Time2 recorded 2 samples, mean = 2.0 (flags = 0x1)
0  ... 
2  --O                                                                       (2 = 100.0%) {0.0%}
3  ... 

Histogram: Navigation.MainFrame.NewNavigation.IgnoreRestore.IsHTTPOrHTTPS.ReceiveHeaders.Time2 recorded 2 samples, mean = 1.5 (flags = 0x1)
0  O                                                                         (0 = 0.0%)
1  -O                                                                        (1 = 50.0%) {0.0%}
2  -O                                                                        (1 = 50.0%) {50.0%}
3  ... 

Histogram: Navigation.MainFrame.NewNavigation.IgnoreRestore.IsHTTPOrHTTPS.ReceiveHeadersToReceiveResponse.Time2 recorded 2 samples, mean = 0.5 (flags = 0x1)
0  -O                                                                        (1 = 50.0%)
1  -O                                                                        (1 = 50.0%) {50.0%}
2  ... 

Histogram: Navigation.MainFrame.NewNavigation.IgnoreRestore.IsHTTPOrHTTPS.ReceiveResponseToCommitNavigation.Time2 recorded 2 samples, mean = 0.5 (flags = 0x1)
0  -O                                                                        (1 = 50.0%)
1  -O                                                                        (1 = 50.0%) {50.0%}
2  ... 

Histogram: Navigation.NotFromAd.WastedSpeculativeRFHCase recorded 6 samples, mean = 0.5 (flags = 0x1)
0  ---O                                                                      (3 = 50.0%)
1  ---O                                                                      (3 = 50.0%) {50.0%}
2  ... 

Histogram: Navigation.OriginAgentCluster.Result recorded 3 samples, mean = 8.7 (flags = 0x1)
0  ... 
8  -O                                                                        (1 = 33.3%) {0.0%}
9  --O                                                                       (2 = 66.7%) {33.3%}
10 O                                                                         (0 = 0.0%) {100.0%}

Histogram: Navigation.ProcessNavigationThrottlesTime.WillStartRequest.MainFrame recorded 3 samples, mean = 0.0 (flags = 0x1)
0  ---O                                                                      (3 = 100.0%)
1  ... 

Histogram: Navigation.QueueTime.OnReceiveResponse.MainFrame recorded 3 samples, mean = 0.3 (flags = 0x1)
0  --O                                                                       (2 = 66.7%)
1  -O                                                                        (1 = 33.3%) {66.7%}
2  ... 

Histogram: Navigation.ReadyToCommitUntilCommit2 recorded 3 samples, mean = 40.0 (flags = 0x1)
0   ... 
32  --O                                                                       (2 = 66.7%) {0.0%}
41  -O                                                                        (1 = 33.3%) {66.7%}
52  ... 

Histogram: Navigation.ReadyToCommitUntilCommit2.ForegroundProcessPriority recorded 3 samples, mean = 40.0 (flags = 0x1)
0   ... 
32  --O                                                                       (2 = 66.7%) {0.0%}
41  -O                                                                        (1 = 33.3%) {66.7%}
52  ... 

Histogram: Navigation.ReadyToCommitUntilCommit2.NewNavigation recorded 3 samples, mean = 40.0 (flags = 0x1)
0   ... 
32  --O                                                                       (2 = 66.7%) {0.0%}
41  -O                                                                        (1 = 33.3%) {66.7%}
52  ... 

Histogram: Navigation.RegisterNavigationThrottlesTime.MainFrame recorded 3 samples, mean = 0.0 (flags = 0x1)
0  ---O                                                                      (3 = 100.0%)
1  ... 

Histogram: Navigation.RenderFrameHostConstructor recorded 3 samples, mean = 0.0 (flags = 0x1)
0  ---O                                                                      (3 = 100.0%)
1  ... 

Histogram: Navigation.RenderFrameHostDestructor recorded 3 samples, mean = 0.0 (flags = 0x1)
0  ---O                                                                      (3 = 100.0%)
1  ... 

Histogram: Navigation.RenderViewHostConstructor recorded 3 samples, mean = 0.0 (flags = 0x1)
0  ---O                                                                      (3 = 100.0%)
1  ... 

Histogram: Navigation.RenderViewHostDestructor recorded 3 samples, mean = 0.0 (flags = 0x1)
0  ---O                                                                      (3 = 100.0%)
1  ... 

Histogram: Navigation.RenderWidgetHostConstructor recorded 3 samples, mean = 0.0 (flags = 0x1)
0  ---O                                                                      (3 = 100.0%)
1  ... 

Histogram: Navigation.RenderWidgetHostDestructor recorded 3 samples, mean = 0.0 (flags = 0x1)
0  ---O                                                                      (3 = 100.0%)
1  ... 

Histogram: Navigation.RendererDidNavigateTime.MainFrame recorded 3 samples, mean = 0.0 (flags = 0x1)
0  ---O                                                                      (3 = 100.0%)
1  ... 

Histogram: Navigation.RequiresDedicatedProcess recorded 3 samples, mean = 1.0 (flags = 0x1)
0  O                                                                         (0 = 0.0%)
1  ---O                                                                      (3 = 100.0%) {0.0%}
2  O                                                                         (0 = 0.0%) {100.0%}

Histogram: Navigation.RequiresDedicatedProcess.HTTPOrHTTPS recorded 2 samples, mean = 1.0 (flags = 0x1)
0  O                                                                         (0 = 0.0%)
1  --O                                                                       (2 = 100.0%) {0.0%}
2  O                                                                         (0 = 0.0%) {100.0%}

Histogram: Navigation.ResetChildren recorded 9 samples, mean = 0.0 (flags = 0x1)
0  ---------O                                                                (9 = 100.0%)
1  ... 

Histogram: Navigation.SendCommitNavigationTime.MainFrame recorded 3 samples, mean = 0.0 (flags = 0x1)
0  ---O                                                                      (3 = 100.0%)
1  ... 

Histogram: Navigation.StartAdjustment.AllFrames recorded 3 samples, mean = 0.0 (flags = 0x1)
0  ---O                                                                      (3 = 100.0%)
1  ... 

Histogram: Navigation.StartAdjustment.MainFrameOnly recorded 3 samples, mean = 0.0 (flags = 0x1)
0  ---O                                                                      (3 = 100.0%)
1  ... 

Histogram: Navigation.StartToCommit recorded 3 samples, mean = 51.7 (flags = 0x1)
0   ... 
41  --O                                                                       (2 = 66.7%) {0.0%}
52  -O                                                                        (1 = 33.3%) {66.7%}
66  ... 

Histogram: Navigation.StartToCommit.ForegroundProcessPriority recorded 3 samples, mean = 51.7 (flags = 0x1)
0   ... 
41  --O                                                                       (2 = 66.7%) {0.0%}
52  -O                                                                        (1 = 33.3%) {66.7%}
66  ... 

Histogram: Navigation.StartToCommit.MainFrame recorded 3 samples, mean = 51.7 (flags = 0x1)
0   ... 
41  --O                                                                       (2 = 66.7%) {0.0%}
52  -O                                                                        (1 = 33.3%) {66.7%}
66  ... 

Histogram: Navigation.StartToCommit.MainFrame.ForegroundProcessPriority recorded 3 samples, mean = 51.7 (flags = 0x1)
0   ... 
41  --O                                                                       (2 = 66.7%) {0.0%}
52  -O                                                                        (1 = 33.3%) {66.7%}
66  ... 

Histogram: Navigation.StartToCommit.MainFrame.NewNavigation recorded 3 samples, mean = 51.7 (flags = 0x1)
0   ... 
41  --O                                                                       (2 = 66.7%) {0.0%}
52  -O                                                                        (1 = 33.3%) {66.7%}
66  ... 

Histogram: Navigation.StartToCommit.NewNavigation recorded 3 samples, mean = 51.7 (flags = 0x1)
0   ... 
41  --O                                                                       (2 = 66.7%) {0.0%}
52  -O                                                                        (1 = 33.3%) {66.7%}
66  ... 

Histogram: Navigation.StartToCommit.SameProcess recorded 3 samples, mean = 51.7 (flags = 0x1)
0   ... 
41  --O                                                                       (2 = 66.7%) {0.0%}
52  -O                                                                        (1 = 33.3%) {66.7%}
66  ... 

Histogram: Navigation.StartToCommit.SameProcess.ForegroundProcessPriority recorded 3 samples, mean = 51.7 (flags = 0x1)
0   ... 
41  --O                                                                       (2 = 66.7%) {0.0%}
52  -O                                                                        (1 = 33.3%) {66.7%}
66  ... 

Histogram: Navigation.StartToCommit.SameProcess.MainFrame recorded 3 samples, mean = 51.7 (flags = 0x1)
0   ... 
41  --O                                                                       (2 = 66.7%) {0.0%}
52  -O                                                                        (1 = 33.3%) {66.7%}
66  ... 

Histogram: Navigation.StartToCommit.SameProcess.MainFrame.ForegroundProcessPriority recorded 3 samples, mean = 51.7 (flags = 0x1)
0   ... 
41  --O                                                                       (2 = 66.7%) {0.0%}
52  -O                                                                        (1 = 33.3%) {66.7%}
66  ... 

Histogram: Navigation.StartToCommit.SameProcess.MainFrame.NewNavigation recorded 3 samples, mean = 51.7 (flags = 0x1)
0   ... 
41  --O                                                                       (2 = 66.7%) {0.0%}
52  -O                                                                        (1 = 33.3%) {66.7%}
66  ... 

Histogram: Navigation.StartToCommit.SameProcess.NewNavigation recorded 3 samples, mean = 51.7 (flags = 0x1)
0   ... 
41  --O                                                                       (2 = 66.7%) {0.0%}
52  -O                                                                        (1 = 33.3%) {66.7%}
66  ... 

Histogram: Navigation.SuddenTerminationDisabler.AllOrigins recorded 3 samples, mean = 13.0 (flags = 0x1)
0   ... 
13  ---O                                                                      (3 = 100.0%) {0.0%}
14  ... 

Histogram: Navigation.SuddenTerminationDisabler.SameOrigin recorded 3 samples, mean = 13.0 (flags = 0x1)
0   ... 
13  ---O                                                                      (3 = 100.0%) {0.0%}
14  ... 

Histogram: Navigation.ThrottleCount recorded 3 samples, mean = 9.0 (flags = 0x1)
0  ... 
9  ---O                                                                      (3 = 100.0%) {0.0%}
10 ... 

Histogram: Navigation.ThrottleEventDurationTime.WillProcessResponse recorded 3 samples, mean = 0.0 (flags = 0x1)
0  ---O                                                                      (3 = 100.0%)
1  ... 

Histogram: Navigation.ThrottleEventDurationTime.WillStartRequest recorded 3 samples, mean = 0.0 (flags = 0x1)
0  ---O                                                                      (3 = 100.0%)
1  ... 

Histogram: Navigation.ThrottleEventExecutionTime.WillProcessResponse recorded 3 samples, mean = 0.0 (flags = 0x1)
0  ---O                                                                      (3 = 100.0%)
1  ... 

Histogram: Navigation.ThrottleEventExecutionTime.WillStartRequest recorded 3 samples, mean = 0.0 (flags = 0x1)
0  ---O                                                                      (3 = 100.0%)
1  ... 

Histogram: Navigation.ThrottleExecutionTime.WillProcessResponse recorded 27 samples, mean = 0.0 (flags = 0x1)
0  ---------------------------O                                              (27 = 100.0%)
1  ... 

Histogram: Navigation.ThrottleExecutionTime.WillStartRequest recorded 27 samples, mean = 0.0 (flags = 0x1)
0  ---------------------------O                                              (27 = 100.0%)
1  ... 

Histogram: Navigation.ThrottleTotalDeferCount recorded 3 samples, mean = 0.0 (flags = 0x1)
0  ---O                                                                      (3 = 100.0%)
1  ... 

Histogram: Navigation.ThrottleTotalDeferCount.Request recorded 3 samples, mean = 0.0 (flags = 0x1)
0  ---O                                                                      (3 = 100.0%)
1  ... 

Histogram: Navigation.ThrottleTotalDeferTime recorded 3 samples, mean = 0.0 (flags = 0x1)
0  ---O                                                                      (3 = 100.0%)
1  ... 

Histogram: Navigation.ThrottleTotalDeferTime.Request recorded 3 samples, mean = 0.0 (flags = 0x1)
0  ---O                                                                      (3 = 100.0%)
1  ... 

Histogram: Navigation.TimeToReadyToCommit2 recorded 3 samples, mean = 11.3 (flags = 0x1)
0   ... 
6   -O                                                                        (1 = 33.3%) {0.0%}
8   O                                                                         (0 = 0.0%) {33.3%}
10  -O                                                                        (1 = 33.3%) {33.3%}
13  -O                                                                        (1 = 33.3%) {66.7%}
16  ... 

Histogram: Navigation.TimeToReadyToCommit2.MainFrame recorded 3 samples, mean = 11.3 (flags = 0x1)
0   ... 
6   -O                                                                        (1 = 33.3%) {0.0%}
8   O                                                                         (0 = 0.0%) {33.3%}
10  -O                                                                        (1 = 33.3%) {33.3%}
13  -O                                                                        (1 = 33.3%) {66.7%}
16  ... 

Histogram: Navigation.TimeToReadyToCommit2.MainFrame.NewNavigation recorded 3 samples, mean = 11.3 (flags = 0x1)
0   ... 
6   -O                                                                        (1 = 33.3%) {0.0%}
8   O                                                                         (0 = 0.0%) {33.3%}
10  -O                                                                        (1 = 33.3%) {33.3%}
13  -O                                                                        (1 = 33.3%) {66.7%}
16  ... 

Histogram: Navigation.TimeToReadyToCommit2.NewNavigation recorded 3 samples, mean = 11.3 (flags = 0x1)
0   ... 
6   -O                                                                        (1 = 33.3%) {0.0%}
8   O                                                                         (0 = 0.0%) {33.3%}
10  -O                                                                        (1 = 33.3%) {33.3%}
13  -O                                                                        (1 = 33.3%) {66.7%}
16  ... 

Histogram: Navigation.TimeToReadyToCommit2.SameProcess recorded 3 samples, mean = 11.3 (flags = 0x1)
0   ... 
6   -O                                                                        (1 = 33.3%) {0.0%}
8   O                                                                         (0 = 0.0%) {33.3%}
10  -O                                                                        (1 = 33.3%) {33.3%}
13  -O                                                                        (1 = 33.3%) {66.7%}
16  ... 

Histogram: Navigation.TimeToReadyToCommit2.SameProcess.NewNavigation recorded 3 samples, mean = 11.3 (flags = 0x1)
0   ... 
6   -O                                                                        (1 = 33.3%) {0.0%}
8   O                                                                         (0 = 0.0%) {33.3%}
10  -O                                                                        (1 = 33.3%) {33.3%}
13  -O                                                                        (1 = 33.3%) {66.7%}
16  ... 

Histogram: Navigation.Timeline.BeginNavigationToLoaderStart.Duration recorded 3 samples, mean = 0.0 (flags = 0x1)
0  ---O                                                                      (3 = 100.0%)
1  ... 

Histogram: Navigation.Timeline.CommitToDidCommit.Duration recorded 3 samples, mean = 38.3 (flags = 0x1)
0   ... 
34  --O                                                                       (2 = 66.7%) {0.0%}
40  -O                                                                        (1 = 33.3%) {66.7%}
48  ... 

Histogram: Navigation.Timeline.DidCommitToFinish.Duration recorded 3 samples, mean = 0.3 (flags = 0x1)
0  --O                                                                       (2 = 66.7%)
1  -O                                                                        (1 = 33.3%) {66.7%}
2  ... 

Histogram: Navigation.Timeline.FetchStartToReceiveHeaders.Duration recorded 2 samples, mean = 6.5 (flags = 0x1)
0  ... 
5  -O                                                                        (1 = 50.0%) {0.0%}
6  ... 
8  -O                                                                        (1 = 50.0%) {50.0%}
10 ... 

Histogram: Navigation.Timeline.IgnoredCorrectly.Duration recorded 3 samples, mean = 0.0 (flags = 0x1)
0  ---O                                                                      (3 = 100.0%)
1  ... 

Histogram: Navigation.Timeline.IgnoredIncorrectly.Duration recorded 3 samples, mean = 0.0 (flags = 0x1)
0  ---O                                                                      (3 = 100.0%)
1  ... 

Histogram: Navigation.Timeline.IgnoredIncorrectly.MainFrameOnly.Duration recorded 3 samples, mean = 0.0 (flags = 0x1)
0  ---O                                                                      (3 = 100.0%)
1  ... 

Histogram: Navigation.Timeline.IgnoredIncorrectly.MainFrameOnly.Percentage recorded 3 samples, mean = 0.0 (flags = 0x1)
0  ---O                                                                      (3 = 100.0%)
1  ... 

Histogram: Navigation.Timeline.IgnoredIncorrectly.Percentage recorded 3 samples, mean = 0.0 (flags = 0x1)
0  ---O                                                                      (3 = 100.0%)
1  ... 

Histogram: Navigation.Timeline.LoaderStartToFetchStart.Duration recorded 3 samples, mean = 2.0 (flags = 0x1)
0  O                                                                         (0 = 0.0%)
1  -O                                                                        (1 = 33.3%) {0.0%}
2  -O                                                                        (1 = 33.3%) {33.3%}
3  -O                                                                        (1 = 33.3%) {66.7%}
4  ... 

Histogram: Navigation.Timeline.LoaderStartToReceiveResponse.Duration recorded 3 samples, mean = 7.7 (flags = 0x1)
0   ... 
2   -O                                                                        (1 = 33.3%) {0.0%}
3   ... 
8   -O                                                                        (1 = 33.3%) {33.3%}
10  O                                                                         (0 = 0.0%) {66.7%}
12  -O                                                                        (1 = 33.3%) {66.7%}
14  ... 

Histogram: Navigation.Timeline.NavigationRequestToBeginNavigation.Duration recorded 3 samples, mean = 2.7 (flags = 0x1)
0  ... 
2  --O                                                                       (2 = 66.7%) {0.0%}
3  O                                                                         (0 = 0.0%) {66.7%}
4  -O                                                                        (1 = 33.3%) {66.7%}
5  ... 

Histogram: Navigation.Timeline.ReceiveHeadersToReceiveResponse.Duration recorded 2 samples, mean = 0.5 (flags = 0x1)
0  -O                                                                        (1 = 50.0%)
1  -O                                                                        (1 = 50.0%) {50.0%}
2  ... 

Histogram: Navigation.Timeline.ReceiveResponseToCommit.Duration recorded 3 samples, mean = 0.3 (flags = 0x1)
0  --O                                                                       (2 = 66.7%)
1  -O                                                                        (1 = 33.3%) {66.7%}
2  ... 

Histogram: Navigation.Timeline.RendererCommitToDidCommit.Duration recorded 3 samples, mean = 0.0 (flags = 0x1)
0  ---O                                                                      (3 = 100.0%)
1  ... 

Histogram: Navigation.Timeline.StartToNavigationRequestCreation.Duration recorded 3 samples, mean = 0.0 (flags = 0x1)
0  ---O                                                                      (3 = 100.0%)
1  ... 

Histogram: Navigation.Timeline.Total.Duration recorded 3 samples, mean = 52.0 (flags = 0x1)
0   ... 
40  -O                                                                        (1 = 33.3%) {0.0%}
48  -O                                                                        (1 = 33.3%) {33.3%}
57  -O                                                                        (1 = 33.3%) {66.7%}
68  ... 

Histogram: Navigation.Timeline.TotalExcludingBeforeUnload.Duration recorded 3 samples, mean = 52.0 (flags = 0x1)
0   ... 
40  -O                                                                        (1 = 33.3%) {0.0%}
48  -O                                                                        (1 = 33.3%) {33.3%}
57  -O                                                                        (1 = 33.3%) {66.7%}
68  ... 

Histogram: Navigation.Timeline.TotalExcludingBeforeUnload.MainFrameOnly.Duration recorded 3 samples, mean = 52.0 (flags = 0x1)
0   ... 
40  -O                                                                        (1 = 33.3%) {0.0%}
48  -O                                                                        (1 = 33.3%) {33.3%}
57  -O                                                                        (1 = 33.3%) {66.7%}
68  ... 

Histogram: Navigation.Timeline.TotalExcludingBeforeUnloadDialog.Duration recorded 3 samples, mean = 52.0 (flags = 0x1)
0   ... 
40  -O                                                                        (1 = 33.3%) {0.0%}
48  -O                                                                        (1 = 33.3%) {33.3%}
57  -O                                                                        (1 = 33.3%) {66.7%}
68  ... 

Histogram: Navigation.Timeline.TotalExcludingBeforeUnloadDialog.MainFrameOnly.Duration recorded 3 samples, mean = 52.0 (flags = 0x1)
0   ... 
40  -O                                                                        (1 = 33.3%) {0.0%}
48  -O                                                                        (1 = 33.3%) {33.3%}
57  -O                                                                        (1 = 33.3%) {66.7%}
68  ... 

Histogram: Navigation.URLLoader.HasClientHintsControllerDelegate recorded 3 samples, mean = 0.0 (flags = 0x1)
0  ---O                                                                      (3 = 100.0%)
1  ... 

Histogram: Navigation.URLLoader.InMainPath recorded 3 samples, mean = 0.7 (flags = 0x1)
0  -O                                                                        (1 = 33.3%)
1  --O                                                                       (2 = 66.7%) {33.3%}
2  O                                                                         (0 = 0.0%) {100.0%}

Histogram: Navigation.URLLoader.ParseHeaders.RoundTripTimeForNonNetworkResponse recorded 1 samples, mean = 621.0 (flags = 0x1)
0    ... 
542  -O                                                                        (1 = 100.0%) {0.0%}
752  ... 

Histogram: Navigation.UserAgentStringType recorded 2 samples, mean = 2.0 (flags = 0x1)
0  ... 
2  --O                                                                       (2 = 100.0%) {0.0%}
3  O                                                                         (0 = 0.0%) {100.0%}

Histogram: Navigation.WillStartRequestToLoaderStart.MainFrame recorded 3 samples, mean = 0.0 (flags = 0x1)
0  ---O                                                                      (3 = 100.0%)
1  ... 

Histogram: Net.DNS.DnsConfig.Windows.Compatibility recorded 1 samples, mean = 0.0 (flags = 0x1)
0  -O                                                                        (1 = 100.0%)
1  ... 

Histogram: Net.DNS.DnsConfig.Windows.ReadSystemSettings0 recorded 1 samples, mean = 0.0 (flags = 0x1)
0  -O                                                                        (1 = 100.0%)
1  ... 

Histogram: Net.DNS.DnsHosts.Count recorded 1 samples, mean = 3.0 (flags = 0x1)
0  ... 
3  -O                                                                        (1 = 100.0%) {0.0%}
4  ... 

Histogram: Net.DNS.DnsHosts.EstimateMemoryUsage recorded 1 samples, mean = 314.0 (flags = 0x1)
0  -O                                                                        (1 = 100.0%)
1000... 

Histogram: Net.DNS.DnsHosts.FileSize recorded 1 samples, mean = 1056.0 (flags = 0x1)
0    ... 
737  -O                                                                        (1 = 100.0%) {0.0%}
1065 ... 

Histogram: Net.HttpResponseCode2 recorded 4 samples, mean = 200.0 (flags = 0x1)
0    ... 
200  ----O                                                                     (4 = 100.0%) {0.0%}
201  ... 

Histogram: Net.NetworkChangeNotifier.NewConnectionCost recorded 1 samples, mean = 1.0 (flags = 0x1)
0  O                                                                         (0 = 0.0%)
1  -O                                                                        (1 = 100.0%) {0.0%}
2  ... 

Histogram: Net.URLLoaderThrottle.OnReceiveResponseTime recorded 3 samples, mean = 0.7 (flags = 0x1)
0  -O                                                                        (1 = 33.3%)
1  --O                                                                       (2 = 66.7%) {33.3%}
2  ... 

Histogram: Net.URLLoaderThrottleExecutionTime.BeforeWillProcessResponse recorded 9 samples, mean = 0.0 (flags = 0x1)
0  ---------O                                                                (9 = 100.0%)
1  ... 

Histogram: Net.URLLoaderThrottleExecutionTime.WillProcessResponse recorded 9 samples, mean = 0.0 (flags = 0x1)
0  ---------O                                                                (9 = 100.0%)
1  ... 

Histogram: Net.URLLoaderThrottleExecutionTime.WillStartRequest recorded 9 samples, mean = 0.0 (flags = 0x1)
0  ---------O                                                                (9 = 100.0%)
1  ... 

Histogram: NetworkService.GrantSandboxResult recorded 3 samples, mean = 4.7 (flags = 0x1)
0  -O                                                                        (1 = 33.3%)
1  ... 
7  --O                                                                       (2 = 66.7%) {33.3%}
8  ... 

Histogram: NetworkService.TimeToGrantCacheAccess recorded 1 samples, mean = 1.0 (flags = 0x1)
0  O                                                                         (0 = 0.0%)
1  -O                                                                        (1 = 100.0%) {0.0%}
2  ... 

Histogram: NetworkService.TimeToGrantDataAccess recorded 1 samples, mean = 0.0 (flags = 0x1)
0  -O                                                                        (1 = 100.0%)
1  ... 

Histogram: NetworkService.TimeToGrantSharedDictionaryAccess recorded 1 samples, mean = 1.0 (flags = 0x1)
0  O                                                                         (0 = 0.0%)
1  -O                                                                        (1 = 100.0%) {0.0%}
2  ... 

Histogram: NetworkService.TimeToMigrateData recorded 1 samples, mean = 0.0 (flags = 0x1)
0  -O                                                                        (1 = 100.0%)
1  ... 

Histogram: OSCrypt.Win.Encrypt.Result recorded 1 samples, mean = 1.0 (flags = 0x1)
0  O                                                                         (0 = 0.0%)
1  -O                                                                        (1 = 100.0%) {0.0%}
2  O                                                                         (0 = 0.0%) {100.0%}

Histogram: OSCrypt.Win.Encrypt.Time recorded 1 samples, mean = 0.0 (flags = 0x1)
0  -O                                                                        (1 = 100.0%)
1  ... 

Histogram: Power.DarkMode.DarkColorScheme.InferredDarkPageColorScheme recorded 2 samples, mean = 1.0 (flags = 0x1)
0  O                                                                         (0 = 0.0%)
1  --O                                                                       (2 = 100.0%) {0.0%}
2  O                                                                         (0 = 0.0%) {100.0%}

Histogram: Power.DarkMode.InferredDarkPageColorScheme recorded 2 samples, mean = 1.0 (flags = 0x1)
0  O                                                                         (0 = 0.0%)
1  --O                                                                       (2 = 100.0%) {0.0%}
2  O                                                                         (0 = 0.0%) {100.0%}

Histogram: Prefs.JSonStore.SetValueKey recorded 11 samples (flags = 0x1)
435583371   ---O                                                                      (3 = 27.3%)
615214499   --O                                                                       (2 = 18.2%)
987246806   ---O                                                                      (3 = 27.3%)
1333612670  -O                                                                        (1 = 9.1%)
1535918026  -O                                                                        (1 = 9.1%)
2022894957  -O                                                                        (1 = 9.1%)

Histogram: Prerender.Experimental.PrerenderProcessReuseAvailability recorded 3 samples, mean = 3.0 (flags = 0x1)
0  ... 
3  ---O                                                                      (3 = 100.0%) {0.0%}
4  O                                                                         (0 = 0.0%) {100.0%}

Histogram: Privacy.DIPS.BtmBounceDetector.AllAccessesMatched recorded 3 samples, mean = 1.0 (flags = 0x1)
0  O                                                                         (0 = 0.0%)
1  ---O                                                                      (3 = 100.0%) {0.0%}
2  O                                                                         (0 = 0.0%) {100.0%}

Histogram: Privacy.DIPS.ClearedSitesCount.Block3PC recorded 1 samples, mean = 0.0 (flags = 0x1)
0  -O                                                                        (1 = 100.0%)
1  ... 

Histogram: Privacy.DIPS.ClearedSitesCount.OffTheRecord_Block3PC recorded 2 samples, mean = 0.0 (flags = 0x1)
0  --O                                                                       (2 = 100.0%)
1  ... 

Histogram: Privacy.DIPS.Database.Operation.GetSitesThatBouncedTime recorded 3 samples, mean = 0.0 (flags = 0x1)
0  ---O                                                                      (3 = 100.0%)
1  ... 

Histogram: Privacy.DIPS.Database.Operation.InitTime recorded 3 samples, mean = 1.3 (flags = 0x1)
0  --O                                                                       (2 = 66.7%)
1  ... 
4  -O                                                                        (1 = 33.3%) {66.7%}
5  ... 

Histogram: Privacy.DIPS.DatabaseEntryCount recorded 3 samples, mean = 0.0 (flags = 0x1)
0  ---O                                                                      (3 = 100.0%)
1  ... 

Histogram: Privacy.DIPS.DatabaseHealthMetricsTime recorded 3 samples, mean = 0.0 (flags = 0x1)
0  ---O                                                                      (3 = 100.0%)
1  ... 

Histogram: Privacy.DIPS.DatabaseInit recorded 3 samples, mean = 1.0 (flags = 0x1)
0  O                                                                         (0 = 0.0%)
1  ---O                                                                      (3 = 100.0%) {0.0%}
2  ... 

Histogram: Privacy.DIPS.DatabaseSize recorded 1 samples, mean = 4.0 (flags = 0x1)
0  -O                                                                        (1 = 100.0%)
1000... 

Histogram: Process.Sandbox.StartSandboxedWin.CreatePolicyDuration recorded 6 samples, mean = 2.8 (flags = 0x1)
0  ------O                                                                   (6 = 100.0%)
5  ... 

Histogram: Process.Sandbox.StartSandboxedWin.GeneratePolicyDuration recorded 6 samples, mean = 132.8 (flags = 0x1)
0    O                                                                         (0 = 0.0%)
5    -O                                                                        (1 = 16.7%) {0.0%}
6    -O                                                                        (1 = 16.7%) {16.7%}
7    ... 
111  -O                                                                        (1 = 16.7%) {33.3%}
136  O                                                                         (0 = 0.0%) {50.0%}
167  -O                                                                        (1 = 16.7%) {50.0%}
205  --O                                                                       (2 = 33.3%) {66.7%}
252  ... 

Histogram: Process.Sandbox.StartSandboxedWin.PostSpawnTargetDuration recorded 6 samples, mean = 5.8 (flags = 0x1)
0   ---O                                                                      (3 = 50.0%)
5   O                                                                         (0 = 0.0%) {50.0%}
6   -O                                                                        (1 = 16.7%) {50.0%}
7   -O                                                                        (1 = 16.7%) {66.7%}
9   O                                                                         (0 = 0.0%) {83.3%}
11  -O                                                                        (1 = 16.7%) {83.3%}
14  ... 

Histogram: Process.Sandbox.StartSandboxedWin.SpawnTargetDuration recorded 6 samples, mean = 14747.8 (flags = 0x1)
0      ... 
10338  -O                                                                        (1 = 16.7%) {0.0%}
12707  ---O                                                                      (3 = 50.0%) {16.7%}
15618  --O                                                                       (2 = 33.3%) {66.7%}
19197  ... 

Histogram: Process.Sandbox.StartSandboxedWin.TotalDuration recorded 6 samples, mean = 14889.3 (flags = 0x1)
0      ... 
10338  -O                                                                        (1 = 16.7%) {0.0%}
12707  ---O                                                                      (3 = 50.0%) {16.7%}
15618  --O                                                                       (2 = 33.3%) {66.7%}
19197  ... 

Histogram: Quota.DaysSinceLastAccessed recorded 4 samples, mean = 0.0 (flags = 0x1)
0  ----O                                                                     (4 = 100.0%)
1  ... 

Histogram: RenderTextHarfBuzz.MissingGlyphCount recorded 12 samples, mean = 0.0 (flags = 0x1)
0  ------------O                                                             (12 = 100.0%)
1  ... 

Histogram: RenderTextHarfBuzz.ShapeRunsFallback recorded 12 samples, mean = 1.0 (flags = 0x1)
0  O                                                                         (0 = 0.0%)
1  ------------O                                                             (12 = 100.0%) {0.0%}
2  ... 

Histogram: Scheduling.MessagePumpTimeKeeper.BrowserIO recorded 0 samples (flags = 0x1)
0 ... 

Histogram: Scheduling.MessagePumpTimeKeeper.BrowserUI recorded 984 samples, mean = 5.0 (flags = 0x1)
0  ... 
5  ------------------------------------------------------------------------O (984 = 100.0%) {0.0%}
6  ... 

Histogram: Scheduling.ThreadController.ActiveIntervalDuration.Any.BrowserIO recorded 1 samples, mean = 0.0 (flags = 0x1)
0  -O                                                                        (1 = 100.0%)
1  ... 

Histogram: Scheduling.ThreadController.ActiveIntervalDuration.Any.BrowserUI recorded 1 samples, mean = 0.0 (flags = 0x1)
0  -O                                                                        (1 = 100.0%)
1  ... 

Histogram: Scheduling.ThreadController.ActiveIntervalDuration.Short.BrowserIO recorded 1 samples, mean = 29.0 (flags = 0x1)
0   ... 
29  -O                                                                        (1 = 100.0%) {0.0%}
31  ... 

Histogram: Scheduling.ThreadController.ActiveIntervalDuration.Short.BrowserUI recorded 1 samples, mean = 32.0 (flags = 0x1)
0   ... 
31  -O                                                                        (1 = 100.0%) {0.0%}
33  ... 

Histogram: Scheduling.ThreadController.ActiveIntervalOffCpuDuration.Any.BrowserIO recorded 1 samples, mean = 0.0 (flags = 0x1)
0  -O                                                                        (1 = 100.0%)
1  ... 

Histogram: Scheduling.ThreadController.ActiveIntervalOffCpuDuration.Any.BrowserUI recorded 1 samples, mean = 0.0 (flags = 0x1)
0  -O                                                                        (1 = 100.0%)
1  ... 

Histogram: Scheduling.ThreadController.ActiveIntervalOffCpuDuration.Short.BrowserIO recorded 1 samples, mean = 2.0 (flags = 0x1)
0  ... 
2  -O                                                                        (1 = 100.0%) {0.0%}
3  ... 

Histogram: Scheduling.ThreadController.ActiveIntervalOffCpuDuration.Short.BrowserUI recorded 1 samples, mean = 32.0 (flags = 0x1)
0   ... 
31  -O                                                                        (1 = 100.0%) {0.0%}
33  ... 

Histogram: Scheduling.ThreadController.ActiveIntervalOnCpuDuration.Any.BrowserIO recorded 1 samples, mean = 0.0 (flags = 0x1)
0  -O                                                                        (1 = 100.0%)
1  ... 

Histogram: Scheduling.ThreadController.ActiveIntervalOnCpuDuration.Any.BrowserUI recorded 1 samples, mean = 0.0 (flags = 0x1)
0  -O                                                                        (1 = 100.0%)
1  ... 

Histogram: Scheduling.ThreadController.ActiveIntervalOnCpuDuration.Short.BrowserIO recorded 1 samples, mean = 27.0 (flags = 0x1)
0   ... 
27  -O                                                                        (1 = 100.0%) {0.0%}
28  ... 

Histogram: Scheduling.ThreadController.ActiveIntervalOnCpuDuration.Short.BrowserUI recorded 1 samples, mean = 0.0 (flags = 0x1)
0  -O                                                                        (1 = 100.0%)
1  ... 

Histogram: Scheduling.ThreadController.ActiveIntervalOnCpuPercentage.Any.BrowserIO recorded 1 samples, mean = 93.0 (flags = 0x1)
0   ... 
93  -O                                                                        (1 = 100.0%) {0.0%}
94  ... 

Histogram: Scheduling.ThreadController.ActiveIntervalOnCpuPercentage.Any.BrowserUI recorded 1 samples, mean = 0.0 (flags = 0x1)
0  -O                                                                        (1 = 100.0%)
1  ... 

Histogram: Scheduling.ThreadController.ActiveIntervalOnCpuPercentage.Short.BrowserIO recorded 1 samples, mean = 93.0 (flags = 0x1)
0   ... 
93  -O                                                                        (1 = 100.0%) {0.0%}
94  ... 

Histogram: Scheduling.ThreadController.ActiveIntervalOnCpuPercentage.Short.BrowserUI recorded 1 samples, mean = 0.0 (flags = 0x1)
0  -O                                                                        (1 = 100.0%)
1  ... 

Histogram: Scheduling.ThreadController.IdleDuration.Any.BrowserIO recorded 1 samples, mean = 0.0 (flags = 0x1)
0  -O                                                                        (1 = 100.0%)
1  ... 

Histogram: Scheduling.ThreadController.IdleDuration.Any.BrowserUI recorded 1 samples, mean = 0.0 (flags = 0x1)
0  -O                                                                        (1 = 100.0%)
1  ... 

Histogram: Scheduling.ThreadController.IdleDuration.Short.BrowserIO recorded 1 samples, mean = 63.0 (flags = 0x1)
0   ... 
61  -O                                                                        (1 = 100.0%) {0.0%}
64  ... 

Histogram: Scheduling.ThreadController.IdleDuration.Short.BrowserUI recorded 1 samples, mean = 194.0 (flags = 0x1)
0    ... 
191  -O                                                                        (1 = 100.0%) {0.0%}
201  ... 

Histogram: ServiceWorker.RegisteredStorageKeyCount recorded 3 samples, mean = 0.0 (flags = 0x1)
0  ---O                                                                      (3 = 100.0%)
1  ... 

Histogram: ServiceWorker.SkipCallingFindRegistrationForClientUrl recorded 2 samples, mean = 1.0 (flags = 0x1)
0  O                                                                         (0 = 0.0%)
1  --O                                                                       (2 = 100.0%) {0.0%}
2  O                                                                         (0 = 0.0%) {100.0%}

Histogram: ServiceWorker.Storage.ReadInitialDataFromDB.Time recorded 3 samples, mean = 0.0 (flags = 0x1)
0  ---O                                                                      (3 = 100.0%)
1  ... 

Histogram: ServiceWorker.Storage.RegisteredStorageKeyCacheInitialization.Time2 recorded 3 samples, mean = 14.3 (flags = 0x1)
0   ... 
6   --O                                                                       (2 = 66.7%) {0.0%}
8   ... 
25  -O                                                                        (1 = 33.3%) {66.7%}
32  ... 

Histogram: SimpleCache.Code.CacheSizeOnInit2 recorded 1 samples, mean = 0.0 (flags = 0x1)
0  -O                                                                        (1 = 100.0%)
1  ... 

Histogram: SimpleCache.Code.ConsistencyResult2 recorded 1 samples, mean = 12.0 (flags = 0x1)
0   ... 
12  -O                                                                        (1 = 100.0%) {0.0%}
13  ... 

Histogram: SimpleCache.Code.CreationToIndex recorded 1 samples, mean = 2.0 (flags = 0x1)
0  ... 
2  -O                                                                        (1 = 100.0%) {0.0%}
3  ... 

Histogram: SimpleCache.Code.IndexCreatedEntryCount recorded 1 samples, mean = 0.0 (flags = 0x1)
0  -O                                                                        (1 = 100.0%)
1  ... 

Histogram: SimpleCache.Code.IndexInitializeMethod recorded 1 samples, mean = 2.0 (flags = 0x1)
0  ... 
2  -O                                                                        (1 = 100.0%) {0.0%}
3  O                                                                         (0 = 0.0%) {100.0%}

Histogram: SimpleCache.Code.IndexNumEntriesOnInit2 recorded 1 samples, mean = 0.0 (flags = 0x1)
0  -O                                                                        (1 = 100.0%)
1  ... 

Histogram: SimpleCache.Code.IndexRestoreTime recorded 1 samples, mean = 0.0 (flags = 0x1)
0  -O                                                                        (1 = 100.0%)
10 ... 

Histogram: SimpleCache.Code.IndexWriteResult recorded 1 samples, mean = 0.0 (flags = 0x1)
0  -O                                                                        (1 = 100.0%)
1  ... 

Histogram: SimpleCache.Code.MaxCacheSizeOnInit2 recorded 1 samples, mean = 320.0 (flags = 0x1)
0    ... 
316  -O                                                                        (1 = 100.0%) {0.0%}
338  ... 

Histogram: SiteIsolation.BrowsingInstance.MaxCountPerProcess recorded 3 samples, mean = 1.0 (flags = 0x1)
0  O                                                                         (0 = 0.0%)
1  ---O                                                                      (3 = 100.0%) {0.0%}
2  ... 

Histogram: SiteIsolation.CreateOpenerProxiesTime recorded 3 samples, mean = 1.3 (flags = 0x1)
0  O                                                                         (0 = 0.0%)
1  --O                                                                       (2 = 66.7%) {0.0%}
2  -O                                                                        (1 = 33.3%) {66.7%}
3  ... 

Histogram: SiteIsolation.IsSitePerProcessOrStricter recorded 1 samples, mean = 1.0 (flags = 0x1)
0  O                                                                         (0 = 0.0%)
1  -O                                                                        (1 = 100.0%) {0.0%}
2  O                                                                         (0 = 0.0%) {100.0%}

Histogram: SiteIsolation.MainFrameProcessReuse.BlockReason2 recorded 3 samples, mean = 5.0 (flags = 0x1)
0  ... 
5  ---O                                                                      (3 = 100.0%) {0.0%}
6  ... 

Histogram: SpellCheck.CheckedWords recorded 3 samples, mean = 0.0 (flags = 0x1)
0  ---O                                                                      (3 = 100.0%)
1  ... 

Histogram: SpellCheck.Enabled2 recorded 3 samples, mean = 1.0 (flags = 0x1)
0  O                                                                         (0 = 0.0%)
1  ---O                                                                      (3 = 100.0%) {0.0%}
2  O                                                                         (0 = 0.0%) {100.0%}

Histogram: SpellCheck.MisspelledWords recorded 3 samples, mean = 0.0 (flags = 0x1)
0  ---O                                                                      (3 = 100.0%)
1  ... 

Histogram: SpellCheck.ReplacedWords recorded 3 samples, mean = 0.0 (flags = 0x1)
0  ---O                                                                      (3 = 100.0%)
1  ... 

Histogram: SpellCheck.ShownSuggestions recorded 3 samples, mean = 0.0 (flags = 0x1)
0  ---O                                                                      (3 = 100.0%)
1  ... 

Histogram: SpellCheck.SpellingService.Enabled2 recorded 3 samples, mean = 0.0 (flags = 0x1)
0  ---O                                                                      (3 = 100.0%)
1  ... 

Histogram: Spellcheck.Windows.ChromeLocalesSupport2.Both recorded 3 samples, mean = 2.0 (flags = 0x1)
0  ... 
2  ---O                                                                      (3 = 100.0%) {0.0%}
3  ... 

Histogram: Spellcheck.Windows.ChromeLocalesSupport2.HunspellOnly recorded 3 samples, mean = 2.0 (flags = 0x1)
0  ... 
2  ---O                                                                      (3 = 100.0%) {0.0%}
3  ... 

Histogram: Spellcheck.Windows.ChromeLocalesSupport2.NativeOnly recorded 3 samples, mean = 0.0 (flags = 0x1)
0  ---O                                                                      (3 = 100.0%)
1  ... 

Histogram: Spellcheck.Windows.ChromeLocalesSupport2.NoSupport recorded 3 samples, mean = 0.0 (flags = 0x1)
0  ---O                                                                      (3 = 100.0%)
1  ... 

Histogram: Spellcheck.Windows.SpellcheckLocalesSupport2.Both recorded 3 samples, mean = 1.0 (flags = 0x1)
0  O                                                                         (0 = 0.0%)
1  ---O                                                                      (3 = 100.0%) {0.0%}
2  ... 

Histogram: Spellcheck.Windows.SpellcheckLocalesSupport2.HunspellOnly recorded 3 samples, mean = 0.0 (flags = 0x1)
0  ---O                                                                      (3 = 100.0%)
1  ... 

Histogram: Spellcheck.Windows.SpellcheckLocalesSupport2.NativeOnly recorded 3 samples, mean = 0.0 (flags = 0x1)
0  ---O                                                                      (3 = 100.0%)
1  ... 

Histogram: Sql.Database.DatabaseOpenTime.DIPS recorded 1 samples, mean = 2254.0 (flags = 0x1)
0     ... 
2184  -O                                                                        (1 = 100.0%) {0.0%}
2597  ... 

Histogram: Sql.Database.Success.OpenInternalTime.DIPS recorded 3 samples, mean = 810.0 (flags = 0x1)
0     ... 
68    -O                                                                        (1 = 33.3%) {0.0%}
81    O                                                                         (0 = 0.0%) {33.3%}
96    -O                                                                        (1 = 33.3%) {33.3%}
114   ... 
2184  -O                                                                        (1 = 33.3%) {66.7%}
2597  ... 

Histogram: Sql.Database.Success.OpenInternalTime.Quota recorded 2 samples, mean = 80.0 (flags = 0x1)
0   ... 
68  -O                                                                        (1 = 50.0%) {0.0%}
81  -O                                                                        (1 = 50.0%) {50.0%}
96  ... 

Histogram: Sql.Database.Success.SqliteOpenTime.DIPS recorded 3 samples, mean = 156.3 (flags = 0x1)
0    ... 
17   -O                                                                        (1 = 33.3%) {0.0%}
20   O                                                                         (0 = 0.0%) {33.3%}
24   -O                                                                        (1 = 33.3%) {33.3%}
29   ... 
386  -O                                                                        (1 = 33.3%) {66.7%}
459  ... 

Histogram: Sql.Database.Success.SqliteOpenTime.Quota recorded 2 samples, mean = 16.0 (flags = 0x1)
0   ... 
14  --O                                                                       (2 = 100.0%) {0.0%}
17  ... 

Histogram: Sql.Statement.DIPS.VMSteps recorded 51 samples, mean = 9.7 (flags = 0x1)
0   ... 
3   ------O                                                                   (6 = 11.8%) {0.0%}
4   --O                                                                       (2 = 3.9%) {11.8%}
5   -O                                                                        (1 = 2.0%) {15.7%}
6   ... 
8   ---------------------------O                                              (27 = 52.9%) {17.6%}
10  ---O                                                                      (3 = 5.9%) {70.6%}
12  ... 
17  ------------O                                                             (12 = 23.5%) {76.5%}
20  ... 

Histogram: Sql.Statement.ExecutionTime.DIPS recorded 51 samples, mean = 44.2 (flags = 0x1)
0     -----------O                                                              (11 = 21.6%)
1     ------------------O                                                       (18 = 35.3%) {21.6%}
2     -----O                                                                    (5 = 9.8%) {56.9%}
3     ------O                                                                   (6 = 11.8%) {66.7%}
4     -O                                                                        (1 = 2.0%) {78.4%}
5     ---O                                                                      (3 = 5.9%) {80.4%}
6     ... 
10    -O                                                                        (1 = 2.0%) {86.3%}
12    -O                                                                        (1 = 2.0%) {88.2%}
14    --O                                                                       (2 = 3.9%) {90.2%}
17    ... 
273   --O                                                                       (2 = 3.9%) {94.1%}
325   ... 
1299  -O                                                                        (1 = 2.0%) {98.0%}
1545  ... 

Histogram: Sql.Statement.ExecutionTime.Quota recorded 58 samples, mean = 5.4 (flags = 0x1)
0   ----------O                                                               (10 = 17.2%)
1   -------------O                                                            (13 = 22.4%) {17.2%}
2   --------O                                                                 (8 = 13.8%) {39.7%}
3   -O                                                                        (1 = 1.7%) {53.4%}
4   O                                                                         (0 = 0.0%) {55.2%}
5   ----O                                                                     (4 = 6.9%) {55.2%}
6   -O                                                                        (1 = 1.7%) {62.1%}
7   ----O                                                                     (4 = 6.9%) {63.8%}
8   ---O                                                                      (3 = 5.2%) {70.7%}
10  -----O                                                                    (5 = 8.6%) {75.9%}
12  --O                                                                       (2 = 3.4%) {84.5%}
14  ----O                                                                     (4 = 6.9%) {87.9%}
17  -O                                                                        (1 = 1.7%) {94.8%}
20  O                                                                         (0 = 0.0%) {96.6%}
24  --O                                                                       (2 = 3.4%) {96.6%}
29  ... 

Histogram: Sql.Statement.Quota.VMSteps recorded 58 samples, mean = 20.9 (flags = 0x1)
0   ... 
3   ------------O                                                             (12 = 20.7%) {0.0%}
4   --O                                                                       (2 = 3.4%) {20.7%}
5   ... 
8   ----O                                                                     (4 = 6.9%) {24.1%}
10  ----O                                                                     (4 = 6.9%) {31.0%}
12  --O                                                                       (2 = 3.4%) {37.9%}
14  ----O                                                                     (4 = 6.9%) {41.4%}
17  ----------O                                                               (10 = 17.2%) {48.3%}
20  ... 
34  --------------O                                                           (14 = 24.1%) {65.5%}
40  ----O                                                                     (4 = 6.9%) {89.7%}
48  ... 
81  --O                                                                       (2 = 3.4%) {96.6%}
96  ... 

Histogram: Sql.Statement.StepTime.DIPS recorded 51 samples, mean = 44.2 (flags = 0x1)
0     -----------O                                                              (11 = 21.6%)
1     ------------------O                                                       (18 = 35.3%) {21.6%}
2     -----O                                                                    (5 = 9.8%) {56.9%}
3     ------O                                                                   (6 = 11.8%) {66.7%}
4     -O                                                                        (1 = 2.0%) {78.4%}
5     ---O                                                                      (3 = 5.9%) {80.4%}
6     ... 
10    -O                                                                        (1 = 2.0%) {86.3%}
12    -O                                                                        (1 = 2.0%) {88.2%}
14    --O                                                                       (2 = 3.9%) {90.2%}
17    ... 
273   --O                                                                       (2 = 3.9%) {94.1%}
325   ... 
1299  -O                                                                        (1 = 2.0%) {98.0%}
1545  ... 

Histogram: Sql.Statement.StepTime.Quota recorded 60 samples, mean = 5.3 (flags = 0x1)
0   ----------O                                                               (10 = 16.7%)
1   -------------O                                                            (13 = 21.7%) {16.7%}
2   ----------O                                                               (10 = 16.7%) {38.3%}
3   -O                                                                        (1 = 1.7%) {55.0%}
4   O                                                                         (0 = 0.0%) {56.7%}
5   ----O                                                                     (4 = 6.7%) {56.7%}
6   -O                                                                        (1 = 1.7%) {63.3%}
7   ----O                                                                     (4 = 6.7%) {65.0%}
8   ---O                                                                      (3 = 5.0%) {71.7%}
10  -----O                                                                    (5 = 8.3%) {76.7%}
12  --O                                                                       (2 = 3.3%) {85.0%}
14  ----O                                                                     (4 = 6.7%) {88.3%}
17  -O                                                                        (1 = 1.7%) {95.0%}
20  O                                                                         (0 = 0.0%) {96.7%}
24  --O                                                                       (2 = 3.3%) {96.7%}
29  ... 

Histogram: Sql.vfs.SyncTime recorded 5 samples, mean = 0.0 (flags = 0x1)
0  -----O                                                                    (5 = 100.0%)
1  ... 

Histogram: Startup.BrowserMainRunnerImplInitializeLongTime recorded 1 samples, mean = 102.0 (flags = 0x1)
0   ... 
89  -O                                                                        (1 = 100.0%) {0.0%}
103 ... 

Histogram: Storage.Blob.CreateDirectoryResult recorded 1 samples, mean = 0.0 (flags = 0x1)
0  -O                                                                        (1 = 100.0%)
1  ... 

Histogram: Storage.IndexedDB.LevelDB.MaxIterators recorded 2 samples, mean = 1.0
0  O                                                                         (0 = 0.0%)
1  --O                                                                       (2 = 100.0%) {0.0%}
2  ... 

Histogram: Storage.LocalStorage.Duration.OpenDatabase2.InMemory recorded 2 samples, mean = 0.0 (flags = 0x1)
0  --O                                                                       (2 = 100.0%)
1  ... 

Histogram: Storage.LocalStorage.Duration.OpenDatabase2.OnDisk recorded 1 samples, mean = 7.0 (flags = 0x1)
0  ... 
7  -O                                                                        (1 = 100.0%) {0.0%}
8  ... 

Histogram: Storage.LocalStorage.Duration.ReadAllMetadata.InMemory recorded 2 samples, mean = 0.0 (flags = 0x1)
0  --O                                                                       (2 = 100.0%)
1  ... 

Histogram: Storage.LocalStorage.Duration.ReadAllMetadata.OnDisk recorded 1 samples, mean = 0.0 (flags = 0x1)
0  -O                                                                        (1 = 100.0%)
1  ... 

Histogram: Storage.LocalStorage.Duration.ReadMapKeyValues.InMemory recorded 2 samples, mean = 0.0 (flags = 0x1)
0  --O                                                                       (2 = 100.0%)
1  ... 

Histogram: Storage.LocalStorage.Duration.UpdateMaps.InMemory recorded 4 samples, mean = 0.0 (flags = 0x1)
0  ----O                                                                     (4 = 100.0%)
1  ... 

Histogram: Storage.LocalStorage.OpenDatabase.InMemory recorded 2 samples, mean = 0.0 (flags = 0x1)
0  --O                                                                       (2 = 100.0%)
1  ... 

Histogram: Storage.LocalStorage.OpenDatabase.OnDisk recorded 1 samples, mean = 0.0 (flags = 0x1)
0  -O                                                                        (1 = 100.0%)
1  ... 

Histogram: Storage.LocalStorage.ReadAllMetadata.InMemory recorded 2 samples, mean = 0.0 (flags = 0x1)
0  --O                                                                       (2 = 100.0%)
1  ... 

Histogram: Storage.LocalStorage.ReadAllMetadata.OnDisk recorded 1 samples, mean = 0.0 (flags = 0x1)
0  -O                                                                        (1 = 100.0%)
1  ... 

Histogram: Storage.LocalStorage.ReadMapKeyValues.InMemory recorded 2 samples, mean = 0.0 (flags = 0x1)
0  --O                                                                       (2 = 100.0%)
1  ... 

Histogram: Storage.LocalStorage.ShutdownDroppedChanges recorded 2 samples, mean = 0.0 (flags = 0x1)
0  --O                                                                       (2 = 100.0%)
1  ... 

Histogram: Storage.LocalStorage.UpdateMaps.InMemory recorded 4 samples, mean = 0.0 (flags = 0x1)
0  ----O                                                                     (4 = 100.0%)
1  ... 

Histogram: Storage.SessionStorage.ClearDiskStateAtStoragePartitionInit recorded 3 samples, mean = 0.0 (flags = 0x1)
0  ---O                                                                      (3 = 100.0%)
1  ... 

Histogram: Storage.SessionStorage.DeleteSessions.InMemory recorded 2 samples, mean = 0.0 (flags = 0x1)
0  --O                                                                       (2 = 100.0%)
1  ... 

Histogram: Storage.SessionStorage.DeleteSessions.OnDisk recorded 1 samples, mean = 0.0 (flags = 0x1)
0  -O                                                                        (1 = 100.0%)
1  ... 

Histogram: Storage.SessionStorage.Duration.DeleteSessions.InMemory recorded 2 samples, mean = 0.0 (flags = 0x1)
0  --O                                                                       (2 = 100.0%)
1  ... 

Histogram: Storage.SessionStorage.Duration.DeleteSessions.OnDisk recorded 1 samples, mean = 0.0 (flags = 0x1)
0  -O                                                                        (1 = 100.0%)
1  ... 

Histogram: Storage.SessionStorage.Duration.OpenDatabase2.InMemory recorded 2 samples, mean = 0.0 (flags = 0x1)
0  --O                                                                       (2 = 100.0%)
1  ... 

Histogram: Storage.SessionStorage.Duration.OpenDatabase2.OnDisk recorded 1 samples, mean = 10.0 (flags = 0x1)
0   ... 
10  -O                                                                        (1 = 100.0%) {0.0%}
12  ... 

Histogram: Storage.SessionStorage.Duration.PutMetadata.InMemory recorded 2 samples, mean = 0.0 (flags = 0x1)
0  --O                                                                       (2 = 100.0%)
1  ... 

Histogram: Storage.SessionStorage.Duration.ReadAllMetadata.InMemory recorded 2 samples, mean = 0.0 (flags = 0x1)
0  --O                                                                       (2 = 100.0%)
1  ... 

Histogram: Storage.SessionStorage.Duration.ReadAllMetadata.OnDisk recorded 1 samples, mean = 0.0 (flags = 0x1)
0  -O                                                                        (1 = 100.0%)
1  ... 

Histogram: Storage.SessionStorage.OpenDatabase.InMemory recorded 2 samples, mean = 0.0 (flags = 0x1)
0  --O                                                                       (2 = 100.0%)
1  ... 

Histogram: Storage.SessionStorage.OpenDatabase.OnDisk recorded 1 samples, mean = 0.0 (flags = 0x1)
0  -O                                                                        (1 = 100.0%)
1  ... 

Histogram: Storage.SessionStorage.PutMetadata.InMemory recorded 2 samples, mean = 0.0 (flags = 0x1)
0  --O                                                                       (2 = 100.0%)
1  ... 

Histogram: Storage.SessionStorage.ReadAllMetadata.InMemory recorded 2 samples, mean = 0.0 (flags = 0x1)
0  --O                                                                       (2 = 100.0%)
1  ... 

Histogram: Storage.SessionStorage.ReadAllMetadata.OnDisk recorded 1 samples, mean = 0.0 (flags = 0x1)
0  -O                                                                        (1 = 100.0%)
1  ... 

Histogram: Storage.SharedStorage.OnShutdown.HasSqlErrors recorded 3 samples, mean = 0.0 (flags = 0x1)
0  ---O                                                                      (3 = 100.0%)
1  ... 

Histogram: Storage.SharedStorage.OnShutdown.NumSqlErrors recorded 3 samples, mean = 0.0 (flags = 0x1)
0  ---O                                                                      (3 = 100.0%)
1  ... 

Histogram: Storage.SharedStorage.OnShutdown.RecoveryFromInitFailureAttempted recorded 3 samples, mean = 0.0 (flags = 0x1)
0  ---O                                                                      (3 = 100.0%)
1  ... 

Histogram: Storage.SharedStorage.OnShutdown.RecoveryOnDiskAttempted recorded 3 samples, mean = 0.0 (flags = 0x1)
0  ---O                                                                      (3 = 100.0%)
1  ... 

Histogram: ThreadPool.UnnecessaryWakeup.Browser.Background recorded 1 samples, mean = 1.0 (flags = 0x1)
0  O                                                                         (0 = 0.0%)
1  -O                                                                        (1 = 100.0%) {0.0%}
2  O                                                                         (0 = 0.0%) {100.0%}

Histogram: ThreadPool.UnnecessaryWakeup.Browser.Foreground recorded 56 samples, mean = 1.0 (flags = 0x1)
0  O                                                                         (0 = 0.0%)
1  --------------------------------------------------------O                 (56 = 100.0%) {0.0%}
2  O                                                                         (0 = 0.0%) {100.0%}

Histogram: Tracing.Init.InitTracing recorded 1 samples, mean = 0.0 (flags = 0x1)
0  -O                                                                        (1 = 100.0%)
1  ... 

Histogram: Tracing.Init.Perfetto.Initialize recorded 1 samples, mean = 0.0 (flags = 0x1)
0  -O                                                                        (1 = 100.0%)
1  ... 

Histogram: UMA.ChildProcess.Ping.SharedMemorySetUp recorded 16 samples, mean = 1.0 (flags = 0x1)
0  --------O                                                                 (8 = 50.0%)
1  O                                                                         (0 = 0.0%) {50.0%}
2  --------O                                                                 (8 = 50.0%) {50.0%}
3  O                                                                         (0 = 0.0%) {100.0%}

Histogram: UMA.LocalHistogram recorded 2 samples, mean = 1.0
0  O                                                                         (0 = 0.0%)
1  --O                                                                       (2 = 100.0%) {0.0%}
2  O                                                                         (0 = 0.0%) {100.0%}

Histogram: UMA.MetricsService.PendingOngoingLogOnDisable recorded 1 samples, mean = 0.0 (flags = 0x1)
0  -O                                                                        (1 = 100.0%)
1  ... 

Histogram: UMA.PersistentAllocator.FieldTrialAllocator.UsedPct recorded 8 samples, mean = 0.0 (flags = 0x1)
0  --------O                                                                 (8 = 100.0%)
1  ... 

Histogram: V8.SandboxMode recorded 1 samples, mean = 3.0 (flags = 0x1)
0  ... 
3  -O                                                                        (1 = 100.0%) {0.0%}
4  ... 

Histogram: V8.SandboxReservationSizeGB recorded 1 samples (flags = 0x1)
1152  -O                                                                        (1 = 100.0%)

Histogram: Variations.FeatureAccess recorded 343 samples (flags = 0x1)
-2145869757 -O                                                                        (1 = 0.3%)
-2142950691 -O                                                                        (1 = 0.3%)
-2117579521 -O                                                                        (1 = 0.3%)
-2116789466 -O                                                                        (1 = 0.3%)
-2107538580 -O                                                                        (1 = 0.3%)
-2102298458 -O                                                                        (1 = 0.3%)
-2092355922 -O                                                                        (1 = 0.3%)
-2072745679 -O                                                                        (1 = 0.3%)
-2068513691 -O                                                                        (1 = 0.3%)
-2063702825 -O                                                                        (1 = 0.3%)
-2060232198 -O                                                                        (1 = 0.3%)
-2058067242 -O                                                                        (1 = 0.3%)
-2021461599 -O                                                                        (1 = 0.3%)
-2003020968 -O                                                                        (1 = 0.3%)
-1999341188 -O                                                                        (1 = 0.3%)
-1995209261 -O                                                                        (1 = 0.3%)
-1968163750 -O                                                                        (1 = 0.3%)
-1940787398 -O                                                                        (1 = 0.3%)
-1921825570 -O                                                                        (1 = 0.3%)
-1914946335 -O                                                                        (1 = 0.3%)
-1906867679 -O                                                                        (1 = 0.3%)
-1903991318 -O                                                                        (1 = 0.3%)
-1886812280 -O                                                                        (1 = 0.3%)
-1886162394 -O                                                                        (1 = 0.3%)
-1880727573 -O                                                                        (1 = 0.3%)
-1867603782 -O                                                                        (1 = 0.3%)
-1862978976 -O                                                                        (1 = 0.3%)
-1859983128 -O                                                                        (1 = 0.3%)
-1858910104 -O                                                                        (1 = 0.3%)
-1852028426 -O                                                                        (1 = 0.3%)
-1822861670 -O                                                                        (1 = 0.3%)
-1788575013 -O                                                                        (1 = 0.3%)
-1785165294 -O                                                                        (1 = 0.3%)
-1760372553 -O                                                                        (1 = 0.3%)
-1738329526 -O                                                                        (1 = 0.3%)
-1728976901 -O                                                                        (1 = 0.3%)
-1711598625 -O                                                                        (1 = 0.3%)
-1711317086 -O                                                                        (1 = 0.3%)
-1688499241 -O                                                                        (1 = 0.3%)
-1688165356 -O                                                                        (1 = 0.3%)
-1683296285 -O                                                                        (1 = 0.3%)
-1676182141 -O                                                                        (1 = 0.3%)
-1671311516 -O                                                                        (1 = 0.3%)
-1666443362 -O                                                                        (1 = 0.3%)
-1661548781 -O                                                                        (1 = 0.3%)
-1660447659 -O                                                                        (1 = 0.3%)
-1655770158 -O                                                                        (1 = 0.3%)
-1637856760 -O                                                                        (1 = 0.3%)
-1637144968 -O                                                                        (1 = 0.3%)
-1606737133 -O                                                                        (1 = 0.3%)
-1597152580 -O                                                                        (1 = 0.3%)
-1588902416 -O                                                                        (1 = 0.3%)
-1553292923 -O                                                                        (1 = 0.3%)
-1543199619 -O                                                                        (1 = 0.3%)
-1542141894 -O                                                                        (1 = 0.3%)
-1518631314 -O                                                                        (1 = 0.3%)
-1512085727 -O                                                                        (1 = 0.3%)
-1502757532 -O                                                                        (1 = 0.3%)
-1492938903 -O                                                                        (1 = 0.3%)
-1488134663 -O                                                                        (1 = 0.3%)
-1487886666 -O                                                                        (1 = 0.3%)
-1467201699 -O                                                                        (1 = 0.3%)
-1437331633 -O                                                                        (1 = 0.3%)
-1429809981 -O                                                                        (1 = 0.3%)
-1422038153 -O                                                                        (1 = 0.3%)
-1413243002 -O                                                                        (1 = 0.3%)
-1384809929 -O                                                                        (1 = 0.3%)
-1378540834 -O                                                                        (1 = 0.3%)
-1374322193 -O                                                                        (1 = 0.3%)
-1363599032 -O                                                                        (1 = 0.3%)
-1349239985 -O                                                                        (1 = 0.3%)
-1346036082 -O                                                                        (1 = 0.3%)
-1326432168 -O                                                                        (1 = 0.3%)
-1321341451 -O                                                                        (1 = 0.3%)
-1231097558 -O                                                                        (1 = 0.3%)
-1228702833 -O                                                                        (1 = 0.3%)
-1226374686 -O                                                                        (1 = 0.3%)
-1216466086 -O                                                                        (1 = 0.3%)
-1215002415 -O                                                                        (1 = 0.3%)
-1205717921 -O                                                                        (1 = 0.3%)
-1204597838 -O                                                                        (1 = 0.3%)
-1195638501 -O                                                                        (1 = 0.3%)
-1187667623 -O                                                                        (1 = 0.3%)
-1165302278 -O                                                                        (1 = 0.3%)
-1091190778 -O                                                                        (1 = 0.3%)
-1085869190 -O                                                                        (1 = 0.3%)
-1051146215 -O                                                                        (1 = 0.3%)
-1049548357 -O                                                                        (1 = 0.3%)
-1049192801 -O                                                                        (1 = 0.3%)
-1046869410 -O                                                                        (1 = 0.3%)
-1033577144 -O                                                                        (1 = 0.3%)
-1032654333 -O                                                                        (1 = 0.3%)
-1022941035 -O                                                                        (1 = 0.3%)
-1016276104 -O                                                                        (1 = 0.3%)
-1014105586 -O                                                                        (1 = 0.3%)
-1005649085 -O                                                                        (1 = 0.3%)
-969123364  -O                                                                        (1 = 0.3%)
-967033622  -O                                                                        (1 = 0.3%)
-950244418  -O                                                                        (1 = 0.3%)
-948819910  -O                                                                        (1 = 0.3%)
-944594195  -O                                                                        (1 = 0.3%)
-911204236  -O                                                                        (1 = 0.3%)
-909212394  -O                                                                        (1 = 0.3%)
-892048512  -O                                                                        (1 = 0.3%)
-845563312  -O                                                                        (1 = 0.3%)
-832716341  -O                                                                        (1 = 0.3%)
-820743846  -O                                                                        (1 = 0.3%)
-811535300  -O                                                                        (1 = 0.3%)
-807606769  -O                                                                        (1 = 0.3%)
-807571829  -O                                                                        (1 = 0.3%)
-788904474  -O                                                                        (1 = 0.3%)
-771553336  -O                                                                        (1 = 0.3%)
-758278149  -O                                                                        (1 = 0.3%)
-730509471  -O                                                                        (1 = 0.3%)
-727594202  -O                                                                        (1 = 0.3%)
-717224835  -O                                                                        (1 = 0.3%)
-705874554  -O                                                                        (1 = 0.3%)
-685749681  -O                                                                        (1 = 0.3%)
-652883820  -O                                                                        (1 = 0.3%)
-649893643  -O                                                                        (1 = 0.3%)
-647327842  -O                                                                        (1 = 0.3%)
-632734404  -O                                                                        (1 = 0.3%)
-627667820  -O                                                                        (1 = 0.3%)
-626588394  -O                                                                        (1 = 0.3%)
-614860742  -O                                                                        (1 = 0.3%)
-612630107  -O                                                                        (1 = 0.3%)
-608945016  -O                                                                        (1 = 0.3%)
-601999812  -O                                                                        (1 = 0.3%)
-578246082  -O                                                                        (1 = 0.3%)
-570260697  -O                                                                        (1 = 0.3%)
-569399689  -O                                                                        (1 = 0.3%)
-566659406  -O                                                                        (1 = 0.3%)
-548255851  -O                                                                        (1 = 0.3%)
-541926158  -O                                                                        (1 = 0.3%)
-519498267  -O                                                                        (1 = 0.3%)
-516599012  -O                                                                        (1 = 0.3%)
-514923026  -O                                                                        (1 = 0.3%)
-512950475  -O                                                                        (1 = 0.3%)
-506135020  -O                                                                        (1 = 0.3%)
-506046811  -O                                                                        (1 = 0.3%)
-500401001  -O                                                                        (1 = 0.3%)
-494086340  -O                                                                        (1 = 0.3%)
-480931309  -O                                                                        (1 = 0.3%)
-441588425  -O                                                                        (1 = 0.3%)
-410734873  -O                                                                        (1 = 0.3%)
-406115708  -O                                                                        (1 = 0.3%)
-362063204  -O                                                                        (1 = 0.3%)
-359833222  -O                                                                        (1 = 0.3%)
-353578783  -O                                                                        (1 = 0.3%)
-337400621  -O                                                                        (1 = 0.3%)
-335233151  -O                                                                        (1 = 0.3%)
-333336191  -O                                                                        (1 = 0.3%)
-325881338  -O                                                                        (1 = 0.3%)
-309276699  -O                                                                        (1 = 0.3%)
-304280190  -O                                                                        (1 = 0.3%)
-295930877  -O                                                                        (1 = 0.3%)
-280533801  -O                                                                        (1 = 0.3%)
-264008106  -O                                                                        (1 = 0.3%)
-260445951  -O                                                                        (1 = 0.3%)
-240196760  -O                                                                        (1 = 0.3%)
-216730183  -O                                                                        (1 = 0.3%)
-203688515  -O                                                                        (1 = 0.3%)
-202553235  -O                                                                        (1 = 0.3%)
-180346475  -O                                                                        (1 = 0.3%)
-179758137  -O                                                                        (1 = 0.3%)
-161487917  -O                                                                        (1 = 0.3%)
-158333951  -O                                                                        (1 = 0.3%)
-150047060  -O                                                                        (1 = 0.3%)
-139594597  -O                                                                        (1 = 0.3%)
-137791953  -O                                                                        (1 = 0.3%)
-126461160  -O                                                                        (1 = 0.3%)
-122994576  -O                                                                        (1 = 0.3%)
-108627637  -O                                                                        (1 = 0.3%)
-105097242  -O                                                                        (1 = 0.3%)
-23209715   -O                                                                        (1 = 0.3%)
-17890915   -O                                                                        (1 = 0.3%)
-2678114    -O                                                                        (1 = 0.3%)
18629499    -O                                                                        (1 = 0.3%)
20850721    -O                                                                        (1 = 0.3%)
41534857    -O                                                                        (1 = 0.3%)
63400227    -O                                                                        (1 = 0.3%)
98757146    -O                                                                        (1 = 0.3%)
105698267   -O                                                                        (1 = 0.3%)
113167134   -O                                                                        (1 = 0.3%)
119135443   -O                                                                        (1 = 0.3%)
120381881   -O                                                                        (1 = 0.3%)
126673147   -O                                                                        (1 = 0.3%)
140506361   -O                                                                        (1 = 0.3%)
152877720   -O                                                                        (1 = 0.3%)
157238201   -O                                                                        (1 = 0.3%)
173189736   -O                                                                        (1 = 0.3%)
189943527   -O                                                                        (1 = 0.3%)
202773422   -O                                                                        (1 = 0.3%)
236062624   -O                                                                        (1 = 0.3%)
240240699   -O                                                                        (1 = 0.3%)
240877432   -O                                                                        (1 = 0.3%)
260925644   -O                                                                        (1 = 0.3%)
270624428   -O                                                                        (1 = 0.3%)
275092067   -O                                                                        (1 = 0.3%)
282209792   -O                                                                        (1 = 0.3%)
284785381   -O                                                                        (1 = 0.3%)
296915847   -O                                                                        (1 = 0.3%)
305862212   -O                                                                        (1 = 0.3%)
310256564   -O                                                                        (1 = 0.3%)
315422501   -O                                                                        (1 = 0.3%)
331875907   -O                                                                        (1 = 0.3%)
358642704   -O                                                                        (1 = 0.3%)
362151914   -O                                                                        (1 = 0.3%)
387541329   -O                                                                        (1 = 0.3%)
391992464   -O                                                                        (1 = 0.3%)
394507292   -O                                                                        (1 = 0.3%)
395217719   -O                                                                        (1 = 0.3%)
427715500   -O                                                                        (1 = 0.3%)
428086230   -O                                                                        (1 = 0.3%)
435853294   -O                                                                        (1 = 0.3%)
437594665   -O                                                                        (1 = 0.3%)
450950906   -O                                                                        (1 = 0.3%)
484427022   -O                                                                        (1 = 0.3%)
485578342   -O                                                                        (1 = 0.3%)
485903736   -O                                                                        (1 = 0.3%)
492662271   -O                                                                        (1 = 0.3%)
511435904   -O                                                                        (1 = 0.3%)
528170159   -O                                                                        (1 = 0.3%)
533100406   -O                                                                        (1 = 0.3%)
535189609   -O                                                                        (1 = 0.3%)
542997587   -O                                                                        (1 = 0.3%)
586648013   -O                                                                        (1 = 0.3%)
624097983   -O                                                                        (1 = 0.3%)
626310230   -O                                                                        (1 = 0.3%)
630017955   -O                                                                        (1 = 0.3%)
665081717   -O                                                                        (1 = 0.3%)
681630110   -O                                                                        (1 = 0.3%)
684909481   -O                                                                        (1 = 0.3%)
713485102   -O                                                                        (1 = 0.3%)
720628981   -O                                                                        (1 = 0.3%)
748164110   -O                                                                        (1 = 0.3%)
759649158   -O                                                                        (1 = 0.3%)
768069684   -O                                                                        (1 = 0.3%)
781973865   -O                                                                        (1 = 0.3%)
796453587   -O                                                                        (1 = 0.3%)
811849759   -O                                                                        (1 = 0.3%)
832704520   -O                                                                        (1 = 0.3%)
842030887   -O                                                                        (1 = 0.3%)
852886919   -O                                                                        (1 = 0.3%)
855421857   -O                                                                        (1 = 0.3%)
863847320   -O                                                                        (1 = 0.3%)
866302182   -O                                                                        (1 = 0.3%)
895729307   -O                                                                        (1 = 0.3%)
919092195   -O                                                                        (1 = 0.3%)
924723432   -O                                                                        (1 = 0.3%)
962216855   -O                                                                        (1 = 0.3%)
977023550   -O                                                                        (1 = 0.3%)
988158415   -O                                                                        (1 = 0.3%)
989585550   -O                                                                        (1 = 0.3%)
1006721936  -O                                                                        (1 = 0.3%)
1035653911  -O                                                                        (1 = 0.3%)
1040504811  -O                                                                        (1 = 0.3%)
1054475148  -O                                                                        (1 = 0.3%)
1067814442  -O                                                                        (1 = 0.3%)
1078028982  -O                                                                        (1 = 0.3%)
1081479179  -O                                                                        (1 = 0.3%)
1095158822  -O                                                                        (1 = 0.3%)
1118476053  -O                                                                        (1 = 0.3%)
1127113212  -O                                                                        (1 = 0.3%)
1195253588  -O                                                                        (1 = 0.3%)
1208454642  -O                                                                        (1 = 0.3%)
1212414187  -O                                                                        (1 = 0.3%)
1217227946  -O                                                                        (1 = 0.3%)
1244485374  -O                                                                        (1 = 0.3%)
1264787918  -O                                                                        (1 = 0.3%)
1279460878  -O                                                                        (1 = 0.3%)
1280183490  -O                                                                        (1 = 0.3%)
1280320386  -O                                                                        (1 = 0.3%)
1283609399  -O                                                                        (1 = 0.3%)
1287815939  -O                                                                        (1 = 0.3%)
1314327410  -O                                                                        (1 = 0.3%)
1346162134  -O                                                                        (1 = 0.3%)
1362357059  -O                                                                        (1 = 0.3%)
1378756643  -O                                                                        (1 = 0.3%)
1408933162  -O                                                                        (1 = 0.3%)
1468685892  -O                                                                        (1 = 0.3%)
1492148979  -O                                                                        (1 = 0.3%)
1495087254  -O                                                                        (1 = 0.3%)
1495121320  -O                                                                        (1 = 0.3%)
1498336596  -O                                                                        (1 = 0.3%)
1506130378  -O                                                                        (1 = 0.3%)
1506213657  -O                                                                        (1 = 0.3%)
1537201223  -O                                                                        (1 = 0.3%)
1537607498  -O                                                                        (1 = 0.3%)
1545625355  -O                                                                        (1 = 0.3%)
1546696789  -O                                                                        (1 = 0.3%)
1578755036  -O                                                                        (1 = 0.3%)
1580801830  -O                                                                        (1 = 0.3%)
1589069224  -O                                                                        (1 = 0.3%)
1625701043  -O                                                                        (1 = 0.3%)
1640390781  -O                                                                        (1 = 0.3%)
1640401204  -O                                                                        (1 = 0.3%)
1662315904  -O                                                                        (1 = 0.3%)
1664214230  -O                                                                        (1 = 0.3%)
1664286639  -O                                                                        (1 = 0.3%)
1676326418  -O                                                                        (1 = 0.3%)
1691859835  -O                                                                        (1 = 0.3%)
1703747009  -O                                                                        (1 = 0.3%)
1706102350  -O                                                                        (1 = 0.3%)
1724980728  -O                                                                        (1 = 0.3%)
1740992949  -O                                                                        (1 = 0.3%)
1787376275  -O                                                                        (1 = 0.3%)
1799862370  -O                                                                        (1 = 0.3%)
1803370640  -O                                                                        (1 = 0.3%)
1816811671  -O                                                                        (1 = 0.3%)
1819037537  -O                                                                        (1 = 0.3%)
1838400867  -O                                                                        (1 = 0.3%)
1843307049  -O                                                                        (1 = 0.3%)
1848167202  -O                                                                        (1 = 0.3%)
1848990866  -O                                                                        (1 = 0.3%)
1858620917  -O                                                                        (1 = 0.3%)
1863444102  -O                                                                        (1 = 0.3%)
1891763329  -O                                                                        (1 = 0.3%)
1895138989  -O                                                                        (1 = 0.3%)
1896790961  -O                                                                        (1 = 0.3%)
1920289649  -O                                                                        (1 = 0.3%)
1921626647  -O                                                                        (1 = 0.3%)
1924857150  -O                                                                        (1 = 0.3%)
1936205171  -O                                                                        (1 = 0.3%)
1957067623  -O                                                                        (1 = 0.3%)
1958626956  -O                                                                        (1 = 0.3%)
1963869752  -O                                                                        (1 = 0.3%)
1976013947  -O                                                                        (1 = 0.3%)
1977291722  -O                                                                        (1 = 0.3%)
1978240801  -O                                                                        (1 = 0.3%)
1996284724  -O                                                                        (1 = 0.3%)
2011448837  -O                                                                        (1 = 0.3%)
2014181330  -O                                                                        (1 = 0.3%)
2025929491  -O                                                                        (1 = 0.3%)
2033920831  -O                                                                        (1 = 0.3%)
2038081675  -O                                                                        (1 = 0.3%)
2040130620  -O                                                                        (1 = 0.3%)
2081264511  -O                                                                        (1 = 0.3%)
2081599086  -O                                                                        (1 = 0.3%)
2083293048  -O                                                                        (1 = 0.3%)
2101183467  -O                                                                        (1 = 0.3%)
2110501640  -O                                                                        (1 = 0.3%)
2120939159  -O                                                                        (1 = 0.3%)

Histogram: Views.Browser.NumColorProvidersInitializedDuringOnNativeThemeUpdated recorded 1 samples, mean = 0.0 (flags = 0x1)
0  -O                                                                        (1 = 100.0%)
1  ... 

Histogram: Views.Browser.TimeSpentInitializingColorProvider recorded 3 samples, mean = 0.0 (flags = 0x1)
0  ---O                                                                      (3 = 100.0%)
1  ... 

Histogram: Views.Browser.TimeSpentProcessingOnNativeThemeUpdatedEvent recorded 1 samples, mean = 0.0 (flags = 0x1)
0  -O                                                                        (1 = 100.0%)
1  ... 

Histogram: Views.ColorProviderCacheSize recorded 3 samples, mean = 2.0 (flags = 0x1)
0  O                                                                         (0 = 0.0%)
1  -O                                                                        (1 = 33.3%) {0.0%}
2  -O                                                                        (1 = 33.3%) {33.3%}
3  -O                                                                        (1 = 33.3%) {66.7%}
4  ... 

Histogram: Views.InvalidatesDuringLayout recorded 304 samples, mean = 0.3 (flags = 0x1)
0  ------------------------------------------------------------------------O (284 = 93.4%)
1  O                                                                         (0 = 0.0%) {93.4%}
2  -O                                                                        (5 = 1.6%) {93.4%}
3  O                                                                         (0 = 0.0%) {95.1%}
4  -O                                                                        (5 = 1.6%) {95.1%}
5  O                                                                         (0 = 0.0%) {96.7%}
6  ---O                                                                      (10 = 3.3%) {96.7%}
7  ... 

Histogram: Views.LayoutCallDepth recorded 296 samples, mean = 1.0 (flags = 0x1)
0  O                                                                         (0 = 0.0%)
1  ------------------------------------------------------------------------O (288 = 97.3%) {0.0%}
2  --O                                                                       (8 = 2.7%) {97.3%}
3  ... 

Histogram: Views.UnnecessaryLayouts recorded 82 samples, mean = 3.3 (flags = 0x1)
0   ---------O                                                                (9 = 11.0%)
1   --------------------O                                                     (20 = 24.4%) {11.0%}
2   -------------------O                                                      (19 = 23.2%) {35.4%}
3   ---O                                                                      (3 = 3.7%) {58.5%}
4   ----O                                                                     (4 = 4.9%) {62.2%}
5   ----------O                                                               (10 = 12.2%) {67.1%}
6   ------O                                                                   (6 = 7.3%) {79.3%}
7   ----O                                                                     (4 = 4.9%) {86.6%}
8   O                                                                         (0 = 0.0%) {91.5%}
9   --O                                                                       (2 = 2.4%) {91.5%}
10  ---O                                                                      (3 = 3.7%) {93.9%}
11  ... 
13  --O                                                                       (2 = 2.4%) {97.6%}
14  ... 

Histogram: WebAudio.AudioContext.ConcurrentAudioContexts recorded 12 samples, mean = 1.0 (flags = 0x1)
0  O                                                                         (0 = 0.0%)
1  ------------O                                                             (12 = 100.0%) {0.0%}
2  ... 

Histogram: WebContentsObserver.DOMContentLoaded recorded 3 samples, mean = 0.0 (flags = 0x1)
0  ---O                                                                      (3 = 100.0%)
1  ... 

Histogram: WebContentsObserver.DidChangeVisibleSecurityState recorded 3 samples, mean = 0.0 (flags = 0x1)
0  ---O                                                                      (3 = 100.0%)
1  ... 

Histogram: WebContentsObserver.DidFinishLoad recorded 3 samples, mean = 5.7 (flags = 0x1)
0   -O                                                                        (1 = 33.3%)
1   O                                                                         (0 = 0.0%) {33.3%}
2   -O                                                                        (1 = 33.3%) {33.3%}
3   ... 
14  -O                                                                        (1 = 33.3%) {66.7%}
17  ... 

Histogram: WebContentsObserver.DidFinishNavigation recorded 3 samples, mean = 0.0 (flags = 0x1)
0  ---O                                                                      (3 = 100.0%)
1  ... 

Histogram: WebContentsObserver.DidFirstVisuallyNonEmptyPaint recorded 2 samples, mean = 0.0 (flags = 0x1)
0  --O                                                                       (2 = 100.0%)
1  ... 

Histogram: WebContentsObserver.DidStartLoading recorded 3 samples, mean = 0.0 (flags = 0x1)
0  ---O                                                                      (3 = 100.0%)
1  ... 

Histogram: WebContentsObserver.DidStartNavigation recorded 3 samples, mean = 0.0 (flags = 0x1)
0  ---O                                                                      (3 = 100.0%)
1  ... 

Histogram: WebContentsObserver.DidStartNavigation.MainFrame recorded 3 samples, mean = 0.0 (flags = 0x1)
0  ---O                                                                      (3 = 100.0%)
1  ... 

Histogram: WebContentsObserver.DidStopLoading recorded 3 samples, mean = 0.0 (flags = 0x1)
0  ---O                                                                      (3 = 100.0%)
1  ... 

Histogram: WebContentsObserver.DidUpdateNavigationHandleTiming recorded 9 samples, mean = 0.0 (flags = 0x1)
0  ---------O                                                                (9 = 100.0%)
1  ... 

Histogram: WebContentsObserver.LoadProgressChanged recorded 10 samples, mean = 0.0 (flags = 0x1)
0  ----------O                                                               (10 = 100.0%)
1  ... 

Histogram: WebContentsObserver.NavigationEntryChanged recorded 3 samples, mean = 0.0 (flags = 0x1)
0  ---O                                                                      (3 = 100.0%)
1  ... 

Histogram: WebContentsObserver.NavigationEntryCommitted recorded 3 samples, mean = 0.0 (flags = 0x1)
0  ---O                                                                      (3 = 100.0%)
1  ... 

Histogram: WebContentsObserver.OnVisibilityChanged recorded 6 samples, mean = 0.0 (flags = 0x1)
0  ------O                                                                   (6 = 100.0%)
1  ... 

Histogram: WebContentsObserver.OnVisibilityWillChange recorded 6 samples, mean = 0.0 (flags = 0x1)
0  ------O                                                                   (6 = 100.0%)
1  ... 

Histogram: WebContentsObserver.PrimaryMainDocumentElementAvailable recorded 3 samples, mean = 0.0 (flags = 0x1)
0  ---O                                                                      (3 = 100.0%)
1  ... 

Histogram: WebContentsObserver.RenderFrameCreated recorded 3 samples, mean = 0.0 (flags = 0x1)
0  ---O                                                                      (3 = 100.0%)
1  ... 

Histogram: WebContentsObserver.RenderFrameDeleted recorded 3 samples, mean = 0.0 (flags = 0x1)
0  ---O                                                                      (3 = 100.0%)
1  ... 

Histogram: WebContentsObserver.RenderViewReady recorded 3 samples, mean = 0.0 (flags = 0x1)
0  ---O                                                                      (3 = 100.0%)
1  ... 

Histogram: WebContentsObserver.TitleWasSet recorded 4 samples, mean = 0.0 (flags = 0x1)
0  ----O                                                                     (4 = 100.0%)
1  ... 

Histogram: WebContentsObserver.TitleWasSetForMainFrame recorded 4 samples, mean = 0.0 (flags = 0x1)
0  ----O                                                                     (4 = 100.0%)
1  ... 

Histogram: WebCore.IndexedDB.BackingStore.Action recorded 2 samples, mean = 0.0 (flags = 0x1)
0  --O                                                                       (2 = 100.0%)
1  ... 

Histogram: WebCore.IndexedDB.BackingStore.OpenFirstTryResult recorded 2 samples, mean = 0.0 (flags = 0x1)
0  --O                                                                       (2 = 100.0%)
1  ... 

Histogram: WebCore.IndexedDB.Transaction.ReadOnly.TimeActive2 recorded 6 samples, mean = 73.5 (flags = 0x1)
0    -O                                                                        (1 = 16.7%)
1    ... 
13   -O                                                                        (1 = 16.7%) {16.7%}
16   --O                                                                       (2 = 33.3%) {33.3%}
20   -O                                                                        (1 = 16.7%) {66.7%}
25   ... 
356  -O                                                                        (1 = 16.7%) {83.3%}
452  ... 

Histogram: WebCore.IndexedDB.Transaction.ReadOnly.TimeQueued recorded 6 samples, mean = 1.7 (flags = 0x1)
0  ----O                                                                     (4 = 66.7%)
1  ... 
4  -O                                                                        (1 = 16.7%) {66.7%}
5  O                                                                         (0 = 0.0%) {83.3%}
6  -O                                                                        (1 = 16.7%) {83.3%}
8  ... 

Histogram: WebCore.IndexedDB.Transaction.ReadWrite.TimeActive2 recorded 10 samples, mean = 1.6 (flags = 0x1)
0  ---O                                                                      (3 = 30.0%)
1  ---O                                                                      (3 = 30.0%) {30.0%}
2  --O                                                                       (2 = 20.0%) {60.0%}
3  O                                                                         (0 = 0.0%) {80.0%}
4  -O                                                                        (1 = 10.0%) {80.0%}
5  -O                                                                        (1 = 10.0%) {90.0%}
6  ... 

Histogram: WebCore.IndexedDB.Transaction.ReadWrite.TimeQueued recorded 10 samples, mean = 77.1 (flags = 0x1)
0    --O                                                                       (2 = 20.0%)
1    -O                                                                        (1 = 10.0%) {20.0%}
2    -O                                                                        (1 = 10.0%) {30.0%}
3    -O                                                                        (1 = 10.0%) {40.0%}
4    -O                                                                        (1 = 10.0%) {50.0%}
5    -O                                                                        (1 = 10.0%) {60.0%}
6    -O                                                                        (1 = 10.0%) {70.0%}
8    ... 
356  --O                                                                       (2 = 20.0%) {80.0%}
452  ... 

Histogram: WebCore.IndexedDB.Transaction.VersionChange.TimeActive2 recorded 2 samples, mean = 6.5 (flags = 0x1)
0  ... 
4  -O                                                                        (1 = 50.0%) {0.0%}
5  ... 
8  -O                                                                        (1 = 50.0%) {50.0%}
10 ... 

Histogram: WebCore.IndexedDB.Transaction.VersionChange.TimeQueued recorded 2 samples, mean = 0.0 (flags = 0x1)
0  --O                                                                       (2 = 100.0%)
1  ... 

Histogram: WebRTC.DesktopCapture.BlankFrameDetected recorded 14 samples, mean = 0.1 (flags = 0x1)
0  -------------O                                                            (13 = 92.9%)
1  -O                                                                        (1 = 7.1%) {92.9%}
2  O                                                                         (0 = 0.0%) {100.0%}

Histogram: WebRTC.DesktopCapture.FrameIsRefresh.Screen recorded 267 samples, mean = 0.0 (flags = 0x1)
0  ------------------------------------------------------------------------O (263 = 98.5%)
1  -O                                                                        (4 = 1.5%) {98.5%}
2  O                                                                         (0 = 0.0%) {100.0%}

Histogram: WebRTC.DesktopCapture.FrameRate.Screen recorded 262 samples, mean = 57.2 (flags = 0x1)
0   ... 
54  ----O                                                                     (14 = 5.3%) {0.0%}
57  ------------------------------------------------------------------------O (248 = 94.7%) {5.3%}
60  ... 

Histogram: WebRTC.DesktopCapture.PrimaryCapturerError recorded 280 samples, mean = 0.0 (flags = 0x1)
0  ------------------------------------------------------------------------O (279 = 99.6%)
1  O                                                                         (1 = 0.4%) {99.6%}
2  O                                                                         (0 = 0.0%) {100.0%}

Histogram: WebRTC.DesktopCapture.PrimaryCapturerPermanentError recorded 280 samples, mean = 0.0 (flags = 0x1)
0  ------------------------------------------------------------------------O (280 = 100.0%)
1  ... 

Histogram: WebRTC.DesktopCapture.PrimaryCapturerSelectSourceError recorded 14 samples, mean = 1.0 (flags = 0x1)
0  O                                                                         (0 = 0.0%)
1  --------------O                                                           (14 = 100.0%) {0.0%}
2  O                                                                         (0 = 0.0%) {100.0%}

Histogram: WebRTC.DesktopCapture.RefreshRate.Screen recorded 3 samples, mean = 60.0 (flags = 0x1)
0   ... 
60  ---O                                                                      (3 = 100.0%) {0.0%}
64  ... 

Histogram: WebRTC.DesktopCapture.StagingTextureRecreate recorded 261 samples, mean = 0.0 (flags = 0x1)
0  ------------------------------------------------------------------------O (261 = 100.0%)
1  ... 

Histogram: WebRTC.DesktopCapture.Win.DesktopCapturerImpl recorded 8 samples, mean = 3.9 (flags = 0x1)
0  O                                                                         (0 = 0.0%)
1  -O                                                                        (1 = 12.5%) {0.0%}
2  O                                                                         (0 = 0.0%) {12.5%}
3  -O                                                                        (1 = 12.5%) {12.5%}
4  ---O                                                                      (3 = 37.5%) {25.0%}
5  ---O                                                                      (3 = 37.5%) {62.5%}

Histogram: WebRTC.DesktopCapture.Win.DirectXCapturerFrameTime recorded 268 samples, mean = 1.5 (flags = 0x1)
0   -O                                                                        (2 = 0.7%)
1   ------------------------------------------------------------------------O (160 = 59.7%) {0.7%}
2   ------------------------------------------O                               (94 = 35.1%) {60.4%}
3   ----O                                                                     (8 = 3.0%) {95.5%}
4   O                                                                         (1 = 0.4%) {98.5%}
5   O                                                                         (1 = 0.4%) {98.9%}
6   O                                                                         (1 = 0.4%) {99.3%}
7   ... 
23  O                                                                         (1 = 0.4%) {99.6%}
26  ... 

Histogram: WebRTC.DesktopCapture.Win.DirectXCapturerResult recorded 268 samples, mean = 0.0 (flags = 0x1)
0  ------------------------------------------------------------------------O (268 = 100.0%)
1  ... 

Histogram: WebRTC.DesktopCapture.Win.WgcCaptureSessionGetFrameResult recorded 1 samples, mean = 0.0 (flags = 0x1)
0  -O                                                                        (1 = 100.0%)
1  ... 

Histogram: WebRTC.DesktopCapture.Win.WgcCaptureSessionStartResult recorded 1 samples, mean = 0.0 (flags = 0x1)
0  -O                                                                        (1 = 100.0%)
1  ... 

Histogram: WebRTC.DesktopCapture.Win.WgcCaptureSessionTimeToFirstFrame recorded 1 samples, mean = 3.0 (flags = 0x1)
0  ... 
3  -O                                                                        (1 = 100.0%) {0.0%}
4  ... 

Histogram: WebRTC.DesktopCapture.Win.WgcCaptureSessionWaitForFirstFrameResult recorded 1 samples, mean = 0.0 (flags = 0x1)
0  -O                                                                        (1 = 100.0%)
1  ... 

Histogram: WebRTC.DesktopCapture.Win.WgcCapturerFrameTime recorded 1 samples, mean = 46.0 (flags = 0x1)
0   ... 
42  -O                                                                        (1 = 100.0%) {0.0%}
47  ... 

Histogram: WebRTC.DesktopCapture.Win.WgcCapturerResult recorded 1 samples, mean = 0.0 (flags = 0x1)
0  -O                                                                        (1 = 100.0%)
1  ... 

Histogram: WebRTC.DesktopCapture.Win.WindowGdiCapturerFrameTime recorded 12 samples, mean = 13.0 (flags = 0x1)
0   ... 
6   -O                                                                        (1 = 8.3%) {0.0%}
7   -O                                                                        (1 = 8.3%) {8.3%}
8   -O                                                                        (1 = 8.3%) {16.7%}
9   -O                                                                        (1 = 8.3%) {25.0%}
10  O                                                                         (0 = 0.0%) {33.3%}
11  ---O                                                                      (3 = 25.0%) {33.3%}
12  -O                                                                        (1 = 8.3%) {58.3%}
14  -O                                                                        (1 = 8.3%) {66.7%}
16  -O                                                                        (1 = 8.3%) {75.0%}
18  ... 
23  -O                                                                        (1 = 8.3%) {83.3%}
26  -O                                                                        (1 = 8.3%) {91.7%}
29  ... 

Histogram: WebRTC.DesktopCaptureCounters recorded 3 samples, mean = 4.0 (flags = 0x1)
0   -O                                                                        (1 = 33.3%)
1   O                                                                         (0 = 0.0%) {33.3%}
2   -O                                                                        (1 = 33.3%) {33.3%}
3   ... 
10  -O                                                                        (1 = 33.3%) {66.7%}
11  ... 

Histogram: Windows.DisplayIdFromDeviceId recorded 2 samples, mean = 3.0 (flags = 0x1)
0  ... 
3  --O                                                                       (2 = 100.0%) {0.0%}
4  O                                                                         (0 = 0.0%) {100.0%}

Histogram: Windows.DisplayIdFromDeviceKey recorded 2 samples, mean = 3.0 (flags = 0x1)
0  ... 
3  --O                                                                       (2 = 100.0%) {0.0%}
4  O                                                                         (0 = 0.0%) {100.0%}

Histogram: Windows.ReplaceFileResult recorded 10 samples, mean = 5.7 (flags = 0x1)
0  --O                                                                       (2 = 20.0%)
1  ... 
7  -------O                                                                  (7 = 70.0%) {20.0%}
8  -O                                                                        (1 = 10.0%) {90.0%}
9  ... 


