
[30472:0829/101028.576:VERBOSE1:base\allocator\scheduler_loop_quarantine_config.cc:168] No entry found for browser/global.
[30472:0829/101028.576:VERBOSE1:base\allocator\scheduler_loop_quarantine_config.cc:168] No entry found for browser/*.
[30472:0829/101028.576:VERBOSE1:base\allocator\scheduler_loop_quarantine_config.cc:168] No entry found for /main.
[30472:0829/101028.576:VERBOSE1:base\allocator\scheduler_loop_quarantine_config.cc:168] No entry found for /io.
[30472:0829/101028.632:VERBOSE1:components\device_event_log\device_event_log_impl.cc:203] [10:10:28.634] Display: EVENT: screen_win.cc:1043 Displays updated, count: 1
[30472:0829/101028.635:VERBOSE1:components\device_event_log\device_event_log_impl.cc:203] [10:10:28.636] Display: EVENT: screen_win.cc:1045 Display[2036301598] bounds=[0,0 2560x1440], workarea=[0,0 2560x1392], scale=1, rotation=0, panel_rotation=0 external detected
[30472:0829/101028.635:VERBOSE1:components\proxy_config\pref_proxy_config_tracker_impl.cc:462] 0x3d2c0045e080: set chrome proxy config service to 0x3d2c00525500
[30472:0829/101028.645:VERBOSE1:components\proxy_config\pref_proxy_config_tracker_impl.cc:462] 0x3d2c0045e700: set chrome proxy config service to 0x3d2c00526a00
[30472:0829/101028.672:VERBOSE1:content\browser\first_party_sets\first_party_sets_handler_impl_instance.cc:270] Empty path. Failed initializing First-Party Sets database.
[30472:0829/101028.672:VERBOSE1:base\allocator\scheduler_loop_quarantine_config.cc:168] No entry found for browser/io.
[30472:0829/101028.829:VERBOSE1:net\disk_cache\simple\simple_index_file.cc:625] Simple Cache Index is being restored from disk.
[30472:0829/101028.831:VERBOSE1:net\disk_cache\simple\simple_index_file.cc:625] Simple Cache Index is being restored from disk.
[30472:0829/101029.035:VERBOSE1:content\browser\loader\file_url_loader_factory.cc:470] FileURLLoader::Start: file:///C:/Projects/discord%20p2p/tests/fixtures/motion-source.html?fps=60&seed=1247104336&gpuLoad=0&title=JUMP_BENCH_MOTION_SOURCE_30472
[30472:0829/101029.045:VERBOSE1:components\device_event_log\device_event_log_impl.cc:203] [10:10:29.045] Display: EVENT: screen_win.cc:1043 Displays updated, count: 1
[30472:0829/101029.045:VERBOSE1:components\device_event_log\device_event_log_impl.cc:203] [10:10:29.045] Display: EVENT: screen_win.cc:1045 Display[2036301598] bounds=[0,0 2560x1440], workarea=[0,0 2560x1392], scale=1, rotation=0, panel_rotation=0 external detected
[30472:0829/101029.088:INFO:CONSOLE:2] "%cElectron Security Warning (Insecure Content-Security-Policy) font-weight: bold; This renderer process has either no Content Security
  Policy set or a policy with "unsafe-eval" enabled. This exposes users of
  this app to unnecessary security risks.

For more information and help, consult
https://electronjs.org/docs/tutorial/security.
This warning will not show up
once the app is packaged.", source: node:electron/js2c/sandbox_bundle (2)
[30472:0829/101029.278:WARNING:third_party\webrtc\modules\desktop_capture\win\dxgi_adapter_duplicator.cc:116] Cannot initialize any DxgiOutputDuplicator instance.
[30472:0829/101029.278:WARNING:third_party\webrtc\modules\desktop_capture\win\dxgi_duplicator_controller.cc:286] Failed to initialize DxgiAdapterDuplicator on adapter 1
[30472:0829/101029.278:WARNING:third_party\webrtc\modules\desktop_capture\win\dxgi_duplicator_controller.cc:106] Count of references reaches zero, DxgiDuplicatorController will be unloaded.
[30472:0829/101029.291:INFO:third_party\webrtc\modules\desktop_capture\window_capturer_win.cc:32] DesktopCapturer::CreateRawWindowCapturer creates DesktopCapturer of type WindowCapturerWinGdi
[30472:0829/101029.292:INFO:third_party\webrtc\modules\desktop_capture\window_capturer_win.cc:42] DesktopCapturer::CreateRawWindowCapturer creates DesktopCapturer of type FallbackDesktopCapturerWrapper which has a fallback capturer of type WgcCapturerWin
[30472:0829/101029.441:VERBOSE1:components\proxy_config\pref_proxy_config_tracker_impl.cc:462] 0x3d2c00cfea40: set chrome proxy config service to 0x3d2c00529e80
[30472:0829/101029.512:VERBOSE1:components\proxy_config\pref_proxy_config_tracker_impl.cc:462] 0x3d2c00d02800: set chrome proxy config service to 0x3d2c011b4a80
[30472:0829/101029.548:VERBOSE1:content\browser\renderer_host\media\media_stream_manager.cc:1519] MDM::HandleEnumerateDevicesRequest({request_id=1}, {render_process_id=6}, {render_frame_id=1}, {audio_input=true}, {video_input=true}, {audio_output=true}, {request_audio_capabilities=true}, {request_video_capabilities=true})
[30472:0829/101029.548:VERBOSE1:content\browser\renderer_host\media\media_stream_manager.cc:1519] MDM::HandleEnumerateDevicesRequest({request_id=2}, {render_process_id=6}, {render_frame_id=1}, {audio_input=true}, {video_input=true}, {audio_output=true}, {request_audio_capabilities=false}, {request_video_capabilities=false})
[30472:0829/101029.548:VERBOSE1:content\browser\renderer_host\media\media_stream_manager.cc:1519] MDM::CheckPermissionsForEnumerateDevices({request_id=1})
[30472:0829/101029.548:VERBOSE1:content\browser\renderer_host\media\media_stream_manager.cc:1519] MDM::OnPermissionsCheckDone({request_id=1}, {has_audio_permission=true}, {has_video_permission=true})
[30472:0829/101029.548:VERBOSE1:content\browser\renderer_host\media\media_stream_manager.cc:1519] MDM::EnumerateAndRankDevices({request_id=1})
[30472:0829/101029.548:VERBOSE1:content\browser\renderer_host\media\media_stream_manager.cc:1519] MDM::EnumerateDevices({request_id=1})
[30472:0829/101029.548:VERBOSE1:content\browser\renderer_host\media\media_stream_manager.cc:1519] MDM::StartMonitoringAndPopulateCache({request_id=1}, {audio=true}, {video=true})
[30472:0829/101029.548:VERBOSE1:content\browser\renderer_host\media\media_stream_manager.cc:1519] MDM::EnumerateSystemDevices({request_id=1}, {type=VIDEO_INPUT})
[30472:0829/101029.548:VERBOSE1:content\browser\renderer_host\media\media_stream_manager.cc:1519] video capture: VideoCaptureManager::EnumerateDevices
[30472:0829/101029.548:VERBOSE1:content\browser\renderer_host\media\media_stream_manager.cc:1519] video capture: ServiceVideoCaptureProvider::GetDeviceInfosAsync
[30472:0829/101029.548:VERBOSE1:content\browser\renderer_host\media\media_stream_manager.cc:1519] MDM::EnumerateSystemDevices({request_id=1}, {type=AUDIO_INPUT})
[30472:0829/101029.548:VERBOSE1:content\browser\renderer_host\media\media_stream_manager.cc:1519] MDM::EnumerateSystemDevices({request_id=1}, {type=AUDIO_OUTPUT})
[30472:0829/101029.548:VERBOSE1:content\browser\renderer_host\media\media_stream_manager.cc:1519] MDM::CheckPermissionsForEnumerateDevices({request_id=2})
[30472:0829/101029.548:VERBOSE1:content\browser\renderer_host\media\media_stream_manager.cc:1519] MDM::OnPermissionsCheckDone({request_id=2}, {has_audio_permission=true}, {has_video_permission=true})
[30472:0829/101029.548:VERBOSE1:content\browser\renderer_host\media\media_stream_manager.cc:1519] MDM::EnumerateAndRankDevices({request_id=2})
[30472:0829/101029.548:VERBOSE1:content\browser\renderer_host\media\media_stream_manager.cc:1519] MDM::EnumerateDevices({request_id=2})
[30472:0829/101029.548:VERBOSE1:content\browser\renderer_host\media\media_stream_manager.cc:1519] MSM::NotifyDevicesChanged({device_type=DEVICE_AUDIO_INPUT})
[30472:0829/101029.548:VERBOSE1:content\browser\renderer_host\media\media_stream_manager.cc:1519] MDM::DevicesEnumerated({request_id=1}, {type=AUDIO_INPUT}, {labels=[Fake Default Audio Input, Fake Audio Input 1, Fake Audio Input 2]})
[30472:0829/101029.548:VERBOSE1:content\browser\renderer_host\media\media_stream_manager.cc:1519] MDM::DevicesEnumerated({request_id=1}, {type=AUDIO_OUTPUT}, {labels=[Fake Default Audio Output, Fake Audio Output 1, Fake Audio Output 2]})
[30472:0829/101029.602:VERBOSE1:content\browser\renderer_host\media\media_stream_manager.cc:1519] AMB::LogAudioManagerStartup => AudioManager starts.
[30472:0829/101029.701:VERBOSE1:content\browser\renderer_host\media\media_stream_manager.cc:1519] MDM::HandleEnumerateDevicesRequest({request_id=3}, {render_process_id=7}, {render_frame_id=1}, {audio_input=true}, {video_input=true}, {audio_output=true}, {request_audio_capabilities=true}, {request_video_capabilities=true})
[30472:0829/101029.701:VERBOSE1:content\browser\renderer_host\media\media_stream_manager.cc:1519] MDM::HandleEnumerateDevicesRequest({request_id=4}, {render_process_id=7}, {render_frame_id=1}, {audio_input=true}, {video_input=true}, {audio_output=true}, {request_audio_capabilities=false}, {request_video_capabilities=false})
[30472:0829/101029.701:VERBOSE1:content\browser\renderer_host\media\media_stream_manager.cc:1519] MDM::CheckPermissionsForEnumerateDevices({request_id=3})
[30472:0829/101029.701:VERBOSE1:content\browser\renderer_host\media\media_stream_manager.cc:1519] MDM::OnPermissionsCheckDone({request_id=3}, {has_audio_permission=true}, {has_video_permission=true})
[30472:0829/101029.701:VERBOSE1:content\browser\renderer_host\media\media_stream_manager.cc:1519] MDM::EnumerateAndRankDevices({request_id=3})
[30472:0829/101029.701:VERBOSE1:content\browser\renderer_host\media\media_stream_manager.cc:1519] MDM::EnumerateDevices({request_id=3})
[30472:0829/101029.701:VERBOSE1:content\browser\renderer_host\media\media_stream_manager.cc:1519] MDM::CheckPermissionsForEnumerateDevices({request_id=4})
[30472:0829/101029.701:VERBOSE1:content\browser\renderer_host\media\media_stream_manager.cc:1519] MDM::OnPermissionsCheckDone({request_id=4}, {has_audio_permission=true}, {has_video_permission=true})
[30472:0829/101029.701:VERBOSE1:content\browser\renderer_host\media\media_stream_manager.cc:1519] MDM::EnumerateAndRankDevices({request_id=4})
[30472:0829/101029.701:VERBOSE1:content\browser\renderer_host\media\media_stream_manager.cc:1519] MDM::EnumerateDevices({request_id=4})
[30472:0829/101029.905:VERBOSE1:content\browser\renderer_host\media\media_stream_manager.cc:1519] video capture: VideoCaptureManager::OnDeviceInfosReceived: Recevied 1 device infos.
device_id: /dev/video0, display_name: fake_device_0
[30472:0829/101029.905:VERBOSE1:content\browser\renderer_host\media\media_stream_manager.cc:1519] MDM::DevicesEnumerated({request_id=1}, {type=VIDEO_INPUT}, {labels=[fake_device_0]})
[30472:0829/101029.905:VERBOSE1:content\browser\renderer_host\media\media_stream_manager.cc:1519] MSM::NotifyDevicesChanged({device_type=DEVICE_VIDEO_INPUT})
[30472:0829/101029.905:VERBOSE1:content\browser\renderer_host\media\media_stream_manager.cc:1519] MDM::OnDevicesEnumeratedAndRanked({request_id=1}, {has_audio_permission=true}, {has_video_permission=true})
[30472:0829/101029.905:VERBOSE1:content\browser\renderer_host\media\media_stream_manager.cc:1519] MDM::OnDevicesEnumeratedAndRanked({request_id=2}, {has_audio_permission=true}, {has_video_permission=true})
[30472:0829/101029.905:VERBOSE1:content\browser\renderer_host\media\media_stream_manager.cc:1519] MDM::GetAudioInputCapabilities({request_id=2}, {bypassing=true}, {reason=not_requested})
[30472:0829/101029.905:VERBOSE1:content\browser\renderer_host\media\media_stream_manager.cc:1519] MDM::FinalizeDevicesEnumerated({request_id=2}, {audio_count=3}, {video_count=1})
[30472:0829/101029.905:VERBOSE1:content\browser\renderer_host\media\media_stream_manager.cc:1519] MDM::OnDevicesEnumeratedAndRanked({request_id=3}, {has_audio_permission=true}, {has_video_permission=true})
[30472:0829/101029.905:VERBOSE1:content\browser\renderer_host\media\media_stream_manager.cc:1519] MDM::OnDevicesEnumeratedAndRanked({request_id=4}, {has_audio_permission=true}, {has_video_permission=true})
[30472:0829/101029.905:VERBOSE1:content\browser\renderer_host\media\media_stream_manager.cc:1519] MDM::GetAudioInputCapabilities({request_id=4}, {bypassing=true}, {reason=not_requested})
[30472:0829/101029.905:VERBOSE1:content\browser\renderer_host\media\media_stream_manager.cc:1519] MDM::FinalizeDevicesEnumerated({request_id=4}, {audio_count=3}, {video_count=1})
[30472:0829/101029.905:VERBOSE1:content\browser\renderer_host\media\media_stream_manager.cc:1519] MDM::GotAudioInputCapabilities({request_id=1}, {label=[Fake Default Audio Input]}, {is_valid=true}, {sample_rate=44100}, {channels=2}, {latency_ms=10})
[30472:0829/101029.905:VERBOSE1:content\browser\renderer_host\media\media_stream_manager.cc:1519] MDM::GotAudioInputCapabilities({request_id=1}, {label=[Fake Audio Input 1]}, {is_valid=true}, {sample_rate=44100}, {channels=2}, {latency_ms=10})
[30472:0829/101029.905:VERBOSE1:content\browser\renderer_host\media\media_stream_manager.cc:1519] MDM::GotAudioInputCapabilities({request_id=1}, {label=[Fake Audio Input 2]}, {is_valid=true}, {sample_rate=44100}, {channels=2}, {latency_ms=10})
[30472:0829/101029.905:VERBOSE1:content\browser\renderer_host\media\media_stream_manager.cc:1519] MDM::FinalizeDevicesEnumerated({request_id=1}, {audio_count=3}, {video_count=1})
[30472:0829/101029.905:VERBOSE1:content\browser\renderer_host\media\media_stream_manager.cc:1519] MDM::GotAudioInputCapabilities({request_id=3}, {label=[Fake Default Audio Input]}, {is_valid=true}, {sample_rate=44100}, {channels=2}, {latency_ms=10})
[30472:0829/101029.905:VERBOSE1:content\browser\renderer_host\media\media_stream_manager.cc:1519] MDM::GotAudioInputCapabilities({request_id=3}, {label=[Fake Audio Input 1]}, {is_valid=true}, {sample_rate=44100}, {channels=2}, {latency_ms=10})
[30472:0829/101029.905:VERBOSE1:content\browser\renderer_host\media\media_stream_manager.cc:1519] MDM::GotAudioInputCapabilities({request_id=3}, {label=[Fake Audio Input 2]}, {is_valid=true}, {sample_rate=44100}, {channels=2}, {latency_ms=10})
[30472:0829/101029.905:VERBOSE1:content\browser\renderer_host\media\media_stream_manager.cc:1519] MDM::FinalizeDevicesEnumerated({request_id=3}, {audio_count=3}, {video_count=1})
[30472:0829/101030.107:VERBOSE1:content\browser\renderer_host\media\media_stream_manager.cc:1519] MDDH::OnAudioGotSaltAndOrigin: pending_audio_input_capabilities_requests_.size()=1
[30472:0829/101030.107:VERBOSE1:content\browser\renderer_host\media\media_stream_manager.cc:1519] MDM::EnumerateAndRankDevices({request_id=0})
[30472:0829/101030.107:VERBOSE1:content\browser\renderer_host\media\media_stream_manager.cc:1519] MDM::EnumerateDevices({request_id=0})
[30472:0829/101030.107:VERBOSE1:content\browser\renderer_host\media\media_stream_manager.cc:1519] MDDH::GotAudioInputEnumeration: no devices found or fake device command flag is passed,
[30472:0829/101030.107:VERBOSE1:content\browser\renderer_host\media\media_stream_manager.cc:1519] MDDH::FinalizeGetAudioInputCapabilities: pending_audio_input_capabilities_requests_.size()= 1,
[30472:0829/101030.107:VERBOSE1:content\browser\renderer_host\media\media_stream_manager.cc:1519] MDDH::OnAudioGotSaltAndOrigin: pending_audio_input_capabilities_requests_.size()=1
[30472:0829/101030.108:VERBOSE1:content\browser\renderer_host\media\media_stream_manager.cc:1519] MDM::EnumerateAndRankDevices({request_id=0})
[30472:0829/101030.108:VERBOSE1:content\browser\renderer_host\media\media_stream_manager.cc:1519] MDM::EnumerateDevices({request_id=0})
[30472:0829/101030.108:VERBOSE1:content\browser\renderer_host\media\media_stream_manager.cc:1519] MDDH::GotAudioInputEnumeration: no devices found or fake device command flag is passed,
[30472:0829/101030.108:VERBOSE1:content\browser\renderer_host\media\media_stream_manager.cc:1519] MDDH::FinalizeGetAudioInputCapabilities: pending_audio_input_capabilities_requests_.size()= 1,
[30472:0829/101030.108:VERBOSE1:content\browser\renderer_host\media\media_stream_manager.cc:1519] MSM::GenerateStreams({render_process_id=6}, {render_frame_id=1}, {requester_id=0}, {page_request_id=0})
[30472:0829/101030.108:VERBOSE1:content\browser\renderer_host\media\media_stream_manager.cc:1519] MSM::DR::DeviceRequest({label=}, {requesting_process_id=6}, {requesting_frame_id=1}, {requester_id=0}, {request_type=MEDIA_GENERATE_STREAM})
[30472:0829/101030.108:VERBOSE1:content\browser\renderer_host\media\media_stream_manager.cc:1519] MSM::AddRequest([requester_id=0]) => (label=44ba800d-8922-413f-bab1-d6ae77d77d0b)
[30472:0829/101030.108:VERBOSE1:content\browser\renderer_host\media\media_stream_manager.cc:1519] MSM::SetUpRequest([requester_id=0] {label=44ba800d-8922-413f-bab1-d6ae77d77d0b})
[30472:0829/101030.108:VERBOSE1:content\browser\renderer_host\media\media_stream_manager.cc:1519] MSM::DR::SetAudioType({label=44ba800d-8922-413f-bab1-d6ae77d77d0b}, [requester_id=0], {audio_type=DEVICE_AUDIO_CAPTURE})
[30472:0829/101030.108:VERBOSE1:content\browser\renderer_host\media\media_stream_manager.cc:1519] MSM::DR::SetVideoType({label=44ba800d-8922-413f-bab1-d6ae77d77d0b}, [requester_id=0], {video_type=NO_SERVICE})
[30472:0829/101030.108:VERBOSE1:content\browser\renderer_host\media\media_stream_manager.cc:1519] MSM::StartEnumeration({requester_id=0}, {label=44ba800d-8922-413f-bab1-d6ae77d77d0b})
[30472:0829/101030.108:VERBOSE1:content\browser\renderer_host\media\media_stream_manager.cc:1519] MSM::DR::SetState({label=44ba800d-8922-413f-bab1-d6ae77d77d0b}, [requester_id=0], {stream_type=DEVICE_AUDIO_CAPTURE}, {new_state=STATE_REQUESTED})
[30472:0829/101030.108:VERBOSE1:content\browser\renderer_host\media\media_stream_manager.cc:1519] MDM::EnumerateDevices({request_id=0})
[30472:0829/101030.108:VERBOSE1:content\browser\renderer_host\media\media_stream_manager.cc:1519] MSM::DevicesEnumerated({label=44ba800d-8922-413f-bab1-d6ae77d77d0b}, {requester_id=0}, {request_type=MEDIA_GENERATE_STREAM})
[30472:0829/101030.108:VERBOSE1:content\browser\renderer_host\media\media_stream_manager.cc:1519] MSM::DR::SetState({label=44ba800d-8922-413f-bab1-d6ae77d77d0b}, [requester_id=0], {stream_type=DEVICE_AUDIO_CAPTURE}, {new_state=STATE_PENDING_APPROVAL})
[30472:0829/101030.108:VERBOSE1:content\browser\renderer_host\media\media_stream_manager.cc:1519] MSM::SetUpDeviceCaptureRequest([requester_id=0] {label=44ba800d-8922-413f-bab1-d6ae77d77d0b})
[30472:0829/101030.108:VERBOSE1:content\browser\renderer_host\media\media_stream_manager.cc:1519] MSM::DR::CreateUIRequest({label=44ba800d-8922-413f-bab1-d6ae77d77d0b}, [requester_id=0], {requested_audio_device_id=default,fake_audio_input_1,fake_audio_input_2}, {requested_video_device_id=})
[30472:0829/101030.108:VERBOSE1:content\browser\renderer_host\media\media_stream_manager.cc:1519] MSM::PostRequestToUI({label=44ba800d-8922-413f-bab1-d6ae77d77d0b}
[30472:0829/101030.108:VERBOSE1:content\browser\renderer_host\media\media_stream_manager.cc:1519] MSM::DR::SetState({label=44ba800d-8922-413f-bab1-d6ae77d77d0b}, [requester_id=0], {stream_type=DEVICE_AUDIO_CAPTURE}, {new_state=STATE_PENDING_APPROVAL})
[30472:0829/101030.108:VERBOSE1:content\browser\renderer_host\media\media_stream_manager.cc:1519] MSM::HandleAccessRequestResponse({label=44ba800d-8922-413f-bab1-d6ae77d77d0b}, {request=MEDIA_GENERATE_STREAM}, {result=OK})
[30472:0829/101030.108:VERBOSE1:content\browser\renderer_host\media\media_stream_manager.cc:1519] AIDM::Open({session_id=12C7C27F73BEAF4434B50820D48C80DD}, {device=[type: DEVICE_AUDIO_CAPTURE, id: default, group_id: fake_group_audio_input_default, name: Fake Default Audio Input, parameters: [format: FAKE, channel_layout: 3, channels: 2, sample_rate: 44100, frames_per_buffer: 441, effects: NONE, mic_positions: , latency_tag: LatencyUnknown]]})
[30472:0829/101030.108:VERBOSE1:content\browser\renderer_host\media\media_stream_manager.cc:1519] MSM::DR::SetState({label=44ba800d-8922-413f-bab1-d6ae77d77d0b}, [requester_id=0], {stream_type=DEVICE_AUDIO_CAPTURE}, {new_state=STATE_OPENING})
[30472:0829/101030.108:VERBOSE1:content\browser\renderer_host\media\media_stream_manager.cc:1519] MSM::HandleAccessRequestResponse([label=44ba800d-8922-413f-bab1-d6ae77d77d0b]) => (opening device: [id: default, session_id: 12C7C27F73BEAF4434B50820D48C80DD])
[30472:0829/101030.108:VERBOSE1:content\browser\renderer_host\media\media_stream_manager.cc:1519] MSM::GenerateStreams({render_process_id=7}, {render_frame_id=1}, {requester_id=1}, {page_request_id=0})
[30472:0829/101030.108:VERBOSE1:content\browser\renderer_host\media\media_stream_manager.cc:1519] MSM::DR::DeviceRequest({label=}, {requesting_process_id=7}, {requesting_frame_id=1}, {requester_id=1}, {request_type=MEDIA_GENERATE_STREAM})
[30472:0829/101030.108:VERBOSE1:content\browser\renderer_host\media\media_stream_manager.cc:1519] MSM::AddRequest([requester_id=1]) => (label=bca31716-e518-46ca-8586-6afe080b7e44)
[30472:0829/101030.108:VERBOSE1:content\browser\renderer_host\media\media_stream_manager.cc:1519] MSM::SetUpRequest([requester_id=1] {label=bca31716-e518-46ca-8586-6afe080b7e44})
[30472:0829/101030.108:VERBOSE1:content\browser\renderer_host\media\media_stream_manager.cc:1519] MSM::DR::SetAudioType({label=bca31716-e518-46ca-8586-6afe080b7e44}, [requester_id=1], {audio_type=DEVICE_AUDIO_CAPTURE})
[30472:0829/101030.108:VERBOSE1:content\browser\renderer_host\media\media_stream_manager.cc:1519] MSM::DR::SetVideoType({label=bca31716-e518-46ca-8586-6afe080b7e44}, [requester_id=1], {video_type=NO_SERVICE})
[30472:0829/101030.108:VERBOSE1:content\browser\renderer_host\media\media_stream_manager.cc:1519] MSM::StartEnumeration({requester_id=1}, {label=bca31716-e518-46ca-8586-6afe080b7e44})
[30472:0829/101030.108:VERBOSE1:content\browser\renderer_host\media\media_stream_manager.cc:1519] MSM::DR::SetState({label=bca31716-e518-46ca-8586-6afe080b7e44}, [requester_id=1], {stream_type=DEVICE_AUDIO_CAPTURE}, {new_state=STATE_REQUESTED})
[30472:0829/101030.108:VERBOSE1:content\browser\renderer_host\media\media_stream_manager.cc:1519] MDM::EnumerateDevices({request_id=0})
[30472:0829/101030.108:VERBOSE1:content\browser\renderer_host\media\media_stream_manager.cc:1519] MSM::DevicesEnumerated({label=bca31716-e518-46ca-8586-6afe080b7e44}, {requester_id=1}, {request_type=MEDIA_GENERATE_STREAM})
[30472:0829/101030.108:VERBOSE1:content\browser\renderer_host\media\media_stream_manager.cc:1519] MSM::DR::SetState({label=bca31716-e518-46ca-8586-6afe080b7e44}, [requester_id=1], {stream_type=DEVICE_AUDIO_CAPTURE}, {new_state=STATE_PENDING_APPROVAL})
[30472:0829/101030.108:VERBOSE1:content\browser\renderer_host\media\media_stream_manager.cc:1519] MSM::SetUpDeviceCaptureRequest([requester_id=1] {label=bca31716-e518-46ca-8586-6afe080b7e44})
[30472:0829/101030.108:VERBOSE1:content\browser\renderer_host\media\media_stream_manager.cc:1519] MSM::DR::CreateUIRequest({label=bca31716-e518-46ca-8586-6afe080b7e44}, [requester_id=1], {requested_audio_device_id=default,fake_audio_input_1,fake_audio_input_2}, {requested_video_device_id=})
[30472:0829/101030.108:VERBOSE1:content\browser\renderer_host\media\media_stream_manager.cc:1519] MSM::PostRequestToUI({label=bca31716-e518-46ca-8586-6afe080b7e44}
[30472:0829/101030.108:VERBOSE1:content\browser\renderer_host\media\media_stream_manager.cc:1519] MSM::DR::SetState({label=bca31716-e518-46ca-8586-6afe080b7e44}, [requester_id=1], {stream_type=DEVICE_AUDIO_CAPTURE}, {new_state=STATE_PENDING_APPROVAL})
[30472:0829/101030.108:VERBOSE1:content\browser\renderer_host\media\media_stream_manager.cc:1519] MSM::HandleAccessRequestResponse({label=bca31716-e518-46ca-8586-6afe080b7e44}, {request=MEDIA_GENERATE_STREAM}, {result=OK})
[30472:0829/101030.108:VERBOSE1:content\browser\renderer_host\media\media_stream_manager.cc:1519] AIDM::Open({session_id=D8B2F83BF8CD53066A29496DF690678C}, {device=[type: DEVICE_AUDIO_CAPTURE, id: default, group_id: fake_group_audio_input_default, name: Fake Default Audio Input, parameters: [format: FAKE, channel_layout: 3, channels: 2, sample_rate: 44100, frames_per_buffer: 441, effects: NONE, mic_positions: , latency_tag: LatencyUnknown]]})
[30472:0829/101030.108:VERBOSE1:content\browser\renderer_host\media\media_stream_manager.cc:1519] MSM::DR::SetState({label=bca31716-e518-46ca-8586-6afe080b7e44}, [requester_id=1], {stream_type=DEVICE_AUDIO_CAPTURE}, {new_state=STATE_OPENING})
[30472:0829/101030.108:VERBOSE1:content\browser\renderer_host\media\media_stream_manager.cc:1519] MSM::HandleAccessRequestResponse([label=bca31716-e518-46ca-8586-6afe080b7e44]) => (opening device: [id: default, session_id: D8B2F83BF8CD53066A29496DF690678C])
[30472:0829/101030.110:VERBOSE1:content\browser\renderer_host\media\media_stream_manager.cc:1519] AIDM::Opened({session_id=12C7C27F73BEAF4434B50820D48C80DD})
[30472:0829/101030.110:VERBOSE1:content\browser\renderer_host\media\media_stream_manager.cc:1519] MSM::Opened({stream_type=DEVICE_AUDIO_CAPTURE}, {session_id=12C7C27F73BEAF4434B50820D48C80DD})
[30472:0829/101030.110:VERBOSE1:content\browser\renderer_host\media\media_stream_manager.cc:1519] MSM::DR::SetState({label=44ba800d-8922-413f-bab1-d6ae77d77d0b}, [requester_id=0], {stream_type=DEVICE_AUDIO_CAPTURE}, {new_state=STATE_DONE})
[30472:0829/101030.110:VERBOSE1:content\browser\renderer_host\media\media_stream_manager.cc:1519] MSM::FinalizeGenerateStreams({label=44ba800d-8922-413f-bab1-d6ae77d77d0b}, {requester_id=0}, {request_type=MEDIA_GENERATE_STREAM})
[30472:0829/101030.110:VERBOSE1:content\browser\renderer_host\media\media_stream_manager.cc:1519] MSM::OnStreamStarted({label=44ba800d-8922-413f-bab1-d6ae77d77d0b}, {requester_id=0}, {request_type=MEDIA_GENERATE_STREAM})
[30472:0829/101030.110:VERBOSE1:content\browser\renderer_host\media\media_stream_manager.cc:1519] MSM::PanTiltZoomPermissionChecked({label=44ba800d-8922-413f-bab1-d6ae77d77d0b}, {requester_id=0}, {request_type=MEDIA_GENERATE_STREAM}, {pan_tilt_zoom_allowed=1})
[30472:0829/101030.113:VERBOSE1:content\browser\renderer_host\media\media_stream_manager.cc:1519] AIDM::Opened({session_id=D8B2F83BF8CD53066A29496DF690678C})
[30472:0829/101030.113:VERBOSE1:content\browser\renderer_host\media\media_stream_manager.cc:1519] MSM::Opened({stream_type=DEVICE_AUDIO_CAPTURE}, {session_id=D8B2F83BF8CD53066A29496DF690678C})
[30472:0829/101030.113:VERBOSE1:content\browser\renderer_host\media\media_stream_manager.cc:1519] MSM::DR::SetState({label=bca31716-e518-46ca-8586-6afe080b7e44}, [requester_id=1], {stream_type=DEVICE_AUDIO_CAPTURE}, {new_state=STATE_DONE})
[30472:0829/101030.113:VERBOSE1:content\browser\renderer_host\media\media_stream_manager.cc:1519] MSM::FinalizeGenerateStreams({label=bca31716-e518-46ca-8586-6afe080b7e44}, {requester_id=1}, {request_type=MEDIA_GENERATE_STREAM})
[30472:0829/101030.113:VERBOSE1:content\browser\renderer_host\media\media_stream_manager.cc:1519] MSM::OnStreamStarted({label=bca31716-e518-46ca-8586-6afe080b7e44}, {requester_id=1}, {request_type=MEDIA_GENERATE_STREAM})
[30472:0829/101030.113:VERBOSE1:content\browser\renderer_host\media\media_stream_manager.cc:1519] MSM::PanTiltZoomPermissionChecked({label=bca31716-e518-46ca-8586-6afe080b7e44}, {requester_id=1}, {request_type=MEDIA_GENERATE_STREAM}, {pan_tilt_zoom_allowed=1})
[30472:0829/101030.121:VERBOSE1:content\browser\renderer_host\media\media_stream_manager.cc:1519] SF::CreateInputStream(device_id=default, params=[format: FAKE, channel_layout: 2, channels: 1, sample_rate: 48000, frames_per_buffer: 480, effects: NONE, mic_positions: , latency_tag: LatencyUnknown])
[30472:0829/101030.121:VERBOSE1:content\browser\renderer_host\media\media_stream_manager.cc:1519] SF::GetNewReferenceSignalProvider()
[30472:0829/101030.121:VERBOSE1:content\browser\renderer_host\media\media_stream_manager.cc:1519] SF::GetNewReferenceSignalProvider: using OutputDeviceMixerManager
[30472:0829/101030.121:VERBOSE1:content\browser\renderer_host\media\media_stream_manager.cc:1519] AISW::InputSyncWriter({shared_memory_segment_count=10}, {params=format: FAKE, channel_layout: 2, channels: 1, sample_rate: 48000, frames_per_buffer: 480, effects: NONE, mic_positions: , latency_tag: LatencyUnknown}) [id=290F97A462C132C9F602B3843D7A86C0]
[30472:0829/101030.121:VERBOSE1:content\browser\renderer_host\media\media_stream_manager.cc:1519] AISW::InputSyncWriter => (shared_memory_segment_size=[1968], audio_bus_memory_size=[1920]) [id=290F97A462C132C9F602B3843D7A86C0]
[30472:0829/101030.121:VERBOSE1:content\browser\renderer_host\media\media_stream_manager.cc:1519] audio::IS::Ctor({device_id=default}, {params=[format: FAKE, channel_layout: 2, channels: 1, sample_rate: 48000, frames_per_buffer: 480, effects: NONE, mic_positions: , latency_tag: LatencyUnknown]}, {enable_agc=1}) [id=63A2A6A5502EEE21862822D9C5EEDA29]
[30472:0829/101030.121:VERBOSE1:content\browser\renderer_host\media\media_stream_manager.cc:1519] AIC::InputController => (delay reporter uses ChromeWideAEC as AEC type) [id=63A2A6A5502EEE21862822D9C5EEDA29]
[30472:0829/101030.121:VERBOSE1:content\browser\renderer_host\media\media_stream_manager.cc:1519] AIC::MaybeSetUpAudioProcessing({processing_config=[aec: yes, ns: yes, gain control: yes, multichannel capture processing: no, loopback aec: no]}, {processing_output_params=[format: FAKE, channel_layout: 2, channels: 1, sample_rate: 48000, frames_per_buffer: 480, effects: NONE, mic_positions: , latency_tag: LatencyUnknown]}, {device_params=[format: PCM_LOW_LATENCY, channel_layout: 3, channels: 2, sample_rate: 48000, frames_per_buffer: 480, effects: NONE, mic_positions: , latency_tag: LatencyUnknown, hw_capabilities: min_frames_per_buffer: 480, max_frames_per_buffer: 480, bitstream_formats:0, require_encapsulation:0, require_audio_offload:0]}) [id=63A2A6A5502EEE21862822D9C5EEDA29]
[30472:0829/101030.121:VERBOSE1:content\browser\renderer_host\media\media_stream_manager.cc:1519] AIC::MaybeSetUpAudioProcessing => (needs WebRTC audio processing: true) [id=63A2A6A5502EEE21862822D9C5EEDA29]
[30472:0829/101030.121:VERBOSE1:content\browser\renderer_host\media\media_stream_manager.cc:1519] AudioProcessor::Create({multi_channel_capture_processing=false, neural_residual_echo_estimator_present=false}) [id=63A2A6A5502EEE21862822D9C5EEDA29]
[30472:0829/101030.121:VERBOSE1:content\browser\renderer_host\media\media_stream_manager.cc:1519] MSAP::AudioProcessor({input_format_=[format: FAKE, channel_layout: 3, channels: 2, sample_rate: 48000, frames_per_buffer: 480, effects: NONE, mic_positions: , latency_tag: LatencyUnknown], output_format_=[format: FAKE, channel_layout: 2, channels: 1, sample_rate: 48000, frames_per_buffer: 480, effects: NONE, mic_positions: , latency_tag: LatencyUnknown], added_aec_delay=[0]}) [this=0x7874000EDA40] [id=63A2A6A5502EEE21862822D9C5EEDA29]
[30472:0829/101030.121:VERBOSE1:content\browser\renderer_host\media\media_stream_manager.cc:1519] MSAP::AudioProcessor => (capture FIFO: fifo_output_frames_per_buffer=480) [this=0x7874000EDA40] [id=63A2A6A5502EEE21862822D9C5EEDA29]
[30472:0829/101030.121:VERBOSE1:content\browser\renderer_host\media\media_stream_manager.cc:1519] AIC::MaybeSetUpAudioProcessing => (echo cancellation is: enabled) [id=63A2A6A5502EEE21862822D9C5EEDA29]
[30472:0829/101030.121:VERBOSE1:content\browser\renderer_host\media\media_stream_manager.cc:1519] AIC::DoCreate({device_name=Default - Unknown}) [id=63A2A6A5502EEE21862822D9C5EEDA29]
[30472:0829/101030.121:VERBOSE1:content\browser\renderer_host\media\media_stream_manager.cc:1519] AMB::MakeAudioInputStream({device_id=default}, {params=[format: FAKE, channel_layout: 3, channels: 2, sample_rate: 48000, frames_per_buffer: 480, effects: NONE, mic_positions: , latency_tag: LatencyUnknown]}) [id=63A2A6A5502EEE21862822D9C5EEDA29]
[30472:0829/101030.121:VERBOSE1:content\browser\renderer_host\media\media_stream_manager.cc:1519] AMB::MakeAudioInputStream => (number of streams=1) [id=63A2A6A5502EEE21862822D9C5EEDA29]
[30472:0829/101030.121:VERBOSE1:content\browser\renderer_host\media\media_stream_manager.cc:1519] AIC::DoCreate => (power_measurement_is_enabled=0) [id=63A2A6A5502EEE21862822D9C5EEDA29]
[30472:0829/101030.121:VERBOSE1:content\browser\renderer_host\media\media_stream_manager.cc:1519] audio::IS::OnCreated({muted=false}) [id=63A2A6A5502EEE21862822D9C5EEDA29]
[30472:0829/101030.122:VERBOSE1:content\browser\renderer_host\media\media_stream_manager.cc:1519] audio::IS::OnCreated({muted=false}) => (completed, duration=0 ms) [id=63A2A6A5502EEE21862822D9C5EEDA29]
[30472:0829/101030.122:VERBOSE1:content\browser\renderer_host\media\media_stream_manager.cc:1519] audio::IS::Create => (duration=5 ms) [id=63A2A6A5502EEE21862822D9C5EEDA29]
[30472:0829/101030.122:VERBOSE1:content\browser\renderer_host\media\media_stream_manager.cc:1519] MDM::HandleEnumerateDevicesRequest({request_id=5}, {render_process_id=6}, {render_frame_id=1}, {audio_input=true}, {video_input=true}, {audio_output=true}, {request_audio_capabilities=true}, {request_video_capabilities=true})
[30472:0829/101030.122:VERBOSE1:content\browser\renderer_host\media\media_stream_manager.cc:1519] MDM::CheckPermissionsForEnumerateDevices({request_id=5})
[30472:0829/101030.122:VERBOSE1:content\browser\renderer_host\media\media_stream_manager.cc:1519] MDM::OnPermissionsCheckDone({request_id=5}, {has_audio_permission=true}, {has_video_permission=true})
[30472:0829/101030.122:VERBOSE1:content\browser\renderer_host\media\media_stream_manager.cc:1519] MDM::EnumerateAndRankDevices({request_id=5})
[30472:0829/101030.122:VERBOSE1:content\browser\renderer_host\media\media_stream_manager.cc:1519] MDM::EnumerateDevices({request_id=5})
[30472:0829/101030.122:VERBOSE1:content\browser\renderer_host\media\media_stream_manager.cc:1519] MDM::OnDevicesEnumeratedAndRanked({request_id=5}, {has_audio_permission=true}, {has_video_permission=true})
[30472:0829/101030.122:VERBOSE1:content\browser\renderer_host\media\media_stream_manager.cc:1519] MDM::GotAudioInputCapabilities({request_id=5}, {label=[Fake Default Audio Input]}, {is_valid=true}, {sample_rate=44100}, {channels=2}, {latency_ms=10})
[30472:0829/101030.122:VERBOSE1:content\browser\renderer_host\media\media_stream_manager.cc:1519] MDM::GotAudioInputCapabilities({request_id=5}, {label=[Fake Audio Input 1]}, {is_valid=true}, {sample_rate=44100}, {channels=2}, {latency_ms=10})
[30472:0829/101030.122:VERBOSE1:content\browser\renderer_host\media\media_stream_manager.cc:1519] MDM::GotAudioInputCapabilities({request_id=5}, {label=[Fake Audio Input 2]}, {is_valid=true}, {sample_rate=44100}, {channels=2}, {latency_ms=10})
[30472:0829/101030.122:VERBOSE1:content\browser\renderer_host\media\media_stream_manager.cc:1519] MDM::FinalizeDevicesEnumerated({request_id=5}, {audio_count=3}, {video_count=1})
[30472:0829/101030.124:VERBOSE1:content\browser\renderer_host\media\media_stream_manager.cc:1519] SF::CreateInputStream(device_id=default, params=[format: FAKE, channel_layout: 2, channels: 1, sample_rate: 48000, frames_per_buffer: 480, effects: NONE, mic_positions: , latency_tag: LatencyUnknown])
[30472:0829/101030.124:VERBOSE1:content\browser\renderer_host\media\media_stream_manager.cc:1519] SF::GetNewReferenceSignalProvider()
[30472:0829/101030.124:VERBOSE1:content\browser\renderer_host\media\media_stream_manager.cc:1519] SF::GetNewReferenceSignalProvider: using OutputDeviceMixerManager
[30472:0829/101030.124:VERBOSE1:content\browser\renderer_host\media\media_stream_manager.cc:1519] AISW::InputSyncWriter({shared_memory_segment_count=10}, {params=format: FAKE, channel_layout: 2, channels: 1, sample_rate: 48000, frames_per_buffer: 480, effects: NONE, mic_positions: , latency_tag: LatencyUnknown}) [id=58E7A78E52098B8923070D6D10B52F3F]
[30472:0829/101030.124:VERBOSE1:content\browser\renderer_host\media\media_stream_manager.cc:1519] AISW::InputSyncWriter => (shared_memory_segment_size=[1968], audio_bus_memory_size=[1920]) [id=58E7A78E52098B8923070D6D10B52F3F]
[30472:0829/101030.124:VERBOSE1:content\browser\renderer_host\media\media_stream_manager.cc:1519] audio::IS::Ctor({device_id=default}, {params=[format: FAKE, channel_layout: 2, channels: 1, sample_rate: 48000, frames_per_buffer: 480, effects: NONE, mic_positions: , latency_tag: LatencyUnknown]}, {enable_agc=1}) [id=DC74736C84B6337469D07F92A97FAAC9]
[30472:0829/101030.124:VERBOSE1:content\browser\renderer_host\media\media_stream_manager.cc:1519] RFAOSF::RequestDeviceAuthorization({device_id=}) [process_id=6, frame_id=1]
[30472:0829/101030.124:VERBOSE1:content\browser\renderer_host\media\media_stream_manager.cc:1519] AIC::InputController => (delay reporter uses ChromeWideAEC as AEC type) [id=DC74736C84B6337469D07F92A97FAAC9]
[30472:0829/101030.124:VERBOSE1:content\browser\renderer_host\media\media_stream_manager.cc:1519] AIC::MaybeSetUpAudioProcessing({processing_config=[aec: yes, ns: yes, gain control: yes, multichannel capture processing: no, loopback aec: no]}, {processing_output_params=[format: FAKE, channel_layout: 2, channels: 1, sample_rate: 48000, frames_per_buffer: 480, effects: NONE, mic_positions: , latency_tag: LatencyUnknown]}, {device_params=[format: PCM_LOW_LATENCY, channel_layout: 3, channels: 2, sample_rate: 48000, frames_per_buffer: 480, effects: NONE, mic_positions: , latency_tag: LatencyUnknown, hw_capabilities: min_frames_per_buffer: 480, max_frames_per_buffer: 480, bitstream_formats:0, require_encapsulation:0, require_audio_offload:0]}) [id=DC74736C84B6337469D07F92A97FAAC9]
[30472:0829/101030.124:VERBOSE1:content\browser\renderer_host\media\media_stream_manager.cc:1519] AIC::MaybeSetUpAudioProcessing => (needs WebRTC audio processing: true) [id=DC74736C84B6337469D07F92A97FAAC9]
[30472:0829/101030.124:VERBOSE1:content\browser\renderer_host\media\media_stream_manager.cc:1519] AudioProcessor::Create({multi_channel_capture_processing=false, neural_residual_echo_estimator_present=false}) [id=DC74736C84B6337469D07F92A97FAAC9]
[30472:0829/101030.124:VERBOSE1:content\browser\renderer_host\media\media_stream_manager.cc:1519] MSAP::AudioProcessor({input_format_=[format: FAKE, channel_layout: 3, channels: 2, sample_rate: 48000, frames_per_buffer: 480, effects: NONE, mic_positions: , latency_tag: LatencyUnknown], output_format_=[format: FAKE, channel_layout: 2, channels: 1, sample_rate: 48000, frames_per_buffer: 480, effects: NONE, mic_positions: , latency_tag: LatencyUnknown], added_aec_delay=[0]}) [this=0x7874000EDDC0] [id=DC74736C84B6337469D07F92A97FAAC9]
[30472:0829/101030.124:VERBOSE1:content\browser\renderer_host\media\media_stream_manager.cc:1519] MSAP::AudioProcessor => (capture FIFO: fifo_output_frames_per_buffer=480) [this=0x7874000EDDC0] [id=DC74736C84B6337469D07F92A97FAAC9]
[30472:0829/101030.124:VERBOSE1:content\browser\renderer_host\media\media_stream_manager.cc:1519] AIC::MaybeSetUpAudioProcessing => (echo cancellation is: enabled) [id=DC74736C84B6337469D07F92A97FAAC9]
[30472:0829/101030.124:VERBOSE1:content\browser\renderer_host\media\media_stream_manager.cc:1519] AIC::DoCreate({device_name=Default - Unknown}) [id=DC74736C84B6337469D07F92A97FAAC9]
[30472:0829/101030.124:VERBOSE1:content\browser\renderer_host\media\media_stream_manager.cc:1519] AMB::MakeAudioInputStream({device_id=default}, {params=[format: FAKE, channel_layout: 3, channels: 2, sample_rate: 48000, frames_per_buffer: 480, effects: NONE, mic_positions: , latency_tag: LatencyUnknown]}) [id=DC74736C84B6337469D07F92A97FAAC9]
[30472:0829/101030.124:VERBOSE1:content\browser\renderer_host\media\media_stream_manager.cc:1519] AMB::MakeAudioInputStream => (number of streams=2) [id=DC74736C84B6337469D07F92A97FAAC9]
[30472:0829/101030.125:VERBOSE1:content\browser\renderer_host\media\media_stream_manager.cc:1519] AIC::DoCreate => (power_measurement_is_enabled=0) [id=DC74736C84B6337469D07F92A97FAAC9]
[30472:0829/101030.125:VERBOSE1:content\browser\renderer_host\media\media_stream_manager.cc:1519] audio::IS::OnCreated({muted=false}) [id=DC74736C84B6337469D07F92A97FAAC9]
[30472:0829/101030.125:VERBOSE1:content\browser\renderer_host\media\media_stream_manager.cc:1519] audio::IS::OnCreated({muted=false}) => (completed, duration=0 ms) [id=DC74736C84B6337469D07F92A97FAAC9]
[30472:0829/101030.125:VERBOSE1:content\browser\renderer_host\media\media_stream_manager.cc:1519] audio::IS::Create => (duration=2 ms) [id=DC74736C84B6337469D07F92A97FAAC9]
[30472:0829/101030.125:VERBOSE1:content\browser\renderer_host\media\media_stream_manager.cc:1519] audio::IS::Record() [id=63A2A6A5502EEE21862822D9C5EEDA29]
[30472:0829/101030.125:VERBOSE1:content\browser\renderer_host\media\media_stream_manager.cc:1519] AIC::Record [id=63A2A6A5502EEE21862822D9C5EEDA29]
[30472:0829/101030.125:VERBOSE1:content\browser\renderer_host\media\media_stream_manager.cc:1519] OutputTapper: listening to output device:  [id=63A2A6A5502EEE21862822D9C5EEDA29]
[30472:0829/101030.125:VERBOSE1:content\browser\renderer_host\media\media_stream_manager.cc:1519] audio::IS::Record() => (duration=0 ms) [id=63A2A6A5502EEE21862822D9C5EEDA29]
[30472:0829/101030.125:VERBOSE1:content\browser\renderer_host\media\media_stream_manager.cc:1519] audio::IS::SetOutputDeviceForAec({output_device_id=}) [id=63A2A6A5502EEE21862822D9C5EEDA29]
[30472:0829/101030.125:VERBOSE1:content\browser\renderer_host\media\media_stream_manager.cc:1519] MDM::HandleEnumerateDevicesRequest({request_id=6}, {render_process_id=7}, {render_frame_id=1}, {audio_input=true}, {video_input=true}, {audio_output=true}, {request_audio_capabilities=true}, {request_video_capabilities=true})
[30472:0829/101030.125:VERBOSE1:content\browser\renderer_host\media\media_stream_manager.cc:1519] MDM::CheckPermissionsForEnumerateDevices({request_id=6})
[30472:0829/101030.125:VERBOSE1:content\browser\renderer_host\media\media_stream_manager.cc:1519] MDM::OnPermissionsCheckDone({request_id=6}, {has_audio_permission=true}, {has_video_permission=true})
[30472:0829/101030.125:VERBOSE1:content\browser\renderer_host\media\media_stream_manager.cc:1519] MDM::EnumerateAndRankDevices({request_id=6})
[30472:0829/101030.125:VERBOSE1:content\browser\renderer_host\media\media_stream_manager.cc:1519] MDM::EnumerateDevices({request_id=6})
[30472:0829/101030.125:VERBOSE1:content\browser\renderer_host\media\media_stream_manager.cc:1519] MDM::OnDevicesEnumeratedAndRanked({request_id=6}, {has_audio_permission=true}, {has_video_permission=true})
[30472:0829/101030.125:VERBOSE1:content\browser\renderer_host\media\media_stream_manager.cc:1519] MDM::GotAudioInputCapabilities({request_id=6}, {label=[Fake Default Audio Input]}, {is_valid=true}, {sample_rate=44100}, {channels=2}, {latency_ms=10})
[30472:0829/101030.125:VERBOSE1:content\browser\renderer_host\media\media_stream_manager.cc:1519] MDM::GotAudioInputCapabilities({request_id=6}, {label=[Fake Audio Input 1]}, {is_valid=true}, {sample_rate=44100}, {channels=2}, {latency_ms=10})
[30472:0829/101030.125:VERBOSE1:content\browser\renderer_host\media\media_stream_manager.cc:1519] MDM::GotAudioInputCapabilities({request_id=6}, {label=[Fake Audio Input 2]}, {is_valid=true}, {sample_rate=44100}, {channels=2}, {latency_ms=10})
[30472:0829/101030.125:VERBOSE1:content\browser\renderer_host\media\media_stream_manager.cc:1519] MDM::FinalizeDevicesEnumerated({request_id=6}, {audio_count=3}, {video_count=1})
[30472:0829/101030.127:VERBOSE1:content\browser\renderer_host\media\media_stream_manager.cc:1519] RFAOSF::RequestDeviceAuthorization({device_id=}) [process_id=7, frame_id=1]
[30472:0829/101030.128:VERBOSE1:content\browser\renderer_host\media\media_stream_manager.cc:1519] RFAOSF::AuthorizationCompleted({status=OK}, {params=format: PCM_LOW_LATENCY, channel_layout: 14, channels: 8, sample_rate: 96000, frames_per_buffer: 960, effects: NONE, mic_positions: , latency_tag: LatencyUnknown, hw_capabilities: min_frames_per_buffer: 192, max_frames_per_buffer: 960, bitstream_formats:0, require_encapsulation:0, require_audio_offload:0}, {device_id=default}) [process_id=6, frame_id=1]
[30472:0829/101030.128:VERBOSE1:content\browser\renderer_host\media\media_stream_manager.cc:1519] RFAOSF::AuthorizationCompleted => (authorization time=3 ms) [process_id=6, frame_id=1]
[30472:0829/101030.128:VERBOSE1:content\browser\renderer_host\media\media_stream_manager.cc:1519] AISW::CheckTimeSinceLastWrite => (audio input data received for the first time: delay=9 ms) [id=290F97A462C132C9F602B3843D7A86C0]
[30472:0829/101030.128:VERBOSE1:content\browser\renderer_host\media\media_stream_manager.cc:1519] RFAOSF::RequestDeviceAuthorization({device_id=}) [process_id=6, frame_id=1]
[30472:0829/101030.132:VERBOSE1:content\browser\renderer_host\media\media_stream_manager.cc:1519] RFAOSF::AuthorizationCompleted({status=OK}, {params=format: PCM_LOW_LATENCY, channel_layout: 14, channels: 8, sample_rate: 96000, frames_per_buffer: 960, effects: NONE, mic_positions: , latency_tag: LatencyUnknown, hw_capabilities: min_frames_per_buffer: 192, max_frames_per_buffer: 960, bitstream_formats:0, require_encapsulation:0, require_audio_offload:0}, {device_id=default}) [process_id=7, frame_id=1]
[30472:0829/101030.132:VERBOSE1:content\browser\renderer_host\media\media_stream_manager.cc:1519] RFAOSF::AuthorizationCompleted => (authorization time=5 ms) [process_id=7, frame_id=1]
[30472:0829/101030.132:VERBOSE1:content\browser\renderer_host\media\media_stream_manager.cc:1519] audio::IS::Record() [id=DC74736C84B6337469D07F92A97FAAC9]
[30472:0829/101030.132:VERBOSE1:content\browser\renderer_host\media\media_stream_manager.cc:1519] AIC::Record [id=DC74736C84B6337469D07F92A97FAAC9]
[30472:0829/101030.132:VERBOSE1:content\browser\renderer_host\media\media_stream_manager.cc:1519] OutputTapper: listening to output device:  [id=DC74736C84B6337469D07F92A97FAAC9]
[30472:0829/101030.132:VERBOSE1:content\browser\renderer_host\media\media_stream_manager.cc:1519] audio::IS::Record() => (duration=0 ms) [id=DC74736C84B6337469D07F92A97FAAC9]
[30472:0829/101030.132:VERBOSE1:content\browser\renderer_host\media\media_stream_manager.cc:1519] AIC::ReportIsAlive => (stream is alive) [id=63A2A6A5502EEE21862822D9C5EEDA29]
[30472:0829/101030.132:VERBOSE1:content\browser\renderer_host\media\media_stream_manager.cc:1519] audio::IS::SetOutputDeviceForAec({output_device_id=}) [id=DC74736C84B6337469D07F92A97FAAC9]
[30472:0829/101030.132:VERBOSE1:content\browser\renderer_host\media\media_stream_manager.cc:1519] AISW::CheckTimeSinceLastWrite => (audio input data received for the first time: delay=7 ms) [id=58E7A78E52098B8923070D6D10B52F3F]
[30472:0829/101030.132:VERBOSE1:content\browser\renderer_host\media\media_stream_manager.cc:1519] RFAOSF::RequestDeviceAuthorization({device_id=}) [process_id=7, frame_id=1]
[30472:0829/101030.136:VERBOSE1:content\browser\renderer_host\media\media_stream_manager.cc:1519] RFAOSF::AuthorizationCompleted({status=OK}, {params=format: PCM_LOW_LATENCY, channel_layout: 14, channels: 8, sample_rate: 96000, frames_per_buffer: 960, effects: NONE, mic_positions: , latency_tag: LatencyUnknown, hw_capabilities: min_frames_per_buffer: 192, max_frames_per_buffer: 960, bitstream_formats:0, require_encapsulation:0, require_audio_offload:0}, {device_id=default}) [process_id=6, frame_id=1]
[30472:0829/101030.136:VERBOSE1:content\browser\renderer_host\media\media_stream_manager.cc:1519] RFAOSF::AuthorizationCompleted => (authorization time=7 ms) [process_id=6, frame_id=1]
[30472:0829/101030.136:VERBOSE1:content\browser\renderer_host\media\media_stream_manager.cc:1519] AIC::ReportIsAlive => (stream is alive) [id=DC74736C84B6337469D07F92A97FAAC9]
[30472:0829/101030.139:VERBOSE1:content\browser\renderer_host\media\media_stream_manager.cc:1519] RFAOSF::AuthorizationCompleted({status=OK}, {params=format: PCM_LOW_LATENCY, channel_layout: 14, channels: 8, sample_rate: 96000, frames_per_buffer: 960, effects: NONE, mic_positions: , latency_tag: LatencyUnknown, hw_capabilities: min_frames_per_buffer: 192, max_frames_per_buffer: 960, bitstream_formats:0, require_encapsulation:0, require_audio_offload:0}, {device_id=default}) [process_id=7, frame_id=1]
[30472:0829/101030.139:VERBOSE1:content\browser\renderer_host\media\media_stream_manager.cc:1519] RFAOSF::AuthorizationCompleted => (authorization time=6 ms) [process_id=7, frame_id=1]
[30472:0829/101030.145:VERBOSE1:content\browser\renderer_host\media\media_stream_manager.cc:1519] AMB::MakeAudioOutputStream({device_id={0.0.0.00000000}.{e1abc020-acae-4cca-a51a-4dd20c0ea987}}, {params=[format: PCM_LOW_LATENCY, channel_layout: 14, channels: 8, sample_rate: 96000, frames_per_buffer: 960, effects: NONE, mic_positions: , latency_tag: LatencyUnknown, hw_capabilities: min_frames_per_buffer: 192, max_frames_per_buffer: 960, bitstream_formats:0, require_encapsulation:0, require_audio_offload:0]})
[30472:0829/101030.145:VERBOSE1:content\browser\renderer_host\media\media_stream_manager.cc:1519] WAOS[id=007DF45D6A2F9E6701BADD11CB461FE1]: WASAPIAudioOutputStream({device_name=Unknown}, {params=[format: PCM_LOW_LATENCY, channel_layout: 14, channels: 8, sample_rate: 96000, frames_per_buffer: 960, effects: NONE, mic_positions: , latency_tag: LatencyUnknown, hw_capabilities: min_frames_per_buffer: 192, max_frames_per_buffer: 960, bitstream_formats:0, require_encapsulation:0, require_audio_offload:0]}, {role=Console})
[30472:0829/101030.145:VERBOSE1:content\browser\renderer_host\media\media_stream_manager.cc:1519] AMB::MakeAudioOutputStream => (number of streams=1)
[30472:0829/101030.145:VERBOSE1:content\browser\renderer_host\media\media_stream_manager.cc:1519] WAOS[id=007DF45D6A2F9E6701BADD11CB461FE1]: Open([opened=false])
[30472:0829/101030.146:VERBOSE1:content\browser\renderer_host\media\media_stream_manager.cc:1519] WAOS[id=007DF45D6A2F9E6701BADD11CB461FE1]: SetupWaveFormat => (audio engine format=[wFormatTag: WAVE_FORMAT_EXTENSIBLE (0xFFFE), nChannels: 8, nSamplesPerSec: 96000, nAvgBytesPerSec: 3072000, nBlockAlign: 32, wBitsPerSample: 32, cbSize: 22 [+] wValidBitsPerSample: 32, dwChannelMask: FRONT_LEFT | FRONT_RIGHT | FRONT_CENTER | LOW_FREQUENCY | BACK_LEFT | BACK_RIGHT | SIDE_LEFT | SIDE_RIGHT (8/8), SubFormat: KSDATAFORMAT_SUBTYPE_IEEE_FLOAT])
[30472:0829/101030.146:VERBOSE1:content\browser\renderer_host\media\media_stream_manager.cc:1519] WAOS[id=007DF45D6A2F9E6701BADD11CB461FE1]: SetupWaveFormat => (packet size=[30720 bytes/960 audio frames/10.000 ms])
[30472:0829/101030.152:VERBOSE1:content\browser\renderer_host\media\media_stream_manager.cc:1519] WAOS[id=007DF45D6A2F9E6701BADD11CB461FE1]: Open => (preferred_frames_per_buffer=[960 audio frames])
[30472:0829/101030.152:VERBOSE1:content\browser\renderer_host\media\media_stream_manager.cc:1519] audio::OS::Ctor({audio_manager_name=Windows}, {device_id=default}, {params=[format: PCM_LOW_LATENCY, channel_layout: 3, channels: 2, sample_rate: 96000, frames_per_buffer: 960, effects: NONE, mic_positions: , latency_tag: LatencyInteractive]}) [id=4C839928291FDE012C0072977C791C5F] [controller_id=B0333992E56BD8753F529E7B5B91FEA3]
[30472:0829/101030.152:VERBOSE1:content\browser\renderer_host\media\media_stream_manager.cc:1519] AOC::CreateStream([state=empty]) [id=B0333992E56BD8753F529E7B5B91FEA3]
[30472:0829/101030.152:VERBOSE1:content\browser\renderer_host\media\media_stream_manager.cc:1519] AOC::RecreateStream({reason=INITIAL_STREAM}, {device_name=Default - Unknown}, {params=[format: PCM_LOW_LATENCY, channel_layout: 3, channels: 2, sample_rate: 96000, frames_per_buffer: 960, effects: NONE, mic_positions: , latency_tag: LatencyInteractive]}, [state=empty]) [id=B0333992E56BD8753F529E7B5B91FEA3]
[30472:0829/101030.152:VERBOSE1:content\browser\renderer_host\media\media_stream_manager.cc:1519] AOC::CreateStream => (state=created) [id=B0333992E56BD8753F529E7B5B91FEA3]
[30472:0829/101030.152:VERBOSE1:content\browser\renderer_host\media\media_stream_manager.cc:1519] audio::OS::CreateAudioPipe() [id=4C839928291FDE012C0072977C791C5F] [controller_id=B0333992E56BD8753F529E7B5B91FEA3]
[30472:0829/101030.152:VERBOSE1:content\browser\renderer_host\media\media_stream_manager.cc:1519] audio::OS::CreateAudioPipe() => (duration=0 ms) [id=4C839928291FDE012C0072977C791C5F] [controller_id=B0333992E56BD8753F529E7B5B91FEA3]
[30472:0829/101030.152:VERBOSE1:content\browser\renderer_host\media\media_stream_manager.cc:1519] audio::OS::Create => (duration=12 ms) [id=4C839928291FDE012C0072977C791C5F] [controller_id=B0333992E56BD8753F529E7B5B91FEA3]
[30472:0829/101030.152:VERBOSE1:content\browser\renderer_host\media\media_stream_manager.cc:1519] audio::OS::Ctor({audio_manager_name=Windows}, {device_id=default}, {params=[format: PCM_LOW_LATENCY, channel_layout: 3, channels: 2, sample_rate: 96000, frames_per_buffer: 960, effects: NONE, mic_positions: , latency_tag: LatencyInteractive]}) [id=09B80670C094406FDABEA2296C8EDCA8] [controller_id=0FC2870D648168856DBEE23B9D4D6EA1]
[30472:0829/101030.153:VERBOSE1:content\browser\renderer_host\media\media_stream_manager.cc:1519] AOC::CreateStream([state=empty]) [id=0FC2870D648168856DBEE23B9D4D6EA1]
[30472:0829/101030.153:VERBOSE1:content\browser\renderer_host\media\media_stream_manager.cc:1519] AOC::RecreateStream({reason=INITIAL_STREAM}, {device_name=Default - Unknown}, {params=[format: PCM_LOW_LATENCY, channel_layout: 3, channels: 2, sample_rate: 96000, frames_per_buffer: 960, effects: NONE, mic_positions: , latency_tag: LatencyInteractive]}, [state=empty]) [id=0FC2870D648168856DBEE23B9D4D6EA1]
[30472:0829/101030.153:VERBOSE1:content\browser\renderer_host\media\media_stream_manager.cc:1519] AOC::CreateStream => (state=created) [id=0FC2870D648168856DBEE23B9D4D6EA1]
[30472:0829/101030.153:VERBOSE1:content\browser\renderer_host\media\media_stream_manager.cc:1519] WAOS[id=007DF45D6A2F9E6701BADD11CB461FE1]: SetVolume({volume=1.00})
[30472:0829/101030.153:VERBOSE1:content\browser\renderer_host\media\media_stream_manager.cc:1519] WAOS[id=007DF45D6A2F9E6701BADD11CB461FE1]: Start([opened=true, started=false])
[30472:0829/101030.153:VERBOSE1:content\browser\renderer_host\media\media_stream_manager.cc:1519] audio::OS::CreateAudioPipe() [id=09B80670C094406FDABEA2296C8EDCA8] [controller_id=0FC2870D648168856DBEE23B9D4D6EA1]
[30472:0829/101030.153:VERBOSE1:content\browser\renderer_host\media\media_stream_manager.cc:1519] audio::OS::CreateAudioPipe() => (duration=0 ms) [id=09B80670C094406FDABEA2296C8EDCA8] [controller_id=0FC2870D648168856DBEE23B9D4D6EA1]
[30472:0829/101030.153:VERBOSE1:content\browser\renderer_host\media\media_stream_manager.cc:1519] audio::OS::Create => (duration=0 ms) [id=09B80670C094406FDABEA2296C8EDCA8] [controller_id=0FC2870D648168856DBEE23B9D4D6EA1]
[30472:0829/101030.153:VERBOSE1:content\browser\renderer_host\media\media_stream_manager.cc:1519] audio::OS::Play() [id=4C839928291FDE012C0072977C791C5F] [controller_id=B0333992E56BD8753F529E7B5B91FEA3]
[30472:0829/101030.153:VERBOSE1:content\browser\renderer_host\media\media_stream_manager.cc:1519] AOC::Play([state=created]) [id=B0333992E56BD8753F529E7B5B91FEA3]
[30472:0829/101030.153:VERBOSE1:content\browser\renderer_host\media\media_stream_manager.cc:1519] AOC::StartStream => (state=playing) [id=B0333992E56BD8753F529E7B5B91FEA3]
[30472:0829/101030.153:VERBOSE1:content\browser\renderer_host\media\media_stream_manager.cc:1519] audio::OS::Play() => (duration=0 ms) [id=4C839928291FDE012C0072977C791C5F] [controller_id=B0333992E56BD8753F529E7B5B91FEA3]
[30472:0829/101030.153:VERBOSE1:content\browser\renderer_host\media\media_stream_manager.cc:1519] audio::OS::Play() [id=09B80670C094406FDABEA2296C8EDCA8] [controller_id=0FC2870D648168856DBEE23B9D4D6EA1]
[30472:0829/101030.153:VERBOSE1:content\browser\renderer_host\media\media_stream_manager.cc:1519] AOC::Play([state=created]) [id=0FC2870D648168856DBEE23B9D4D6EA1]
[30472:0829/101030.153:VERBOSE1:content\browser\renderer_host\media\media_stream_manager.cc:1519] AOC::StartStream => (state=playing) [id=0FC2870D648168856DBEE23B9D4D6EA1]
[30472:0829/101030.153:VERBOSE1:content\browser\renderer_host\media\media_stream_manager.cc:1519] audio::OS::Play() => (duration=0 ms) [id=09B80670C094406FDABEA2296C8EDCA8] [controller_id=0FC2870D648168856DBEE23B9D4D6EA1]
[30472:0829/101030.194:VERBOSE1:content\browser\renderer_host\media\media_stream_manager.cc:1519] AOC::Close([state=playing]) [id=B0333992E56BD8753F529E7B5B91FEA3]
[30472:0829/101030.194:VERBOSE1:content\browser\renderer_host\media\media_stream_manager.cc:1519] AOC::StopStream => (duration=0 sec) [id=B0333992E56BD8753F529E7B5B91FEA3]
[30472:0829/101030.194:VERBOSE1:content\browser\renderer_host\media\media_stream_manager.cc:1519] RFAOSF::RequestDeviceAuthorization({device_id=}) [process_id=6, frame_id=1]
[30472:0829/101030.194:VERBOSE1:content\browser\renderer_host\media\media_stream_manager.cc:1519] AOC::StopStream => (glitches=[duration (ms): 0, count: 0], glitch_percentage=0.000%) [id=B0333992E56BD8753F529E7B5B91FEA3]
[30472:0829/101030.194:VERBOSE1:content\browser\renderer_host\media\media_stream_manager.cc:1519] AOC::StopStream => (error_during_callback=false) [id=B0333992E56BD8753F529E7B5B91FEA3]
[30472:0829/101030.194:VERBOSE1:content\browser\renderer_host\media\media_stream_manager.cc:1519] AOC::StopStream => (average audio level=-inf dBFS) [id=B0333992E56BD8753F529E7B5B91FEA3]
[30472:0829/101030.194:VERBOSE1:content\browser\renderer_host\media\media_stream_manager.cc:1519] AOC::Close => (state=closed) [id=B0333992E56BD8753F529E7B5B91FEA3]
[30472:0829/101030.194:VERBOSE1:content\browser\renderer_host\media\media_stream_manager.cc:1519] audio::OS::Dtor => (completed, duration=0 ms) [id=4C839928291FDE012C0072977C791C5F] [controller_id=B0333992E56BD8753F529E7B5B91FEA3]
[30472:0829/101030.194:VERBOSE1:content\browser\renderer_host\media\media_stream_manager.cc:1519] ASR: number of detected audio glitches: 0 out of 4
[30472:0829/101030.198:VERBOSE1:content\browser\renderer_host\media\media_stream_manager.cc:1519] RFAOSF::AuthorizationCompleted({status=OK}, {params=format: PCM_LOW_LATENCY, channel_layout: 14, channels: 8, sample_rate: 96000, frames_per_buffer: 960, effects: NONE, mic_positions: , latency_tag: LatencyUnknown, hw_capabilities: min_frames_per_buffer: 192, max_frames_per_buffer: 960, bitstream_formats:0, require_encapsulation:0, require_audio_offload:0}, {device_id=default}) [process_id=6, frame_id=1]
[30472:0829/101030.198:VERBOSE1:content\browser\renderer_host\media\media_stream_manager.cc:1519] RFAOSF::AuthorizationCompleted => (authorization time=4 ms) [process_id=6, frame_id=1]
[30472:0829/101030.199:VERBOSE1:content\browser\renderer_host\media\media_stream_manager.cc:1519] audio::OS::Ctor({audio_manager_name=Windows}, {device_id=default}, {params=[format: PCM_LOW_LATENCY, channel_layout: 3, channels: 2, sample_rate: 96000, frames_per_buffer: 960, effects: NONE, mic_positions: , latency_tag: LatencyInteractive]}) [id=C4F198E748A042BF90C24DB86DCC00F7] [controller_id=E529FD4438370BAB687E503B003295D8]
[30472:0829/101030.199:VERBOSE1:content\browser\renderer_host\media\media_stream_manager.cc:1519] AOC::CreateStream([state=empty]) [id=E529FD4438370BAB687E503B003295D8]
[30472:0829/101030.199:VERBOSE1:content\browser\renderer_host\media\media_stream_manager.cc:1519] AOC::RecreateStream({reason=INITIAL_STREAM}, {device_name=Default - Unknown}, {params=[format: PCM_LOW_LATENCY, channel_layout: 3, channels: 2, sample_rate: 96000, frames_per_buffer: 960, effects: NONE, mic_positions: , latency_tag: LatencyInteractive]}, [state=empty]) [id=E529FD4438370BAB687E503B003295D8]
[30472:0829/101030.199:VERBOSE1:content\browser\renderer_host\media\media_stream_manager.cc:1519] AOC::CreateStream => (state=created) [id=E529FD4438370BAB687E503B003295D8]
[30472:0829/101030.199:VERBOSE1:content\browser\renderer_host\media\media_stream_manager.cc:1519] audio::OS::CreateAudioPipe() [id=C4F198E748A042BF90C24DB86DCC00F7] [controller_id=E529FD4438370BAB687E503B003295D8]
[30472:0829/101030.199:VERBOSE1:content\browser\renderer_host\media\media_stream_manager.cc:1519] audio::OS::CreateAudioPipe() => (duration=0 ms) [id=C4F198E748A042BF90C24DB86DCC00F7] [controller_id=E529FD4438370BAB687E503B003295D8]
[30472:0829/101030.199:VERBOSE1:content\browser\renderer_host\media\media_stream_manager.cc:1519] audio::OS::Create => (duration=0 ms) [id=C4F198E748A042BF90C24DB86DCC00F7] [controller_id=E529FD4438370BAB687E503B003295D8]
[30472:0829/101030.199:VERBOSE1:content\browser\renderer_host\media\media_stream_manager.cc:1519] audio::OS::Play() [id=C4F198E748A042BF90C24DB86DCC00F7] [controller_id=E529FD4438370BAB687E503B003295D8]
[30472:0829/101030.199:VERBOSE1:content\browser\renderer_host\media\media_stream_manager.cc:1519] AOC::Play([state=created]) [id=E529FD4438370BAB687E503B003295D8]
[30472:0829/101030.199:VERBOSE1:content\browser\renderer_host\media\media_stream_manager.cc:1519] AOC::StartStream => (state=playing) [id=E529FD4438370BAB687E503B003295D8]
[30472:0829/101030.199:VERBOSE1:content\browser\renderer_host\media\media_stream_manager.cc:1519] audio::OS::Play() => (duration=0 ms) [id=C4F198E748A042BF90C24DB86DCC00F7] [controller_id=E529FD4438370BAB687E503B003295D8]
[30472:0829/101030.209:VERBOSE1:content\browser\renderer_host\media\media_stream_manager.cc:1519] AOC::Close([state=playing]) [id=0FC2870D648168856DBEE23B9D4D6EA1]
[30472:0829/101030.209:VERBOSE1:content\browser\renderer_host\media\media_stream_manager.cc:1519] AOC::StopStream => (duration=0 sec) [id=0FC2870D648168856DBEE23B9D4D6EA1]
[30472:0829/101030.209:VERBOSE1:content\browser\renderer_host\media\media_stream_manager.cc:1519] AOC::StopStream => (glitches=[duration (ms): 0, count: 0], glitch_percentage=0.000%) [id=0FC2870D648168856DBEE23B9D4D6EA1]
[30472:0829/101030.209:VERBOSE1:content\browser\renderer_host\media\media_stream_manager.cc:1519] AOC::StopStream => (error_during_callback=false) [id=0FC2870D648168856DBEE23B9D4D6EA1]
[30472:0829/101030.209:VERBOSE1:content\browser\renderer_host\media\media_stream_manager.cc:1519] AOC::StopStream => (average audio level=-inf dBFS) [id=0FC2870D648168856DBEE23B9D4D6EA1]
[30472:0829/101030.209:VERBOSE1:content\browser\renderer_host\media\media_stream_manager.cc:1519] AOC::Close => (state=closed) [id=0FC2870D648168856DBEE23B9D4D6EA1]
[30472:0829/101030.209:VERBOSE1:content\browser\renderer_host\media\media_stream_manager.cc:1519] audio::OS::Dtor => (completed, duration=0 ms) [id=09B80670C094406FDABEA2296C8EDCA8] [controller_id=0FC2870D648168856DBEE23B9D4D6EA1]
[30472:0829/101030.209:VERBOSE1:content\browser\renderer_host\media\media_stream_manager.cc:1519] ASR: number of detected audio glitches: 0 out of 6
[30472:0829/101030.209:VERBOSE1:content\browser\renderer_host\media\media_stream_manager.cc:1519] RFAOSF::RequestDeviceAuthorization({device_id=}) [process_id=7, frame_id=1]
[30472:0829/101030.211:VERBOSE1:content\browser\renderer_host\media\media_stream_manager.cc:1519] RFAOSF::RequestDeviceAuthorization({device_id=}) [process_id=6, frame_id=1]
[30472:0829/101030.212:VERBOSE1:content\browser\renderer_host\media\media_stream_manager.cc:1519] RFAOSF::RequestDeviceAuthorization({device_id=}) [process_id=6, frame_id=1]
[30472:0829/101030.214:VERBOSE1:content\browser\renderer_host\media\media_stream_manager.cc:1519] RFAOSF::AuthorizationCompleted({status=OK}, {params=format: PCM_LOW_LATENCY, channel_layout: 14, channels: 8, sample_rate: 96000, frames_per_buffer: 960, effects: NONE, mic_positions: , latency_tag: LatencyUnknown, hw_capabilities: min_frames_per_buffer: 192, max_frames_per_buffer: 960, bitstream_formats:0, require_encapsulation:0, require_audio_offload:0}, {device_id=default}) [process_id=7, frame_id=1]
[30472:0829/101030.214:VERBOSE1:content\browser\renderer_host\media\media_stream_manager.cc:1519] RFAOSF::AuthorizationCompleted => (authorization time=4 ms) [process_id=7, frame_id=1]
[30472:0829/101030.215:VERBOSE1:content\browser\renderer_host\media\media_stream_manager.cc:1519] RFAOSF::RequestDeviceAuthorization({device_id=}) [process_id=7, frame_id=1]
[30472:0829/101030.218:VERBOSE1:content\browser\renderer_host\media\media_stream_manager.cc:1519] RFAOSF::RequestDeviceAuthorization({device_id=}) [process_id=7, frame_id=1]
[30472:0829/101030.218:VERBOSE1:content\browser\renderer_host\media\media_stream_manager.cc:1519] RFAOSF::AuthorizationCompleted({status=OK}, {params=format: PCM_LOW_LATENCY, channel_layout: 14, channels: 8, sample_rate: 96000, frames_per_buffer: 960, effects: NONE, mic_positions: , latency_tag: LatencyUnknown, hw_capabilities: min_frames_per_buffer: 192, max_frames_per_buffer: 960, bitstream_formats:0, require_encapsulation:0, require_audio_offload:0}, {device_id=default}) [process_id=6, frame_id=1]
[30472:0829/101030.218:VERBOSE1:content\browser\renderer_host\media\media_stream_manager.cc:1519] RFAOSF::AuthorizationCompleted => (authorization time=6 ms) [process_id=6, frame_id=1]
[30472:0829/101030.222:VERBOSE1:content\browser\renderer_host\media\media_stream_manager.cc:1519] RFAOSF::AuthorizationCompleted({status=OK}, {params=format: PCM_LOW_LATENCY, channel_layout: 14, channels: 8, sample_rate: 96000, frames_per_buffer: 960, effects: NONE, mic_positions: , latency_tag: LatencyUnknown, hw_capabilities: min_frames_per_buffer: 192, max_frames_per_buffer: 960, bitstream_formats:0, require_encapsulation:0, require_audio_offload:0}, {device_id=default}) [process_id=6, frame_id=1]
[30472:0829/101030.222:VERBOSE1:content\browser\renderer_host\media\media_stream_manager.cc:1519] RFAOSF::AuthorizationCompleted => (authorization time=10 ms) [process_id=6, frame_id=1]
[30472:0829/101030.222:VERBOSE1:content\browser\renderer_host\media\media_stream_manager.cc:1519] ASR: No room in socket buffer.
[30472:0829/101030.226:VERBOSE1:content\browser\renderer_host\media\media_stream_manager.cc:1519] RFAOSF::AuthorizationCompleted({status=OK}, {params=format: PCM_LOW_LATENCY, channel_layout: 14, channels: 8, sample_rate: 96000, frames_per_buffer: 960, effects: NONE, mic_positions: , latency_tag: LatencyUnknown, hw_capabilities: min_frames_per_buffer: 192, max_frames_per_buffer: 960, bitstream_formats:0, require_encapsulation:0, require_audio_offload:0}, {device_id=default}) [process_id=7, frame_id=1]
[30472:0829/101030.227:VERBOSE1:content\browser\renderer_host\media\media_stream_manager.cc:1519] RFAOSF::AuthorizationCompleted => (authorization time=10 ms) [process_id=7, frame_id=1]
[30472:0829/101030.230:VERBOSE1:content\browser\renderer_host\media\media_stream_manager.cc:1519] RFAOSF::AuthorizationCompleted({status=OK}, {params=format: PCM_LOW_LATENCY, channel_layout: 14, channels: 8, sample_rate: 96000, frames_per_buffer: 960, effects: NONE, mic_positions: , latency_tag: LatencyUnknown, hw_capabilities: min_frames_per_buffer: 192, max_frames_per_buffer: 960, bitstream_formats:0, require_encapsulation:0, require_audio_offload:0}, {device_id=default}) [process_id=7, frame_id=1]
[30472:0829/101030.230:VERBOSE1:content\browser\renderer_host\media\media_stream_manager.cc:1519] RFAOSF::AuthorizationCompleted => (authorization time=12 ms) [process_id=7, frame_id=1]
[30472:0829/101030.230:VERBOSE1:content\browser\renderer_host\media\media_stream_manager.cc:1519] AOC::Close([state=playing]) [id=E529FD4438370BAB687E503B003295D8]
[30472:0829/101030.230:VERBOSE1:content\browser\renderer_host\media\media_stream_manager.cc:1519] AOC::StopStream => (duration=0 sec) [id=E529FD4438370BAB687E503B003295D8]
[30472:0829/101030.230:VERBOSE1:content\browser\renderer_host\media\media_stream_manager.cc:1519] AOC::StopStream => (glitches=[duration (ms): 0, count: 0], glitch_percentage=0.000%) [id=E529FD4438370BAB687E503B003295D8]
[30472:0829/101030.230:VERBOSE1:content\browser\renderer_host\media\media_stream_manager.cc:1519] AOC::StopStream => (error_during_callback=false) [id=E529FD4438370BAB687E503B003295D8]
[30472:0829/101030.230:VERBOSE1:content\browser\renderer_host\media\media_stream_manager.cc:1519] AOC::StopStream => (average audio level=-inf dBFS) [id=E529FD4438370BAB687E503B003295D8]
[30472:0829/101030.230:VERBOSE1:content\browser\renderer_host\media\media_stream_manager.cc:1519] AOC::Close => (state=closed) [id=E529FD4438370BAB687E503B003295D8]
[30472:0829/101030.230:VERBOSE1:content\browser\renderer_host\media\media_stream_manager.cc:1519] audio::OS::Dtor => (completed, duration=0 ms) [id=C4F198E748A042BF90C24DB86DCC00F7] [controller_id=E529FD4438370BAB687E503B003295D8]
[30472:0829/101030.230:VERBOSE1:content\browser\renderer_host\media\media_stream_manager.cc:1519] ASR: number of detected audio glitches: 0 out of 2
[30472:0829/101030.230:VERBOSE1:content\browser\renderer_host\media\media_stream_manager.cc:1519] audio::OS::Ctor({audio_manager_name=Windows}, {device_id=default}, {params=[format: PCM_LOW_LATENCY, channel_layout: 3, channels: 2, sample_rate: 96000, frames_per_buffer: 960, effects: NONE, mic_positions: , latency_tag: LatencyInteractive]}) [id=B27BF7D5C27C2D0C8A71BB7AC668B78B] [controller_id=63E6E4922193977B4E9C41EB48ACEF31]
[30472:0829/101030.230:VERBOSE1:content\browser\renderer_host\media\media_stream_manager.cc:1519] AOC::CreateStream([state=empty]) [id=63E6E4922193977B4E9C41EB48ACEF31]
[30472:0829/101030.230:VERBOSE1:content\browser\renderer_host\media\media_stream_manager.cc:1519] AOC::RecreateStream({reason=INITIAL_STREAM}, {device_name=Default - Unknown}, {params=[format: PCM_LOW_LATENCY, channel_layout: 3, channels: 2, sample_rate: 96000, frames_per_buffer: 960, effects: NONE, mic_positions: , latency_tag: LatencyInteractive]}, [state=empty]) [id=63E6E4922193977B4E9C41EB48ACEF31]
[30472:0829/101030.230:VERBOSE1:content\browser\renderer_host\media\media_stream_manager.cc:1519] AOC::CreateStream => (state=created) [id=63E6E4922193977B4E9C41EB48ACEF31]
[30472:0829/101030.230:VERBOSE1:content\browser\renderer_host\media\media_stream_manager.cc:1519] audio::OS::CreateAudioPipe() [id=B27BF7D5C27C2D0C8A71BB7AC668B78B] [controller_id=63E6E4922193977B4E9C41EB48ACEF31]
[30472:0829/101030.230:VERBOSE1:content\browser\renderer_host\media\media_stream_manager.cc:1519] audio::OS::CreateAudioPipe() => (duration=0 ms) [id=B27BF7D5C27C2D0C8A71BB7AC668B78B] [controller_id=63E6E4922193977B4E9C41EB48ACEF31]
[30472:0829/101030.230:VERBOSE1:content\browser\renderer_host\media\media_stream_manager.cc:1519] audio::OS::Create => (duration=0 ms) [id=B27BF7D5C27C2D0C8A71BB7AC668B78B] [controller_id=63E6E4922193977B4E9C41EB48ACEF31]
[30472:0829/101030.230:VERBOSE1:content\browser\renderer_host\media\media_stream_manager.cc:1519] audio::OS::Ctor({audio_manager_name=Windows}, {device_id=default}, {params=[format: PCM_LOW_LATENCY, channel_layout: 3, channels: 2, sample_rate: 96000, frames_per_buffer: 960, effects: NONE, mic_positions: , latency_tag: LatencyInteractive]}) [id=5FD5E7ADA3AC223791878B0781488C58] [controller_id=3ACEFE6B02DE8D9DC9C54F6386C9EAEE]
[30472:0829/101030.230:VERBOSE1:content\browser\renderer_host\media\media_stream_manager.cc:1519] AOC::CreateStream([state=empty]) [id=3ACEFE6B02DE8D9DC9C54F6386C9EAEE]
[30472:0829/101030.230:VERBOSE1:content\browser\renderer_host\media\media_stream_manager.cc:1519] AOC::RecreateStream({reason=INITIAL_STREAM}, {device_name=Default - Unknown}, {params=[format: PCM_LOW_LATENCY, channel_layout: 3, channels: 2, sample_rate: 96000, frames_per_buffer: 960, effects: NONE, mic_positions: , latency_tag: LatencyInteractive]}, [state=empty]) [id=3ACEFE6B02DE8D9DC9C54F6386C9EAEE]
[30472:0829/101030.230:VERBOSE1:content\browser\renderer_host\media\media_stream_manager.cc:1519] AOC::CreateStream => (state=created) [id=3ACEFE6B02DE8D9DC9C54F6386C9EAEE]
[30472:0829/101030.230:VERBOSE1:content\browser\renderer_host\media\media_stream_manager.cc:1519] audio::OS::CreateAudioPipe() [id=5FD5E7ADA3AC223791878B0781488C58] [controller_id=3ACEFE6B02DE8D9DC9C54F6386C9EAEE]
[30472:0829/101030.230:VERBOSE1:content\browser\renderer_host\media\media_stream_manager.cc:1519] audio::OS::CreateAudioPipe() => (duration=0 ms) [id=5FD5E7ADA3AC223791878B0781488C58] [controller_id=3ACEFE6B02DE8D9DC9C54F6386C9EAEE]
[30472:0829/101030.230:VERBOSE1:content\browser\renderer_host\media\media_stream_manager.cc:1519] audio::OS::Create => (duration=0 ms) [id=5FD5E7ADA3AC223791878B0781488C58] [controller_id=3ACEFE6B02DE8D9DC9C54F6386C9EAEE]
[30472:0829/101030.230:VERBOSE1:content\browser\renderer_host\media\media_stream_manager.cc:1519] audio::OS::Ctor({audio_manager_name=Windows}, {device_id=default}, {params=[format: PCM_LOW_LATENCY, channel_layout: 14, channels: 8, sample_rate: 96000, frames_per_buffer: 960, effects: NONE, mic_positions: , latency_tag: LatencyRtc]}) [id=0B56F7E83C5C832A73A455C2EE4DF486] [controller_id=4162D1BE0BBD8630EB2D92FB42C8C0BB]
[30472:0829/101030.230:VERBOSE1:content\browser\renderer_host\media\media_stream_manager.cc:1519] AOC::CreateStream([state=empty]) [id=4162D1BE0BBD8630EB2D92FB42C8C0BB]
[30472:0829/101030.230:VERBOSE1:content\browser\renderer_host\media\media_stream_manager.cc:1519] AOC::RecreateStream({reason=INITIAL_STREAM}, {device_name=Default - Unknown}, {params=[format: PCM_LOW_LATENCY, channel_layout: 14, channels: 8, sample_rate: 96000, frames_per_buffer: 960, effects: NONE, mic_positions: , latency_tag: LatencyRtc]}, [state=empty]) [id=4162D1BE0BBD8630EB2D92FB42C8C0BB]
[30472:0829/101030.230:VERBOSE1:content\browser\renderer_host\media\media_stream_manager.cc:1519] AOC::CreateStream => (state=created) [id=4162D1BE0BBD8630EB2D92FB42C8C0BB]
[30472:0829/101030.230:VERBOSE1:content\browser\renderer_host\media\media_stream_manager.cc:1519] audio::OS::CreateAudioPipe() [id=0B56F7E83C5C832A73A455C2EE4DF486] [controller_id=4162D1BE0BBD8630EB2D92FB42C8C0BB]
[30472:0829/101030.230:VERBOSE1:content\browser\renderer_host\media\media_stream_manager.cc:1519] audio::OS::CreateAudioPipe() => (duration=0 ms) [id=0B56F7E83C5C832A73A455C2EE4DF486] [controller_id=4162D1BE0BBD8630EB2D92FB42C8C0BB]
[30472:0829/101030.230:VERBOSE1:content\browser\renderer_host\media\media_stream_manager.cc:1519] audio::OS::Create => (duration=0 ms) [id=0B56F7E83C5C832A73A455C2EE4DF486] [controller_id=4162D1BE0BBD8630EB2D92FB42C8C0BB]
[30472:0829/101030.230:VERBOSE1:content\browser\renderer_host\media\media_stream_manager.cc:1519] AOC::Close([state=created]) [id=63E6E4922193977B4E9C41EB48ACEF31]
[30472:0829/101030.230:VERBOSE1:content\browser\renderer_host\media\media_stream_manager.cc:1519] AOC::Close => (state=closed) [id=63E6E4922193977B4E9C41EB48ACEF31]
[30472:0829/101030.230:VERBOSE1:content\browser\renderer_host\media\media_stream_manager.cc:1519] audio::OS::Dtor => (completed, duration=0 ms) [id=B27BF7D5C27C2D0C8A71BB7AC668B78B] [controller_id=63E6E4922193977B4E9C41EB48ACEF31]
[30472:0829/101030.230:VERBOSE1:content\browser\renderer_host\media\media_stream_manager.cc:1519] ASR: number of detected audio glitches: 0 out of 0
[30472:0829/101030.230:VERBOSE1:content\browser\renderer_host\media\media_stream_manager.cc:1519] audio::OS::Ctor({audio_manager_name=Windows}, {device_id=default}, {params=[format: PCM_LOW_LATENCY, channel_layout: 3, channels: 2, sample_rate: 96000, frames_per_buffer: 960, effects: NONE, mic_positions: , latency_tag: LatencyInteractive]}) [id=77B0413560977C88C5E28158F2563F89] [controller_id=7276595EC9FFD6C6296501E9C13471D8]
[30472:0829/101030.230:VERBOSE1:content\browser\renderer_host\media\media_stream_manager.cc:1519] AOC::CreateStream([state=empty]) [id=7276595EC9FFD6C6296501E9C13471D8]
[30472:0829/101030.230:VERBOSE1:content\browser\renderer_host\media\media_stream_manager.cc:1519] AOC::RecreateStream({reason=INITIAL_STREAM}, {device_name=Default - Unknown}, {params=[format: PCM_LOW_LATENCY, channel_layout: 3, channels: 2, sample_rate: 96000, frames_per_buffer: 960, effects: NONE, mic_positions: , latency_tag: LatencyInteractive]}, [state=empty]) [id=7276595EC9FFD6C6296501E9C13471D8]
[30472:0829/101030.230:VERBOSE1:content\browser\renderer_host\media\media_stream_manager.cc:1519] AOC::CreateStream => (state=created) [id=7276595EC9FFD6C6296501E9C13471D8]
[30472:0829/101030.230:VERBOSE1:content\browser\renderer_host\media\media_stream_manager.cc:1519] audio::OS::CreateAudioPipe() [id=77B0413560977C88C5E28158F2563F89] [controller_id=7276595EC9FFD6C6296501E9C13471D8]
[30472:0829/101030.230:VERBOSE1:content\browser\renderer_host\media\media_stream_manager.cc:1519] audio::OS::CreateAudioPipe() => (duration=0 ms) [id=77B0413560977C88C5E28158F2563F89] [controller_id=7276595EC9FFD6C6296501E9C13471D8]
[30472:0829/101030.230:VERBOSE1:content\browser\renderer_host\media\media_stream_manager.cc:1519] audio::OS::Create => (duration=0 ms) [id=77B0413560977C88C5E28158F2563F89] [controller_id=7276595EC9FFD6C6296501E9C13471D8]
[30472:0829/101030.230:VERBOSE1:content\browser\renderer_host\media\media_stream_manager.cc:1519] audio::OS::Play() [id=5FD5E7ADA3AC223791878B0781488C58] [controller_id=3ACEFE6B02DE8D9DC9C54F6386C9EAEE]
[30472:0829/101030.230:VERBOSE1:content\browser\renderer_host\media\media_stream_manager.cc:1519] AOC::Play([state=created]) [id=3ACEFE6B02DE8D9DC9C54F6386C9EAEE]
[30472:0829/101030.230:VERBOSE1:content\browser\renderer_host\media\media_stream_manager.cc:1519] AOC::StartStream => (state=playing) [id=3ACEFE6B02DE8D9DC9C54F6386C9EAEE]
[30472:0829/101030.230:VERBOSE1:content\browser\renderer_host\media\media_stream_manager.cc:1519] audio::OS::Play() => (duration=0 ms) [id=5FD5E7ADA3AC223791878B0781488C58] [controller_id=3ACEFE6B02DE8D9DC9C54F6386C9EAEE]
[30472:0829/101030.232:VERBOSE1:content\browser\renderer_host\media\media_stream_manager.cc:1519] audio::OS::Ctor({audio_manager_name=Windows}, {device_id=default}, {params=[format: PCM_LOW_LATENCY, channel_layout: 14, channels: 8, sample_rate: 96000, frames_per_buffer: 960, effects: NONE, mic_positions: , latency_tag: LatencyRtc]}) [id=A823E8294F5F5F4422D41DDAB86600EA] [controller_id=FAD93C2CD472114CF8D608C82174CA62]
[30472:0829/101030.232:VERBOSE1:content\browser\renderer_host\media\media_stream_manager.cc:1519] AOC::CreateStream([state=empty]) [id=FAD93C2CD472114CF8D608C82174CA62]
[30472:0829/101030.232:VERBOSE1:content\browser\renderer_host\media\media_stream_manager.cc:1519] AOC::RecreateStream({reason=INITIAL_STREAM}, {device_name=Default - Unknown}, {params=[format: PCM_LOW_LATENCY, channel_layout: 14, channels: 8, sample_rate: 96000, frames_per_buffer: 960, effects: NONE, mic_positions: , latency_tag: LatencyRtc]}, [state=empty]) [id=FAD93C2CD472114CF8D608C82174CA62]
[30472:0829/101030.232:VERBOSE1:content\browser\renderer_host\media\media_stream_manager.cc:1519] AOC::CreateStream => (state=created) [id=FAD93C2CD472114CF8D608C82174CA62]
[30472:0829/101030.232:VERBOSE1:content\browser\renderer_host\media\media_stream_manager.cc:1519] audio::OS::CreateAudioPipe() [id=A823E8294F5F5F4422D41DDAB86600EA] [controller_id=FAD93C2CD472114CF8D608C82174CA62]
[30472:0829/101030.232:VERBOSE1:content\browser\renderer_host\media\media_stream_manager.cc:1519] audio::OS::CreateAudioPipe() => (duration=0 ms) [id=A823E8294F5F5F4422D41DDAB86600EA] [controller_id=FAD93C2CD472114CF8D608C82174CA62]
[30472:0829/101030.232:VERBOSE1:content\browser\renderer_host\media\media_stream_manager.cc:1519] audio::OS::Create => (duration=0 ms) [id=A823E8294F5F5F4422D41DDAB86600EA] [controller_id=FAD93C2CD472114CF8D608C82174CA62]
[30472:0829/101030.232:VERBOSE1:content\browser\renderer_host\media\media_stream_manager.cc:1519] audio::OS::Play() [id=0B56F7E83C5C832A73A455C2EE4DF486] [controller_id=4162D1BE0BBD8630EB2D92FB42C8C0BB]
[30472:0829/101030.232:VERBOSE1:content\browser\renderer_host\media\media_stream_manager.cc:1519] AOC::Play([state=created]) [id=4162D1BE0BBD8630EB2D92FB42C8C0BB]
[30472:0829/101030.232:VERBOSE1:content\browser\renderer_host\media\media_stream_manager.cc:1519] AOC::StartStream => (state=playing) [id=4162D1BE0BBD8630EB2D92FB42C8C0BB]
[30472:0829/101030.232:VERBOSE1:content\browser\renderer_host\media\media_stream_manager.cc:1519] audio::OS::Play() => (duration=0 ms) [id=0B56F7E83C5C832A73A455C2EE4DF486] [controller_id=4162D1BE0BBD8630EB2D92FB42C8C0BB]
[30472:0829/101030.232:VERBOSE1:content\browser\renderer_host\media\media_stream_manager.cc:1519] audio::OS::Play() [id=77B0413560977C88C5E28158F2563F89] [controller_id=7276595EC9FFD6C6296501E9C13471D8]
[30472:0829/101030.232:VERBOSE1:content\browser\renderer_host\media\media_stream_manager.cc:1519] AOC::Play([state=created]) [id=7276595EC9FFD6C6296501E9C13471D8]
[30472:0829/101030.232:VERBOSE1:content\browser\renderer_host\media\media_stream_manager.cc:1519] AOC::StartStream => (state=playing) [id=7276595EC9FFD6C6296501E9C13471D8]
[30472:0829/101030.232:VERBOSE1:content\browser\renderer_host\media\media_stream_manager.cc:1519] audio::OS::Play() => (duration=0 ms) [id=77B0413560977C88C5E28158F2563F89] [controller_id=7276595EC9FFD6C6296501E9C13471D8]
[30472:0829/101030.232:VERBOSE1:content\browser\renderer_host\media\media_stream_manager.cc:1519] audio::OS::Play() [id=A823E8294F5F5F4422D41DDAB86600EA] [controller_id=FAD93C2CD472114CF8D608C82174CA62]
[30472:0829/101030.232:VERBOSE1:content\browser\renderer_host\media\media_stream_manager.cc:1519] AOC::Play([state=created]) [id=FAD93C2CD472114CF8D608C82174CA62]
[30472:0829/101030.232:VERBOSE1:content\browser\renderer_host\media\media_stream_manager.cc:1519] AOC::StartStream => (state=playing) [id=FAD93C2CD472114CF8D608C82174CA62]
[30472:0829/101030.232:VERBOSE1:content\browser\renderer_host\media\media_stream_manager.cc:1519] audio::OS::Play() => (duration=0 ms) [id=A823E8294F5F5F4422D41DDAB86600EA] [controller_id=FAD93C2CD472114CF8D608C82174CA62]
[stream-benchmark] iniciando 01-performance
[30472:0829/101030.362:WARNING:third_party\webrtc\modules\desktop_capture\win\dxgi_adapter_duplicator.cc:116] Cannot initialize any DxgiOutputDuplicator instance.
[30472:0829/101030.362:WARNING:third_party\webrtc\modules\desktop_capture\win\dxgi_duplicator_controller.cc:286] Failed to initialize DxgiAdapterDuplicator on adapter 1
[30472:0829/101030.362:WARNING:third_party\webrtc\modules\desktop_capture\win\dxgi_duplicator_controller.cc:106] Count of references reaches zero, DxgiDuplicatorController will be unloaded.
[30472:0829/101030.375:INFO:third_party\webrtc\modules\desktop_capture\window_capturer_win.cc:32] DesktopCapturer::CreateRawWindowCapturer creates DesktopCapturer of type WindowCapturerWinGdi
[30472:0829/101030.375:INFO:third_party\webrtc\modules\desktop_capture\window_capturer_win.cc:42] DesktopCapturer::CreateRawWindowCapturer creates DesktopCapturer of type FallbackDesktopCapturerWrapper which has a fallback capturer of type WgcCapturerWin
[30472:0829/101030.375:INFO:third_party\webrtc\modules\desktop_capture\screen_capturer_win.cc:45] DesktopCapturer::CreateRawScreenCapturer creates DesktopCapturer of type ScreenCapturerWinGdi
[30472:0829/101030.523:WARNING:third_party\webrtc\modules\desktop_capture\win\dxgi_adapter_duplicator.cc:116] Cannot initialize any DxgiOutputDuplicator instance.
[30472:0829/101030.523:WARNING:third_party\webrtc\modules\desktop_capture\win\dxgi_duplicator_controller.cc:286] Failed to initialize DxgiAdapterDuplicator on adapter 1
[30472:0829/101030.525:INFO:third_party\webrtc\modules\desktop_capture\screen_capturer_win.cc:30] DesktopCapturer::CreateRawScreenCapturer creates DesktopCapturer of type ScreenCapturerWinDirectx
[30472:0829/101030.532:WARNING:third_party\webrtc\modules\desktop_capture\win\dxgi_duplicator_controller.cc:106] Count of references reaches zero, DxgiDuplicatorController will be unloaded.
[30472:0829/101030.622:INFO:third_party\webrtc\modules\desktop_capture\win\wgc_capture_session.cc:277] WGC capture session is outputing CPU memory.
[30472:0829/101030.856:VERBOSE1:content\browser\renderer_host\media\media_stream_manager.cc:1519] MSM::GenerateStreams({render_process_id=6}, {render_frame_id=1}, {requester_id=2}, {page_request_id=1})
[30472:0829/101030.856:VERBOSE1:content\browser\renderer_host\media\media_stream_manager.cc:1519] MSM::DR::DeviceRequest({label=}, {requesting_process_id=6}, {requesting_frame_id=1}, {requester_id=2}, {request_type=MEDIA_GENERATE_STREAM})
[30472:0829/101030.856:VERBOSE1:content\browser\renderer_host\media\media_stream_manager.cc:1519] MSM::AddRequest([requester_id=2]) => (label=56f71e7b-e5ad-41cd-90a6-98984069c98e)
[30472:0829/101030.856:VERBOSE1:content\browser\renderer_host\media\media_stream_manager.cc:1519] MSM::SetUpRequest([requester_id=2] {label=56f71e7b-e5ad-41cd-90a6-98984069c98e})
[30472:0829/101030.856:VERBOSE1:content\browser\renderer_host\media\media_stream_manager.cc:1519] MSM::DR::SetAudioType({label=56f71e7b-e5ad-41cd-90a6-98984069c98e}, [requester_id=2], {audio_type=NO_SERVICE})
[30472:0829/101030.856:VERBOSE1:content\browser\renderer_host\media\media_stream_manager.cc:1519] MSM::DR::SetVideoType({label=56f71e7b-e5ad-41cd-90a6-98984069c98e}, [requester_id=2], {video_type=GUM_DESKTOP_VIDEO_CAPTURE})
[30472:0829/101030.856:VERBOSE1:content\browser\renderer_host\media\media_stream_manager.cc:1519] MSM::DR::CreateUIRequest({label=56f71e7b-e5ad-41cd-90a6-98984069c98e}, [requester_id=2], {requested_audio_device_id=}, {requested_video_device_id=window:460022:1})
[30472:0829/101030.856:VERBOSE1:content\browser\renderer_host\media\media_stream_manager.cc:1519] MSM::PostRequestToUI({label=56f71e7b-e5ad-41cd-90a6-98984069c98e}
[30472:0829/101030.856:VERBOSE1:content\browser\renderer_host\media\media_stream_manager.cc:1519] MSM::DR::SetState({label=56f71e7b-e5ad-41cd-90a6-98984069c98e}, [requester_id=2], {stream_type=GUM_DESKTOP_VIDEO_CAPTURE}, {new_state=STATE_PENDING_APPROVAL})
[30472:0829/101030.857:VERBOSE1:content\browser\renderer_host\media\media_stream_manager.cc:1519] MSM::HandleAccessRequestResponse({label=56f71e7b-e5ad-41cd-90a6-98984069c98e}, {request=MEDIA_GENERATE_STREAM}, {result=OK})
[30472:0829/101030.857:VERBOSE1:content\browser\renderer_host\media\media_stream_manager.cc:1519] video capture: VideoCaptureManager::Open, device.name = Screen, device.id = window:460022:1, capture_session_id = (89E8F76BF89E1038141E0434A330E11E)
[30472:0829/101030.857:VERBOSE1:content\browser\renderer_host\media\media_stream_manager.cc:1519] MSM::DR::SetState({label=56f71e7b-e5ad-41cd-90a6-98984069c98e}, [requester_id=2], {stream_type=GUM_DESKTOP_VIDEO_CAPTURE}, {new_state=STATE_OPENING})
[30472:0829/101030.857:VERBOSE1:content\browser\renderer_host\media\media_stream_manager.cc:1519] MSM::HandleAccessRequestResponse([label=56f71e7b-e5ad-41cd-90a6-98984069c98e]) => (opening device: [id: window:460022:1, session_id: 89E8F76BF89E1038141E0434A330E11E])
[30472:0829/101030.857:VERBOSE1:content\browser\renderer_host\media\media_stream_manager.cc:1519] MSM::DR::SetAudioType({label=56f71e7b-e5ad-41cd-90a6-98984069c98e}, [requester_id=2], {audio_type=NO_SERVICE})
[30472:0829/101030.857:VERBOSE1:content\browser\renderer_host\media\media_stream_manager.cc:1519] MSM::Opened({stream_type=GUM_DESKTOP_VIDEO_CAPTURE}, {session_id=89E8F76BF89E1038141E0434A330E11E})
[30472:0829/101030.857:VERBOSE1:content\browser\renderer_host\media\media_stream_manager.cc:1519] MSM::DR::SetState({label=56f71e7b-e5ad-41cd-90a6-98984069c98e}, [requester_id=2], {stream_type=GUM_DESKTOP_VIDEO_CAPTURE}, {new_state=STATE_DONE})
[30472:0829/101030.857:VERBOSE1:content\browser\renderer_host\media\media_stream_manager.cc:1519] MSM::FinalizeGenerateStreams({label=56f71e7b-e5ad-41cd-90a6-98984069c98e}, {requester_id=2}, {request_type=MEDIA_GENERATE_STREAM})
[30472:0829/101030.857:VERBOSE1:content\browser\renderer_host\media\media_stream_manager.cc:1519] MSM::OnStreamStarted({label=56f71e7b-e5ad-41cd-90a6-98984069c98e}, {requester_id=2}, {request_type=MEDIA_GENERATE_STREAM})
[30472:0829/101030.857:VERBOSE1:content\browser\renderer_host\media\media_stream_manager.cc:1519] MSM::PanTiltZoomPermissionChecked({label=56f71e7b-e5ad-41cd-90a6-98984069c98e}, {requester_id=2}, {request_type=MEDIA_GENERATE_STREAM}, {pan_tilt_zoom_allowed=1})
[30472:0829/101030.857:VERBOSE1:content\browser\renderer_host\media\media_stream_manager.cc:1519] video capture: ConnectClient: session_id = (89E8F76BF89E1038141E0434A330E11E), request: (1280x720)@60.000fps, pixel format: PIXEL_FORMAT_I420
[30472:0829/101030.857:VERBOSE1:content\browser\renderer_host\media\media_stream_manager.cc:1519] video capture: VideoCaptureManager queueing device start for device_id = window:460022:1
[30472:0829/101030.857:VERBOSE1:content\browser\renderer_host\media\media_stream_manager.cc:1519] video capture: VideoCaptureManager::ProcessDeviceStartRequestQueue
[30472:0829/101030.857:VERBOSE1:content\browser\renderer_host\media\media_stream_manager.cc:1519] video capture: VideoCaptureController::CreateAndStartDeviceAsync: serial_id = 0, device_id = window:460022:1
[30472:0829/101030.857:VERBOSE1:content\browser\renderer_host\media\media_stream_manager.cc:1519] video capture: InProcessVideoCaptureDeviceLauncher::LaunchDeviceAsync: Posting start request to device thread for device_id = window:460022:1
[30472:0829/101030.857:VERBOSE1:content\browser\renderer_host\media\media_stream_manager.cc:1519] video capture: VideoCaptureController::AddClient(): id = (89E8F76BF89E1038141E0434A330E11E), session_id = 89E8F76BF89E1038141E0434A330E11E, params.requested_format = (1280x720)@60.000fps, pixel format: PIXEL_FORMAT_I420
[30472:0829/101030.857:VERBOSE1:content\browser\renderer_host\media\media_stream_manager.cc:1519] video capture: OnDeviceLaunched
[30472:0829/101030.857:VERBOSE1:content\browser\renderer_host\media\media_stream_manager.cc:1519] video capture: Launching device has succeeded. device_id = window:460022:1
[30472:0829/101030.857:VERBOSE1:content\browser\renderer_host\media\media_stream_manager.cc:1519] video capture: OnNewCaptureVersion({.source = 0, .sub_capture = 0})
[30472:0829/101030.872:VERBOSE1:content\browser\renderer_host\media\media_stream_manager.cc:1519] video capture: OnStarted
[30472:0829/101030.872:VERBOSE1:content\browser\renderer_host\media\media_stream_manager.cc:1519] video capture: First frame received at VideoCaptureController
[30472:0829/101030.872:VERBOSE1:content\browser\renderer_host\media\media_stream_manager.cc:1519] video capture: VideoCaptureImpl changing state to VIDEO_CAPTURE_STATE_STARTED
[30472:0829/101030.872:VERBOSE1:content\browser\renderer_host\media\media_stream_manager.cc:1519] video capture: LocalVideoCapturerSource::OnStateUpdate signaling to consumer that source is now running.
[30472:0829/101030.872:VERBOSE1:content\browser\renderer_host\media\media_stream_manager.cc:1519] video capture: MediaStreamVideoCapturerSource sending OnStartDone
[30472:0829/101030.872:VERBOSE1:content\browser\renderer_host\media\media_stream_manager.cc:1519] video capture: MediaStreamVideoSource changing state to STARTED
[30472:0829/101030.872:VERBOSE1:content\browser\renderer_host\media\media_stream_manager.cc:1519] video capture: MediaStreamVideoSource invoking callback indicating result of starting track.
[30472:0829/101030.872:VERBOSE1:content\browser\renderer_host\media\media_stream_manager.cc:1519] video capture: First frame received for this VideoCaptureImpl instance
[30472:0829/101030.877:VERBOSE1:content\browser\renderer_host\media\media_stream_manager.cc:1519] RFAOSF::RequestDeviceAuthorization({device_id=}) [process_id=6, frame_id=1]
[30472:0829/101030.878:VERBOSE1:content\browser\renderer_host\media\media_stream_manager.cc:1519] RFAOSF::RequestDeviceAuthorization({device_id=}) [process_id=7, frame_id=1]
[30472:0829/101030.881:VERBOSE1:content\browser\renderer_host\media\media_stream_manager.cc:1519] RFAOSF::AuthorizationCompleted({status=OK}, {params=format: PCM_LOW_LATENCY, channel_layout: 14, channels: 8, sample_rate: 96000, frames_per_buffer: 960, effects: NONE, mic_positions: , latency_tag: LatencyUnknown, hw_capabilities: min_frames_per_buffer: 192, max_frames_per_buffer: 960, bitstream_formats:0, require_encapsulation:0, require_audio_offload:0}, {device_id=default}) [process_id=6, frame_id=1]
[30472:0829/101030.881:VERBOSE1:content\browser\renderer_host\media\media_stream_manager.cc:1519] RFAOSF::AuthorizationCompleted => (authorization time=3 ms) [process_id=6, frame_id=1]
[30472:0829/101030.881:VERBOSE1:content\browser\renderer_host\media\media_stream_manager.cc:1519] RFAOSF::RequestDeviceAuthorization({device_id=}) [process_id=7, frame_id=1]
[30472:0829/101030.884:VERBOSE1:content\browser\renderer_host\media\media_stream_manager.cc:1519] RFAOSF::AuthorizationCompleted({status=OK}, {params=format: PCM_LOW_LATENCY, channel_layout: 14, channels: 8, sample_rate: 96000, frames_per_buffer: 960, effects: NONE, mic_positions: , latency_tag: LatencyUnknown, hw_capabilities: min_frames_per_buffer: 192, max_frames_per_buffer: 960, bitstream_formats:0, require_encapsulation:0, require_audio_offload:0}, {device_id=default}) [process_id=7, frame_id=1]
[30472:0829/101030.884:VERBOSE1:content\browser\renderer_host\media\media_stream_manager.cc:1519] RFAOSF::AuthorizationCompleted => (authorization time=6 ms) [process_id=7, frame_id=1]
[30472:0829/101030.888:VERBOSE1:content\browser\renderer_host\media\media_stream_manager.cc:1519] RFAOSF::AuthorizationCompleted({status=OK}, {params=format: PCM_LOW_LATENCY, channel_layout: 14, channels: 8, sample_rate: 96000, frames_per_buffer: 960, effects: NONE, mic_positions: , latency_tag: LatencyUnknown, hw_capabilities: min_frames_per_buffer: 192, max_frames_per_buffer: 960, bitstream_formats:0, require_encapsulation:0, require_audio_offload:0}, {device_id=default}) [process_id=7, frame_id=1]
[30472:0829/101030.888:VERBOSE1:content\browser\renderer_host\media\media_stream_manager.cc:1519] RFAOSF::AuthorizationCompleted => (authorization time=6 ms) [process_id=7, frame_id=1]
[30472:0829/101030.888:VERBOSE1:content\browser\renderer_host\media\media_stream_manager.cc:1519] audio::OS::Ctor({audio_manager_name=Windows}, {device_id=default}, {params=[format: PCM_LOW_LATENCY, channel_layout: 3, channels: 2, sample_rate: 96000, frames_per_buffer: 960, effects: NONE, mic_positions: , latency_tag: LatencyInteractive]}) [id=895C8B3462AAA4D5955624DB7091642F] [controller_id=2DEEF893B020EE4AFFC48CDE02540F3B]
[30472:0829/101030.888:VERBOSE1:content\browser\renderer_host\media\media_stream_manager.cc:1519] AOC::CreateStream([state=empty]) [id=2DEEF893B020EE4AFFC48CDE02540F3B]
[30472:0829/101030.888:VERBOSE1:content\browser\renderer_host\media\media_stream_manager.cc:1519] AOC::RecreateStream({reason=INITIAL_STREAM}, {device_name=Default - Unknown}, {params=[format: PCM_LOW_LATENCY, channel_layout: 3, channels: 2, sample_rate: 96000, frames_per_buffer: 960, effects: NONE, mic_positions: , latency_tag: LatencyInteractive]}, [state=empty]) [id=2DEEF893B020EE4AFFC48CDE02540F3B]
[30472:0829/101030.888:VERBOSE1:content\browser\renderer_host\media\media_stream_manager.cc:1519] AOC::CreateStream => (state=created) [id=2DEEF893B020EE4AFFC48CDE02540F3B]
[30472:0829/101030.888:VERBOSE1:content\browser\renderer_host\media\media_stream_manager.cc:1519] audio::OS::CreateAudioPipe() [id=895C8B3462AAA4D5955624DB7091642F] [controller_id=2DEEF893B020EE4AFFC48CDE02540F3B]
[30472:0829/101030.888:VERBOSE1:content\browser\renderer_host\media\media_stream_manager.cc:1519] audio::OS::CreateAudioPipe() => (duration=0 ms) [id=895C8B3462AAA4D5955624DB7091642F] [controller_id=2DEEF893B020EE4AFFC48CDE02540F3B]
[30472:0829/101030.888:VERBOSE1:content\browser\renderer_host\media\media_stream_manager.cc:1519] audio::OS::Create => (duration=0 ms) [id=895C8B3462AAA4D5955624DB7091642F] [controller_id=2DEEF893B020EE4AFFC48CDE02540F3B]
[30472:0829/101030.889:VERBOSE1:content\browser\renderer_host\media\media_stream_manager.cc:1519] AOC::Close([state=playing]) [id=7276595EC9FFD6C6296501E9C13471D8]
[30472:0829/101030.889:VERBOSE1:content\browser\renderer_host\media\media_stream_manager.cc:1519] ASR: No room in socket buffer.
[30472:0829/101030.889:VERBOSE1:content\browser\renderer_host\media\media_stream_manager.cc:1519] AOC::StopStream => (duration=0 sec) [id=7276595EC9FFD6C6296501E9C13471D8]
[30472:0829/101030.889:VERBOSE1:content\browser\renderer_host\media\media_stream_manager.cc:1519] AOC::StopStream => (glitches=[duration (ms): 0, count: 0], glitch_percentage=0.000%) [id=7276595EC9FFD6C6296501E9C13471D8]
[30472:0829/101030.889:VERBOSE1:content\browser\renderer_host\media\media_stream_manager.cc:1519] AOC::StopStream => (error_during_callback=false) [id=7276595EC9FFD6C6296501E9C13471D8]
[30472:0829/101030.889:VERBOSE1:content\browser\renderer_host\media\media_stream_manager.cc:1519] AOC::StopStream => (average audio level=-inf dBFS) [id=7276595EC9FFD6C6296501E9C13471D8]
[30472:0829/101030.889:VERBOSE1:content\browser\renderer_host\media\media_stream_manager.cc:1519] AOC::Close => (state=closed) [id=7276595EC9FFD6C6296501E9C13471D8]
[30472:0829/101030.889:VERBOSE1:content\browser\renderer_host\media\media_stream_manager.cc:1519] audio::OS::Dtor => (completed, duration=0 ms) [id=77B0413560977C88C5E28158F2563F89] [controller_id=7276595EC9FFD6C6296501E9C13471D8]
[30472:0829/101030.889:VERBOSE1:content\browser\renderer_host\media\media_stream_manager.cc:1519] ASR: number of detected audio glitches: 0 out of 66
[30472:0829/101030.889:VERBOSE1:content\browser\renderer_host\media\media_stream_manager.cc:1519] audio::OS::Ctor({audio_manager_name=Windows}, {device_id=default}, {params=[format: PCM_LOW_LATENCY, channel_layout: 3, channels: 2, sample_rate: 96000, frames_per_buffer: 960, effects: NONE, mic_positions: , latency_tag: LatencyInteractive]}) [id=37FAD99D27AB9D4B356F0E686133631E] [controller_id=92D2038B5929C5C9DBD2EA2A6807635E]
[30472:0829/101030.889:VERBOSE1:content\browser\renderer_host\media\media_stream_manager.cc:1519] AOC::CreateStream([state=empty]) [id=92D2038B5929C5C9DBD2EA2A6807635E]
[30472:0829/101030.889:VERBOSE1:content\browser\renderer_host\media\media_stream_manager.cc:1519] AOC::RecreateStream({reason=INITIAL_STREAM}, {device_name=Default - Unknown}, {params=[format: PCM_LOW_LATENCY, channel_layout: 3, channels: 2, sample_rate: 96000, frames_per_buffer: 960, effects: NONE, mic_positions: , latency_tag: LatencyInteractive]}, [state=empty]) [id=92D2038B5929C5C9DBD2EA2A6807635E]
[30472:0829/101030.889:VERBOSE1:content\browser\renderer_host\media\media_stream_manager.cc:1519] AOC::CreateStream => (state=created) [id=92D2038B5929C5C9DBD2EA2A6807635E]
[30472:0829/101030.889:VERBOSE1:content\browser\renderer_host\media\media_stream_manager.cc:1519] audio::OS::CreateAudioPipe() [id=37FAD99D27AB9D4B356F0E686133631E] [controller_id=92D2038B5929C5C9DBD2EA2A6807635E]
[30472:0829/101030.889:VERBOSE1:content\browser\renderer_host\media\media_stream_manager.cc:1519] audio::OS::CreateAudioPipe() => (duration=0 ms) [id=37FAD99D27AB9D4B356F0E686133631E] [controller_id=92D2038B5929C5C9DBD2EA2A6807635E]
[30472:0829/101030.889:VERBOSE1:content\browser\renderer_host\media\media_stream_manager.cc:1519] audio::OS::Create => (duration=0 ms) [id=37FAD99D27AB9D4B356F0E686133631E] [controller_id=92D2038B5929C5C9DBD2EA2A6807635E]
[30472:0829/101030.889:VERBOSE1:content\browser\renderer_host\media\media_stream_manager.cc:1519] audio::OS::Play() [id=895C8B3462AAA4D5955624DB7091642F] [controller_id=2DEEF893B020EE4AFFC48CDE02540F3B]
[30472:0829/101030.889:VERBOSE1:content\browser\renderer_host\media\media_stream_manager.cc:1519] AOC::Play([state=created]) [id=2DEEF893B020EE4AFFC48CDE02540F3B]
[30472:0829/101030.889:VERBOSE1:content\browser\renderer_host\media\media_stream_manager.cc:1519] AOC::StartStream => (state=playing) [id=2DEEF893B020EE4AFFC48CDE02540F3B]
[30472:0829/101030.889:VERBOSE1:content\browser\renderer_host\media\media_stream_manager.cc:1519] audio::OS::Play() => (duration=0 ms) [id=895C8B3462AAA4D5955624DB7091642F] [controller_id=2DEEF893B020EE4AFFC48CDE02540F3B]
[30472:0829/101030.889:VERBOSE1:content\browser\renderer_host\media\media_stream_manager.cc:1519] audio::OS::Ctor({audio_manager_name=Windows}, {device_id=default}, {params=[format: PCM_LOW_LATENCY, channel_layout: 3, channels: 2, sample_rate: 96000, frames_per_buffer: 960, effects: NONE, mic_positions: , latency_tag: LatencyInteractive]}) [id=DF9D1E80F52130A65B70AAEEB8B8C29C] [controller_id=45B8C922330DE4823393DEA3083E9450]
[30472:0829/101030.889:VERBOSE1:content\browser\renderer_host\media\media_stream_manager.cc:1519] AOC::CreateStream([state=empty]) [id=45B8C922330DE4823393DEA3083E9450]
[30472:0829/101030.889:VERBOSE1:content\browser\renderer_host\media\media_stream_manager.cc:1519] AOC::RecreateStream({reason=INITIAL_STREAM}, {device_name=Default - Unknown}, {params=[format: PCM_LOW_LATENCY, channel_layout: 3, channels: 2, sample_rate: 96000, frames_per_buffer: 960, effects: NONE, mic_positions: , latency_tag: LatencyInteractive]}, [state=empty]) [id=45B8C922330DE4823393DEA3083E9450]
[30472:0829/101030.889:VERBOSE1:content\browser\renderer_host\media\media_stream_manager.cc:1519] AOC::CreateStream => (state=created) [id=45B8C922330DE4823393DEA3083E9450]
[30472:0829/101030.889:VERBOSE1:content\browser\renderer_host\media\media_stream_manager.cc:1519] audio::OS::CreateAudioPipe() [id=DF9D1E80F52130A65B70AAEEB8B8C29C] [controller_id=45B8C922330DE4823393DEA3083E9450]
[30472:0829/101030.889:VERBOSE1:content\browser\renderer_host\media\media_stream_manager.cc:1519] audio::OS::CreateAudioPipe() => (duration=0 ms) [id=DF9D1E80F52130A65B70AAEEB8B8C29C] [controller_id=45B8C922330DE4823393DEA3083E9450]
[30472:0829/101030.889:VERBOSE1:content\browser\renderer_host\media\media_stream_manager.cc:1519] audio::OS::Create => (duration=0 ms) [id=DF9D1E80F52130A65B70AAEEB8B8C29C] [controller_id=45B8C922330DE4823393DEA3083E9450]
[30472:0829/101030.889:VERBOSE1:content\browser\renderer_host\media\media_stream_manager.cc:1519] audio::OS::Play() [id=37FAD99D27AB9D4B356F0E686133631E] [controller_id=92D2038B5929C5C9DBD2EA2A6807635E]
[30472:0829/101030.889:VERBOSE1:content\browser\renderer_host\media\media_stream_manager.cc:1519] AOC::Play([state=created]) [id=92D2038B5929C5C9DBD2EA2A6807635E]
[30472:0829/101030.889:VERBOSE1:content\browser\renderer_host\media\media_stream_manager.cc:1519] AOC::StartStream => (state=playing) [id=92D2038B5929C5C9DBD2EA2A6807635E]
[30472:0829/101030.889:VERBOSE1:content\browser\renderer_host\media\media_stream_manager.cc:1519] audio::OS::Play() => (duration=0 ms) [id=37FAD99D27AB9D4B356F0E686133631E] [controller_id=92D2038B5929C5C9DBD2EA2A6807635E]
[30472:0829/101030.889:VERBOSE1:content\browser\renderer_host\media\media_stream_manager.cc:1519] audio::OS::Play() [id=DF9D1E80F52130A65B70AAEEB8B8C29C] [controller_id=45B8C922330DE4823393DEA3083E9450]
[30472:0829/101030.889:VERBOSE1:content\browser\renderer_host\media\media_stream_manager.cc:1519] AOC::Play([state=created]) [id=45B8C922330DE4823393DEA3083E9450]
[30472:0829/101030.889:VERBOSE1:content\browser\renderer_host\media\media_stream_manager.cc:1519] AOC::StartStream => (state=playing) [id=45B8C922330DE4823393DEA3083E9450]
[30472:0829/101030.889:VERBOSE1:content\browser\renderer_host\media\media_stream_manager.cc:1519] audio::OS::Play() => (duration=0 ms) [id=DF9D1E80F52130A65B70AAEEB8B8C29C] [controller_id=45B8C922330DE4823393DEA3083E9450]
[30472:0829/101030.889:VERBOSE1:content\browser\renderer_host\media\media_stream_manager.cc:1519] video capture: Frame dropped with reason code 23.
[30472:0829/101030.899:VERBOSE1:content\browser\renderer_host\media\media_stream_manager.cc:1519] AOC::Close([state=playing]) [id=45B8C922330DE4823393DEA3083E9450]
[30472:0829/101030.899:VERBOSE1:content\browser\renderer_host\media\media_stream_manager.cc:1519] AOC::StopStream => (duration=0 sec) [id=45B8C922330DE4823393DEA3083E9450]
[30472:0829/101030.899:VERBOSE1:content\browser\renderer_host\media\media_stream_manager.cc:1519] AOC::StopStream => (glitches=[duration (ms): 0, count: 0], glitch_percentage=0.000%) [id=45B8C922330DE4823393DEA3083E9450]
[30472:0829/101030.899:VERBOSE1:content\browser\renderer_host\media\media_stream_manager.cc:1519] AOC::StopStream => (error_during_callback=false) [id=45B8C922330DE4823393DEA3083E9450]
[30472:0829/101030.899:VERBOSE1:content\browser\renderer_host\media\media_stream_manager.cc:1519] AOC::StopStream => (average audio level=-inf dBFS) [id=45B8C922330DE4823393DEA3083E9450]
[30472:0829/101030.899:VERBOSE1:content\browser\renderer_host\media\media_stream_manager.cc:1519] AOC::Close => (state=closed) [id=45B8C922330DE4823393DEA3083E9450]
[30472:0829/101030.899:VERBOSE1:content\browser\renderer_host\media\media_stream_manager.cc:1519] audio::OS::Dtor => (completed, duration=0 ms) [id=DF9D1E80F52130A65B70AAEEB8B8C29C] [controller_id=45B8C922330DE4823393DEA3083E9450]
[30472:0829/101030.899:VERBOSE1:content\browser\renderer_host\media\media_stream_manager.cc:1519] ASR: number of detected audio glitches: 0 out of 0
[30472:0829/101030.899:VERBOSE1:content\browser\renderer_host\media\media_stream_manager.cc:1519] AOC::Close([state=playing]) [id=FAD93C2CD472114CF8D608C82174CA62]
[30472:0829/101030.899:VERBOSE1:content\browser\renderer_host\media\media_stream_manager.cc:1519] AOC::StopStream => (duration=0 sec) [id=FAD93C2CD472114CF8D608C82174CA62]
[30472:0829/101030.899:VERBOSE1:content\browser\renderer_host\media\media_stream_manager.cc:1519] AOC::StopStream => (glitches=[duration (ms): 0, count: 0], glitch_percentage=0.000%) [id=FAD93C2CD472114CF8D608C82174CA62]
[30472:0829/101030.899:VERBOSE1:content\browser\renderer_host\media\media_stream_manager.cc:1519] AOC::StopStream => (error_during_callback=false) [id=FAD93C2CD472114CF8D608C82174CA62]
[30472:0829/101030.899:VERBOSE1:content\browser\renderer_host\media\media_stream_manager.cc:1519] AOC::StopStream => (average audio level=-89.75 dBFS) [id=FAD93C2CD472114CF8D608C82174CA62]
[30472:0829/101030.899:VERBOSE1:content\browser\renderer_host\media\media_stream_manager.cc:1519] AOC::Close => (state=closed) [id=FAD93C2CD472114CF8D608C82174CA62]
[30472:0829/101030.899:VERBOSE1:content\browser\renderer_host\media\media_stream_manager.cc:1519] audio::OS::Dtor => (completed, duration=0 ms) [id=A823E8294F5F5F4422D41DDAB86600EA] [controller_id=FAD93C2CD472114CF8D608C82174CA62]
[30472:0829/101030.899:VERBOSE1:content\browser\renderer_host\media\media_stream_manager.cc:1519] ASR: number of detected audio glitches: 0 out of 67
[30472:0829/101030.899:VERBOSE1:content\browser\renderer_host\media\media_stream_manager.cc:1519] RFAOSF::RequestDeviceAuthorization({device_id=}) [process_id=7, frame_id=1]
[30472:0829/101030.902:VERBOSE1:content\browser\renderer_host\media\media_stream_manager.cc:1519] RFAOSF::RequestDeviceAuthorization({device_id=}) [process_id=7, frame_id=1]
[30472:0829/101030.905:VERBOSE1:content\browser\renderer_host\media\media_stream_manager.cc:1519] RFAOSF::AuthorizationCompleted({status=OK}, {params=format: PCM_LOW_LATENCY, channel_layout: 14, channels: 8, sample_rate: 96000, frames_per_buffer: 960, effects: NONE, mic_positions: , latency_tag: LatencyUnknown, hw_capabilities: min_frames_per_buffer: 192, max_frames_per_buffer: 960, bitstream_formats:0, require_encapsulation:0, require_audio_offload:0}, {device_id=default}) [process_id=7, frame_id=1]
[30472:0829/101030.905:VERBOSE1:content\browser\renderer_host\media\media_stream_manager.cc:1519] RFAOSF::AuthorizationCompleted => (authorization time=4 ms) [process_id=7, frame_id=1]
[30472:0829/101030.908:VERBOSE1:content\browser\renderer_host\media\media_stream_manager.cc:1519] RFAOSF::AuthorizationCompleted({status=OK}, {params=format: PCM_LOW_LATENCY, channel_layout: 14, channels: 8, sample_rate: 96000, frames_per_buffer: 960, effects: NONE, mic_positions: , latency_tag: LatencyUnknown, hw_capabilities: min_frames_per_buffer: 192, max_frames_per_buffer: 960, bitstream_formats:0, require_encapsulation:0, require_audio_offload:0}, {device_id=default}) [process_id=7, frame_id=1]
[30472:0829/101030.909:VERBOSE1:content\browser\renderer_host\media\media_stream_manager.cc:1519] RFAOSF::AuthorizationCompleted => (authorization time=6 ms) [process_id=7, frame_id=1]
[30472:0829/101030.909:VERBOSE1:content\browser\renderer_host\media\media_stream_manager.cc:1519] audio::OS::Ctor({audio_manager_name=Windows}, {device_id=default}, {params=[format: PCM_LOW_LATENCY, channel_layout: 3, channels: 2, sample_rate: 96000, frames_per_buffer: 960, effects: NONE, mic_positions: , latency_tag: LatencyInteractive]}) [id=F0372AFC8667E117A6D0A093FF9C7A69] [controller_id=9B458DD7BEF9C83DBA9E22DD547219AE]
[30472:0829/101030.909:VERBOSE1:content\browser\renderer_host\media\media_stream_manager.cc:1519] AOC::CreateStream([state=empty]) [id=9B458DD7BEF9C83DBA9E22DD547219AE]
[30472:0829/101030.909:VERBOSE1:content\browser\renderer_host\media\media_stream_manager.cc:1519] AOC::RecreateStream({reason=INITIAL_STREAM}, {device_name=Default - Unknown}, {params=[format: PCM_LOW_LATENCY, channel_layout: 3, channels: 2, sample_rate: 96000, frames_per_buffer: 960, effects: NONE, mic_positions: , latency_tag: LatencyInteractive]}, [state=empty]) [id=9B458DD7BEF9C83DBA9E22DD547219AE]
[30472:0829/101030.909:VERBOSE1:content\browser\renderer_host\media\media_stream_manager.cc:1519] AOC::CreateStream => (state=created) [id=9B458DD7BEF9C83DBA9E22DD547219AE]
[30472:0829/101030.909:VERBOSE1:content\browser\renderer_host\media\media_stream_manager.cc:1519] audio::OS::CreateAudioPipe() [id=F0372AFC8667E117A6D0A093FF9C7A69] [controller_id=9B458DD7BEF9C83DBA9E22DD547219AE]
[30472:0829/101030.909:VERBOSE1:content\browser\renderer_host\media\media_stream_manager.cc:1519] audio::OS::CreateAudioPipe() => (duration=0 ms) [id=F0372AFC8667E117A6D0A093FF9C7A69] [controller_id=9B458DD7BEF9C83DBA9E22DD547219AE]
[30472:0829/101030.909:VERBOSE1:content\browser\renderer_host\media\media_stream_manager.cc:1519] audio::OS::Create => (duration=0 ms) [id=F0372AFC8667E117A6D0A093FF9C7A69] [controller_id=9B458DD7BEF9C83DBA9E22DD547219AE]
[30472:0829/101030.909:VERBOSE1:content\browser\renderer_host\media\media_stream_manager.cc:1519] audio::OS::Ctor({audio_manager_name=Windows}, {device_id=default}, {params=[format: PCM_LOW_LATENCY, channel_layout: 14, channels: 8, sample_rate: 96000, frames_per_buffer: 960, effects: NONE, mic_positions: , latency_tag: LatencyRtc]}) [id=200A23F493AB06FE86F0C2D405FE9CCE] [controller_id=2F34A1DEF106F85557F98E2ADA3D6AE5]
[30472:0829/101030.909:VERBOSE1:content\browser\renderer_host\media\media_stream_manager.cc:1519] AOC::CreateStream([state=empty]) [id=2F34A1DEF106F85557F98E2ADA3D6AE5]
[30472:0829/101030.909:VERBOSE1:content\browser\renderer_host\media\media_stream_manager.cc:1519] AOC::RecreateStream({reason=INITIAL_STREAM}, {device_name=Default - Unknown}, {params=[format: PCM_LOW_LATENCY, channel_layout: 14, channels: 8, sample_rate: 96000, frames_per_buffer: 960, effects: NONE, mic_positions: , latency_tag: LatencyRtc]}, [state=empty]) [id=2F34A1DEF106F85557F98E2ADA3D6AE5]
[30472:0829/101030.909:VERBOSE1:content\browser\renderer_host\media\media_stream_manager.cc:1519] AOC::CreateStream => (state=created) [id=2F34A1DEF106F85557F98E2ADA3D6AE5]
[30472:0829/101030.909:VERBOSE1:content\browser\renderer_host\media\media_stream_manager.cc:1519] audio::OS::CreateAudioPipe() [id=200A23F493AB06FE86F0C2D405FE9CCE] [controller_id=2F34A1DEF106F85557F98E2ADA3D6AE5]
[30472:0829/101030.909:VERBOSE1:content\browser\renderer_host\media\media_stream_manager.cc:1519] audio::OS::CreateAudioPipe() => (duration=0 ms) [id=200A23F493AB06FE86F0C2D405FE9CCE] [controller_id=2F34A1DEF106F85557F98E2ADA3D6AE5]
[30472:0829/101030.909:VERBOSE1:content\browser\renderer_host\media\media_stream_manager.cc:1519] audio::OS::Create => (duration=0 ms) [id=200A23F493AB06FE86F0C2D405FE9CCE] [controller_id=2F34A1DEF106F85557F98E2ADA3D6AE5]
[30472:0829/101030.909:VERBOSE1:content\browser\renderer_host\media\media_stream_manager.cc:1519] audio::OS::Play() [id=F0372AFC8667E117A6D0A093FF9C7A69] [controller_id=9B458DD7BEF9C83DBA9E22DD547219AE]
[30472:0829/101030.909:VERBOSE1:content\browser\renderer_host\media\media_stream_manager.cc:1519] AOC::Play([state=created]) [id=9B458DD7BEF9C83DBA9E22DD547219AE]
[30472:0829/101030.909:VERBOSE1:content\browser\renderer_host\media\media_stream_manager.cc:1519] AOC::StartStream => (state=playing) [id=9B458DD7BEF9C83DBA9E22DD547219AE]
[30472:0829/101030.909:VERBOSE1:content\browser\renderer_host\media\media_stream_manager.cc:1519] audio::OS::Play() => (duration=0 ms) [id=F0372AFC8667E117A6D0A093FF9C7A69] [controller_id=9B458DD7BEF9C83DBA9E22DD547219AE]
[30472:0829/101030.909:VERBOSE1:content\browser\renderer_host\media\media_stream_manager.cc:1519] audio::OS::Play() [id=200A23F493AB06FE86F0C2D405FE9CCE] [controller_id=2F34A1DEF106F85557F98E2ADA3D6AE5]
[30472:0829/101030.909:VERBOSE1:content\browser\renderer_host\media\media_stream_manager.cc:1519] AOC::Play([state=created]) [id=2F34A1DEF106F85557F98E2ADA3D6AE5]
[30472:0829/101030.909:VERBOSE1:content\browser\renderer_host\media\media_stream_manager.cc:1519] AOC::StartStream => (state=playing) [id=2F34A1DEF106F85557F98E2ADA3D6AE5]
[30472:0829/101030.909:VERBOSE1:content\browser\renderer_host\media\media_stream_manager.cc:1519] audio::OS::Play() => (duration=0 ms) [id=200A23F493AB06FE86F0C2D405FE9CCE] [controller_id=2F34A1DEF106F85557F98E2ADA3D6AE5]
[30472:0829/101030.916:VERBOSE1:content\browser\renderer_host\media\media_stream_manager.cc:1519] AOC::Close([state=playing]) [id=3ACEFE6B02DE8D9DC9C54F6386C9EAEE]
[30472:0829/101030.916:VERBOSE1:content\browser\renderer_host\media\media_stream_manager.cc:1519] AOC::StopStream => (duration=0 sec) [id=3ACEFE6B02DE8D9DC9C54F6386C9EAEE]
[30472:0829/101030.916:VERBOSE1:content\browser\renderer_host\media\media_stream_manager.cc:1519] AOC::StopStream => (glitches=[duration (ms): 0, count: 0], glitch_percentage=0.000%) [id=3ACEFE6B02DE8D9DC9C54F6386C9EAEE]
[30472:0829/101030.916:VERBOSE1:content\browser\renderer_host\media\media_stream_manager.cc:1519] AOC::StopStream => (error_during_callback=false) [id=3ACEFE6B02DE8D9DC9C54F6386C9EAEE]
[30472:0829/101030.916:VERBOSE1:content\browser\renderer_host\media\media_stream_manager.cc:1519] AOC::StopStream => (average audio level=-inf dBFS) [id=3ACEFE6B02DE8D9DC9C54F6386C9EAEE]
[30472:0829/101030.916:VERBOSE1:content\browser\renderer_host\media\media_stream_manager.cc:1519] AOC::Close => (state=closed) [id=3ACEFE6B02DE8D9DC9C54F6386C9EAEE]
[30472:0829/101030.916:VERBOSE1:content\browser\renderer_host\media\media_stream_manager.cc:1519] audio::OS::Dtor => (completed, duration=0 ms) [id=5FD5E7ADA3AC223791878B0781488C58] [controller_id=3ACEFE6B02DE8D9DC9C54F6386C9EAEE]
[30472:0829/101030.916:VERBOSE1:content\browser\renderer_host\media\media_stream_manager.cc:1519] ASR: number of detected audio glitches: 0 out of 68
[30472:0829/101030.916:VERBOSE1:content\browser\renderer_host\media\media_stream_manager.cc:1519] AOC::Close([state=playing]) [id=4162D1BE0BBD8630EB2D92FB42C8C0BB]
[30472:0829/101030.916:VERBOSE1:content\browser\renderer_host\media\media_stream_manager.cc:1519] AOC::StopStream => (duration=0 sec) [id=4162D1BE0BBD8630EB2D92FB42C8C0BB]
[30472:0829/101030.916:VERBOSE1:content\browser\renderer_host\media\media_stream_manager.cc:1519] AOC::StopStream => (glitches=[duration (ms): 0, count: 0], glitch_percentage=0.000%) [id=4162D1BE0BBD8630EB2D92FB42C8C0BB]
[30472:0829/101030.916:VERBOSE1:content\browser\renderer_host\media\media_stream_manager.cc:1519] AOC::StopStream => (error_during_callback=false) [id=4162D1BE0BBD8630EB2D92FB42C8C0BB]
[30472:0829/101030.916:VERBOSE1:content\browser\renderer_host\media\media_stream_manager.cc:1519] AOC::StopStream => (average audio level=-93.65 dBFS) [id=4162D1BE0BBD8630EB2D92FB42C8C0BB]
[30472:0829/101030.916:VERBOSE1:content\browser\renderer_host\media\media_stream_manager.cc:1519] AOC::Close => (state=closed) [id=4162D1BE0BBD8630EB2D92FB42C8C0BB]
[30472:0829/101030.916:VERBOSE1:content\browser\renderer_host\media\media_stream_manager.cc:1519] audio::OS::Dtor => (completed, duration=0 ms) [id=0B56F7E83C5C832A73A455C2EE4DF486] [controller_id=4162D1BE0BBD8630EB2D92FB42C8C0BB]
[30472:0829/101030.916:VERBOSE1:content\browser\renderer_host\media\media_stream_manager.cc:1519] ASR: number of detected audio glitches: 0 out of 68
[30472:0829/101030.916:VERBOSE1:content\browser\renderer_host\media\media_stream_manager.cc:1519] RFAOSF::RequestDeviceAuthorization({device_id=}) [process_id=6, frame_id=1]
[30472:0829/101030.917:VERBOSE1:content\browser\renderer_host\media\media_stream_manager.cc:1519] RFAOSF::RequestDeviceAuthorization({device_id=}) [process_id=6, frame_id=1]
[30472:0829/101030.921:VERBOSE1:content\browser\renderer_host\media\media_stream_manager.cc:1519] RFAOSF::AuthorizationCompleted({status=OK}, {params=format: PCM_LOW_LATENCY, channel_layout: 14, channels: 8, sample_rate: 96000, frames_per_buffer: 960, effects: NONE, mic_positions: , latency_tag: LatencyUnknown, hw_capabilities: min_frames_per_buffer: 192, max_frames_per_buffer: 960, bitstream_formats:0, require_encapsulation:0, require_audio_offload:0}, {device_id=default}) [process_id=6, frame_id=1]
[30472:0829/101030.921:VERBOSE1:content\browser\renderer_host\media\media_stream_manager.cc:1519] RFAOSF::AuthorizationCompleted => (authorization time=4 ms) [process_id=6, frame_id=1]
[30472:0829/101030.925:VERBOSE1:content\browser\renderer_host\media\media_stream_manager.cc:1519] RFAOSF::AuthorizationCompleted({status=OK}, {params=format: PCM_LOW_LATENCY, channel_layout: 14, channels: 8, sample_rate: 96000, frames_per_buffer: 960, effects: NONE, mic_positions: , latency_tag: LatencyUnknown, hw_capabilities: min_frames_per_buffer: 192, max_frames_per_buffer: 960, bitstream_formats:0, require_encapsulation:0, require_audio_offload:0}, {device_id=default}) [process_id=6, frame_id=1]
[30472:0829/101030.925:VERBOSE1:content\browser\renderer_host\media\media_stream_manager.cc:1519] RFAOSF::AuthorizationCompleted => (authorization time=7 ms) [process_id=6, frame_id=1]
[30472:0829/101030.925:VERBOSE1:content\browser\renderer_host\media\media_stream_manager.cc:1519] audio::OS::Ctor({audio_manager_name=Windows}, {device_id=default}, {params=[format: PCM_LOW_LATENCY, channel_layout: 3, channels: 2, sample_rate: 96000, frames_per_buffer: 960, effects: NONE, mic_positions: , latency_tag: LatencyInteractive]}) [id=A18364AC8E280B7405B8456FDD480150] [controller_id=BA4D8C390653B10E30683A7A20073640]
[30472:0829/101030.925:VERBOSE1:content\browser\renderer_host\media\media_stream_manager.cc:1519] AOC::CreateStream([state=empty]) [id=BA4D8C390653B10E30683A7A20073640]
[30472:0829/101030.925:VERBOSE1:content\browser\renderer_host\media\media_stream_manager.cc:1519] AOC::RecreateStream({reason=INITIAL_STREAM}, {device_name=Default - Unknown}, {params=[format: PCM_LOW_LATENCY, channel_layout: 3, channels: 2, sample_rate: 96000, frames_per_buffer: 960, effects: NONE, mic_positions: , latency_tag: LatencyInteractive]}, [state=empty]) [id=BA4D8C390653B10E30683A7A20073640]
[30472:0829/101030.925:VERBOSE1:content\browser\renderer_host\media\media_stream_manager.cc:1519] AOC::CreateStream => (state=created) [id=BA4D8C390653B10E30683A7A20073640]
[30472:0829/101030.925:VERBOSE1:content\browser\renderer_host\media\media_stream_manager.cc:1519] audio::OS::CreateAudioPipe() [id=A18364AC8E280B7405B8456FDD480150] [controller_id=BA4D8C390653B10E30683A7A20073640]
[30472:0829/101030.925:VERBOSE1:content\browser\renderer_host\media\media_stream_manager.cc:1519] audio::OS::CreateAudioPipe() => (duration=0 ms) [id=A18364AC8E280B7405B8456FDD480150] [controller_id=BA4D8C390653B10E30683A7A20073640]
[30472:0829/101030.925:VERBOSE1:content\browser\renderer_host\media\media_stream_manager.cc:1519] audio::OS::Create => (duration=0 ms) [id=A18364AC8E280B7405B8456FDD480150] [controller_id=BA4D8C390653B10E30683A7A20073640]
[30472:0829/101030.925:VERBOSE1:content\browser\renderer_host\media\media_stream_manager.cc:1519] audio::OS::Ctor({audio_manager_name=Windows}, {device_id=default}, {params=[format: PCM_LOW_LATENCY, channel_layout: 14, channels: 8, sample_rate: 96000, frames_per_buffer: 960, effects: NONE, mic_positions: , latency_tag: LatencyRtc]}) [id=98DF7C8A8D38622C2067DFB1D873666E] [controller_id=E03A4F6198E6E12A3726AE9E60931418]
[30472:0829/101030.926:VERBOSE1:content\browser\renderer_host\media\media_stream_manager.cc:1519] AOC::CreateStream([state=empty]) [id=E03A4F6198E6E12A3726AE9E60931418]
[30472:0829/101030.926:VERBOSE1:content\browser\renderer_host\media\media_stream_manager.cc:1519] AOC::RecreateStream({reason=INITIAL_STREAM}, {device_name=Default - Unknown}, {params=[format: PCM_LOW_LATENCY, channel_layout: 14, channels: 8, sample_rate: 96000, frames_per_buffer: 960, effects: NONE, mic_positions: , latency_tag: LatencyRtc]}, [state=empty]) [id=E03A4F6198E6E12A3726AE9E60931418]
[30472:0829/101030.926:VERBOSE1:content\browser\renderer_host\media\media_stream_manager.cc:1519] AOC::CreateStream => (state=created) [id=E03A4F6198E6E12A3726AE9E60931418]
[30472:0829/101030.926:VERBOSE1:content\browser\renderer_host\media\media_stream_manager.cc:1519] audio::OS::CreateAudioPipe() [id=98DF7C8A8D38622C2067DFB1D873666E] [controller_id=E03A4F6198E6E12A3726AE9E60931418]
[30472:0829/101030.926:VERBOSE1:content\browser\renderer_host\media\media_stream_manager.cc:1519] audio::OS::CreateAudioPipe() => (duration=0 ms) [id=98DF7C8A8D38622C2067DFB1D873666E] [controller_id=E03A4F6198E6E12A3726AE9E60931418]
[30472:0829/101030.926:VERBOSE1:content\browser\renderer_host\media\media_stream_manager.cc:1519] audio::OS::Create => (duration=0 ms) [id=98DF7C8A8D38622C2067DFB1D873666E] [controller_id=E03A4F6198E6E12A3726AE9E60931418]
[30472:0829/101030.926:VERBOSE1:content\browser\renderer_host\media\media_stream_manager.cc:1519] audio::OS::Play() [id=A18364AC8E280B7405B8456FDD480150] [controller_id=BA4D8C390653B10E30683A7A20073640]
[30472:0829/101030.926:VERBOSE1:content\browser\renderer_host\media\media_stream_manager.cc:1519] AOC::Play([state=created]) [id=BA4D8C390653B10E30683A7A20073640]
[30472:0829/101030.926:VERBOSE1:content\browser\renderer_host\media\media_stream_manager.cc:1519] AOC::StartStream => (state=playing) [id=BA4D8C390653B10E30683A7A20073640]
[30472:0829/101030.926:VERBOSE1:content\browser\renderer_host\media\media_stream_manager.cc:1519] audio::OS::Play() => (duration=0 ms) [id=A18364AC8E280B7405B8456FDD480150] [controller_id=BA4D8C390653B10E30683A7A20073640]
[30472:0829/101030.926:VERBOSE1:content\browser\renderer_host\media\media_stream_manager.cc:1519] audio::OS::Play() [id=98DF7C8A8D38622C2067DFB1D873666E] [controller_id=E03A4F6198E6E12A3726AE9E60931418]
[30472:0829/101030.926:VERBOSE1:content\browser\renderer_host\media\media_stream_manager.cc:1519] AOC::Play([state=created]) [id=E03A4F6198E6E12A3726AE9E60931418]
[30472:0829/101030.926:VERBOSE1:content\browser\renderer_host\media\media_stream_manager.cc:1519] AOC::StartStream => (state=playing) [id=E03A4F6198E6E12A3726AE9E60931418]
[30472:0829/101030.926:VERBOSE1:content\browser\renderer_host\media\media_stream_manager.cc:1519] audio::OS::Play() => (duration=0 ms) [id=98DF7C8A8D38622C2067DFB1D873666E] [controller_id=E03A4F6198E6E12A3726AE9E60931418]
[stream-benchmark] aquecendo por 1000 ms
[stream-benchmark] qualidade visual indisponível para esta fonte
[30472:0829/101035.768:VERBOSE1:content\browser\renderer_host\media\media_stream_manager.cc:1519] video capture: VideoCaptureImpl changing state to VIDEO_CAPTURE_STATE_STOPPING
[30472:0829/101035.768:VERBOSE1:content\browser\renderer_host\media\media_stream_manager.cc:1519] video capture: VideoCaptureController::RemoveClient: id = (89E8F76BF89E1038141E0434A330E11E)
[30472:0829/101035.768:VERBOSE1:content\browser\renderer_host\media\media_stream_manager.cc:1519] video capture: DisconnectClient: session_id = (89E8F76BF89E1038141E0434A330E11E)
[30472:0829/101035.768:VERBOSE1:content\browser\renderer_host\media\media_stream_manager.cc:1519] video capture: VideoCaptureManager stopping device (stream_type = GUM_DESKTOP_VIDEO_CAPTURE, device_id = window:460022:1)
[30472:0829/101035.768:VERBOSE1:content\browser\renderer_host\media\media_stream_manager.cc:1519] video capture: VideoCaptureController::ReleaseDeviceAsync: serial_id = 0, device_id = window:460022:1
[30472:0829/101035.768:VERBOSE1:content\browser\renderer_host\media\media_stream_manager.cc:1519] MSM::StopStreamDevice({render_process_id=6}, {render_frame_id=1}, {requester_id=2}, {device_id=window:460022:1}, {session_id=89E8F76BF89E1038141E0434A330E11E})
[30472:0829/101035.768:VERBOSE1:content\browser\renderer_host\media\media_stream_manager.cc:1519] MSM::StopDevice({type=GUM_DESKTOP_VIDEO_CAPTURE}, {session_id=89E8F76BF89E1038141E0434A330E11E})
[30472:0829/101035.768:VERBOSE1:content\browser\renderer_host\media\media_stream_manager.cc:1519] MSM::CloseDevice({type=GUM_DESKTOP_VIDEO_CAPTURE}, {session_id=89E8F76BF89E1038141E0434A330E11E})
[30472:0829/101035.768:VERBOSE1:content\browser\renderer_host\media\media_stream_manager.cc:1519] video capture: VideoCaptureManager::Close, capture_session_id = (89E8F76BF89E1038141E0434A330E11E)
[30472:0829/101035.768:VERBOSE1:content\browser\renderer_host\media\media_stream_manager.cc:1519] MSM::DR::SetState({label=56f71e7b-e5ad-41cd-90a6-98984069c98e}, [requester_id=2], {stream_type=GUM_DESKTOP_VIDEO_CAPTURE}, {new_state=STATE_CLOSING})
[30472:0829/101035.768:VERBOSE1:content\browser\renderer_host\media\media_stream_manager.cc:1519] MSM::DeleteRequest([label=56f71e7b-e5ad-41cd-90a6-98984069c98e])
[30472:0829/101035.769:VERBOSE1:content\browser\renderer_host\media\media_stream_manager.cc:1519] MSM::Closed({stream_type=GUM_DESKTOP_VIDEO_CAPTURE}, {session_id=89E8F76BF89E1038141E0434A330E11E})
[30472:0829/101035.771:VERBOSE1:content\browser\renderer_host\media\media_stream_manager.cc:1519] RFAOSF::RequestDeviceAuthorization({device_id=}) [process_id=7, frame_id=1]
[30472:0829/101035.771:VERBOSE1:content\browser\renderer_host\media\media_stream_manager.cc:1519] AOC::Close([state=playing]) [id=9B458DD7BEF9C83DBA9E22DD547219AE]
[30472:0829/101035.771:VERBOSE1:content\browser\renderer_host\media\media_stream_manager.cc:1519] AOC::StopStream => (duration=4 sec) [id=9B458DD7BEF9C83DBA9E22DD547219AE]
[30472:0829/101035.771:VERBOSE1:content\browser\renderer_host\media\media_stream_manager.cc:1519] AOC::StopStream => (glitches=[duration (ms): 0, count: 0], glitch_percentage=0.000%) [id=9B458DD7BEF9C83DBA9E22DD547219AE]
[30472:0829/101035.771:VERBOSE1:content\browser\renderer_host\media\media_stream_manager.cc:1519] AOC::StopStream => (error_during_callback=false) [id=9B458DD7BEF9C83DBA9E22DD547219AE]
[30472:0829/101035.771:VERBOSE1:content\browser\renderer_host\media\media_stream_manager.cc:1519] AOC::StopStream => (average audio level=-inf dBFS) [id=9B458DD7BEF9C83DBA9E22DD547219AE]
[30472:0829/101035.771:VERBOSE1:content\browser\renderer_host\media\media_stream_manager.cc:1519] AOC::Close => (state=closed) [id=9B458DD7BEF9C83DBA9E22DD547219AE]
[30472:0829/101035.771:VERBOSE1:content\browser\renderer_host\media\media_stream_manager.cc:1519] audio::OS::Dtor => (completed, duration=0 ms) [id=F0372AFC8667E117A6D0A093FF9C7A69] [controller_id=9B458DD7BEF9C83DBA9E22DD547219AE]
[30472:0829/101035.771:VERBOSE1:content\browser\renderer_host\media\media_stream_manager.cc:1519] ASR: number of detected audio glitches: 0 out of 487
[30472:0829/101035.775:VERBOSE1:content\browser\renderer_host\media\media_stream_manager.cc:1519] RFAOSF::AuthorizationCompleted({status=OK}, {params=format: PCM_LOW_LATENCY, channel_layout: 14, channels: 8, sample_rate: 96000, frames_per_buffer: 960, effects: NONE, mic_positions: , latency_tag: LatencyUnknown, hw_capabilities: min_frames_per_buffer: 192, max_frames_per_buffer: 960, bitstream_formats:0, require_encapsulation:0, require_audio_offload:0}, {device_id=default}) [process_id=7, frame_id=1]
[30472:0829/101035.775:VERBOSE1:content\browser\renderer_host\media\media_stream_manager.cc:1519] RFAOSF::AuthorizationCompleted => (authorization time=3 ms) [process_id=7, frame_id=1]
[30472:0829/101035.775:VERBOSE1:content\browser\renderer_host\media\media_stream_manager.cc:1519] RFAOSF::RequestDeviceAuthorization({device_id=}) [process_id=7, frame_id=1]
[30472:0829/101035.777:VERBOSE1:content\browser\renderer_host\media\media_stream_manager.cc:1519] RFAOSF::AuthorizationCompleted({status=OK}, {params=format: PCM_LOW_LATENCY, channel_layout: 14, channels: 8, sample_rate: 96000, frames_per_buffer: 960, effects: NONE, mic_positions: , latency_tag: LatencyUnknown, hw_capabilities: min_frames_per_buffer: 192, max_frames_per_buffer: 960, bitstream_formats:0, require_encapsulation:0, require_audio_offload:0}, {device_id=default}) [process_id=7, frame_id=1]
[30472:0829/101035.777:VERBOSE1:content\browser\renderer_host\media\media_stream_manager.cc:1519] RFAOSF::AuthorizationCompleted => (authorization time=3 ms) [process_id=7, frame_id=1]
[30472:0829/101035.779:VERBOSE1:content\browser\renderer_host\media\media_stream_manager.cc:1519] audio::OS::Ctor({audio_manager_name=Windows}, {device_id=default}, {params=[format: PCM_LOW_LATENCY, channel_layout: 3, channels: 2, sample_rate: 96000, frames_per_buffer: 960, effects: NONE, mic_positions: , latency_tag: LatencyInteractive]}) [id=A540B4229CD902F8259075C45CFED796] [controller_id=31472CFEF13FAEB70E598CB6CC9F8BB6]
[30472:0829/101035.779:VERBOSE1:content\browser\renderer_host\media\media_stream_manager.cc:1519] AOC::CreateStream([state=empty]) [id=31472CFEF13FAEB70E598CB6CC9F8BB6]
[30472:0829/101035.779:VERBOSE1:content\browser\renderer_host\media\media_stream_manager.cc:1519] AOC::RecreateStream({reason=INITIAL_STREAM}, {device_name=Default - Unknown}, {params=[format: PCM_LOW_LATENCY, channel_layout: 3, channels: 2, sample_rate: 96000, frames_per_buffer: 960, effects: NONE, mic_positions: , latency_tag: LatencyInteractive]}, [state=empty]) [id=31472CFEF13FAEB70E598CB6CC9F8BB6]
[30472:0829/101035.779:VERBOSE1:content\browser\renderer_host\media\media_stream_manager.cc:1519] AOC::CreateStream => (state=created) [id=31472CFEF13FAEB70E598CB6CC9F8BB6]
[30472:0829/101035.779:VERBOSE1:content\browser\renderer_host\media\media_stream_manager.cc:1519] audio::OS::CreateAudioPipe() [id=A540B4229CD902F8259075C45CFED796] [controller_id=31472CFEF13FAEB70E598CB6CC9F8BB6]
[30472:0829/101035.779:VERBOSE1:content\browser\renderer_host\media\media_stream_manager.cc:1519] audio::OS::CreateAudioPipe() => (duration=0 ms) [id=A540B4229CD902F8259075C45CFED796] [controller_id=31472CFEF13FAEB70E598CB6CC9F8BB6]
[30472:0829/101035.779:VERBOSE1:content\browser\renderer_host\media\media_stream_manager.cc:1519] audio::OS::Create => (duration=0 ms) [id=A540B4229CD902F8259075C45CFED796] [controller_id=31472CFEF13FAEB70E598CB6CC9F8BB6]
[30472:0829/101035.779:VERBOSE1:content\browser\renderer_host\media\media_stream_manager.cc:1519] audio::OS::Play() [id=A540B4229CD902F8259075C45CFED796] [controller_id=31472CFEF13FAEB70E598CB6CC9F8BB6]
[30472:0829/101035.779:VERBOSE1:content\browser\renderer_host\media\media_stream_manager.cc:1519] AOC::Play([state=created]) [id=31472CFEF13FAEB70E598CB6CC9F8BB6]
[30472:0829/101035.779:VERBOSE1:content\browser\renderer_host\media\media_stream_manager.cc:1519] AOC::StartStream => (state=playing) [id=31472CFEF13FAEB70E598CB6CC9F8BB6]
[30472:0829/101035.779:VERBOSE1:content\browser\renderer_host\media\media_stream_manager.cc:1519] audio::OS::Play() => (duration=0 ms) [id=A540B4229CD902F8259075C45CFED796] [controller_id=31472CFEF13FAEB70E598CB6CC9F8BB6]
[30472:0829/101035.890:VERBOSE1:content\browser\renderer_host\media\media_stream_manager.cc:1519] AOC::WedgeCheck => (stream is alive) [id=2DEEF893B020EE4AFFC48CDE02540F3B]
[30472:0829/101035.890:VERBOSE1:content\browser\renderer_host\media\media_stream_manager.cc:1519] AOC::WedgeCheck => (stream is alive) [id=92D2038B5929C5C9DBD2EA2A6807635E]
[30472:0829/101035.910:VERBOSE1:content\browser\renderer_host\media\media_stream_manager.cc:1519] AOC::WedgeCheck => (stream is alive) [id=2F34A1DEF106F85557F98E2ADA3D6AE5]
[30472:0829/101035.927:VERBOSE1:content\browser\renderer_host\media\media_stream_manager.cc:1519] AOC::WedgeCheck => (stream is alive) [id=BA4D8C390653B10E30683A7A20073640]
[30472:0829/101035.927:VERBOSE1:content\browser\renderer_host\media\media_stream_manager.cc:1519] AOC::WedgeCheck => (stream is alive) [id=E03A4F6198E6E12A3726AE9E60931418]
[stream-benchmark] 01-performance: apresentado 2.75 FPS, encode 3.67 FPS, perda 0.00%, bitrate CV 0.674, SSIM n/a, CPU 4.9%, GPU n/a%, validade sender-receiver-resolution-mismatch
[stream-benchmark] relatório salvo em C:\Projects\discord p2p\artifacts\probe-m150-d-window-wgc.json
{
  "schemaVersion": 5,
  "benchmark": "jump-screen-share-loopback",
  "config": {
    "warmupMs": 1000,
    "durationMs": 3000,
    "repeats": 1,
    "viewers": 1,
    "sampleMs": 250,
    "resourceSampleMs": 1000,
    "sourceFps": 60,
    "sourceWidth": 1920,
    "sourceHeight": 1080,
    "sourceSeed": 1247104336,
    "gpuLoad": 0,
    "qualitySamples": 0,
    "qualityWidth": 1920,
    "qualityHeight": 1080,
    "qualitySettleMs": 750,
    "externalSource": false,
    "externalSourceMode": "ffplay",
    "captureType": "window",
    "disableFeatures": "",
    "enableFeatures": "",
    "preferredSoftwareCodec": "",
    "nvidiaSmiEnabled": false,
    "networkEmulation": {
      "packetLossPercent": 0,
      "packetQueueLength": 0,
      "packetReordering": false,
      "latencyMs": 0,
      "downloadKbps": 0,
      "uploadKbps": 0,
      "enabled": false
    },
    "profiles": [
      "performance"
    ],
    "outputPath": "C:\\Projects\\discord p2p\\artifacts\\probe-m150-d-window-wgc.json",
    "pretty": true,
    "stdout": true,
    "sfuEnabled": true,
    "expectSfu": false
  },
  "environment": {
    "generatedAt": "2026-08-29T13:10:36.276Z",
    "git": {
      "commit": "5d290024c0b854d236eb1f770033333b5dcb9929",
      "status": "M electron/main.cjs\n M tests/screen-share-benchmark.e2e.cjs\n?? electron/media-runtime-config.cjs\n?? tests/media-runtime-config.e2e.cjs\n?? tests/media-runtime-config.test.cjs",
      "sourceSha256": {
        "electron/main.cjs": "4646ba3c30911278b7cb1dd6027b2d4fdd5a6219650511e2ea19811b3db3937d",
        "src/hooks/useScreenShare.js": "1191be41a8ca7845182526ecf8b3531d103a4f41aa08637be046d09e3eeac3d7",
        "src/media/screenShareProfiles.js": "9dda3e555fdb00167e227748ab2ed8359db500af60627e2ce71e719dd30b9bb7",
        "src/media/screenShareTelemetry.js": "0ffc6116cb2874abfbb21a5fd70ec13d0e4422ba83c5050841586ff45075ea72",
        "src/webrtc/usePeerMesh.js": "6469e5ba7c3cd9e68f4f29558bda07e3f1d78aff2531b49c5766b8f26d5f998a",
        "tests/screen-share-benchmark.e2e.cjs": "29d90605837b0d72b5ccfaa553d7ca659b045481a86a1e83db94df141b93b0d5",
        "tests/fixtures/motion-source.html": "a5d4f15b248f3a2ef622da89ee19ce8a7dd0e0f7f4d081bb50e8167cba29f25a"
      }
    },
    "runtime": {
      "node": "24.18.1",
      "acorn": "8.16.0",
      "ada": "3.4.4",
      "amaro": "1.1.9",
      "ares": "1.34.6",
      "brotli": "1.2.0",
      "cldr": "48.0",
      "icu": "78.2",
      "llhttp": "9.4.3",
      "merve": "1.2.2",
      "modules": "148",
      "napi": "10",
      "nbytes": "0.1.4",
      "ncrypto": "0.0.1",
      "nghttp2": "1.69.0",
      "nghttp3": "",
      "ngtcp2": "",
      "openssl": "0.0.0",
      "simdjson": "4.6.4",
      "simdutf": "7.7.0",
      "sqlite": "3.53.1",
      "tz": "2025c",
      "undici": "7.29.0",
      "unicode": "17.0",
      "uv": "1.52.1",
      "uvwasi": "0.0.23",
      "v8": "15.0.245.28-electron.0",
      "zlib": "1.3.2.1-motley",
      "zstd": "1.6.0",
      "electron": "43.4.1",
      "chrome": "150.0.7871.224"
    },
    "chromiumSwitches": {
      "disableFeatures": "",
      "enableFeatures": "",
      "argv": [
        "C:\\Projects\\discord p2p\\node_modules\\electron\\dist\\electron.exe",
        "--enable-logging=stderr",
        "--v=1",
        "--trace-startup=disabled-by-default-video_and_image_capture,webrtc,media,gpu",
        "--trace-startup-file=C:\\Projects\\discord p2p\\artifacts\\probe-m150-d-window-wgc.trace.json",
        "tests/screen-share-benchmark.e2e.cjs"
      ]
    },
    "platform": {
      "platform": "win32",
      "arch": "x64",
      "osType": "Windows_NT",
      "osRelease": "10.0.26200",
      "osVersion": "Windows 11 Pro",
      "cpu": "AMD Ryzen 7 5700X 8-Core Processor             ",
      "logicalCpuCount": 16,
      "totalMemoryBytes": 34305277952
    },
    "electronGpu": {
      "hardwareAcceleration": true,
      "featureStatus": {
        "2d_canvas": "enabled",
        "direct_rendering_display_compositor": "disabled_off_ok",
        "gpu_compositing": "enabled",
        "multiple_raster_threads": "enabled_on",
        "opengl": "enabled_on",
        "rasterization": "enabled",
        "raw_draw": "disabled_off_ok",
        "skia_graphite": "disabled_off",
        "trees_in_viz": "disabled_off",
        "video_decode": "enabled",
        "video_encode": "enabled",
        "webgl": "enabled",
        "webgpu": "enabled",
        "webnn": "disabled_off"
      },
      "info": {
        "auxAttributes": {
          "amdSwitchable": false,
          "canSupportThreadedTextureMailbox": false,
          "directMLFeatureLevel": "Not supported",
          "dx12FeatureLevel": "Not supported",
          "glImplementationParts": "(gl=none,angle=none)",
          "glResetNotificationStrategy": 0,
          "inProcessGpu": true,
          "initializationTime": 0,
          "isAsan": false,
          "isClangCoverage": false,
          "jpegDecodeAcceleratorSupported": false,
          "optimus": false,
          "overlayInfo": {
            "bgra8OverlaySupport": "NONE",
            "directComposition": false,
            "nv12OverlaySupport": "NONE",
            "p010OverlaySupport": "NONE",
            "rgb10a2OverlaySupport": "NONE",
            "supportsOverlays": false,
            "yuy2OverlaySupport": "NONE"
          },
          "passthroughCmdDecoder": false,
          "sandboxed": false,
          "skiaBackendType": "None",
          "subpixelFontRendering": true,
          "supportsD3dSharedImages": false,
          "supportsDirectML": false,
          "supportsDx12": false,
          "supportsVulkan": false,
          "targetCpuBits": 64,
          "visibilityCallbackCallCount": 0,
          "vulkanVersion": "Not supported"
        },
        "gpuDevice": [
          {
            "active": false,
            "deviceId": 9476,
            "deviceString": "NVIDIA GeForce RTX 3060",
            "driverVersion": "32.0.15.9636",
            "gpuPreference": 0,
            "revision": 161,
            "subSysId": 964498530,
            "vendorId": 4318
          },
          {
            "active": false,
            "deviceId": 140,
            "deviceString": "Microsoft Basic Render Driver",
            "driverVersion": "10.0.26100.8972",
            "gpuPreference": 0,
            "revision": 0,
            "subSysId": 0,
            "vendorId": 5140
          }
        ]
      }
    },
    "resourceTelemetry": {
      "appGetAppMetrics": true,
      "processGetCPUUsage": true,
      "processGetProcessMemoryInfo": true,
      "processGetSystemMemoryInfo": true,
      "nvidiaSmi": {
        "enabled": false,
        "detected": false,
        "available": false,
        "path": "",
        "successfulSamples": 0,
        "failedSamples": 0,
        "lastError": null
      }
    },
    "externalSource": null,
    "captureBackend": {
      "wgcScreenCapturerDisabled": false,
      "confirmedByTrace": false,
      "note": "The switch expresses preference; Chromium may use an internal fallback unless a trace confirms the capturer."
    },
    "isolation": {
      "receiver": "visible-on-noncaptured-or-window-safe-display",
      "loopbackSameMachine": true
    },
    "networkEmulation": {
      "requested": false,
      "active": false,
      "target": null,
      "mode": null,
      "ruleIds": [],
      "fallbackReason": null,
      "error": null
    },
    "displays": [
      {
        "id": 2036301598,
        "bounds": {
          "x": 0,
          "y": 0,
          "width": 2560,
          "height": 1440
        },
        "workArea": {
          "x": 0,
          "y": 0,
          "width": 2560,
          "height": 1392
        },
        "scaleFactor": 1,
        "displayFrequency": 165,
        "colorDepth": 24
      }
    ],
    "fixtureSource": {
      "id": "window:460022:1",
      "name": "JUMP_BENCH_MOTION_SOURCE_30472",
      "type": "window",
      "displayId": "",
      "selectionValidation": "exact-window-title"
    }
  },
  "runs": [
    {
      "runId": "01-performance",
      "repeat": 1,
      "orderIndex": 0,
      "profile": "performance",
      "captureSource": {
        "id": "window:460022:1",
        "name": "JUMP_BENCH_MOTION_SOURCE_30472",
        "type": "window",
        "displayId": "",
        "selectionValidation": "exact-window-title"
      },
      "validity": {
        "validForPerformance": false,
        "validForVisualQuality": false,
        "reasons": [
          "sender-receiver-resolution-mismatch"
        ],
        "warnings": [
          "sender-bitrate-oscillation",
          "sender-pacer-delay",
          "visual-quality-unavailable:disabled"
        ],
        "stratum": {
          "transportMode": "mesh",
          "codec": "video/H264",
          "encoder": "MediaFoundationVideoEncodeAccelerator (NVIDIA H.264 Encoder MFT)",
          "resolution": "960x540",
          "adaptationScale": 1.3333333333333333
        },
        "stratumKey": "{\"transportMode\":\"mesh\",\"codec\":\"video/H264\",\"encoder\":\"MediaFoundationVideoEncodeAccelerator (NVIDIA H.264 Encoder MFT)\",\"resolution\":\"960x540\",\"adaptationScale\":1.3333333333333333}"
      },
      "startedAt": "2026-08-29T13:10:32.757Z",
      "endedAt": "2026-08-29T13:10:35.768Z",
      "sourceStart": {
        "targetFps": 60,
        "seed": 1247104336,
        "epochMs": 3726.199999999255,
        "nowMs": 3726.699999999255,
        "frameId": -1,
        "drawnFrames": 0,
        "skippedSlots": 0,
        "lastDrawMs": 0,
        "width": 1920,
        "height": 1080,
        "gpuLoad": 0,
        "gpuLoadActive": false,
        "gpuLoadError": "",
        "frozen": false
      },
      "sourceEnd": {
        "targetFps": 60,
        "seed": 1247104336,
        "epochMs": 3726.199999999255,
        "nowMs": 6730,
        "frameId": 179,
        "drawnFrames": 180,
        "skippedSlots": 0,
        "lastDrawMs": 6712.5,
        "width": 1920,
        "height": 1080,
        "gpuLoad": 0,
        "gpuLoadActive": false,
        "gpuLoadError": "",
        "frozen": false
      },
      "senderSamples": [
        {
          "benchmarkElapsedMs": 0.002599999999802094,
          "collectedAt": 1788009032758.5,
          "role": "sender",
          "transportMode": "mesh",
          "peerId": "9431f024",
          "connectionState": "connected",
          "iceConnectionState": "connected",
          "signalingState": "stable",
          "track": {
            "id": "3014b12e-60ee-4df4-8b06-84d2c854d377",
            "label": "Screen",
            "enabled": true,
            "muted": false,
            "readyState": "live",
            "settings": {
              "aspectRatio": 1.7777777777777777,
              "deviceId": "window:460022:1",
              "frameRate": 60,
              "height": 720,
              "resizeMode": "crop-and-scale",
              "screenPixelRatio": 1,
              "width": 1280
            },
            "constraints": {
              "frameRate": {
                "max": 60,
                "ideal": 60
              },
              "height": {
                "max": 720,
                "ideal": 720
              },
              "width": {
                "max": 1280,
                "ideal": 1280
              }
            }
          },
          "senderParameters": {
            "degradationPreference": "maintain-resolution",
            "transactionId": "27b0b7b1-b501-4b88-8d17-64d5f33a9d51",
            "encodings": [
              {
                "active": true,
                "maxBitrate": 237051,
                "maxFramerate": 60,
                "scaleResolutionDownBy": 1,
                "priority": "high",
                "networkPriority": "high"
              }
            ]
          },
          "adaptation": {
            "profileId": "performance",
            "level": 0,
            "temporalLevel": 0,
            "poorSamples": 0,
            "stableSamples": 0,
            "sourceSamples": 0,
            "networkSamples": 2,
            "sampleCount": 2,
            "cooldownSamples": 0,
            "scale": 1,
            "frameRate": 60,
            "reason": "startup-observation",
            "targetFps": 60,
            "measuredFps": 4.0011389961107096,
            "captureFps": 65.35193693647491,
            "encodedFps": 4.0011389961107096,
            "encoderDeliveryRatio": 0.06668564993517849,
            "bottleneck": "network",
            "sourceLimited": false,
            "networkPressure": true,
            "capacityPressure": true,
            "transportPressure": true,
            "packetLossPressure": false,
            "retransmissionPressure": false,
            "pacerPressure": true,
            "discardedPacketPressure": false,
            "packetLossRatio": 0,
            "retransmissionRatio": 0,
            "averagePacketSendDelayMs": 239.44197222222223,
            "packetsDiscardedOnSend": 0,
            "pressureSamplesRequired": 2,
            "networkSustained": true,
            "networkHeadroomRatio": 0.0811895,
            "requiredBitrate": 8000000,
            "recoveryRequiredBitrate": 8000000,
            "networkRecoveryHeadroomRatio": 0.0811895,
            "networkRecoveryReady": true,
            "projectedRecoveryEncodeMs": 3.1666666666666665,
            "encoderRecoveryReady": true,
            "encoderTrial": null,
            "downscaleEffectiveness": {
              "status": "idle",
              "samplesObserved": 0,
              "samplesRequired": 3,
              "requiredDeliveryGain": 0.08,
              "requiredEncodeCostReductionRatio": 0.15
            },
            "averageEncodeTimeMs": 3.1666666666666665,
            "fpsEma": 6.0088365873217215,
            "encodeEma": 3.1666666666666665,
            "effectiveWidth": 1280,
            "effectiveHeight": 720,
            "temporalChanged": false,
            "softwareEncoder": false,
            "encoderImplementation": "MediaFoundationVideoEncodeAccelerator (NVIDIA H.264 Encoder MFT)",
            "trackId": "3014b12e-60ee-4df4-8b06-84d2c854d377"
          },
          "videoCodecPolicyKey": "hardware-or-unknown",
          "videoMutationCounts": {
            "total": 2,
            "structural": 1,
            "bitrate": 2,
            "active": 0,
            "track": 1
          },
          "lastVideoMutation": {
            "sequence": 2,
            "type": "adapt",
            "timestampMs": 1788009031065,
            "peerId": "9431f024",
            "structural": false,
            "bitrate": true,
            "active": false,
            "trackChanged": false,
            "before": {
              "trackId": "3014b12e-60ee-4df4-8b06-84d2c854d377",
              "degradationPreference": "maintain-resolution",
              "encodings": [
                {
                  "active": true,
                  "maxBitrate": 8000000,
                  "maxFramerate": 60,
                  "scaleResolutionDownBy": 1,
                  "scalabilityMode": null
                }
              ]
            },
            "after": {
              "trackId": "3014b12e-60ee-4df4-8b06-84d2c854d377",
              "degradationPreference": "maintain-resolution",
              "encodings": [
                {
                  "active": true,
                  "maxBitrate": 237051,
                  "maxFramerate": 60,
                  "scaleResolutionDownBy": 1,
                  "scalabilityMode": null
                }
              ]
            },
            "countersBeforeNextSample": {
              "keyFramesEncoded": 0,
              "hugeFramesSent": 0,
              "nackCount": 0,
              "pliCount": 0,
              "firCount": 0,
              "bytesSent": 0
            },
            "profileId": "performance",
            "adaptationReason": "network-observation",
            "adaptationLevel": 0,
            "temporalLevel": 0
          },
          "jitterBufferTarget": null,
          "topology": {
            "sfuViewerCount": 0,
            "sfuConsumerCount": 0,
            "meshScreenSenders": 1,
            "meshActiveScreenSenders": 1,
            "meshViaSfuCount": 0,
            "meshBytesSentTotal": 76619,
            "publisherUploadBytes": 76619
          },
          "reports": {
            "source": {
              "id": "SV2",
              "timestamp": 1788009032757.657,
              "trackIdentifier": "3014b12e-60ee-4df4-8b06-84d2c854d377",
              "kind": "video",
              "width": 1280,
              "height": 720,
              "frames": 110,
              "framesPerSecond": 59
            },
            "outbound": {
              "id": "OT01V1020930060",
              "timestamp": 1788009032757.657,
              "ssrc": 1020930060,
              "kind": "video",
              "mid": "1",
              "active": true,
              "codecId": "COT01_103_level-asymmetry-allowed=1;packetization-mode=1;profile-level-id=42001f",
              "mediaSourceId": "SV2",
              "remoteId": "RIV1020930060",
              "transportId": "T01",
              "bytesSent": 76619,
              "headerBytesSent": 3730,
              "packetsSent": 81,
              "retransmittedBytesSent": 0,
              "retransmittedPacketsSent": 0,
              "framesEncoded": 7,
              "framesSent": 7,
              "hugeFramesSent": 7,
              "keyFramesEncoded": 1,
              "framesPerSecond": 3,
              "frameWidth": 1280,
              "frameHeight": 720,
              "qpSum": 345,
              "totalEncodeTime": 0.021,
              "totalEncodedBytesTarget": 0,
              "totalPacketSendDelay": 17.546754999999997,
              "targetBitrate": 197500,
              "qualityLimitationReason": "none",
              "qualityLimitationDurations": {
                "bandwidth": 0,
                "cpu": 0,
                "none": 1.869,
                "other": 0
              },
              "qualityLimitationResolutionChanges": 0,
              "nackCount": 0,
              "firCount": 0,
              "pliCount": 0,
              "encoderImplementation": "MediaFoundationVideoEncodeAccelerator (NVIDIA H.264 Encoder MFT)",
              "powerEfficientEncoder": true
            },
            "remoteInbound": {
              "id": "RIV1020930060",
              "timestamp": 1788009031421.683,
              "ssrc": 1020930060,
              "kind": "video",
              "codecId": "COT01_103_level-asymmetry-allowed=1;packetization-mode=1;profile-level-id=42001f",
              "localId": "OT01V1020930060",
              "transportId": "T01",
              "packetsLost": 0,
              "jitter": 0,
              "totalRoundTripTime": 0,
              "roundTripTimeMeasurements": 0,
              "fractionLost": 0
            },
            "inbound": null,
            "remoteOutbound": null,
            "codec": {
              "id": "COT01_103_level-asymmetry-allowed=1;packetization-mode=1;profile-level-id=42001f",
              "timestamp": 1788009032757.657,
              "payloadType": 103,
              "mimeType": "video/H264",
              "clockRate": 90000,
              "sdpFmtpLine": "level-asymmetry-allowed=1;packetization-mode=1;profile-level-id=42001f"
            },
            "transport": {
              "id": "T01",
              "timestamp": 1788009032757.657,
              "bytesSent": 98342,
              "bytesReceived": 15341,
              "packetsSent": 266,
              "packetsReceived": 183,
              "selectedCandidatePairId": "CPeBt63BmI_ain9OnqZ",
              "dtlsState": "connected",
              "iceRole": "controlling"
            },
            "candidatePair": {
              "id": "CPeBt63BmI_ain9OnqZ",
              "timestamp": 1788009032757.657,
              "state": "succeeded",
              "nominated": true,
              "writable": true,
              "bytesSent": 93291,
              "bytesReceived": 11651,
              "currentRoundTripTime": 0,
              "totalRoundTripTime": 0.002,
              "responsesReceived": 5,
              "availableOutgoingBitrate": 665329,
              "requestsReceived": 5,
              "requestsSent": 5,
              "localCandidateId": "IeBt63BmI",
              "remoteCandidateId": "Iain9OnqZ",
              "packetsDiscardedOnSend": 0,
              "bytesDiscardedOnSend": 0
            },
            "localCandidate": {
              "id": "IeBt63BmI",
              "timestamp": 1788009032757.657,
              "candidateType": "host",
              "protocol": "udp",
              "networkType": "ethernet",
              "address": "fdfd::1ab2:41f1",
              "port": 55417,
              "priority": 2122199807
            },
            "remoteCandidate": {
              "id": "Iain9OnqZ",
              "timestamp": 1788009032757.657,
              "candidateType": "host",
              "protocol": "udp",
              "address": "fdfd::1ab2:41f1",
              "port": 62286,
              "priority": 2122199807
            }
          }
        },
        {
          "benchmarkElapsedMs": 260.6864000000005,
          "collectedAt": 1788009033019.2,
          "role": "sender",
          "transportMode": "mesh",
          "peerId": "9431f024",
          "connectionState": "connected",
          "iceConnectionState": "connected",
          "signalingState": "stable",
          "track": {
            "id": "3014b12e-60ee-4df4-8b06-84d2c854d377",
            "label": "Screen",
            "enabled": true,
            "muted": false,
            "readyState": "live",
            "settings": {
              "aspectRatio": 1.7777777777777777,
              "deviceId": "window:460022:1",
              "frameRate": 60,
              "height": 720,
              "resizeMode": "crop-and-scale",
              "screenPixelRatio": 1,
              "width": 1280
            },
            "constraints": {
              "frameRate": {
                "max": 60,
                "ideal": 60
              },
              "height": {
                "max": 720,
                "ideal": 720
              },
              "width": {
                "max": 1280,
                "ideal": 1280
              }
            }
          },
          "senderParameters": {
            "degradationPreference": "maintain-resolution",
            "transactionId": "32588320-92f6-4058-90e5-1d11ec9b68b3",
            "encodings": [
              {
                "active": true,
                "maxBitrate": 237051,
                "maxFramerate": 60,
                "scaleResolutionDownBy": 1,
                "priority": "high",
                "networkPriority": "high"
              }
            ]
          },
          "adaptation": {
            "profileId": "performance",
            "level": 0,
            "temporalLevel": 0,
            "poorSamples": 0,
            "stableSamples": 0,
            "sourceSamples": 0,
            "networkSamples": 2,
            "sampleCount": 2,
            "cooldownSamples": 0,
            "scale": 1,
            "frameRate": 60,
            "reason": "startup-observation",
            "targetFps": 60,
            "measuredFps": 4.0011389961107096,
            "captureFps": 65.35193693647491,
            "encodedFps": 4.0011389961107096,
            "encoderDeliveryRatio": 0.06668564993517849,
            "bottleneck": "network",
            "sourceLimited": false,
            "networkPressure": true,
            "capacityPressure": true,
            "transportPressure": true,
            "packetLossPressure": false,
            "retransmissionPressure": false,
            "pacerPressure": true,
            "discardedPacketPressure": false,
            "packetLossRatio": 0,
            "retransmissionRatio": 0,
            "averagePacketSendDelayMs": 239.44197222222223,
            "packetsDiscardedOnSend": 0,
            "pressureSamplesRequired": 2,
            "networkSustained": true,
            "networkHeadroomRatio": 0.0811895,
            "requiredBitrate": 8000000,
            "recoveryRequiredBitrate": 8000000,
            "networkRecoveryHeadroomRatio": 0.0811895,
            "networkRecoveryReady": true,
            "projectedRecoveryEncodeMs": 3.1666666666666665,
            "encoderRecoveryReady": true,
            "encoderTrial": null,
            "downscaleEffectiveness": {
              "status": "idle",
              "samplesObserved": 0,
              "samplesRequired": 3,
              "requiredDeliveryGain": 0.08,
              "requiredEncodeCostReductionRatio": 0.15
            },
            "averageEncodeTimeMs": 3.1666666666666665,
            "fpsEma": 6.0088365873217215,
            "encodeEma": 3.1666666666666665,
            "effectiveWidth": 1280,
            "effectiveHeight": 720,
            "temporalChanged": false,
            "softwareEncoder": false,
            "encoderImplementation": "MediaFoundationVideoEncodeAccelerator (NVIDIA H.264 Encoder MFT)",
            "trackId": "3014b12e-60ee-4df4-8b06-84d2c854d377"
          },
          "videoCodecPolicyKey": "hardware-or-unknown",
          "videoMutationCounts": {
            "total": 2,
            "structural": 1,
            "bitrate": 2,
            "active": 0,
            "track": 1
          },
          "lastVideoMutation": {
            "sequence": 2,
            "type": "adapt",
            "timestampMs": 1788009031065,
            "peerId": "9431f024",
            "structural": false,
            "bitrate": true,
            "active": false,
            "trackChanged": false,
            "before": {
              "trackId": "3014b12e-60ee-4df4-8b06-84d2c854d377",
              "degradationPreference": "maintain-resolution",
              "encodings": [
                {
                  "active": true,
                  "maxBitrate": 8000000,
                  "maxFramerate": 60,
                  "scaleResolutionDownBy": 1,
                  "scalabilityMode": null
                }
              ]
            },
            "after": {
              "trackId": "3014b12e-60ee-4df4-8b06-84d2c854d377",
              "degradationPreference": "maintain-resolution",
              "encodings": [
                {
                  "active": true,
                  "maxBitrate": 237051,
                  "maxFramerate": 60,
                  "scaleResolutionDownBy": 1,
                  "scalabilityMode": null
                }
              ]
            },
            "countersBeforeNextSample": {
              "keyFramesEncoded": 0,
              "hugeFramesSent": 0,
              "nackCount": 0,
              "pliCount": 0,
              "firCount": 0,
              "bytesSent": 0
            },
            "profileId": "performance",
            "adaptationReason": "network-observation",
            "adaptationLevel": 0,
            "temporalLevel": 0
          },
          "jitterBufferTarget": null,
          "topology": {
            "sfuViewerCount": 0,
            "sfuConsumerCount": 0,
            "meshScreenSenders": 1,
            "meshActiveScreenSenders": 1,
            "meshViaSfuCount": 0,
            "meshBytesSentTotal": 76619,
            "publisherUploadBytes": 76619
          },
          "reports": {
            "source": {
              "id": "SV2",
              "timestamp": 1788009033018.392,
              "trackIdentifier": "3014b12e-60ee-4df4-8b06-84d2c854d377",
              "kind": "video",
              "width": 1280,
              "height": 720,
              "frames": 127,
              "framesPerSecond": 60
            },
            "outbound": {
              "id": "OT01V1020930060",
              "timestamp": 1788009033018.392,
              "ssrc": 1020930060,
              "kind": "video",
              "mid": "1",
              "active": true,
              "codecId": "COT01_103_level-asymmetry-allowed=1;packetization-mode=1;profile-level-id=42001f",
              "mediaSourceId": "SV2",
              "remoteId": "RIV1020930060",
              "transportId": "T01",
              "bytesSent": 76619,
              "headerBytesSent": 3730,
              "packetsSent": 81,
              "retransmittedBytesSent": 0,
              "retransmittedPacketsSent": 0,
              "framesEncoded": 7,
              "framesSent": 7,
              "hugeFramesSent": 7,
              "keyFramesEncoded": 1,
              "framesPerSecond": 2,
              "frameWidth": 1280,
              "frameHeight": 720,
              "qpSum": 345,
              "totalEncodeTime": 0.021,
              "totalEncodedBytesTarget": 0,
              "totalPacketSendDelay": 17.546754999999997,
              "targetBitrate": 197500,
              "qualityLimitationReason": "none",
              "qualityLimitationDurations": {
                "bandwidth": 0,
                "cpu": 0,
                "none": 2.13,
                "other": 0
              },
              "qualityLimitationResolutionChanges": 0,
              "nackCount": 0,
              "firCount": 0,
              "pliCount": 0,
              "encoderImplementation": "MediaFoundationVideoEncodeAccelerator (NVIDIA H.264 Encoder MFT)",
              "powerEfficientEncoder": true
            },
            "remoteInbound": {
              "id": "RIV1020930060",
              "timestamp": 1788009032920.932,
              "ssrc": 1020930060,
              "kind": "video",
              "codecId": "COT01_103_level-asymmetry-allowed=1;packetization-mode=1;profile-level-id=42001f",
              "localId": "OT01V1020930060",
              "transportId": "T01",
              "packetsLost": 0,
              "jitter": 0.064688,
              "roundTripTime": 0.001,
              "totalRoundTripTime": 0.001,
              "roundTripTimeMeasurements": 1,
              "fractionLost": 0
            },
            "inbound": null,
            "remoteOutbound": null,
            "codec": {
              "id": "COT01_103_level-asymmetry-allowed=1;packetization-mode=1;profile-level-id=42001f",
              "timestamp": 1788009033018.392,
              "payloadType": 103,
              "mimeType": "video/H264",
              "clockRate": 90000,
              "sdpFmtpLine": "level-asymmetry-allowed=1;packetization-mode=1;profile-level-id=42001f"
            },
            "transport": {
              "id": "T01",
              "timestamp": 1788009033018.392,
              "bytesSent": 100057,
              "bytesReceived": 17105,
              "packetsSent": 283,
              "packetsReceived": 201,
              "selectedCandidatePairId": "CPeBt63BmI_ain9OnqZ",
              "dtlsState": "connected",
              "iceRole": "controlling"
            },
            "candidatePair": {
              "id": "CPeBt63BmI_ain9OnqZ",
              "timestamp": 1788009033018.392,
              "state": "succeeded",
              "nominated": true,
              "writable": true,
              "bytesSent": 95006,
              "bytesReceived": 13415,
              "currentRoundTripTime": 0,
              "totalRoundTripTime": 0.002,
              "responsesReceived": 5,
              "availableOutgoingBitrate": 672210,
              "requestsReceived": 5,
              "requestsSent": 5,
              "localCandidateId": "IeBt63BmI",
              "remoteCandidateId": "Iain9OnqZ",
              "packetsDiscardedOnSend": 0,
              "bytesDiscardedOnSend": 0
            },
            "localCandidate": {
              "id": "IeBt63BmI",
              "timestamp": 1788009033018.392,
              "candidateType": "host",
              "protocol": "udp",
              "networkType": "ethernet",
              "address": "fdfd::1ab2:41f1",
              "port": 55417,
              "priority": 2122199807
            },
            "remoteCandidate": {
              "id": "Iain9OnqZ",
              "timestamp": 1788009033018.392,
              "candidateType": "host",
              "protocol": "udp",
              "address": "fdfd::1ab2:41f1",
              "port": 62286,
              "priority": 2122199807
            }
          }
        },
        {
          "benchmarkElapsedMs": 512.0987999999998,
          "collectedAt": 1788009033270.5,
          "role": "sender",
          "transportMode": "mesh",
          "peerId": "9431f024",
          "connectionState": "connected",
          "iceConnectionState": "connected",
          "signalingState": "stable",
          "track": {
            "id": "3014b12e-60ee-4df4-8b06-84d2c854d377",
            "label": "Screen",
            "enabled": true,
            "muted": false,
            "readyState": "live",
            "settings": {
              "aspectRatio": 1.7777777777777777,
              "deviceId": "window:460022:1",
              "frameRate": 60,
              "height": 720,
              "resizeMode": "crop-and-scale",
              "screenPixelRatio": 1,
              "width": 1280
            },
            "constraints": {
              "frameRate": {
                "max": 60,
                "ideal": 60
              },
              "height": {
                "max": 720,
                "ideal": 720
              },
              "width": {
                "max": 1280,
                "ideal": 1280
              }
            }
          },
          "senderParameters": {
            "degradationPreference": "maintain-resolution",
            "transactionId": "2f3b030c-ad50-4801-9186-307e9a759aec",
            "encodings": [
              {
                "active": true,
                "maxBitrate": 237051,
                "maxFramerate": 60,
                "scaleResolutionDownBy": 1,
                "priority": "high",
                "networkPriority": "high"
              }
            ]
          },
          "adaptation": {
            "profileId": "performance",
            "level": 0,
            "temporalLevel": 0,
            "poorSamples": 0,
            "stableSamples": 0,
            "sourceSamples": 0,
            "networkSamples": 2,
            "sampleCount": 2,
            "cooldownSamples": 0,
            "scale": 1,
            "frameRate": 60,
            "reason": "startup-observation",
            "targetFps": 60,
            "measuredFps": 4.0011389961107096,
            "captureFps": 65.35193693647491,
            "encodedFps": 4.0011389961107096,
            "encoderDeliveryRatio": 0.06668564993517849,
            "bottleneck": "network",
            "sourceLimited": false,
            "networkPressure": true,
            "capacityPressure": true,
            "transportPressure": true,
            "packetLossPressure": false,
            "retransmissionPressure": false,
            "pacerPressure": true,
            "discardedPacketPressure": false,
            "packetLossRatio": 0,
            "retransmissionRatio": 0,
            "averagePacketSendDelayMs": 239.44197222222223,
            "packetsDiscardedOnSend": 0,
            "pressureSamplesRequired": 2,
            "networkSustained": true,
            "networkHeadroomRatio": 0.0811895,
            "requiredBitrate": 8000000,
            "recoveryRequiredBitrate": 8000000,
            "networkRecoveryHeadroomRatio": 0.0811895,
            "networkRecoveryReady": true,
            "projectedRecoveryEncodeMs": 3.1666666666666665,
            "encoderRecoveryReady": true,
            "encoderTrial": null,
            "downscaleEffectiveness": {
              "status": "idle",
              "samplesObserved": 0,
              "samplesRequired": 3,
              "requiredDeliveryGain": 0.08,
              "requiredEncodeCostReductionRatio": 0.15
            },
            "averageEncodeTimeMs": 3.1666666666666665,
            "fpsEma": 6.0088365873217215,
            "encodeEma": 3.1666666666666665,
            "effectiveWidth": 1280,
            "effectiveHeight": 720,
            "temporalChanged": false,
            "softwareEncoder": false,
            "encoderImplementation": "MediaFoundationVideoEncodeAccelerator (NVIDIA H.264 Encoder MFT)",
            "trackId": "3014b12e-60ee-4df4-8b06-84d2c854d377"
          },
          "videoCodecPolicyKey": "hardware-or-unknown",
          "videoMutationCounts": {
            "total": 2,
            "structural": 1,
            "bitrate": 2,
            "active": 0,
            "track": 1
          },
          "lastVideoMutation": {
            "sequence": 2,
            "type": "adapt",
            "timestampMs": 1788009031065,
            "peerId": "9431f024",
            "structural": false,
            "bitrate": true,
            "active": false,
            "trackChanged": false,
            "before": {
              "trackId": "3014b12e-60ee-4df4-8b06-84d2c854d377",
              "degradationPreference": "maintain-resolution",
              "encodings": [
                {
                  "active": true,
                  "maxBitrate": 8000000,
                  "maxFramerate": 60,
                  "scaleResolutionDownBy": 1,
                  "scalabilityMode": null
                }
              ]
            },
            "after": {
              "trackId": "3014b12e-60ee-4df4-8b06-84d2c854d377",
              "degradationPreference": "maintain-resolution",
              "encodings": [
                {
                  "active": true,
                  "maxBitrate": 237051,
                  "maxFramerate": 60,
                  "scaleResolutionDownBy": 1,
                  "scalabilityMode": null
                }
              ]
            },
            "countersBeforeNextSample": {
              "keyFramesEncoded": 0,
              "hugeFramesSent": 0,
              "nackCount": 0,
              "pliCount": 0,
              "firCount": 0,
              "bytesSent": 0
            },
            "profileId": "performance",
            "adaptationReason": "network-observation",
            "adaptationLevel": 0,
            "temporalLevel": 0
          },
          "jitterBufferTarget": null,
          "topology": {
            "sfuViewerCount": 0,
            "sfuConsumerCount": 0,
            "meshScreenSenders": 1,
            "meshActiveScreenSenders": 1,
            "meshViaSfuCount": 0,
            "meshBytesSentTotal": 85637,
            "publisherUploadBytes": 85637
          },
          "reports": {
            "source": {
              "id": "SV2",
              "timestamp": 1788009033269.803,
              "trackIdentifier": "3014b12e-60ee-4df4-8b06-84d2c854d377",
              "kind": "video",
              "width": 1280,
              "height": 720,
              "frames": 142,
              "framesPerSecond": 60
            },
            "outbound": {
              "id": "OT01V1020930060",
              "timestamp": 1788009033269.803,
              "ssrc": 1020930060,
              "kind": "video",
              "mid": "1",
              "active": true,
              "codecId": "COT01_103_level-asymmetry-allowed=1;packetization-mode=1;profile-level-id=42001f",
              "mediaSourceId": "SV2",
              "remoteId": "RIV1020930060",
              "transportId": "T01",
              "bytesSent": 85637,
              "headerBytesSent": 3962,
              "packetsSent": 90,
              "retransmittedBytesSent": 0,
              "retransmittedPacketsSent": 0,
              "framesEncoded": 8,
              "framesSent": 8,
              "hugeFramesSent": 8,
              "keyFramesEncoded": 1,
              "framesPerSecond": 3,
              "frameWidth": 1280,
              "frameHeight": 720,
              "qpSum": 396,
              "totalEncodeTime": 0.023,
              "totalEncodedBytesTarget": 0,
              "totalPacketSendDelay": 17.844481,
              "targetBitrate": 197500,
              "qualityLimitationReason": "none",
              "qualityLimitationDurations": {
                "bandwidth": 0,
                "cpu": 0,
                "none": 2.381,
                "other": 0
              },
              "qualityLimitationResolutionChanges": 0,
              "nackCount": 0,
              "firCount": 0,
              "pliCount": 0,
              "encoderImplementation": "MediaFoundationVideoEncodeAccelerator (NVIDIA H.264 Encoder MFT)",
              "powerEfficientEncoder": true
            },
            "remoteInbound": {
              "id": "RIV1020930060",
              "timestamp": 1788009032920.932,
              "ssrc": 1020930060,
              "kind": "video",
              "codecId": "COT01_103_level-asymmetry-allowed=1;packetization-mode=1;profile-level-id=42001f",
              "localId": "OT01V1020930060",
              "transportId": "T01",
              "packetsLost": 0,
              "jitter": 0.064688,
              "roundTripTime": 0.001,
              "totalRoundTripTime": 0.001,
              "roundTripTimeMeasurements": 1,
              "fractionLost": 0
            },
            "inbound": null,
            "remoteOutbound": null,
            "codec": {
              "id": "COT01_103_level-asymmetry-allowed=1;packetization-mode=1;profile-level-id=42001f",
              "timestamp": 1788009033269.803,
              "payloadType": 103,
              "mimeType": "video/H264",
              "clockRate": 90000,
              "sdpFmtpLine": "level-asymmetry-allowed=1;packetization-mode=1;profile-level-id=42001f"
            },
            "transport": {
              "id": "T01",
              "timestamp": 1788009033269.803,
              "bytesSent": 111063,
              "bytesReceived": 18824,
              "packetsSent": 309,
              "packetsReceived": 218,
              "selectedCandidatePairId": "CPeBt63BmI_ain9OnqZ",
              "dtlsState": "connected",
              "iceRole": "controlling"
            },
            "candidatePair": {
              "id": "CPeBt63BmI_ain9OnqZ",
              "timestamp": 1788009033269.803,
              "state": "succeeded",
              "nominated": true,
              "writable": true,
              "bytesSent": 106012,
              "bytesReceived": 15134,
              "currentRoundTripTime": 0,
              "totalRoundTripTime": 0.002,
              "responsesReceived": 5,
              "availableOutgoingBitrate": 672210,
              "requestsReceived": 5,
              "requestsSent": 5,
              "localCandidateId": "IeBt63BmI",
              "remoteCandidateId": "Iain9OnqZ",
              "packetsDiscardedOnSend": 0,
              "bytesDiscardedOnSend": 0
            },
            "localCandidate": {
              "id": "IeBt63BmI",
              "timestamp": 1788009033269.803,
              "candidateType": "host",
              "protocol": "udp",
              "networkType": "ethernet",
              "address": "fdfd::1ab2:41f1",
              "port": 55417,
              "priority": 2122199807
            },
            "remoteCandidate": {
              "id": "Iain9OnqZ",
              "timestamp": 1788009033269.803,
              "candidateType": "host",
              "protocol": "udp",
              "address": "fdfd::1ab2:41f1",
              "port": 62286,
              "priority": 2122199807
            }
          }
        },
        {
          "benchmarkElapsedMs": 760.8040000000001,
          "collectedAt": 1788009033519.6,
          "role": "sender",
          "transportMode": "mesh",
          "peerId": "9431f024",
          "connectionState": "connected",
          "iceConnectionState": "connected",
          "signalingState": "stable",
          "track": {
            "id": "3014b12e-60ee-4df4-8b06-84d2c854d377",
            "label": "Screen",
            "enabled": true,
            "muted": false,
            "readyState": "live",
            "settings": {
              "aspectRatio": 1.7777777777777777,
              "deviceId": "window:460022:1",
              "frameRate": 60,
              "height": 720,
              "resizeMode": "crop-and-scale",
              "screenPixelRatio": 1,
              "width": 1280
            },
            "constraints": {
              "frameRate": {
                "max": 60,
                "ideal": 60
              },
              "height": {
                "max": 720,
                "ideal": 720
              },
              "width": {
                "max": 1280,
                "ideal": 1280
              }
            }
          },
          "senderParameters": {
            "degradationPreference": "maintain-resolution",
            "transactionId": "d079a57e-b062-4020-bb14-56b0d6011a33",
            "encodings": [
              {
                "active": true,
                "maxBitrate": 237051,
                "maxFramerate": 60,
                "scaleResolutionDownBy": 1,
                "priority": "high",
                "networkPriority": "high"
              }
            ]
          },
          "adaptation": {
            "profileId": "performance",
            "level": 0,
            "temporalLevel": 0,
            "poorSamples": 0,
            "stableSamples": 0,
            "sourceSamples": 0,
            "networkSamples": 2,
            "sampleCount": 2,
            "cooldownSamples": 0,
            "scale": 1,
            "frameRate": 60,
            "reason": "startup-observation",
            "targetFps": 60,
            "measuredFps": 4.0011389961107096,
            "captureFps": 65.35193693647491,
            "encodedFps": 4.0011389961107096,
            "encoderDeliveryRatio": 0.06668564993517849,
            "bottleneck": "network",
            "sourceLimited": false,
            "networkPressure": true,
            "capacityPressure": true,
            "transportPressure": true,
            "packetLossPressure": false,
            "retransmissionPressure": false,
            "pacerPressure": true,
            "discardedPacketPressure": false,
            "packetLossRatio": 0,
            "retransmissionRatio": 0,
            "averagePacketSendDelayMs": 239.44197222222223,
            "packetsDiscardedOnSend": 0,
            "pressureSamplesRequired": 2,
            "networkSustained": true,
            "networkHeadroomRatio": 0.0811895,
            "requiredBitrate": 8000000,
            "recoveryRequiredBitrate": 8000000,
            "networkRecoveryHeadroomRatio": 0.0811895,
            "networkRecoveryReady": true,
            "projectedRecoveryEncodeMs": 3.1666666666666665,
            "encoderRecoveryReady": true,
            "encoderTrial": null,
            "downscaleEffectiveness": {
              "status": "idle",
              "samplesObserved": 0,
              "samplesRequired": 3,
              "requiredDeliveryGain": 0.08,
              "requiredEncodeCostReductionRatio": 0.15
            },
            "averageEncodeTimeMs": 3.1666666666666665,
            "fpsEma": 6.0088365873217215,
            "encodeEma": 3.1666666666666665,
            "effectiveWidth": 1280,
            "effectiveHeight": 720,
            "temporalChanged": false,
            "softwareEncoder": false,
            "encoderImplementation": "MediaFoundationVideoEncodeAccelerator (NVIDIA H.264 Encoder MFT)",
            "trackId": "3014b12e-60ee-4df4-8b06-84d2c854d377"
          },
          "videoCodecPolicyKey": "hardware-or-unknown",
          "videoMutationCounts": {
            "total": 2,
            "structural": 1,
            "bitrate": 2,
            "active": 0,
            "track": 1
          },
          "lastVideoMutation": {
            "sequence": 2,
            "type": "adapt",
            "timestampMs": 1788009031065,
            "peerId": "9431f024",
            "structural": false,
            "bitrate": true,
            "active": false,
            "trackChanged": false,
            "before": {
              "trackId": "3014b12e-60ee-4df4-8b06-84d2c854d377",
              "degradationPreference": "maintain-resolution",
              "encodings": [
                {
                  "active": true,
                  "maxBitrate": 8000000,
                  "maxFramerate": 60,
                  "scaleResolutionDownBy": 1,
                  "scalabilityMode": null
                }
              ]
            },
            "after": {
              "trackId": "3014b12e-60ee-4df4-8b06-84d2c854d377",
              "degradationPreference": "maintain-resolution",
              "encodings": [
                {
                  "active": true,
                  "maxBitrate": 237051,
                  "maxFramerate": 60,
                  "scaleResolutionDownBy": 1,
                  "scalabilityMode": null
                }
              ]
            },
            "countersBeforeNextSample": {
              "keyFramesEncoded": 0,
              "hugeFramesSent": 0,
              "nackCount": 0,
              "pliCount": 0,
              "firCount": 0,
              "bytesSent": 0
            },
            "profileId": "performance",
            "adaptationReason": "network-observation",
            "adaptationLevel": 0,
            "temporalLevel": 0
          },
          "jitterBufferTarget": null,
          "topology": {
            "sfuViewerCount": 0,
            "sfuConsumerCount": 0,
            "meshScreenSenders": 1,
            "meshActiveScreenSenders": 1,
            "meshViaSfuCount": 0,
            "meshBytesSentTotal": 95135,
            "publisherUploadBytes": 95135
          },
          "reports": {
            "source": {
              "id": "SV2",
              "timestamp": 1788009033518.553,
              "trackIdentifier": "3014b12e-60ee-4df4-8b06-84d2c854d377",
              "kind": "video",
              "width": 1280,
              "height": 720,
              "frames": 157,
              "framesPerSecond": 61
            },
            "outbound": {
              "id": "OT01V1020930060",
              "timestamp": 1788009033518.553,
              "ssrc": 1020930060,
              "kind": "video",
              "mid": "1",
              "active": true,
              "codecId": "COT01_103_level-asymmetry-allowed=1;packetization-mode=1;profile-level-id=42001f",
              "mediaSourceId": "SV2",
              "remoteId": "RIV1020930060",
              "transportId": "T01",
              "bytesSent": 95135,
              "headerBytesSent": 4218,
              "packetsSent": 100,
              "retransmittedBytesSent": 0,
              "retransmittedPacketsSent": 0,
              "framesEncoded": 9,
              "framesSent": 9,
              "hugeFramesSent": 9,
              "keyFramesEncoded": 1,
              "framesPerSecond": 3,
              "frameWidth": 1280,
              "frameHeight": 720,
              "qpSum": 447,
              "totalEncodeTime": 0.026,
              "totalEncodedBytesTarget": 0,
              "totalPacketSendDelay": 18.170482,
              "targetBitrate": 197500,
              "qualityLimitationReason": "none",
              "qualityLimitationDurations": {
                "bandwidth": 0,
                "cpu": 0,
                "none": 2.63,
                "other": 0
              },
              "qualityLimitationResolutionChanges": 0,
              "nackCount": 0,
              "firCount": 0,
              "pliCount": 0,
              "encoderImplementation": "MediaFoundationVideoEncodeAccelerator (NVIDIA H.264 Encoder MFT)",
              "powerEfficientEncoder": true
            },
            "remoteInbound": {
              "id": "RIV1020930060",
              "timestamp": 1788009033467.706,
              "ssrc": 1020930060,
              "kind": "video",
              "codecId": "COT01_103_level-asymmetry-allowed=1;packetization-mode=1;profile-level-id=42001f",
              "localId": "OT01V1020930060",
              "transportId": "T01",
              "packetsLost": 0,
              "jitter": 0.067122,
              "roundTripTime": 0.001,
              "totalRoundTripTime": 0.002,
              "roundTripTimeMeasurements": 2,
              "fractionLost": 0
            },
            "inbound": null,
            "remoteOutbound": null,
            "codec": {
              "id": "COT01_103_level-asymmetry-allowed=1;packetization-mode=1;profile-level-id=42001f",
              "timestamp": 1788009033518.553,
              "payloadType": 103,
              "mimeType": "video/H264",
              "clockRate": 90000,
              "sdpFmtpLine": "level-asymmetry-allowed=1;packetization-mode=1;profile-level-id=42001f"
            },
            "transport": {
              "id": "T01",
              "timestamp": 1788009033518.553,
              "bytesSent": 122632,
              "bytesReceived": 20498,
              "packetsSent": 336,
              "packetsReceived": 235,
              "selectedCandidatePairId": "CPeBt63BmI_ain9OnqZ",
              "dtlsState": "connected",
              "iceRole": "controlling"
            },
            "candidatePair": {
              "id": "CPeBt63BmI_ain9OnqZ",
              "timestamp": 1788009033518.553,
              "state": "succeeded",
              "nominated": true,
              "writable": true,
              "bytesSent": 117581,
              "bytesReceived": 16808,
              "currentRoundTripTime": 0,
              "totalRoundTripTime": 0.002,
              "responsesReceived": 5,
              "availableOutgoingBitrate": 672210,
              "requestsReceived": 5,
              "requestsSent": 5,
              "localCandidateId": "IeBt63BmI",
              "remoteCandidateId": "Iain9OnqZ",
              "packetsDiscardedOnSend": 0,
              "bytesDiscardedOnSend": 0
            },
            "localCandidate": {
              "id": "IeBt63BmI",
              "timestamp": 1788009033518.553,
              "candidateType": "host",
              "protocol": "udp",
              "networkType": "ethernet",
              "address": "fdfd::1ab2:41f1",
              "port": 55417,
              "priority": 2122199807
            },
            "remoteCandidate": {
              "id": "Iain9OnqZ",
              "timestamp": 1788009033518.553,
              "candidateType": "host",
              "protocol": "udp",
              "address": "fdfd::1ab2:41f1",
              "port": 62286,
              "priority": 2122199807
            }
          }
        },
        {
          "benchmarkElapsedMs": 1012.3089,
          "collectedAt": 1788009033771.3,
          "role": "sender",
          "transportMode": "mesh",
          "peerId": "9431f024",
          "connectionState": "connected",
          "iceConnectionState": "connected",
          "signalingState": "stable",
          "track": {
            "id": "3014b12e-60ee-4df4-8b06-84d2c854d377",
            "label": "Screen",
            "enabled": true,
            "muted": false,
            "readyState": "live",
            "settings": {
              "aspectRatio": 1.7777777777777777,
              "deviceId": "window:460022:1",
              "frameRate": 60,
              "height": 720,
              "resizeMode": "crop-and-scale",
              "screenPixelRatio": 1,
              "width": 1280
            },
            "constraints": {
              "frameRate": {
                "max": 60,
                "ideal": 60
              },
              "height": {
                "max": 720,
                "ideal": 720
              },
              "width": {
                "max": 1280,
                "ideal": 1280
              }
            }
          },
          "senderParameters": {
            "degradationPreference": "maintain-resolution",
            "transactionId": "31facbe7-6829-4cf4-8116-a8a19295b048",
            "encodings": [
              {
                "active": true,
                "maxBitrate": 237051,
                "maxFramerate": 60,
                "scaleResolutionDownBy": 1,
                "priority": "high",
                "networkPriority": "high"
              }
            ]
          },
          "adaptation": {
            "profileId": "performance",
            "level": 0,
            "temporalLevel": 0,
            "poorSamples": 0,
            "stableSamples": 0,
            "sourceSamples": 0,
            "networkSamples": 2,
            "sampleCount": 2,
            "cooldownSamples": 0,
            "scale": 1,
            "frameRate": 60,
            "reason": "startup-observation",
            "targetFps": 60,
            "measuredFps": 4.0011389961107096,
            "captureFps": 65.35193693647491,
            "encodedFps": 4.0011389961107096,
            "encoderDeliveryRatio": 0.06668564993517849,
            "bottleneck": "network",
            "sourceLimited": false,
            "networkPressure": true,
            "capacityPressure": true,
            "transportPressure": true,
            "packetLossPressure": false,
            "retransmissionPressure": false,
            "pacerPressure": true,
            "discardedPacketPressure": false,
            "packetLossRatio": 0,
            "retransmissionRatio": 0,
            "averagePacketSendDelayMs": 239.44197222222223,
            "packetsDiscardedOnSend": 0,
            "pressureSamplesRequired": 2,
            "networkSustained": true,
            "networkHeadroomRatio": 0.0811895,
            "requiredBitrate": 8000000,
            "recoveryRequiredBitrate": 8000000,
            "networkRecoveryHeadroomRatio": 0.0811895,
            "networkRecoveryReady": true,
            "projectedRecoveryEncodeMs": 3.1666666666666665,
            "encoderRecoveryReady": true,
            "encoderTrial": null,
            "downscaleEffectiveness": {
              "status": "idle",
              "samplesObserved": 0,
              "samplesRequired": 3,
              "requiredDeliveryGain": 0.08,
              "requiredEncodeCostReductionRatio": 0.15
            },
            "averageEncodeTimeMs": 3.1666666666666665,
            "fpsEma": 6.0088365873217215,
            "encodeEma": 3.1666666666666665,
            "effectiveWidth": 1280,
            "effectiveHeight": 720,
            "temporalChanged": false,
            "softwareEncoder": false,
            "encoderImplementation": "MediaFoundationVideoEncodeAccelerator (NVIDIA H.264 Encoder MFT)",
            "trackId": "3014b12e-60ee-4df4-8b06-84d2c854d377"
          },
          "videoCodecPolicyKey": "hardware-or-unknown",
          "videoMutationCounts": {
            "total": 2,
            "structural": 1,
            "bitrate": 2,
            "active": 0,
            "track": 1
          },
          "lastVideoMutation": {
            "sequence": 2,
            "type": "adapt",
            "timestampMs": 1788009031065,
            "peerId": "9431f024",
            "structural": false,
            "bitrate": true,
            "active": false,
            "trackChanged": false,
            "before": {
              "trackId": "3014b12e-60ee-4df4-8b06-84d2c854d377",
              "degradationPreference": "maintain-resolution",
              "encodings": [
                {
                  "active": true,
                  "maxBitrate": 8000000,
                  "maxFramerate": 60,
                  "scaleResolutionDownBy": 1,
                  "scalabilityMode": null
                }
              ]
            },
            "after": {
              "trackId": "3014b12e-60ee-4df4-8b06-84d2c854d377",
              "degradationPreference": "maintain-resolution",
              "encodings": [
                {
                  "active": true,
                  "maxBitrate": 237051,
                  "maxFramerate": 60,
                  "scaleResolutionDownBy": 1,
                  "scalabilityMode": null
                }
              ]
            },
            "countersBeforeNextSample": {
              "keyFramesEncoded": 0,
              "hugeFramesSent": 0,
              "nackCount": 0,
              "pliCount": 0,
              "firCount": 0,
              "bytesSent": 0
            },
            "profileId": "performance",
            "adaptationReason": "network-observation",
            "adaptationLevel": 0,
            "temporalLevel": 0
          },
          "jitterBufferTarget": null,
          "topology": {
            "sfuViewerCount": 0,
            "sfuConsumerCount": 0,
            "meshScreenSenders": 1,
            "meshActiveScreenSenders": 1,
            "meshViaSfuCount": 0,
            "meshBytesSentTotal": 95135,
            "publisherUploadBytes": 95135
          },
          "reports": {
            "source": {
              "id": "SV2",
              "timestamp": 1788009033770.558,
              "trackIdentifier": "3014b12e-60ee-4df4-8b06-84d2c854d377",
              "kind": "video",
              "width": 1280,
              "height": 720,
              "frames": 172,
              "framesPerSecond": 61
            },
            "outbound": {
              "id": "OT01V1020930060",
              "timestamp": 1788009033770.558,
              "ssrc": 1020930060,
              "kind": "video",
              "mid": "1",
              "active": true,
              "codecId": "COT01_103_level-asymmetry-allowed=1;packetization-mode=1;profile-level-id=42001f",
              "mediaSourceId": "SV2",
              "remoteId": "RIV1020930060",
              "transportId": "T01",
              "bytesSent": 95135,
              "headerBytesSent": 4218,
              "packetsSent": 100,
              "retransmittedBytesSent": 0,
              "retransmittedPacketsSent": 0,
              "framesEncoded": 9,
              "framesSent": 9,
              "hugeFramesSent": 9,
              "keyFramesEncoded": 1,
              "framesPerSecond": 2,
              "frameWidth": 1280,
              "frameHeight": 720,
              "qpSum": 447,
              "totalEncodeTime": 0.026,
              "totalEncodedBytesTarget": 0,
              "totalPacketSendDelay": 18.170482,
              "targetBitrate": 197500,
              "qualityLimitationReason": "none",
              "qualityLimitationDurations": {
                "bandwidth": 0,
                "cpu": 0,
                "none": 2.882,
                "other": 0
              },
              "qualityLimitationResolutionChanges": 0,
              "nackCount": 0,
              "firCount": 0,
              "pliCount": 0,
              "encoderImplementation": "MediaFoundationVideoEncodeAccelerator (NVIDIA H.264 Encoder MFT)",
              "powerEfficientEncoder": true
            },
            "remoteInbound": {
              "id": "RIV1020930060",
              "timestamp": 1788009033467.706,
              "ssrc": 1020930060,
              "kind": "video",
              "codecId": "COT01_103_level-asymmetry-allowed=1;packetization-mode=1;profile-level-id=42001f",
              "localId": "OT01V1020930060",
              "transportId": "T01",
              "packetsLost": 0,
              "jitter": 0.067122,
              "roundTripTime": 0.001,
              "totalRoundTripTime": 0.002,
              "roundTripTimeMeasurements": 2,
              "fractionLost": 0
            },
            "inbound": null,
            "remoteOutbound": null,
            "codec": {
              "id": "COT01_103_level-asymmetry-allowed=1;packetization-mode=1;profile-level-id=42001f",
              "timestamp": 1788009033770.558,
              "payloadType": 103,
              "mimeType": "video/H264",
              "clockRate": 90000,
              "sdpFmtpLine": "level-asymmetry-allowed=1;packetization-mode=1;profile-level-id=42001f"
            },
            "transport": {
              "id": "T01",
              "timestamp": 1788009033770.558,
              "bytesSent": 124308,
              "bytesReceived": 22293,
              "packetsSent": 352,
              "packetsReceived": 252,
              "selectedCandidatePairId": "CPeBt63BmI_ain9OnqZ",
              "dtlsState": "connected",
              "iceRole": "controlling"
            },
            "candidatePair": {
              "id": "CPeBt63BmI_ain9OnqZ",
              "timestamp": 1788009033770.558,
              "state": "succeeded",
              "nominated": true,
              "writable": true,
              "bytesSent": 119257,
              "bytesReceived": 18603,
              "currentRoundTripTime": 0,
              "totalRoundTripTime": 0.002,
              "responsesReceived": 5,
              "availableOutgoingBitrate": 672210,
              "requestsReceived": 5,
              "requestsSent": 5,
              "localCandidateId": "IeBt63BmI",
              "remoteCandidateId": "Iain9OnqZ",
              "packetsDiscardedOnSend": 0,
              "bytesDiscardedOnSend": 0
            },
            "localCandidate": {
              "id": "IeBt63BmI",
              "timestamp": 1788009033770.558,
              "candidateType": "host",
              "protocol": "udp",
              "networkType": "ethernet",
              "address": "fdfd::1ab2:41f1",
              "port": 55417,
              "priority": 2122199807
            },
            "remoteCandidate": {
              "id": "Iain9OnqZ",
              "timestamp": 1788009033770.558,
              "candidateType": "host",
              "protocol": "udp",
              "address": "fdfd::1ab2:41f1",
              "port": 62286,
              "priority": 2122199807
            }
          }
        },
        {
          "benchmarkElapsedMs": 1263.6178,
          "collectedAt": 1788009034022,
          "role": "sender",
          "transportMode": "mesh",
          "peerId": "9431f024",
          "connectionState": "connected",
          "iceConnectionState": "connected",
          "signalingState": "stable",
          "track": {
            "id": "3014b12e-60ee-4df4-8b06-84d2c854d377",
            "label": "Screen",
            "enabled": true,
            "muted": false,
            "readyState": "live",
            "settings": {
              "aspectRatio": 1.7777777777777777,
              "deviceId": "window:460022:1",
              "frameRate": 60,
              "height": 720,
              "resizeMode": "crop-and-scale",
              "screenPixelRatio": 1,
              "width": 1280
            },
            "constraints": {
              "frameRate": {
                "max": 60,
                "ideal": 60
              },
              "height": {
                "max": 720,
                "ideal": 720
              },
              "width": {
                "max": 1280,
                "ideal": 1280
              }
            }
          },
          "senderParameters": {
            "degradationPreference": "maintain-resolution",
            "transactionId": "5c7caa08-f567-4ba7-b580-12e1921fda16",
            "encodings": [
              {
                "active": true,
                "maxBitrate": 237051,
                "maxFramerate": 60,
                "scaleResolutionDownBy": 1,
                "priority": "high",
                "networkPriority": "high"
              }
            ]
          },
          "adaptation": {
            "profileId": "performance",
            "level": 0,
            "temporalLevel": 0,
            "poorSamples": 0,
            "stableSamples": 0,
            "sourceSamples": 0,
            "networkSamples": 2,
            "sampleCount": 2,
            "cooldownSamples": 0,
            "scale": 1,
            "frameRate": 60,
            "reason": "startup-observation",
            "targetFps": 60,
            "measuredFps": 4.0011389961107096,
            "captureFps": 65.35193693647491,
            "encodedFps": 4.0011389961107096,
            "encoderDeliveryRatio": 0.06668564993517849,
            "bottleneck": "network",
            "sourceLimited": false,
            "networkPressure": true,
            "capacityPressure": true,
            "transportPressure": true,
            "packetLossPressure": false,
            "retransmissionPressure": false,
            "pacerPressure": true,
            "discardedPacketPressure": false,
            "packetLossRatio": 0,
            "retransmissionRatio": 0,
            "averagePacketSendDelayMs": 239.44197222222223,
            "packetsDiscardedOnSend": 0,
            "pressureSamplesRequired": 2,
            "networkSustained": true,
            "networkHeadroomRatio": 0.0811895,
            "requiredBitrate": 8000000,
            "recoveryRequiredBitrate": 8000000,
            "networkRecoveryHeadroomRatio": 0.0811895,
            "networkRecoveryReady": true,
            "projectedRecoveryEncodeMs": 3.1666666666666665,
            "encoderRecoveryReady": true,
            "encoderTrial": null,
            "downscaleEffectiveness": {
              "status": "idle",
              "samplesObserved": 0,
              "samplesRequired": 3,
              "requiredDeliveryGain": 0.08,
              "requiredEncodeCostReductionRatio": 0.15
            },
            "averageEncodeTimeMs": 3.1666666666666665,
            "fpsEma": 6.0088365873217215,
            "encodeEma": 3.1666666666666665,
            "effectiveWidth": 1280,
            "effectiveHeight": 720,
            "temporalChanged": false,
            "softwareEncoder": false,
            "encoderImplementation": "MediaFoundationVideoEncodeAccelerator (NVIDIA H.264 Encoder MFT)",
            "trackId": "3014b12e-60ee-4df4-8b06-84d2c854d377"
          },
          "videoCodecPolicyKey": "hardware-or-unknown",
          "videoMutationCounts": {
            "total": 2,
            "structural": 1,
            "bitrate": 2,
            "active": 0,
            "track": 1
          },
          "lastVideoMutation": {
            "sequence": 2,
            "type": "adapt",
            "timestampMs": 1788009031065,
            "peerId": "9431f024",
            "structural": false,
            "bitrate": true,
            "active": false,
            "trackChanged": false,
            "before": {
              "trackId": "3014b12e-60ee-4df4-8b06-84d2c854d377",
              "degradationPreference": "maintain-resolution",
              "encodings": [
                {
                  "active": true,
                  "maxBitrate": 8000000,
                  "maxFramerate": 60,
                  "scaleResolutionDownBy": 1,
                  "scalabilityMode": null
                }
              ]
            },
            "after": {
              "trackId": "3014b12e-60ee-4df4-8b06-84d2c854d377",
              "degradationPreference": "maintain-resolution",
              "encodings": [
                {
                  "active": true,
                  "maxBitrate": 237051,
                  "maxFramerate": 60,
                  "scaleResolutionDownBy": 1,
                  "scalabilityMode": null
                }
              ]
            },
            "countersBeforeNextSample": {
              "keyFramesEncoded": 0,
              "hugeFramesSent": 0,
              "nackCount": 0,
              "pliCount": 0,
              "firCount": 0,
              "bytesSent": 0
            },
            "profileId": "performance",
            "adaptationReason": "network-observation",
            "adaptationLevel": 0,
            "temporalLevel": 0
          },
          "jitterBufferTarget": null,
          "topology": {
            "sfuViewerCount": 0,
            "sfuConsumerCount": 0,
            "meshScreenSenders": 1,
            "meshActiveScreenSenders": 1,
            "meshViaSfuCount": 0,
            "meshBytesSentTotal": 104181,
            "publisherUploadBytes": 104181
          },
          "reports": {
            "source": {
              "id": "SV2",
              "timestamp": 1788009034021.345,
              "trackIdentifier": "3014b12e-60ee-4df4-8b06-84d2c854d377",
              "kind": "video",
              "width": 1280,
              "height": 720,
              "frames": 186,
              "framesPerSecond": 59
            },
            "outbound": {
              "id": "OT01V1020930060",
              "timestamp": 1788009034021.345,
              "ssrc": 1020930060,
              "kind": "video",
              "mid": "1",
              "active": true,
              "codecId": "COT01_103_level-asymmetry-allowed=1;packetization-mode=1;profile-level-id=42001f",
              "mediaSourceId": "SV2",
              "remoteId": "RIV1020930060",
              "transportId": "T01",
              "bytesSent": 104181,
              "headerBytesSent": 4450,
              "packetsSent": 109,
              "retransmittedBytesSent": 0,
              "retransmittedPacketsSent": 0,
              "framesEncoded": 10,
              "framesSent": 10,
              "hugeFramesSent": 10,
              "keyFramesEncoded": 1,
              "framesPerSecond": 2,
              "frameWidth": 1280,
              "frameHeight": 720,
              "qpSum": 498,
              "totalEncodeTime": 0.029,
              "totalEncodedBytesTarget": 0,
              "totalPacketSendDelay": 18.443353,
              "targetBitrate": 197500,
              "qualityLimitationReason": "none",
              "qualityLimitationDurations": {
                "bandwidth": 0,
                "cpu": 0,
                "none": 3.133,
                "other": 0
              },
              "qualityLimitationResolutionChanges": 0,
              "nackCount": 0,
              "firCount": 0,
              "pliCount": 0,
              "encoderImplementation": "MediaFoundationVideoEncodeAccelerator (NVIDIA H.264 Encoder MFT)",
              "powerEfficientEncoder": true
            },
            "remoteInbound": {
              "id": "RIV1020930060",
              "timestamp": 1788009033467.706,
              "ssrc": 1020930060,
              "kind": "video",
              "codecId": "COT01_103_level-asymmetry-allowed=1;packetization-mode=1;profile-level-id=42001f",
              "localId": "OT01V1020930060",
              "transportId": "T01",
              "packetsLost": 0,
              "jitter": 0.067122,
              "roundTripTime": 0.001,
              "totalRoundTripTime": 0.002,
              "roundTripTimeMeasurements": 2,
              "fractionLost": 0
            },
            "inbound": null,
            "remoteOutbound": null,
            "codec": {
              "id": "COT01_103_level-asymmetry-allowed=1;packetization-mode=1;profile-level-id=42001f",
              "timestamp": 1788009034021.345,
              "payloadType": 103,
              "mimeType": "video/H264",
              "clockRate": 90000,
              "sdpFmtpLine": "level-asymmetry-allowed=1;packetization-mode=1;profile-level-id=42001f"
            },
            "transport": {
              "id": "T01",
              "timestamp": 1788009034021.345,
              "bytesSent": 135366,
              "bytesReceived": 23999,
              "packetsSent": 378,
              "packetsReceived": 269,
              "selectedCandidatePairId": "CPeBt63BmI_ain9OnqZ",
              "dtlsState": "connected",
              "iceRole": "controlling"
            },
            "candidatePair": {
              "id": "CPeBt63BmI_ain9OnqZ",
              "timestamp": 1788009034021.345,
              "state": "succeeded",
              "nominated": true,
              "writable": true,
              "bytesSent": 130315,
              "bytesReceived": 20309,
              "currentRoundTripTime": 0,
              "totalRoundTripTime": 0.002,
              "responsesReceived": 5,
              "availableOutgoingBitrate": 672210,
              "requestsReceived": 5,
              "requestsSent": 5,
              "localCandidateId": "IeBt63BmI",
              "remoteCandidateId": "Iain9OnqZ",
              "packetsDiscardedOnSend": 0,
              "bytesDiscardedOnSend": 0
            },
            "localCandidate": {
              "id": "IeBt63BmI",
              "timestamp": 1788009034021.345,
              "candidateType": "host",
              "protocol": "udp",
              "networkType": "ethernet",
              "address": "fdfd::1ab2:41f1",
              "port": 55417,
              "priority": 2122199807
            },
            "remoteCandidate": {
              "id": "Iain9OnqZ",
              "timestamp": 1788009034021.345,
              "candidateType": "host",
              "protocol": "udp",
              "address": "fdfd::1ab2:41f1",
              "port": 62286,
              "priority": 2122199807
            }
          }
        },
        {
          "benchmarkElapsedMs": 1499.5164999999997,
          "collectedAt": 1788009034258.1,
          "role": "sender",
          "transportMode": "mesh",
          "peerId": "9431f024",
          "connectionState": "connected",
          "iceConnectionState": "connected",
          "signalingState": "stable",
          "track": {
            "id": "3014b12e-60ee-4df4-8b06-84d2c854d377",
            "label": "Screen",
            "enabled": true,
            "muted": false,
            "readyState": "live",
            "settings": {
              "aspectRatio": 1.7777777777777777,
              "deviceId": "window:460022:1",
              "frameRate": 60,
              "height": 720,
              "resizeMode": "crop-and-scale",
              "screenPixelRatio": 1,
              "width": 1280
            },
            "constraints": {
              "frameRate": {
                "max": 60,
                "ideal": 60
              },
              "height": {
                "max": 720,
                "ideal": 720
              },
              "width": {
                "max": 1280,
                "ideal": 1280
              }
            }
          },
          "senderParameters": {
            "degradationPreference": "maintain-resolution",
            "transactionId": "43de28a4-9677-46d1-9a17-da6a352291c3",
            "encodings": [
              {
                "active": true,
                "maxBitrate": 237051,
                "maxFramerate": 60,
                "scaleResolutionDownBy": 1,
                "priority": "high",
                "networkPriority": "high"
              }
            ]
          },
          "adaptation": {
            "profileId": "performance",
            "level": 0,
            "temporalLevel": 0,
            "poorSamples": 0,
            "stableSamples": 0,
            "sourceSamples": 0,
            "networkSamples": 3,
            "sampleCount": 3,
            "cooldownSamples": 0,
            "scale": 1,
            "frameRate": 60,
            "reason": "startup-observation",
            "targetFps": 60,
            "measuredFps": 2.713111478842814,
            "captureFps": 59.010174664831204,
            "encodedFps": 2.713111478842814,
            "encoderDeliveryRatio": 0.04597701149425287,
            "bottleneck": "network",
            "sourceLimited": false,
            "networkPressure": true,
            "capacityPressure": true,
            "transportPressure": true,
            "packetLossPressure": false,
            "retransmissionPressure": false,
            "pacerPressure": true,
            "discardedPacketPressure": false,
            "packetLossRatio": 0,
            "retransmissionRatio": 0,
            "averagePacketSendDelayMs": 32.52786486486482,
            "packetsDiscardedOnSend": 0,
            "pressureSamplesRequired": 2,
            "networkSustained": true,
            "networkHeadroomRatio": 0.08402625,
            "requiredBitrate": 8000000,
            "recoveryRequiredBitrate": 8000000,
            "networkRecoveryHeadroomRatio": 0.08402625,
            "networkRecoveryReady": true,
            "projectedRecoveryEncodeMs": 2.8866666666666667,
            "encoderRecoveryReady": true,
            "encoderTrial": null,
            "downscaleEffectiveness": {
              "status": "idle",
              "samplesObserved": 0,
              "samplesRequired": 3,
              "requiredDeliveryGain": 0.08,
              "requiredEncodeCostReductionRatio": 0.15
            },
            "averageEncodeTimeMs": 2.5000000000000004,
            "fpsEma": 4.62463204176058,
            "encodeEma": 2.8866666666666667,
            "effectiveWidth": 1280,
            "effectiveHeight": 720,
            "temporalChanged": false,
            "softwareEncoder": false,
            "encoderImplementation": "MediaFoundationVideoEncodeAccelerator (NVIDIA H.264 Encoder MFT)",
            "trackId": "3014b12e-60ee-4df4-8b06-84d2c854d377"
          },
          "videoCodecPolicyKey": "hardware-or-unknown",
          "videoMutationCounts": {
            "total": 2,
            "structural": 1,
            "bitrate": 2,
            "active": 0,
            "track": 1
          },
          "lastVideoMutation": {
            "sequence": 2,
            "type": "adapt",
            "timestampMs": 1788009031065,
            "peerId": "9431f024",
            "structural": false,
            "bitrate": true,
            "active": false,
            "trackChanged": false,
            "before": {
              "trackId": "3014b12e-60ee-4df4-8b06-84d2c854d377",
              "degradationPreference": "maintain-resolution",
              "encodings": [
                {
                  "active": true,
                  "maxBitrate": 8000000,
                  "maxFramerate": 60,
                  "scaleResolutionDownBy": 1,
                  "scalabilityMode": null
                }
              ]
            },
            "after": {
              "trackId": "3014b12e-60ee-4df4-8b06-84d2c854d377",
              "degradationPreference": "maintain-resolution",
              "encodings": [
                {
                  "active": true,
                  "maxBitrate": 237051,
                  "maxFramerate": 60,
                  "scaleResolutionDownBy": 1,
                  "scalabilityMode": null
                }
              ]
            },
            "countersBeforeNextSample": {
              "keyFramesEncoded": 0,
              "hugeFramesSent": 0,
              "nackCount": 0,
              "pliCount": 0,
              "firCount": 0,
              "bytesSent": 0
            },
            "profileId": "performance",
            "adaptationReason": "network-observation",
            "adaptationLevel": 0,
            "temporalLevel": 0
          },
          "jitterBufferTarget": null,
          "topology": {
            "sfuViewerCount": 0,
            "sfuConsumerCount": 0,
            "meshScreenSenders": 1,
            "meshActiveScreenSenders": 1,
            "meshViaSfuCount": 0,
            "meshBytesSentTotal": 112609,
            "publisherUploadBytes": 112609
          },
          "reports": {
            "source": {
              "id": "SV2",
              "timestamp": 1788009034257.297,
              "trackIdentifier": "3014b12e-60ee-4df4-8b06-84d2c854d377",
              "kind": "video",
              "width": 1280,
              "height": 720,
              "frames": 200,
              "framesPerSecond": 59
            },
            "outbound": {
              "id": "OT01V1020930060",
              "timestamp": 1788009034257.297,
              "ssrc": 1020930060,
              "kind": "video",
              "mid": "1",
              "active": true,
              "codecId": "COT01_103_level-asymmetry-allowed=1;packetization-mode=1;profile-level-id=42001f",
              "mediaSourceId": "SV2",
              "remoteId": "RIV1020930060",
              "transportId": "T01",
              "bytesSent": 112609,
              "headerBytesSent": 4682,
              "packetsSent": 118,
              "retransmittedBytesSent": 0,
              "retransmittedPacketsSent": 0,
              "framesEncoded": 11,
              "framesSent": 11,
              "hugeFramesSent": 11,
              "keyFramesEncoded": 1,
              "framesPerSecond": 3,
              "frameWidth": 1280,
              "frameHeight": 720,
              "qpSum": 549,
              "totalEncodeTime": 0.033,
              "totalEncodedBytesTarget": 0,
              "totalPacketSendDelay": 18.684755,
              "targetBitrate": 197500,
              "qualityLimitationReason": "none",
              "qualityLimitationDurations": {
                "bandwidth": 0,
                "cpu": 0,
                "none": 3.369,
                "other": 0
              },
              "qualityLimitationResolutionChanges": 0,
              "nackCount": 0,
              "firCount": 0,
              "pliCount": 0,
              "encoderImplementation": "MediaFoundationVideoEncodeAccelerator (NVIDIA H.264 Encoder MFT)",
              "powerEfficientEncoder": true
            },
            "remoteInbound": {
              "id": "RIV1020930060",
              "timestamp": 1788009034249.369,
              "ssrc": 1020930060,
              "kind": "video",
              "codecId": "COT01_103_level-asymmetry-allowed=1;packetization-mode=1;profile-level-id=42001f",
              "localId": "OT01V1020930060",
              "transportId": "T01",
              "packetsLost": 0,
              "jitter": 0.06955499999999999,
              "roundTripTime": 0.001,
              "totalRoundTripTime": 0.003,
              "roundTripTimeMeasurements": 3,
              "fractionLost": 0
            },
            "inbound": null,
            "remoteOutbound": null,
            "codec": {
              "id": "COT01_103_level-asymmetry-allowed=1;packetization-mode=1;profile-level-id=42001f",
              "timestamp": 1788009034257.297,
              "payloadType": 103,
              "mimeType": "video/H264",
              "clockRate": 90000,
              "sdpFmtpLine": "level-asymmetry-allowed=1;packetization-mode=1;profile-level-id=42001f"
            },
            "transport": {
              "id": "T01",
              "timestamp": 1788009034257.297,
              "bytesSent": 145591,
              "bytesReceived": 25118,
              "packetsSent": 403,
              "packetsReceived": 284,
              "selectedCandidatePairId": "CPeBt63BmI_ain9OnqZ",
              "dtlsState": "connected",
              "iceRole": "controlling"
            },
            "candidatePair": {
              "id": "CPeBt63BmI_ain9OnqZ",
              "timestamp": 1788009034257.297,
              "state": "succeeded",
              "nominated": true,
              "writable": true,
              "bytesSent": 140540,
              "bytesReceived": 21428,
              "currentRoundTripTime": 0,
              "totalRoundTripTime": 0.002,
              "responsesReceived": 5,
              "availableOutgoingBitrate": 672210,
              "requestsReceived": 5,
              "requestsSent": 5,
              "localCandidateId": "IeBt63BmI",
              "remoteCandidateId": "Iain9OnqZ",
              "packetsDiscardedOnSend": 0,
              "bytesDiscardedOnSend": 0
            },
            "localCandidate": {
              "id": "IeBt63BmI",
              "timestamp": 1788009034257.297,
              "candidateType": "host",
              "protocol": "udp",
              "networkType": "ethernet",
              "address": "fdfd::1ab2:41f1",
              "port": 55417,
              "priority": 2122199807
            },
            "remoteCandidate": {
              "id": "Iain9OnqZ",
              "timestamp": 1788009034257.297,
              "candidateType": "host",
              "protocol": "udp",
              "address": "fdfd::1ab2:41f1",
              "port": 62286,
              "priority": 2122199807
            }
          }
        },
        {
          "benchmarkElapsedMs": 1750.8184,
          "collectedAt": 1788009034509.4,
          "role": "sender",
          "transportMode": "mesh",
          "peerId": "9431f024",
          "connectionState": "connected",
          "iceConnectionState": "connected",
          "signalingState": "stable",
          "track": {
            "id": "3014b12e-60ee-4df4-8b06-84d2c854d377",
            "label": "Screen",
            "enabled": true,
            "muted": false,
            "readyState": "live",
            "settings": {
              "aspectRatio": 1.7777777777777777,
              "deviceId": "window:460022:1",
              "frameRate": 60,
              "height": 720,
              "resizeMode": "crop-and-scale",
              "screenPixelRatio": 1,
              "width": 1280
            },
            "constraints": {
              "frameRate": {
                "max": 60,
                "ideal": 60
              },
              "height": {
                "max": 720,
                "ideal": 720
              },
              "width": {
                "max": 1280,
                "ideal": 1280
              }
            }
          },
          "senderParameters": {
            "degradationPreference": "maintain-resolution",
            "transactionId": "65b50aa5-3907-40b6-9409-692e1043f7a6",
            "encodings": [
              {
                "active": true,
                "maxBitrate": 237051,
                "maxFramerate": 60,
                "scaleResolutionDownBy": 1,
                "priority": "high",
                "networkPriority": "high"
              }
            ]
          },
          "adaptation": {
            "profileId": "performance",
            "level": 0,
            "temporalLevel": 0,
            "poorSamples": 0,
            "stableSamples": 0,
            "sourceSamples": 0,
            "networkSamples": 3,
            "sampleCount": 3,
            "cooldownSamples": 0,
            "scale": 1,
            "frameRate": 60,
            "reason": "startup-observation",
            "targetFps": 60,
            "measuredFps": 2.713111478842814,
            "captureFps": 59.010174664831204,
            "encodedFps": 2.713111478842814,
            "encoderDeliveryRatio": 0.04597701149425287,
            "bottleneck": "network",
            "sourceLimited": false,
            "networkPressure": true,
            "capacityPressure": true,
            "transportPressure": true,
            "packetLossPressure": false,
            "retransmissionPressure": false,
            "pacerPressure": true,
            "discardedPacketPressure": false,
            "packetLossRatio": 0,
            "retransmissionRatio": 0,
            "averagePacketSendDelayMs": 32.52786486486482,
            "packetsDiscardedOnSend": 0,
            "pressureSamplesRequired": 2,
            "networkSustained": true,
            "networkHeadroomRatio": 0.08402625,
            "requiredBitrate": 8000000,
            "recoveryRequiredBitrate": 8000000,
            "networkRecoveryHeadroomRatio": 0.08402625,
            "networkRecoveryReady": true,
            "projectedRecoveryEncodeMs": 2.8866666666666667,
            "encoderRecoveryReady": true,
            "encoderTrial": null,
            "downscaleEffectiveness": {
              "status": "idle",
              "samplesObserved": 0,
              "samplesRequired": 3,
              "requiredDeliveryGain": 0.08,
              "requiredEncodeCostReductionRatio": 0.15
            },
            "averageEncodeTimeMs": 2.5000000000000004,
            "fpsEma": 4.62463204176058,
            "encodeEma": 2.8866666666666667,
            "effectiveWidth": 1280,
            "effectiveHeight": 720,
            "temporalChanged": false,
            "softwareEncoder": false,
            "encoderImplementation": "MediaFoundationVideoEncodeAccelerator (NVIDIA H.264 Encoder MFT)",
            "trackId": "3014b12e-60ee-4df4-8b06-84d2c854d377"
          },
          "videoCodecPolicyKey": "hardware-or-unknown",
          "videoMutationCounts": {
            "total": 2,
            "structural": 1,
            "bitrate": 2,
            "active": 0,
            "track": 1
          },
          "lastVideoMutation": {
            "sequence": 2,
            "type": "adapt",
            "timestampMs": 1788009031065,
            "peerId": "9431f024",
            "structural": false,
            "bitrate": true,
            "active": false,
            "trackChanged": false,
            "before": {
              "trackId": "3014b12e-60ee-4df4-8b06-84d2c854d377",
              "degradationPreference": "maintain-resolution",
              "encodings": [
                {
                  "active": true,
                  "maxBitrate": 8000000,
                  "maxFramerate": 60,
                  "scaleResolutionDownBy": 1,
                  "scalabilityMode": null
                }
              ]
            },
            "after": {
              "trackId": "3014b12e-60ee-4df4-8b06-84d2c854d377",
              "degradationPreference": "maintain-resolution",
              "encodings": [
                {
                  "active": true,
                  "maxBitrate": 237051,
                  "maxFramerate": 60,
                  "scaleResolutionDownBy": 1,
                  "scalabilityMode": null
                }
              ]
            },
            "countersBeforeNextSample": {
              "keyFramesEncoded": 0,
              "hugeFramesSent": 0,
              "nackCount": 0,
              "pliCount": 0,
              "firCount": 0,
              "bytesSent": 0
            },
            "profileId": "performance",
            "adaptationReason": "network-observation",
            "adaptationLevel": 0,
            "temporalLevel": 0
          },
          "jitterBufferTarget": null,
          "topology": {
            "sfuViewerCount": 0,
            "sfuConsumerCount": 0,
            "meshScreenSenders": 1,
            "meshActiveScreenSenders": 1,
            "meshViaSfuCount": 0,
            "meshBytesSentTotal": 116943,
            "publisherUploadBytes": 116943
          },
          "reports": {
            "source": {
              "id": "SV2",
              "timestamp": 1788009034508.534,
              "trackIdentifier": "3014b12e-60ee-4df4-8b06-84d2c854d377",
              "kind": "video",
              "width": 1280,
              "height": 720,
              "frames": 215,
              "framesPerSecond": 59
            },
            "outbound": {
              "id": "OT01V1020930060",
              "timestamp": 1788009034508.534,
              "ssrc": 1020930060,
              "kind": "video",
              "mid": "1",
              "active": true,
              "codecId": "COT01_103_level-asymmetry-allowed=1;packetization-mode=1;profile-level-id=42001f",
              "mediaSourceId": "SV2",
              "remoteId": "RIV1020930060",
              "transportId": "T01",
              "bytesSent": 116943,
              "headerBytesSent": 4802,
              "packetsSent": 123,
              "retransmittedBytesSent": 0,
              "retransmittedPacketsSent": 0,
              "framesEncoded": 12,
              "framesSent": 12,
              "hugeFramesSent": 12,
              "keyFramesEncoded": 1,
              "framesPerSecond": 3,
              "frameWidth": 1280,
              "frameHeight": 720,
              "qpSum": 600,
              "totalEncodeTime": 0.036,
              "totalEncodedBytesTarget": 0,
              "totalPacketSendDelay": 18.684759,
              "targetBitrate": 197500,
              "qualityLimitationReason": "none",
              "qualityLimitationDurations": {
                "bandwidth": 0,
                "cpu": 0,
                "none": 3.62,
                "other": 0
              },
              "qualityLimitationResolutionChanges": 0,
              "nackCount": 0,
              "firCount": 0,
              "pliCount": 0,
              "encoderImplementation": "MediaFoundationVideoEncodeAccelerator (NVIDIA H.264 Encoder MFT)",
              "powerEfficientEncoder": true
            },
            "remoteInbound": {
              "id": "RIV1020930060",
              "timestamp": 1788009034249.369,
              "ssrc": 1020930060,
              "kind": "video",
              "codecId": "COT01_103_level-asymmetry-allowed=1;packetization-mode=1;profile-level-id=42001f",
              "localId": "OT01V1020930060",
              "transportId": "T01",
              "packetsLost": 0,
              "jitter": 0.06955499999999999,
              "roundTripTime": 0.001,
              "totalRoundTripTime": 0.003,
              "roundTripTimeMeasurements": 3,
              "fractionLost": 0
            },
            "inbound": null,
            "remoteOutbound": null,
            "codec": {
              "id": "COT01_103_level-asymmetry-allowed=1;packetization-mode=1;profile-level-id=42001f",
              "timestamp": 1788009034508.534,
              "payloadType": 103,
              "mimeType": "video/H264",
              "clockRate": 90000,
              "sdpFmtpLine": "level-asymmetry-allowed=1;packetization-mode=1;profile-level-id=42001f"
            },
            "transport": {
              "id": "T01",
              "timestamp": 1788009034508.534,
              "bytesSent": 151761,
              "bytesReceived": 26837,
              "packetsSent": 425,
              "packetsReceived": 301,
              "selectedCandidatePairId": "CPeBt63BmI_ain9OnqZ",
              "dtlsState": "connected",
              "iceRole": "controlling"
            },
            "candidatePair": {
              "id": "CPeBt63BmI_ain9OnqZ",
              "timestamp": 1788009034508.534,
              "state": "succeeded",
              "nominated": true,
              "writable": true,
              "bytesSent": 146710,
              "bytesReceived": 23147,
              "currentRoundTripTime": 0,
              "totalRoundTripTime": 0.002,
              "responsesReceived": 5,
              "availableOutgoingBitrate": 672210,
              "requestsReceived": 5,
              "requestsSent": 5,
              "localCandidateId": "IeBt63BmI",
              "remoteCandidateId": "Iain9OnqZ",
              "packetsDiscardedOnSend": 0,
              "bytesDiscardedOnSend": 0
            },
            "localCandidate": {
              "id": "IeBt63BmI",
              "timestamp": 1788009034508.534,
              "candidateType": "host",
              "protocol": "udp",
              "networkType": "ethernet",
              "address": "fdfd::1ab2:41f1",
              "port": 55417,
              "priority": 2122199807
            },
            "remoteCandidate": {
              "id": "Iain9OnqZ",
              "timestamp": 1788009034508.534,
              "candidateType": "host",
              "protocol": "udp",
              "address": "fdfd::1ab2:41f1",
              "port": 62286,
              "priority": 2122199807
            }
          }
        },
        {
          "benchmarkElapsedMs": 2000.8062,
          "collectedAt": 1788009034759.6,
          "role": "sender",
          "transportMode": "mesh",
          "peerId": "9431f024",
          "connectionState": "connected",
          "iceConnectionState": "connected",
          "signalingState": "stable",
          "track": {
            "id": "3014b12e-60ee-4df4-8b06-84d2c854d377",
            "label": "Screen",
            "enabled": true,
            "muted": false,
            "readyState": "live",
            "settings": {
              "aspectRatio": 1.7777777777777777,
              "deviceId": "window:460022:1",
              "frameRate": 60,
              "height": 720,
              "resizeMode": "crop-and-scale",
              "screenPixelRatio": 1,
              "width": 1280
            },
            "constraints": {
              "frameRate": {
                "max": 60,
                "ideal": 60
              },
              "height": {
                "max": 720,
                "ideal": 720
              },
              "width": {
                "max": 1280,
                "ideal": 1280
              }
            }
          },
          "senderParameters": {
            "degradationPreference": "maintain-resolution",
            "transactionId": "c6e1f2ee-b9bd-4d78-9a79-a5ce64785f67",
            "encodings": [
              {
                "active": true,
                "maxBitrate": 237051,
                "maxFramerate": 60,
                "scaleResolutionDownBy": 1,
                "priority": "high",
                "networkPriority": "high"
              }
            ]
          },
          "adaptation": {
            "profileId": "performance",
            "level": 0,
            "temporalLevel": 0,
            "poorSamples": 0,
            "stableSamples": 0,
            "sourceSamples": 0,
            "networkSamples": 3,
            "sampleCount": 3,
            "cooldownSamples": 0,
            "scale": 1,
            "frameRate": 60,
            "reason": "startup-observation",
            "targetFps": 60,
            "measuredFps": 2.713111478842814,
            "captureFps": 59.010174664831204,
            "encodedFps": 2.713111478842814,
            "encoderDeliveryRatio": 0.04597701149425287,
            "bottleneck": "network",
            "sourceLimited": false,
            "networkPressure": true,
            "capacityPressure": true,
            "transportPressure": true,
            "packetLossPressure": false,
            "retransmissionPressure": false,
            "pacerPressure": true,
            "discardedPacketPressure": false,
            "packetLossRatio": 0,
            "retransmissionRatio": 0,
            "averagePacketSendDelayMs": 32.52786486486482,
            "packetsDiscardedOnSend": 0,
            "pressureSamplesRequired": 2,
            "networkSustained": true,
            "networkHeadroomRatio": 0.08402625,
            "requiredBitrate": 8000000,
            "recoveryRequiredBitrate": 8000000,
            "networkRecoveryHeadroomRatio": 0.08402625,
            "networkRecoveryReady": true,
            "projectedRecoveryEncodeMs": 2.8866666666666667,
            "encoderRecoveryReady": true,
            "encoderTrial": null,
            "downscaleEffectiveness": {
              "status": "idle",
              "samplesObserved": 0,
              "samplesRequired": 3,
              "requiredDeliveryGain": 0.08,
              "requiredEncodeCostReductionRatio": 0.15
            },
            "averageEncodeTimeMs": 2.5000000000000004,
            "fpsEma": 4.62463204176058,
            "encodeEma": 2.8866666666666667,
            "effectiveWidth": 1280,
            "effectiveHeight": 720,
            "temporalChanged": false,
            "softwareEncoder": false,
            "encoderImplementation": "MediaFoundationVideoEncodeAccelerator (NVIDIA H.264 Encoder MFT)",
            "trackId": "3014b12e-60ee-4df4-8b06-84d2c854d377"
          },
          "videoCodecPolicyKey": "hardware-or-unknown",
          "videoMutationCounts": {
            "total": 2,
            "structural": 1,
            "bitrate": 2,
            "active": 0,
            "track": 1
          },
          "lastVideoMutation": {
            "sequence": 2,
            "type": "adapt",
            "timestampMs": 1788009031065,
            "peerId": "9431f024",
            "structural": false,
            "bitrate": true,
            "active": false,
            "trackChanged": false,
            "before": {
              "trackId": "3014b12e-60ee-4df4-8b06-84d2c854d377",
              "degradationPreference": "maintain-resolution",
              "encodings": [
                {
                  "active": true,
                  "maxBitrate": 8000000,
                  "maxFramerate": 60,
                  "scaleResolutionDownBy": 1,
                  "scalabilityMode": null
                }
              ]
            },
            "after": {
              "trackId": "3014b12e-60ee-4df4-8b06-84d2c854d377",
              "degradationPreference": "maintain-resolution",
              "encodings": [
                {
                  "active": true,
                  "maxBitrate": 237051,
                  "maxFramerate": 60,
                  "scaleResolutionDownBy": 1,
                  "scalabilityMode": null
                }
              ]
            },
            "countersBeforeNextSample": {
              "keyFramesEncoded": 0,
              "hugeFramesSent": 0,
              "nackCount": 0,
              "pliCount": 0,
              "firCount": 0,
              "bytesSent": 0
            },
            "profileId": "performance",
            "adaptationReason": "network-observation",
            "adaptationLevel": 0,
            "temporalLevel": 0
          },
          "jitterBufferTarget": null,
          "topology": {
            "sfuViewerCount": 0,
            "sfuConsumerCount": 0,
            "meshScreenSenders": 1,
            "meshActiveScreenSenders": 1,
            "meshViaSfuCount": 0,
            "meshBytesSentTotal": 121259,
            "publisherUploadBytes": 121259
          },
          "reports": {
            "source": {
              "id": "SV2",
              "timestamp": 1788009034758.848,
              "trackIdentifier": "3014b12e-60ee-4df4-8b06-84d2c854d377",
              "kind": "video",
              "width": 1280,
              "height": 720,
              "frames": 230,
              "framesPerSecond": 59
            },
            "outbound": {
              "id": "OT01V1020930060",
              "timestamp": 1788009034758.848,
              "ssrc": 1020930060,
              "kind": "video",
              "mid": "1",
              "active": true,
              "codecId": "COT01_103_level-asymmetry-allowed=1;packetization-mode=1;profile-level-id=42001f",
              "mediaSourceId": "SV2",
              "remoteId": "RIV1020930060",
              "transportId": "T01",
              "bytesSent": 121259,
              "headerBytesSent": 4914,
              "packetsSent": 127,
              "retransmittedBytesSent": 0,
              "retransmittedPacketsSent": 0,
              "framesEncoded": 12,
              "framesSent": 12,
              "hugeFramesSent": 12,
              "keyFramesEncoded": 1,
              "framesPerSecond": 3,
              "frameWidth": 1280,
              "frameHeight": 720,
              "qpSum": 600,
              "totalEncodeTime": 0.036,
              "totalEncodedBytesTarget": 0,
              "totalPacketSendDelay": 18.915983,
              "targetBitrate": 197500,
              "qualityLimitationReason": "none",
              "qualityLimitationDurations": {
                "bandwidth": 0,
                "cpu": 0,
                "none": 3.87,
                "other": 0
              },
              "qualityLimitationResolutionChanges": 0,
              "nackCount": 0,
              "firCount": 0,
              "pliCount": 0,
              "encoderImplementation": "MediaFoundationVideoEncodeAccelerator (NVIDIA H.264 Encoder MFT)",
              "powerEfficientEncoder": true
            },
            "remoteInbound": {
              "id": "RIV1020930060",
              "timestamp": 1788009034249.369,
              "ssrc": 1020930060,
              "kind": "video",
              "codecId": "COT01_103_level-asymmetry-allowed=1;packetization-mode=1;profile-level-id=42001f",
              "localId": "OT01V1020930060",
              "transportId": "T01",
              "packetsLost": 0,
              "jitter": 0.06955499999999999,
              "roundTripTime": 0.001,
              "totalRoundTripTime": 0.003,
              "roundTripTimeMeasurements": 3,
              "fractionLost": 0
            },
            "inbound": null,
            "remoteOutbound": null,
            "codec": {
              "id": "COT01_103_level-asymmetry-allowed=1;packetization-mode=1;profile-level-id=42001f",
              "timestamp": 1788009034758.848,
              "payloadType": 103,
              "mimeType": "video/H264",
              "clockRate": 90000,
              "sdpFmtpLine": "level-asymmetry-allowed=1;packetization-mode=1;profile-level-id=42001f"
            },
            "transport": {
              "id": "T01",
              "timestamp": 1788009034758.848,
              "bytesSent": 157946,
              "bytesReceived": 28443,
              "packetsSent": 446,
              "packetsReceived": 317,
              "selectedCandidatePairId": "CPeBt63BmI_ain9OnqZ",
              "dtlsState": "connected",
              "iceRole": "controlling"
            },
            "candidatePair": {
              "id": "CPeBt63BmI_ain9OnqZ",
              "timestamp": 1788009034758.848,
              "state": "succeeded",
              "nominated": true,
              "writable": true,
              "bytesSent": 152895,
              "bytesReceived": 24753,
              "currentRoundTripTime": 0,
              "totalRoundTripTime": 0.002,
              "responsesReceived": 5,
              "availableOutgoingBitrate": 672210,
              "requestsReceived": 5,
              "requestsSent": 5,
              "localCandidateId": "IeBt63BmI",
              "remoteCandidateId": "Iain9OnqZ",
              "packetsDiscardedOnSend": 0,
              "bytesDiscardedOnSend": 0
            },
            "localCandidate": {
              "id": "IeBt63BmI",
              "timestamp": 1788009034758.848,
              "candidateType": "host",
              "protocol": "udp",
              "networkType": "ethernet",
              "address": "fdfd::1ab2:41f1",
              "port": 55417,
              "priority": 2122199807
            },
            "remoteCandidate": {
              "id": "Iain9OnqZ",
              "timestamp": 1788009034758.848,
              "candidateType": "host",
              "protocol": "udp",
              "address": "fdfd::1ab2:41f1",
              "port": 62286,
              "priority": 2122199807
            }
          }
        },
        {
          "benchmarkElapsedMs": 2250.3436,
          "collectedAt": 1788009035009,
          "role": "sender",
          "transportMode": "mesh",
          "peerId": "9431f024",
          "connectionState": "connected",
          "iceConnectionState": "connected",
          "signalingState": "stable",
          "track": {
            "id": "3014b12e-60ee-4df4-8b06-84d2c854d377",
            "label": "Screen",
            "enabled": true,
            "muted": false,
            "readyState": "live",
            "settings": {
              "aspectRatio": 1.7777777777777777,
              "deviceId": "window:460022:1",
              "frameRate": 60,
              "height": 720,
              "resizeMode": "crop-and-scale",
              "screenPixelRatio": 1,
              "width": 1280
            },
            "constraints": {
              "frameRate": {
                "max": 60,
                "ideal": 60
              },
              "height": {
                "max": 720,
                "ideal": 720
              },
              "width": {
                "max": 1280,
                "ideal": 1280
              }
            }
          },
          "senderParameters": {
            "degradationPreference": "maintain-resolution",
            "transactionId": "af708770-e359-4f10-871d-3e7c8164a617",
            "encodings": [
              {
                "active": true,
                "maxBitrate": 237051,
                "maxFramerate": 60,
                "scaleResolutionDownBy": 1,
                "priority": "high",
                "networkPriority": "high"
              }
            ]
          },
          "adaptation": {
            "profileId": "performance",
            "level": 0,
            "temporalLevel": 0,
            "poorSamples": 0,
            "stableSamples": 0,
            "sourceSamples": 0,
            "networkSamples": 3,
            "sampleCount": 3,
            "cooldownSamples": 0,
            "scale": 1,
            "frameRate": 60,
            "reason": "startup-observation",
            "targetFps": 60,
            "measuredFps": 2.713111478842814,
            "captureFps": 59.010174664831204,
            "encodedFps": 2.713111478842814,
            "encoderDeliveryRatio": 0.04597701149425287,
            "bottleneck": "network",
            "sourceLimited": false,
            "networkPressure": true,
            "capacityPressure": true,
            "transportPressure": true,
            "packetLossPressure": false,
            "retransmissionPressure": false,
            "pacerPressure": true,
            "discardedPacketPressure": false,
            "packetLossRatio": 0,
            "retransmissionRatio": 0,
            "averagePacketSendDelayMs": 32.52786486486482,
            "packetsDiscardedOnSend": 0,
            "pressureSamplesRequired": 2,
            "networkSustained": true,
            "networkHeadroomRatio": 0.08402625,
            "requiredBitrate": 8000000,
            "recoveryRequiredBitrate": 8000000,
            "networkRecoveryHeadroomRatio": 0.08402625,
            "networkRecoveryReady": true,
            "projectedRecoveryEncodeMs": 2.8866666666666667,
            "encoderRecoveryReady": true,
            "encoderTrial": null,
            "downscaleEffectiveness": {
              "status": "idle",
              "samplesObserved": 0,
              "samplesRequired": 3,
              "requiredDeliveryGain": 0.08,
              "requiredEncodeCostReductionRatio": 0.15
            },
            "averageEncodeTimeMs": 2.5000000000000004,
            "fpsEma": 4.62463204176058,
            "encodeEma": 2.8866666666666667,
            "effectiveWidth": 1280,
            "effectiveHeight": 720,
            "temporalChanged": false,
            "softwareEncoder": false,
            "encoderImplementation": "MediaFoundationVideoEncodeAccelerator (NVIDIA H.264 Encoder MFT)",
            "trackId": "3014b12e-60ee-4df4-8b06-84d2c854d377"
          },
          "videoCodecPolicyKey": "hardware-or-unknown",
          "videoMutationCounts": {
            "total": 2,
            "structural": 1,
            "bitrate": 2,
            "active": 0,
            "track": 1
          },
          "lastVideoMutation": {
            "sequence": 2,
            "type": "adapt",
            "timestampMs": 1788009031065,
            "peerId": "9431f024",
            "structural": false,
            "bitrate": true,
            "active": false,
            "trackChanged": false,
            "before": {
              "trackId": "3014b12e-60ee-4df4-8b06-84d2c854d377",
              "degradationPreference": "maintain-resolution",
              "encodings": [
                {
                  "active": true,
                  "maxBitrate": 8000000,
                  "maxFramerate": 60,
                  "scaleResolutionDownBy": 1,
                  "scalabilityMode": null
                }
              ]
            },
            "after": {
              "trackId": "3014b12e-60ee-4df4-8b06-84d2c854d377",
              "degradationPreference": "maintain-resolution",
              "encodings": [
                {
                  "active": true,
                  "maxBitrate": 237051,
                  "maxFramerate": 60,
                  "scaleResolutionDownBy": 1,
                  "scalabilityMode": null
                }
              ]
            },
            "countersBeforeNextSample": {
              "keyFramesEncoded": 0,
              "hugeFramesSent": 0,
              "nackCount": 0,
              "pliCount": 0,
              "firCount": 0,
              "bytesSent": 0
            },
            "profileId": "performance",
            "adaptationReason": "network-observation",
            "adaptationLevel": 0,
            "temporalLevel": 0
          },
          "jitterBufferTarget": null,
          "topology": {
            "sfuViewerCount": 0,
            "sfuConsumerCount": 0,
            "meshScreenSenders": 1,
            "meshActiveScreenSenders": 1,
            "meshViaSfuCount": 0,
            "meshBytesSentTotal": 130806,
            "publisherUploadBytes": 130806
          },
          "reports": {
            "source": {
              "id": "SV2",
              "timestamp": 1788009035008.078,
              "trackIdentifier": "3014b12e-60ee-4df4-8b06-84d2c854d377",
              "kind": "video",
              "width": 1280,
              "height": 720,
              "frames": 244,
              "framesPerSecond": 59
            },
            "outbound": {
              "id": "OT01V1020930060",
              "timestamp": 1788009035008.078,
              "ssrc": 1020930060,
              "kind": "video",
              "mid": "1",
              "active": true,
              "codecId": "COT01_103_level-asymmetry-allowed=1;packetization-mode=1;profile-level-id=42001f",
              "mediaSourceId": "SV2",
              "remoteId": "RIV1020930060",
              "transportId": "T01",
              "bytesSent": 130806,
              "headerBytesSent": 5170,
              "packetsSent": 137,
              "retransmittedBytesSent": 0,
              "retransmittedPacketsSent": 0,
              "framesEncoded": 13,
              "framesSent": 13,
              "hugeFramesSent": 13,
              "keyFramesEncoded": 1,
              "framesPerSecond": 3,
              "frameWidth": 1280,
              "frameHeight": 720,
              "qpSum": 651,
              "totalEncodeTime": 0.039,
              "totalEncodedBytesTarget": 0,
              "totalPacketSendDelay": 19.254948,
              "targetBitrate": 197500,
              "qualityLimitationReason": "none",
              "qualityLimitationDurations": {
                "bandwidth": 0,
                "cpu": 0,
                "none": 4.119,
                "other": 0
              },
              "qualityLimitationResolutionChanges": 0,
              "nackCount": 0,
              "firCount": 0,
              "pliCount": 0,
              "encoderImplementation": "MediaFoundationVideoEncodeAccelerator (NVIDIA H.264 Encoder MFT)",
              "powerEfficientEncoder": true
            },
            "remoteInbound": {
              "id": "RIV1020930060",
              "timestamp": 1788009034249.369,
              "ssrc": 1020930060,
              "kind": "video",
              "codecId": "COT01_103_level-asymmetry-allowed=1;packetization-mode=1;profile-level-id=42001f",
              "localId": "OT01V1020930060",
              "transportId": "T01",
              "packetsLost": 0,
              "jitter": 0.06955499999999999,
              "roundTripTime": 0.001,
              "totalRoundTripTime": 0.003,
              "roundTripTimeMeasurements": 3,
              "fractionLost": 0
            },
            "inbound": null,
            "remoteOutbound": null,
            "codec": {
              "id": "COT01_103_level-asymmetry-allowed=1;packetization-mode=1;profile-level-id=42001f",
              "timestamp": 1788009035008.078,
              "payloadType": 103,
              "mimeType": "video/H264",
              "clockRate": 90000,
              "sdpFmtpLine": "level-asymmetry-allowed=1;packetization-mode=1;profile-level-id=42001f"
            },
            "transport": {
              "id": "T01",
              "timestamp": 1788009035008.078,
              "bytesSent": 169445,
              "bytesReceived": 30166,
              "packetsSent": 472,
              "packetsReceived": 334,
              "selectedCandidatePairId": "CPeBt63BmI_ain9OnqZ",
              "dtlsState": "connected",
              "iceRole": "controlling"
            },
            "candidatePair": {
              "id": "CPeBt63BmI_ain9OnqZ",
              "timestamp": 1788009035008.078,
              "state": "succeeded",
              "nominated": true,
              "writable": true,
              "bytesSent": 164394,
              "bytesReceived": 26476,
              "currentRoundTripTime": 0,
              "totalRoundTripTime": 0.002,
              "responsesReceived": 5,
              "availableOutgoingBitrate": 672210,
              "requestsReceived": 5,
              "requestsSent": 5,
              "localCandidateId": "IeBt63BmI",
              "remoteCandidateId": "Iain9OnqZ",
              "packetsDiscardedOnSend": 0,
              "bytesDiscardedOnSend": 0
            },
            "localCandidate": {
              "id": "IeBt63BmI",
              "timestamp": 1788009035008.078,
              "candidateType": "host",
              "protocol": "udp",
              "networkType": "ethernet",
              "address": "fdfd::1ab2:41f1",
              "port": 55417,
              "priority": 2122199807
            },
            "remoteCandidate": {
              "id": "Iain9OnqZ",
              "timestamp": 1788009035008.078,
              "candidateType": "host",
              "protocol": "udp",
              "address": "fdfd::1ab2:41f1",
              "port": 62286,
              "priority": 2122199807
            }
          }
        },
        {
          "benchmarkElapsedMs": 2500.4307,
          "collectedAt": 1788009035258.9,
          "role": "sender",
          "transportMode": "mesh",
          "peerId": "9431f024",
          "connectionState": "connected",
          "iceConnectionState": "connected",
          "signalingState": "stable",
          "track": {
            "id": "3014b12e-60ee-4df4-8b06-84d2c854d377",
            "label": "Screen",
            "enabled": true,
            "muted": false,
            "readyState": "live",
            "settings": {
              "aspectRatio": 1.7777777777777777,
              "deviceId": "window:460022:1",
              "frameRate": 60,
              "height": 720,
              "resizeMode": "crop-and-scale",
              "screenPixelRatio": 1,
              "width": 1280
            },
            "constraints": {
              "frameRate": {
                "max": 60,
                "ideal": 60
              },
              "height": {
                "max": 720,
                "ideal": 720
              },
              "width": {
                "max": 1280,
                "ideal": 1280
              }
            }
          },
          "senderParameters": {
            "degradationPreference": "maintain-resolution",
            "transactionId": "29529d43-d00a-4e47-b54f-f900732bf1a0",
            "encodings": [
              {
                "active": true,
                "maxBitrate": 237051,
                "maxFramerate": 60,
                "scaleResolutionDownBy": 1,
                "priority": "high",
                "networkPriority": "high"
              }
            ]
          },
          "adaptation": {
            "profileId": "performance",
            "level": 0,
            "temporalLevel": 0,
            "poorSamples": 0,
            "stableSamples": 0,
            "sourceSamples": 0,
            "networkSamples": 3,
            "sampleCount": 3,
            "cooldownSamples": 0,
            "scale": 1,
            "frameRate": 60,
            "reason": "startup-observation",
            "targetFps": 60,
            "measuredFps": 2.713111478842814,
            "captureFps": 59.010174664831204,
            "encodedFps": 2.713111478842814,
            "encoderDeliveryRatio": 0.04597701149425287,
            "bottleneck": "network",
            "sourceLimited": false,
            "networkPressure": true,
            "capacityPressure": true,
            "transportPressure": true,
            "packetLossPressure": false,
            "retransmissionPressure": false,
            "pacerPressure": true,
            "discardedPacketPressure": false,
            "packetLossRatio": 0,
            "retransmissionRatio": 0,
            "averagePacketSendDelayMs": 32.52786486486482,
            "packetsDiscardedOnSend": 0,
            "pressureSamplesRequired": 2,
            "networkSustained": true,
            "networkHeadroomRatio": 0.08402625,
            "requiredBitrate": 8000000,
            "recoveryRequiredBitrate": 8000000,
            "networkRecoveryHeadroomRatio": 0.08402625,
            "networkRecoveryReady": true,
            "projectedRecoveryEncodeMs": 2.8866666666666667,
            "encoderRecoveryReady": true,
            "encoderTrial": null,
            "downscaleEffectiveness": {
              "status": "idle",
              "samplesObserved": 0,
              "samplesRequired": 3,
              "requiredDeliveryGain": 0.08,
              "requiredEncodeCostReductionRatio": 0.15
            },
            "averageEncodeTimeMs": 2.5000000000000004,
            "fpsEma": 4.62463204176058,
            "encodeEma": 2.8866666666666667,
            "effectiveWidth": 1280,
            "effectiveHeight": 720,
            "temporalChanged": false,
            "softwareEncoder": false,
            "encoderImplementation": "MediaFoundationVideoEncodeAccelerator (NVIDIA H.264 Encoder MFT)",
            "trackId": "3014b12e-60ee-4df4-8b06-84d2c854d377"
          },
          "videoCodecPolicyKey": "hardware-or-unknown",
          "videoMutationCounts": {
            "total": 2,
            "structural": 1,
            "bitrate": 2,
            "active": 0,
            "track": 1
          },
          "lastVideoMutation": {
            "sequence": 2,
            "type": "adapt",
            "timestampMs": 1788009031065,
            "peerId": "9431f024",
            "structural": false,
            "bitrate": true,
            "active": false,
            "trackChanged": false,
            "before": {
              "trackId": "3014b12e-60ee-4df4-8b06-84d2c854d377",
              "degradationPreference": "maintain-resolution",
              "encodings": [
                {
                  "active": true,
                  "maxBitrate": 8000000,
                  "maxFramerate": 60,
                  "scaleResolutionDownBy": 1,
                  "scalabilityMode": null
                }
              ]
            },
            "after": {
              "trackId": "3014b12e-60ee-4df4-8b06-84d2c854d377",
              "degradationPreference": "maintain-resolution",
              "encodings": [
                {
                  "active": true,
                  "maxBitrate": 237051,
                  "maxFramerate": 60,
                  "scaleResolutionDownBy": 1,
                  "scalabilityMode": null
                }
              ]
            },
            "countersBeforeNextSample": {
              "keyFramesEncoded": 0,
              "hugeFramesSent": 0,
              "nackCount": 0,
              "pliCount": 0,
              "firCount": 0,
              "bytesSent": 0
            },
            "profileId": "performance",
            "adaptationReason": "network-observation",
            "adaptationLevel": 0,
            "temporalLevel": 0
          },
          "jitterBufferTarget": null,
          "topology": {
            "sfuViewerCount": 0,
            "sfuConsumerCount": 0,
            "meshScreenSenders": 1,
            "meshActiveScreenSenders": 1,
            "meshViaSfuCount": 0,
            "meshBytesSentTotal": 134300,
            "publisherUploadBytes": 134300
          },
          "reports": {
            "source": {
              "id": "SV2",
              "timestamp": 1788009035258.125,
              "trackIdentifier": "3014b12e-60ee-4df4-8b06-84d2c854d377",
              "kind": "video",
              "width": 1280,
              "height": 720,
              "frames": 259,
              "framesPerSecond": 59
            },
            "outbound": {
              "id": "OT01V1020930060",
              "timestamp": 1788009035258.125,
              "ssrc": 1020930060,
              "kind": "video",
              "mid": "1",
              "active": true,
              "codecId": "COT01_103_level-asymmetry-allowed=1;packetization-mode=1;profile-level-id=42001f",
              "mediaSourceId": "SV2",
              "remoteId": "RIV1020930060",
              "transportId": "T01",
              "bytesSent": 134300,
              "headerBytesSent": 5266,
              "packetsSent": 141,
              "retransmittedBytesSent": 0,
              "retransmittedPacketsSent": 0,
              "framesEncoded": 14,
              "framesSent": 14,
              "hugeFramesSent": 14,
              "keyFramesEncoded": 1,
              "framesPerSecond": 3,
              "frameWidth": 1280,
              "frameHeight": 720,
              "qpSum": 702,
              "totalEncodeTime": 0.042,
              "totalEncodedBytesTarget": 0,
              "totalPacketSendDelay": 19.254956,
              "targetBitrate": 197500,
              "qualityLimitationReason": "none",
              "qualityLimitationDurations": {
                "bandwidth": 0,
                "cpu": 0,
                "none": 4.369,
                "other": 0
              },
              "qualityLimitationResolutionChanges": 0,
              "nackCount": 0,
              "firCount": 0,
              "pliCount": 0,
              "encoderImplementation": "MediaFoundationVideoEncodeAccelerator (NVIDIA H.264 Encoder MFT)",
              "powerEfficientEncoder": true
            },
            "remoteInbound": {
              "id": "RIV1020930060",
              "timestamp": 1788009034249.369,
              "ssrc": 1020930060,
              "kind": "video",
              "codecId": "COT01_103_level-asymmetry-allowed=1;packetization-mode=1;profile-level-id=42001f",
              "localId": "OT01V1020930060",
              "transportId": "T01",
              "packetsLost": 0,
              "jitter": 0.06955499999999999,
              "roundTripTime": 0.001,
              "totalRoundTripTime": 0.003,
              "roundTripTimeMeasurements": 3,
              "fractionLost": 0
            },
            "inbound": null,
            "remoteOutbound": null,
            "codec": {
              "id": "COT01_103_level-asymmetry-allowed=1;packetization-mode=1;profile-level-id=42001f",
              "timestamp": 1788009035258.125,
              "payloadType": 103,
              "mimeType": "video/H264",
              "clockRate": 90000,
              "sdpFmtpLine": "level-asymmetry-allowed=1;packetization-mode=1;profile-level-id=42001f"
            },
            "transport": {
              "id": "T01",
              "timestamp": 1788009035258.125,
              "bytesSent": 174464,
              "bytesReceived": 31350,
              "packetsSent": 493,
              "packetsReceived": 350,
              "selectedCandidatePairId": "CPeBt63BmI_ain9OnqZ",
              "dtlsState": "connected",
              "iceRole": "controlling"
            },
            "candidatePair": {
              "id": "CPeBt63BmI_ain9OnqZ",
              "timestamp": 1788009035258.125,
              "state": "succeeded",
              "nominated": true,
              "writable": true,
              "bytesSent": 169413,
              "bytesReceived": 27660,
              "currentRoundTripTime": 0,
              "totalRoundTripTime": 0.002,
              "responsesReceived": 5,
              "availableOutgoingBitrate": 672210,
              "requestsReceived": 6,
              "requestsSent": 5,
              "localCandidateId": "IeBt63BmI",
              "remoteCandidateId": "Iain9OnqZ",
              "packetsDiscardedOnSend": 0,
              "bytesDiscardedOnSend": 0
            },
            "localCandidate": {
              "id": "IeBt63BmI",
              "timestamp": 1788009035258.125,
              "candidateType": "host",
              "protocol": "udp",
              "networkType": "ethernet",
              "address": "fdfd::1ab2:41f1",
              "port": 55417,
              "priority": 2122199807
            },
            "remoteCandidate": {
              "id": "Iain9OnqZ",
              "timestamp": 1788009035258.125,
              "candidateType": "host",
              "protocol": "udp",
              "address": "fdfd::1ab2:41f1",
              "port": 62286,
              "priority": 2122199807
            }
          }
        },
        {
          "benchmarkElapsedMs": 2750.0606,
          "collectedAt": 1788009035508.5,
          "role": "sender",
          "transportMode": "mesh",
          "peerId": "9431f024",
          "connectionState": "connected",
          "iceConnectionState": "connected",
          "signalingState": "stable",
          "track": {
            "id": "3014b12e-60ee-4df4-8b06-84d2c854d377",
            "label": "Screen",
            "enabled": true,
            "muted": false,
            "readyState": "live",
            "settings": {
              "aspectRatio": 1.7777777777777777,
              "deviceId": "window:460022:1",
              "frameRate": 60,
              "height": 720,
              "resizeMode": "crop-and-scale",
              "screenPixelRatio": 1,
              "width": 1280
            },
            "constraints": {
              "frameRate": {
                "max": 60,
                "ideal": 60
              },
              "height": {
                "max": 720,
                "ideal": 720
              },
              "width": {
                "max": 1280,
                "ideal": 1280
              }
            }
          },
          "senderParameters": {
            "degradationPreference": "maintain-resolution",
            "transactionId": "c530dca3-b6cd-4f47-af81-d90a79f1844c",
            "encodings": [
              {
                "active": true,
                "maxBitrate": 237051,
                "maxFramerate": 60,
                "scaleResolutionDownBy": 1,
                "priority": "high",
                "networkPriority": "high"
              }
            ]
          },
          "adaptation": {
            "profileId": "performance",
            "level": 0,
            "temporalLevel": 0,
            "poorSamples": 0,
            "stableSamples": 0,
            "sourceSamples": 0,
            "networkSamples": 3,
            "sampleCount": 3,
            "cooldownSamples": 0,
            "scale": 1,
            "frameRate": 60,
            "reason": "startup-observation",
            "targetFps": 60,
            "measuredFps": 2.713111478842814,
            "captureFps": 59.010174664831204,
            "encodedFps": 2.713111478842814,
            "encoderDeliveryRatio": 0.04597701149425287,
            "bottleneck": "network",
            "sourceLimited": false,
            "networkPressure": true,
            "capacityPressure": true,
            "transportPressure": true,
            "packetLossPressure": false,
            "retransmissionPressure": false,
            "pacerPressure": true,
            "discardedPacketPressure": false,
            "packetLossRatio": 0,
            "retransmissionRatio": 0,
            "averagePacketSendDelayMs": 32.52786486486482,
            "packetsDiscardedOnSend": 0,
            "pressureSamplesRequired": 2,
            "networkSustained": true,
            "networkHeadroomRatio": 0.08402625,
            "requiredBitrate": 8000000,
            "recoveryRequiredBitrate": 8000000,
            "networkRecoveryHeadroomRatio": 0.08402625,
            "networkRecoveryReady": true,
            "projectedRecoveryEncodeMs": 2.8866666666666667,
            "encoderRecoveryReady": true,
            "encoderTrial": null,
            "downscaleEffectiveness": {
              "status": "idle",
              "samplesObserved": 0,
              "samplesRequired": 3,
              "requiredDeliveryGain": 0.08,
              "requiredEncodeCostReductionRatio": 0.15
            },
            "averageEncodeTimeMs": 2.5000000000000004,
            "fpsEma": 4.62463204176058,
            "encodeEma": 2.8866666666666667,
            "effectiveWidth": 1280,
            "effectiveHeight": 720,
            "temporalChanged": false,
            "softwareEncoder": false,
            "encoderImplementation": "MediaFoundationVideoEncodeAccelerator (NVIDIA H.264 Encoder MFT)",
            "trackId": "3014b12e-60ee-4df4-8b06-84d2c854d377"
          },
          "videoCodecPolicyKey": "hardware-or-unknown",
          "videoMutationCounts": {
            "total": 2,
            "structural": 1,
            "bitrate": 2,
            "active": 0,
            "track": 1
          },
          "lastVideoMutation": {
            "sequence": 2,
            "type": "adapt",
            "timestampMs": 1788009031065,
            "peerId": "9431f024",
            "structural": false,
            "bitrate": true,
            "active": false,
            "trackChanged": false,
            "before": {
              "trackId": "3014b12e-60ee-4df4-8b06-84d2c854d377",
              "degradationPreference": "maintain-resolution",
              "encodings": [
                {
                  "active": true,
                  "maxBitrate": 8000000,
                  "maxFramerate": 60,
                  "scaleResolutionDownBy": 1,
                  "scalabilityMode": null
                }
              ]
            },
            "after": {
              "trackId": "3014b12e-60ee-4df4-8b06-84d2c854d377",
              "degradationPreference": "maintain-resolution",
              "encodings": [
                {
                  "active": true,
                  "maxBitrate": 237051,
                  "maxFramerate": 60,
                  "scaleResolutionDownBy": 1,
                  "scalabilityMode": null
                }
              ]
            },
            "countersBeforeNextSample": {
              "keyFramesEncoded": 0,
              "hugeFramesSent": 0,
              "nackCount": 0,
              "pliCount": 0,
              "firCount": 0,
              "bytesSent": 0
            },
            "profileId": "performance",
            "adaptationReason": "network-observation",
            "adaptationLevel": 0,
            "temporalLevel": 0
          },
          "jitterBufferTarget": null,
          "topology": {
            "sfuViewerCount": 0,
            "sfuConsumerCount": 0,
            "meshScreenSenders": 1,
            "meshActiveScreenSenders": 1,
            "meshViaSfuCount": 0,
            "meshBytesSentTotal": 140104,
            "publisherUploadBytes": 140104
          },
          "reports": {
            "source": {
              "id": "SV2",
              "timestamp": 1788009035507.777,
              "trackIdentifier": "3014b12e-60ee-4df4-8b06-84d2c854d377",
              "kind": "video",
              "width": 1280,
              "height": 720,
              "frames": 274,
              "framesPerSecond": 59
            },
            "outbound": {
              "id": "OT01V1020930060",
              "timestamp": 1788009035507.777,
              "ssrc": 1020930060,
              "kind": "video",
              "mid": "1",
              "active": true,
              "codecId": "COT01_103_level-asymmetry-allowed=1;packetization-mode=1;profile-level-id=42001f",
              "mediaSourceId": "SV2",
              "remoteId": "RIV1020930060",
              "transportId": "T01",
              "bytesSent": 140104,
              "headerBytesSent": 5402,
              "packetsSent": 146,
              "retransmittedBytesSent": 0,
              "retransmittedPacketsSent": 0,
              "framesEncoded": 14,
              "framesSent": 14,
              "hugeFramesSent": 14,
              "keyFramesEncoded": 1,
              "framesPerSecond": 3,
              "frameWidth": 1280,
              "frameHeight": 720,
              "qpSum": 702,
              "totalEncodeTime": 0.042,
              "totalEncodedBytesTarget": 0,
              "totalPacketSendDelay": 19.570850999999998,
              "targetBitrate": 197500,
              "qualityLimitationReason": "none",
              "qualityLimitationDurations": {
                "bandwidth": 0,
                "cpu": 0,
                "none": 4.619,
                "other": 0
              },
              "qualityLimitationResolutionChanges": 0,
              "nackCount": 0,
              "firCount": 0,
              "pliCount": 0,
              "encoderImplementation": "MediaFoundationVideoEncodeAccelerator (NVIDIA H.264 Encoder MFT)",
              "powerEfficientEncoder": true
            },
            "remoteInbound": {
              "id": "RIV1020930060",
              "timestamp": 1788009034249.369,
              "ssrc": 1020930060,
              "kind": "video",
              "codecId": "COT01_103_level-asymmetry-allowed=1;packetization-mode=1;profile-level-id=42001f",
              "localId": "OT01V1020930060",
              "transportId": "T01",
              "packetsLost": 0,
              "jitter": 0.06955499999999999,
              "roundTripTime": 0.001,
              "totalRoundTripTime": 0.003,
              "roundTripTimeMeasurements": 3,
              "fractionLost": 0
            },
            "inbound": null,
            "remoteOutbound": null,
            "codec": {
              "id": "COT01_103_level-asymmetry-allowed=1;packetization-mode=1;profile-level-id=42001f",
              "timestamp": 1788009035507.777,
              "payloadType": 103,
              "mimeType": "video/H264",
              "clockRate": 90000,
              "sdpFmtpLine": "level-asymmetry-allowed=1;packetization-mode=1;profile-level-id=42001f"
            },
            "transport": {
              "id": "T01",
              "timestamp": 1788009035507.777,
              "bytesSent": 181704,
              "bytesReceived": 32781,
              "packetsSent": 514,
              "packetsReceived": 367,
              "selectedCandidatePairId": "CPeBt63BmI_ain9OnqZ",
              "dtlsState": "connected",
              "iceRole": "controlling"
            },
            "candidatePair": {
              "id": "CPeBt63BmI_ain9OnqZ",
              "timestamp": 1788009035507.777,
              "state": "succeeded",
              "nominated": true,
              "writable": true,
              "bytesSent": 176653,
              "bytesReceived": 29091,
              "currentRoundTripTime": 0,
              "totalRoundTripTime": 0.002,
              "responsesReceived": 6,
              "availableOutgoingBitrate": 672210,
              "requestsReceived": 6,
              "requestsSent": 6,
              "localCandidateId": "IeBt63BmI",
              "remoteCandidateId": "Iain9OnqZ",
              "packetsDiscardedOnSend": 0,
              "bytesDiscardedOnSend": 0
            },
            "localCandidate": {
              "id": "IeBt63BmI",
              "timestamp": 1788009035507.777,
              "candidateType": "host",
              "protocol": "udp",
              "networkType": "ethernet",
              "address": "fdfd::1ab2:41f1",
              "port": 55417,
              "priority": 2122199807
            },
            "remoteCandidate": {
              "id": "Iain9OnqZ",
              "timestamp": 1788009035507.777,
              "candidateType": "host",
              "protocol": "udp",
              "address": "fdfd::1ab2:41f1",
              "port": 62286,
              "priority": 2122199807
            }
          }
        },
        {
          "benchmarkElapsedMs": 3000.2448000000004,
          "collectedAt": 1788009035759.1,
          "role": "sender",
          "transportMode": "mesh",
          "peerId": "9431f024",
          "connectionState": "connected",
          "iceConnectionState": "connected",
          "signalingState": "stable",
          "track": {
            "id": "3014b12e-60ee-4df4-8b06-84d2c854d377",
            "label": "Screen",
            "enabled": true,
            "muted": false,
            "readyState": "live",
            "settings": {
              "aspectRatio": 1.7777777777777777,
              "deviceId": "window:460022:1",
              "frameRate": 60,
              "height": 720,
              "resizeMode": "crop-and-scale",
              "screenPixelRatio": 1,
              "width": 1280
            },
            "constraints": {
              "frameRate": {
                "max": 60,
                "ideal": 60
              },
              "height": {
                "max": 720,
                "ideal": 720
              },
              "width": {
                "max": 1280,
                "ideal": 1280
              }
            }
          },
          "senderParameters": {
            "degradationPreference": "maintain-resolution",
            "transactionId": "3925faf3-2182-48e5-a892-f6d8d3ca8c9e",
            "encodings": [
              {
                "active": true,
                "maxBitrate": 331871,
                "maxFramerate": 60,
                "scaleResolutionDownBy": 1.3333333333333333,
                "priority": "high",
                "networkPriority": "high"
              }
            ]
          },
          "adaptation": {
            "profileId": "performance",
            "level": 1,
            "temporalLevel": 0,
            "poorSamples": 0,
            "stableSamples": 0,
            "sourceSamples": 0,
            "networkSamples": 0,
            "sampleCount": 4,
            "cooldownSamples": 2,
            "scale": 1.3333333333333333,
            "frameRate": 60,
            "reason": "network-spatial-downshift",
            "targetFps": 60,
            "measuredFps": 2.691007495204836,
            "captureFps": 59.202164894506396,
            "encodedFps": 2.691007495204836,
            "encoderDeliveryRatio": 0.045454545454545456,
            "bottleneck": "network",
            "sourceLimited": false,
            "networkPressure": true,
            "capacityPressure": true,
            "transportPressure": true,
            "packetLossPressure": false,
            "retransmissionPressure": false,
            "pacerPressure": true,
            "discardedPacketPressure": false,
            "packetLossRatio": 0,
            "retransmissionRatio": 0,
            "averagePacketSendDelayMs": 30.472918918918896,
            "packetsDiscardedOnSend": 0,
            "pressureSamplesRequired": 2,
            "networkSustained": true,
            "networkHeadroomRatio": 0.08402625,
            "requiredBitrate": 8000000,
            "recoveryRequiredBitrate": 8000000,
            "networkRecoveryHeadroomRatio": 0.08402625,
            "networkRecoveryReady": true,
            "projectedRecoveryEncodeMs": 3.039266666666667,
            "encoderRecoveryReady": true,
            "encoderTrial": null,
            "downscaleEffectiveness": {
              "status": "idle",
              "samplesObserved": 0,
              "samplesRequired": 3,
              "requiredDeliveryGain": 0.08,
              "requiredEncodeCostReductionRatio": 0.15
            },
            "averageEncodeTimeMs": 3.2500000000000004,
            "fpsEma": 3.8125097322071673,
            "encodeEma": 3.039266666666667,
            "effectiveWidth": 960,
            "effectiveHeight": 540,
            "temporalChanged": false,
            "softwareEncoder": false,
            "encoderImplementation": "MediaFoundationVideoEncodeAccelerator (NVIDIA H.264 Encoder MFT)",
            "trackId": "3014b12e-60ee-4df4-8b06-84d2c854d377"
          },
          "videoCodecPolicyKey": "hardware-or-unknown",
          "videoMutationCounts": {
            "total": 3,
            "structural": 2,
            "bitrate": 3,
            "active": 0,
            "track": 1
          },
          "lastVideoMutation": {
            "sequence": 3,
            "type": "adapt",
            "timestampMs": 1788009035552,
            "peerId": "9431f024",
            "structural": true,
            "bitrate": true,
            "active": false,
            "trackChanged": false,
            "before": {
              "trackId": "3014b12e-60ee-4df4-8b06-84d2c854d377",
              "degradationPreference": "maintain-resolution",
              "encodings": [
                {
                  "active": true,
                  "maxBitrate": 237051,
                  "maxFramerate": 60,
                  "scaleResolutionDownBy": 1,
                  "scalabilityMode": null
                }
              ]
            },
            "after": {
              "trackId": "3014b12e-60ee-4df4-8b06-84d2c854d377",
              "degradationPreference": "maintain-resolution",
              "encodings": [
                {
                  "active": true,
                  "maxBitrate": 331871,
                  "maxFramerate": 60,
                  "scaleResolutionDownBy": 1.3333333333333333,
                  "scalabilityMode": null
                }
              ]
            },
            "countersBeforeNextSample": {
              "keyFramesEncoded": 1,
              "hugeFramesSent": 14,
              "nackCount": 0,
              "pliCount": 0,
              "firCount": 0,
              "bytesSent": 140104
            },
            "profileId": "performance",
            "adaptationReason": "network-spatial-downshift",
            "adaptationLevel": 1,
            "temporalLevel": 0
          },
          "jitterBufferTarget": null,
          "topology": {
            "sfuViewerCount": 0,
            "sfuConsumerCount": 0,
            "meshScreenSenders": 1,
            "meshActiveScreenSenders": 1,
            "meshViaSfuCount": 0,
            "meshBytesSentTotal": 157006,
            "publisherUploadBytes": 157006
          },
          "reports": {
            "source": {
              "id": "SV2",
              "timestamp": 1788009035758.306,
              "trackIdentifier": "3014b12e-60ee-4df4-8b06-84d2c854d377",
              "kind": "video",
              "width": 1280,
              "height": 720,
              "frames": 289,
              "framesPerSecond": 59
            },
            "outbound": {
              "id": "OT01V1020930060",
              "timestamp": 1788009035758.306,
              "ssrc": 1020930060,
              "kind": "video",
              "mid": "1",
              "active": true,
              "codecId": "COT01_103_level-asymmetry-allowed=1;packetization-mode=1;profile-level-id=42001f",
              "mediaSourceId": "SV2",
              "remoteId": "RIV1020930060",
              "transportId": "T01",
              "bytesSent": 157006,
              "headerBytesSent": 5906,
              "packetsSent": 165,
              "retransmittedBytesSent": 0,
              "retransmittedPacketsSent": 0,
              "framesEncoded": 18,
              "framesSent": 18,
              "hugeFramesSent": 18,
              "keyFramesEncoded": 2,
              "framesPerSecond": 6,
              "frameWidth": 960,
              "frameHeight": 540,
              "qpSum": 906,
              "totalEncodeTime": 0.058,
              "totalEncodedBytesTarget": 0,
              "totalPacketSendDelay": 20.996914999999998,
              "targetBitrate": 275833,
              "qualityLimitationReason": "none",
              "qualityLimitationDurations": {
                "bandwidth": 0,
                "cpu": 0,
                "none": 4.869,
                "other": 0
              },
              "qualityLimitationResolutionChanges": 0,
              "nackCount": 0,
              "firCount": 0,
              "pliCount": 0,
              "encoderImplementation": "MediaFoundationVideoEncodeAccelerator (NVIDIA H.264 Encoder MFT)",
              "powerEfficientEncoder": true
            },
            "remoteInbound": {
              "id": "RIV1020930060",
              "timestamp": 1788009035717.478,
              "ssrc": 1020930060,
              "kind": "video",
              "codecId": "COT01_103_level-asymmetry-allowed=1;packetization-mode=1;profile-level-id=42001f",
              "localId": "OT01V1020930060",
              "transportId": "T01",
              "packetsLost": 0,
              "jitter": 0.069422,
              "roundTripTime": 0.001,
              "totalRoundTripTime": 0.004,
              "roundTripTimeMeasurements": 4,
              "fractionLost": 0
            },
            "inbound": {
              "id": "IT01V35096853",
              "timestamp": 1788009035758.306,
              "ssrc": 35096853,
              "kind": "video",
              "mid": "1",
              "transportId": "T01",
              "bytesReceived": 0,
              "headerBytesReceived": 849,
              "packetsReceived": 3,
              "packetsLost": 0,
              "jitter": 0,
              "framesReceived": 0,
              "framesDecoded": 0,
              "framesDropped": 0,
              "keyFramesDecoded": 0,
              "totalDecodeTime": 0,
              "totalProcessingDelay": 0,
              "totalInterFrameDelay": 0,
              "totalSquaredInterFrameDelay": 0,
              "freezeCount": 0,
              "totalFreezesDuration": 0,
              "pauseCount": 0,
              "totalPausesDuration": 0,
              "jitterBufferDelay": 0,
              "jitterBufferTargetDelay": 0,
              "jitterBufferMinimumDelay": 0,
              "jitterBufferEmittedCount": 0,
              "nackCount": 0,
              "firCount": 0,
              "pliCount": 0,
              "framesAssembledFromMultiplePackets": 0,
              "totalAssemblyTime": 0,
              "retransmittedBytesReceived": 0
            },
            "remoteOutbound": null,
            "codec": {
              "id": "COT01_103_level-asymmetry-allowed=1;packetization-mode=1;profile-level-id=42001f",
              "timestamp": 1788009035758.306,
              "payloadType": 103,
              "mimeType": "video/H264",
              "clockRate": 90000,
              "sdpFmtpLine": "level-asymmetry-allowed=1;packetization-mode=1;profile-level-id=42001f"
            },
            "transport": {
              "id": "T01",
              "timestamp": 1788009035758.306,
              "bytesSent": 200612,
              "bytesReceived": 34937,
              "packetsSent": 550,
              "packetsReceived": 387,
              "selectedCandidatePairId": "CPeBt63BmI_ain9OnqZ",
              "dtlsState": "connected",
              "iceRole": "controlling"
            },
            "candidatePair": {
              "id": "CPeBt63BmI_ain9OnqZ",
              "timestamp": 1788009035758.306,
              "state": "succeeded",
              "nominated": true,
              "writable": true,
              "bytesSent": 195561,
              "bytesReceived": 31247,
              "currentRoundTripTime": 0,
              "totalRoundTripTime": 0.002,
              "responsesReceived": 6,
              "availableOutgoingBitrate": 672210,
              "requestsReceived": 6,
              "requestsSent": 6,
              "localCandidateId": "IeBt63BmI",
              "remoteCandidateId": "Iain9OnqZ",
              "packetsDiscardedOnSend": 0,
              "bytesDiscardedOnSend": 0
            },
            "localCandidate": {
              "id": "IeBt63BmI",
              "timestamp": 1788009035758.306,
              "candidateType": "host",
              "protocol": "udp",
              "networkType": "ethernet",
              "address": "fdfd::1ab2:41f1",
              "port": 55417,
              "priority": 2122199807
            },
            "remoteCandidate": {
              "id": "Iain9OnqZ",
              "timestamp": 1788009035758.306,
              "candidateType": "host",
              "protocol": "udp",
              "address": "fdfd::1ab2:41f1",
              "port": 62286,
              "priority": 2122199807
            }
          }
        }
      ],
      "receiverSamples": [
        {
          "benchmarkElapsedMs": 0.002599999999802094,
          "collectedAt": 1788009032758.5,
          "role": "receiver",
          "transportMode": "mesh",
          "peerId": "30fb8ec1",
          "connectionState": "connected",
          "iceConnectionState": "connected",
          "signalingState": "stable",
          "track": {
            "id": "57f2a56e-3cc7-497f-87bb-4d00cc229433",
            "label": "remote video",
            "enabled": true,
            "muted": false,
            "readyState": "live",
            "settings": {
              "aspectRatio": 1.7777777777777777,
              "deviceId": "57f2a56e-3cc7-497f-87bb-4d00cc229433",
              "frameRate": 30,
              "height": 720,
              "resizeMode": "none",
              "width": 1280
            },
            "constraints": {}
          },
          "senderParameters": null,
          "adaptation": null,
          "videoCodecPolicyKey": "hardware-or-unknown",
          "videoMutationCounts": null,
          "lastVideoMutation": null,
          "jitterBufferTarget": 356,
          "topology": {
            "sfuViewerCount": 0,
            "sfuConsumerCount": 0,
            "meshScreenSenders": 0,
            "meshActiveScreenSenders": 0,
            "meshViaSfuCount": 0,
            "meshBytesSentTotal": 0,
            "publisherUploadBytes": null
          },
          "reports": {
            "source": null,
            "outbound": {
              "id": "OT01V35096853",
              "timestamp": 1788009032757.65,
              "ssrc": 35096853,
              "kind": "video",
              "mid": "1",
              "active": true,
              "codecId": "COT01_103_level-asymmetry-allowed=1;packetization-mode=1;profile-level-id=42001f",
              "mediaSourceId": "SV0",
              "transportId": "T01",
              "bytesSent": 0,
              "headerBytesSent": 0,
              "packetsSent": 0,
              "retransmittedBytesSent": 0,
              "retransmittedPacketsSent": 0,
              "framesEncoded": 0,
              "framesSent": 0,
              "hugeFramesSent": 0,
              "keyFramesEncoded": 0,
              "totalEncodeTime": 0,
              "totalEncodedBytesTarget": 0,
              "totalPacketSendDelay": 0,
              "qualityLimitationReason": "none",
              "qualityLimitationDurations": {
                "bandwidth": 0,
                "cpu": 0,
                "none": 2.555,
                "other": 0
              },
              "qualityLimitationResolutionChanges": 0,
              "nackCount": 0,
              "firCount": 0,
              "pliCount": 0
            },
            "remoteInbound": null,
            "inbound": {
              "id": "IT01V1020930060",
              "timestamp": 1788009032757.65,
              "ssrc": 1020930060,
              "kind": "video",
              "mid": "1",
              "codecId": "CIT01_103_level-asymmetry-allowed=1;packetization-mode=1;profile-level-id=42001f",
              "remoteId": "ROV1020930060",
              "transportId": "T01",
              "bytesReceived": 76619,
              "headerBytesReceived": 3730,
              "packetsReceived": 81,
              "packetsLost": 0,
              "jitter": 0.064,
              "framesReceived": 7,
              "framesDecoded": 6,
              "framesDropped": 0,
              "keyFramesDecoded": 1,
              "framesPerSecond": 5,
              "frameWidth": 1280,
              "frameHeight": 720,
              "totalDecodeTime": 0.025022,
              "totalProcessingDelay": 1.7203869999999999,
              "totalInterFrameDelay": 0.825,
              "totalSquaredInterFrameDelay": 0.165723,
              "freezeCount": 0,
              "totalFreezesDuration": 0,
              "pauseCount": 0,
              "totalPausesDuration": 0,
              "jitterBufferDelay": 1.6900499999999998,
              "jitterBufferTargetDelay": 0.7799999999999999,
              "jitterBufferMinimumDelay": 0.26209099999999996,
              "jitterBufferEmittedCount": 6,
              "nackCount": 0,
              "firCount": 0,
              "pliCount": 0,
              "decoderImplementation": "ExternalDecoder (D3D11VideoDecoder)",
              "powerEfficientDecoder": true,
              "framesAssembledFromMultiplePackets": 6,
              "totalAssemblyTime": 1.080581,
              "retransmittedBytesReceived": 0
            },
            "remoteOutbound": {
              "id": "ROV1020930060",
              "timestamp": 1788009032124.169,
              "ssrc": 1020930060,
              "kind": "video",
              "codecId": "CIT01_103_level-asymmetry-allowed=1;packetization-mode=1;profile-level-id=42001f",
              "localId": "IT01V1020930060",
              "transportId": "T01",
              "bytesSent": 57949,
              "packetsSent": 63,
              "remoteTimestamp": 1788009032122.655,
              "reportsSent": 2,
              "totalRoundTripTime": 0
            },
            "codec": {
              "id": "CIT01_103_level-asymmetry-allowed=1;packetization-mode=1;profile-level-id=42001f",
              "timestamp": 1788009032757.65,
              "payloadType": 103,
              "mimeType": "video/H264",
              "clockRate": 90000,
              "sdpFmtpLine": "level-asymmetry-allowed=1;packetization-mode=1;profile-level-id=42001f"
            },
            "transport": {
              "id": "T01",
              "timestamp": 1788009032757.65,
              "bytesSent": 15341,
              "bytesReceived": 98342,
              "packetsSent": 183,
              "packetsReceived": 266,
              "selectedCandidatePairId": "CP1W2CBG0y_dnOudArj",
              "dtlsState": "connected",
              "iceRole": "controlled"
            },
            "candidatePair": {
              "id": "CP1W2CBG0y_dnOudArj",
              "timestamp": 1788009032757.65,
              "state": "succeeded",
              "nominated": true,
              "writable": true,
              "bytesSent": 11651,
              "bytesReceived": 93291,
              "currentRoundTripTime": 0,
              "totalRoundTripTime": 0.001,
              "responsesReceived": 5,
              "availableOutgoingBitrate": 302463,
              "requestsReceived": 5,
              "requestsSent": 5,
              "localCandidateId": "I1W2CBG0y",
              "remoteCandidateId": "IdnOudArj",
              "packetsDiscardedOnSend": 0,
              "bytesDiscardedOnSend": 0
            },
            "localCandidate": {
              "id": "I1W2CBG0y",
              "timestamp": 1788009032757.65,
              "candidateType": "host",
              "protocol": "udp",
              "networkType": "ethernet",
              "address": "fdfd::1ab2:41f1",
              "port": 62286,
              "priority": 2122199807
            },
            "remoteCandidate": {
              "id": "IdnOudArj",
              "timestamp": 1788009032757.65,
              "candidateType": "host",
              "protocol": "udp",
              "address": "fdfd::1ab2:41f1",
              "port": 55417,
              "priority": 2122199807
            }
          }
        },
        {
          "benchmarkElapsedMs": 260.6864000000005,
          "collectedAt": 1788009033019.2,
          "role": "receiver",
          "transportMode": "mesh",
          "peerId": "30fb8ec1",
          "connectionState": "connected",
          "iceConnectionState": "connected",
          "signalingState": "stable",
          "track": {
            "id": "57f2a56e-3cc7-497f-87bb-4d00cc229433",
            "label": "remote video",
            "enabled": true,
            "muted": false,
            "readyState": "live",
            "settings": {
              "aspectRatio": 1.7777777777777777,
              "deviceId": "57f2a56e-3cc7-497f-87bb-4d00cc229433",
              "frameRate": 12.787976201717647,
              "height": 720,
              "resizeMode": "none",
              "width": 1280
            },
            "constraints": {}
          },
          "senderParameters": null,
          "adaptation": null,
          "videoCodecPolicyKey": "hardware-or-unknown",
          "videoMutationCounts": null,
          "lastVideoMutation": null,
          "jitterBufferTarget": 356,
          "topology": {
            "sfuViewerCount": 0,
            "sfuConsumerCount": 0,
            "meshScreenSenders": 0,
            "meshActiveScreenSenders": 0,
            "meshViaSfuCount": 0,
            "meshBytesSentTotal": 0,
            "publisherUploadBytes": null
          },
          "reports": {
            "source": null,
            "outbound": {
              "id": "OT01V35096853",
              "timestamp": 1788009033018.451,
              "ssrc": 35096853,
              "kind": "video",
              "mid": "1",
              "active": true,
              "codecId": "COT01_103_level-asymmetry-allowed=1;packetization-mode=1;profile-level-id=42001f",
              "mediaSourceId": "SV0",
              "transportId": "T01",
              "bytesSent": 0,
              "headerBytesSent": 0,
              "packetsSent": 0,
              "retransmittedBytesSent": 0,
              "retransmittedPacketsSent": 0,
              "framesEncoded": 0,
              "framesSent": 0,
              "hugeFramesSent": 0,
              "keyFramesEncoded": 0,
              "totalEncodeTime": 0,
              "totalEncodedBytesTarget": 0,
              "totalPacketSendDelay": 0,
              "qualityLimitationReason": "none",
              "qualityLimitationDurations": {
                "bandwidth": 0,
                "cpu": 0,
                "none": 2.816,
                "other": 0
              },
              "qualityLimitationResolutionChanges": 0,
              "nackCount": 0,
              "firCount": 0,
              "pliCount": 0
            },
            "remoteInbound": null,
            "inbound": {
              "id": "IT01V1020930060",
              "timestamp": 1788009033018.451,
              "ssrc": 1020930060,
              "kind": "video",
              "mid": "1",
              "codecId": "CIT01_103_level-asymmetry-allowed=1;packetization-mode=1;profile-level-id=42001f",
              "remoteId": "ROV1020930060",
              "transportId": "T01",
              "bytesReceived": 76619,
              "headerBytesReceived": 3730,
              "packetsReceived": 81,
              "packetsLost": 0,
              "jitter": 0.064,
              "framesReceived": 7,
              "framesDecoded": 7,
              "framesDropped": 0,
              "keyFramesDecoded": 1,
              "framesPerSecond": 5,
              "frameWidth": 1280,
              "frameHeight": 720,
              "totalDecodeTime": 0.025622,
              "totalProcessingDelay": 2.068209,
              "totalInterFrameDelay": 1.373,
              "totalSquaredInterFrameDelay": 0.4660270000000001,
              "freezeCount": 0,
              "totalFreezesDuration": 0,
              "pauseCount": 0,
              "totalPausesDuration": 0,
              "jitterBufferDelay": 2.037248,
              "jitterBufferTargetDelay": 1.126,
              "jitterBufferMinimumDelay": 0.26209099999999996,
              "jitterBufferEmittedCount": 7,
              "nackCount": 0,
              "firCount": 0,
              "pliCount": 0,
              "decoderImplementation": "ExternalDecoder (D3D11VideoDecoder)",
              "powerEfficientDecoder": true,
              "framesAssembledFromMultiplePackets": 7,
              "totalAssemblyTime": 1.169734,
              "retransmittedBytesReceived": 0
            },
            "remoteOutbound": {
              "id": "ROV1020930060",
              "timestamp": 1788009032124.169,
              "ssrc": 1020930060,
              "kind": "video",
              "codecId": "CIT01_103_level-asymmetry-allowed=1;packetization-mode=1;profile-level-id=42001f",
              "localId": "IT01V1020930060",
              "transportId": "T01",
              "bytesSent": 57949,
              "packetsSent": 63,
              "remoteTimestamp": 1788009032122.655,
              "reportsSent": 2,
              "totalRoundTripTime": 0
            },
            "codec": {
              "id": "CIT01_103_level-asymmetry-allowed=1;packetization-mode=1;profile-level-id=42001f",
              "timestamp": 1788009033018.451,
              "payloadType": 103,
              "mimeType": "video/H264",
              "clockRate": 90000,
              "sdpFmtpLine": "level-asymmetry-allowed=1;packetization-mode=1;profile-level-id=42001f"
            },
            "transport": {
              "id": "T01",
              "timestamp": 1788009033018.451,
              "bytesSent": 17105,
              "bytesReceived": 100057,
              "packetsSent": 201,
              "packetsReceived": 283,
              "selectedCandidatePairId": "CP1W2CBG0y_dnOudArj",
              "dtlsState": "connected",
              "iceRole": "controlled"
            },
            "candidatePair": {
              "id": "CP1W2CBG0y_dnOudArj",
              "timestamp": 1788009033018.451,
              "state": "succeeded",
              "nominated": true,
              "writable": true,
              "bytesSent": 13415,
              "bytesReceived": 95006,
              "currentRoundTripTime": 0,
              "totalRoundTripTime": 0.001,
              "responsesReceived": 5,
              "availableOutgoingBitrate": 302463,
              "requestsReceived": 5,
              "requestsSent": 5,
              "localCandidateId": "I1W2CBG0y",
              "remoteCandidateId": "IdnOudArj",
              "packetsDiscardedOnSend": 0,
              "bytesDiscardedOnSend": 0
            },
            "localCandidate": {
              "id": "I1W2CBG0y",
              "timestamp": 1788009033018.451,
              "candidateType": "host",
              "protocol": "udp",
              "networkType": "ethernet",
              "address": "fdfd::1ab2:41f1",
              "port": 62286,
              "priority": 2122199807
            },
            "remoteCandidate": {
              "id": "IdnOudArj",
              "timestamp": 1788009033018.451,
              "candidateType": "host",
              "protocol": "udp",
              "address": "fdfd::1ab2:41f1",
              "port": 55417,
              "priority": 2122199807
            }
          }
        },
        {
          "benchmarkElapsedMs": 512.0987999999998,
          "collectedAt": 1788009033270.5,
          "role": "receiver",
          "transportMode": "mesh",
          "peerId": "30fb8ec1",
          "connectionState": "connected",
          "iceConnectionState": "connected",
          "signalingState": "stable",
          "track": {
            "id": "57f2a56e-3cc7-497f-87bb-4d00cc229433",
            "label": "remote video",
            "enabled": true,
            "muted": false,
            "readyState": "live",
            "settings": {
              "aspectRatio": 1.7777777777777777,
              "deviceId": "57f2a56e-3cc7-497f-87bb-4d00cc229433",
              "frameRate": 12.787976201717647,
              "height": 720,
              "resizeMode": "none",
              "width": 1280
            },
            "constraints": {}
          },
          "senderParameters": null,
          "adaptation": null,
          "videoCodecPolicyKey": "hardware-or-unknown",
          "videoMutationCounts": null,
          "lastVideoMutation": null,
          "jitterBufferTarget": 356,
          "topology": {
            "sfuViewerCount": 0,
            "sfuConsumerCount": 0,
            "meshScreenSenders": 0,
            "meshActiveScreenSenders": 0,
            "meshViaSfuCount": 0,
            "meshBytesSentTotal": 0,
            "publisherUploadBytes": null
          },
          "reports": {
            "source": null,
            "outbound": {
              "id": "OT01V35096853",
              "timestamp": 1788009033269.812,
              "ssrc": 35096853,
              "kind": "video",
              "mid": "1",
              "active": true,
              "codecId": "COT01_103_level-asymmetry-allowed=1;packetization-mode=1;profile-level-id=42001f",
              "mediaSourceId": "SV0",
              "transportId": "T01",
              "bytesSent": 0,
              "headerBytesSent": 0,
              "packetsSent": 0,
              "retransmittedBytesSent": 0,
              "retransmittedPacketsSent": 0,
              "framesEncoded": 0,
              "framesSent": 0,
              "hugeFramesSent": 0,
              "keyFramesEncoded": 0,
              "totalEncodeTime": 0,
              "totalEncodedBytesTarget": 0,
              "totalPacketSendDelay": 0,
              "qualityLimitationReason": "none",
              "qualityLimitationDurations": {
                "bandwidth": 0,
                "cpu": 0,
                "none": 3.067,
                "other": 0
              },
              "qualityLimitationResolutionChanges": 0,
              "nackCount": 0,
              "firCount": 0,
              "pliCount": 0
            },
            "remoteInbound": null,
            "inbound": {
              "id": "IT01V1020930060",
              "timestamp": 1788009033269.812,
              "ssrc": 1020930060,
              "kind": "video",
              "mid": "1",
              "codecId": "CIT01_103_level-asymmetry-allowed=1;packetization-mode=1;profile-level-id=42001f",
              "remoteId": "ROV1020930060",
              "transportId": "T01",
              "bytesReceived": 85637,
              "headerBytesReceived": 3962,
              "packetsReceived": 90,
              "packetsLost": 0,
              "jitter": 0.066,
              "framesReceived": 8,
              "framesDecoded": 7,
              "framesDropped": 0,
              "keyFramesDecoded": 1,
              "framesPerSecond": 2,
              "frameWidth": 1280,
              "frameHeight": 720,
              "totalDecodeTime": 0.025622,
              "totalProcessingDelay": 2.068209,
              "totalInterFrameDelay": 1.373,
              "totalSquaredInterFrameDelay": 0.4660270000000001,
              "freezeCount": 0,
              "totalFreezesDuration": 0,
              "pauseCount": 0,
              "totalPausesDuration": 0,
              "jitterBufferDelay": 2.037248,
              "jitterBufferTargetDelay": 1.126,
              "jitterBufferMinimumDelay": 0.26209099999999996,
              "jitterBufferEmittedCount": 7,
              "nackCount": 0,
              "firCount": 0,
              "pliCount": 0,
              "decoderImplementation": "ExternalDecoder (D3D11VideoDecoder)",
              "powerEfficientDecoder": true,
              "framesAssembledFromMultiplePackets": 7,
              "totalAssemblyTime": 1.169734,
              "retransmittedBytesReceived": 0
            },
            "remoteOutbound": {
              "id": "ROV1020930060",
              "timestamp": 1788009033124.497,
              "ssrc": 1020930060,
              "kind": "video",
              "codecId": "CIT01_103_level-asymmetry-allowed=1;packetization-mode=1;profile-level-id=42001f",
              "localId": "IT01V1020930060",
              "transportId": "T01",
              "bytesSent": 85637,
              "packetsSent": 90,
              "remoteTimestamp": 1788009033122.972,
              "reportsSent": 3,
              "totalRoundTripTime": 0
            },
            "codec": {
              "id": "CIT01_103_level-asymmetry-allowed=1;packetization-mode=1;profile-level-id=42001f",
              "timestamp": 1788009033269.812,
              "payloadType": 103,
              "mimeType": "video/H264",
              "clockRate": 90000,
              "sdpFmtpLine": "level-asymmetry-allowed=1;packetization-mode=1;profile-level-id=42001f"
            },
            "transport": {
              "id": "T01",
              "timestamp": 1788009033269.812,
              "bytesSent": 18824,
              "bytesReceived": 111063,
              "packetsSent": 218,
              "packetsReceived": 309,
              "selectedCandidatePairId": "CP1W2CBG0y_dnOudArj",
              "dtlsState": "connected",
              "iceRole": "controlled"
            },
            "candidatePair": {
              "id": "CP1W2CBG0y_dnOudArj",
              "timestamp": 1788009033269.812,
              "state": "succeeded",
              "nominated": true,
              "writable": true,
              "bytesSent": 15134,
              "bytesReceived": 106012,
              "currentRoundTripTime": 0,
              "totalRoundTripTime": 0.001,
              "responsesReceived": 5,
              "availableOutgoingBitrate": 302463,
              "requestsReceived": 5,
              "requestsSent": 5,
              "localCandidateId": "I1W2CBG0y",
              "remoteCandidateId": "IdnOudArj",
              "packetsDiscardedOnSend": 0,
              "bytesDiscardedOnSend": 0
            },
            "localCandidate": {
              "id": "I1W2CBG0y",
              "timestamp": 1788009033269.812,
              "candidateType": "host",
              "protocol": "udp",
              "networkType": "ethernet",
              "address": "fdfd::1ab2:41f1",
              "port": 62286,
              "priority": 2122199807
            },
            "remoteCandidate": {
              "id": "IdnOudArj",
              "timestamp": 1788009033269.812,
              "candidateType": "host",
              "protocol": "udp",
              "address": "fdfd::1ab2:41f1",
              "port": 55417,
              "priority": 2122199807
            }
          }
        },
        {
          "benchmarkElapsedMs": 760.8040000000001,
          "collectedAt": 1788009033519.6,
          "role": "receiver",
          "transportMode": "mesh",
          "peerId": "30fb8ec1",
          "connectionState": "connected",
          "iceConnectionState": "connected",
          "signalingState": "stable",
          "track": {
            "id": "57f2a56e-3cc7-497f-87bb-4d00cc229433",
            "label": "remote video",
            "enabled": true,
            "muted": false,
            "readyState": "live",
            "settings": {
              "aspectRatio": 1.7777777777777777,
              "deviceId": "57f2a56e-3cc7-497f-87bb-4d00cc229433",
              "frameRate": 12.787976201717647,
              "height": 720,
              "resizeMode": "none",
              "width": 1280
            },
            "constraints": {}
          },
          "senderParameters": null,
          "adaptation": null,
          "videoCodecPolicyKey": "hardware-or-unknown",
          "videoMutationCounts": null,
          "lastVideoMutation": null,
          "jitterBufferTarget": 356,
          "topology": {
            "sfuViewerCount": 0,
            "sfuConsumerCount": 0,
            "meshScreenSenders": 0,
            "meshActiveScreenSenders": 0,
            "meshViaSfuCount": 0,
            "meshBytesSentTotal": 0,
            "publisherUploadBytes": null
          },
          "reports": {
            "source": null,
            "outbound": {
              "id": "OT01V35096853",
              "timestamp": 1788009033518.553,
              "ssrc": 35096853,
              "kind": "video",
              "mid": "1",
              "active": true,
              "codecId": "COT01_103_level-asymmetry-allowed=1;packetization-mode=1;profile-level-id=42001f",
              "mediaSourceId": "SV0",
              "transportId": "T01",
              "bytesSent": 0,
              "headerBytesSent": 0,
              "packetsSent": 0,
              "retransmittedBytesSent": 0,
              "retransmittedPacketsSent": 0,
              "framesEncoded": 0,
              "framesSent": 0,
              "hugeFramesSent": 0,
              "keyFramesEncoded": 0,
              "totalEncodeTime": 0,
              "totalEncodedBytesTarget": 0,
              "totalPacketSendDelay": 0,
              "qualityLimitationReason": "none",
              "qualityLimitationDurations": {
                "bandwidth": 0,
                "cpu": 0,
                "none": 3.316,
                "other": 0
              },
              "qualityLimitationResolutionChanges": 0,
              "nackCount": 0,
              "firCount": 0,
              "pliCount": 0
            },
            "remoteInbound": null,
            "inbound": {
              "id": "IT01V1020930060",
              "timestamp": 1788009033518.553,
              "ssrc": 1020930060,
              "kind": "video",
              "mid": "1",
              "codecId": "CIT01_103_level-asymmetry-allowed=1;packetization-mode=1;profile-level-id=42001f",
              "remoteId": "ROV1020930060",
              "transportId": "T01",
              "bytesReceived": 95135,
              "headerBytesReceived": 4218,
              "packetsReceived": 100,
              "packetsLost": 0,
              "jitter": 0.067,
              "framesReceived": 9,
              "framesDecoded": 8,
              "framesDropped": 0,
              "keyFramesDecoded": 1,
              "framesPerSecond": 2,
              "frameWidth": 1280,
              "frameHeight": 720,
              "totalDecodeTime": 0.026038,
              "totalProcessingDelay": 2.39052,
              "totalInterFrameDelay": 1.717,
              "totalSquaredInterFrameDelay": 0.5843630000000001,
              "freezeCount": 0,
              "totalFreezesDuration": 0,
              "pauseCount": 0,
              "totalPausesDuration": 0,
              "jitterBufferDelay": 2.359117,
              "jitterBufferTargetDelay": 1.472,
              "jitterBufferMinimumDelay": 0.26209099999999996,
              "jitterBufferEmittedCount": 8,
              "nackCount": 0,
              "firCount": 0,
              "pliCount": 0,
              "decoderImplementation": "ExternalDecoder (D3D11VideoDecoder)",
              "powerEfficientDecoder": true,
              "framesAssembledFromMultiplePackets": 8,
              "totalAssemblyTime": 1.2497369999999999,
              "retransmittedBytesReceived": 0
            },
            "remoteOutbound": {
              "id": "ROV1020930060",
              "timestamp": 1788009033124.497,
              "ssrc": 1020930060,
              "kind": "video",
              "codecId": "CIT01_103_level-asymmetry-allowed=1;packetization-mode=1;profile-level-id=42001f",
              "localId": "IT01V1020930060",
              "transportId": "T01",
              "bytesSent": 85637,
              "packetsSent": 90,
              "remoteTimestamp": 1788009033122.972,
              "reportsSent": 3,
              "totalRoundTripTime": 0
            },
            "codec": {
              "id": "CIT01_103_level-asymmetry-allowed=1;packetization-mode=1;profile-level-id=42001f",
              "timestamp": 1788009033518.553,
              "payloadType": 103,
              "mimeType": "video/H264",
              "clockRate": 90000,
              "sdpFmtpLine": "level-asymmetry-allowed=1;packetization-mode=1;profile-level-id=42001f"
            },
            "transport": {
              "id": "T01",
              "timestamp": 1788009033518.553,
              "bytesSent": 20498,
              "bytesReceived": 122632,
              "packetsSent": 235,
              "packetsReceived": 336,
              "selectedCandidatePairId": "CP1W2CBG0y_dnOudArj",
              "dtlsState": "connected",
              "iceRole": "controlled"
            },
            "candidatePair": {
              "id": "CP1W2CBG0y_dnOudArj",
              "timestamp": 1788009033518.553,
              "state": "succeeded",
              "nominated": true,
              "writable": true,
              "bytesSent": 16808,
              "bytesReceived": 117581,
              "currentRoundTripTime": 0,
              "totalRoundTripTime": 0.001,
              "responsesReceived": 5,
              "availableOutgoingBitrate": 302463,
              "requestsReceived": 5,
              "requestsSent": 5,
              "localCandidateId": "I1W2CBG0y",
              "remoteCandidateId": "IdnOudArj",
              "packetsDiscardedOnSend": 0,
              "bytesDiscardedOnSend": 0
            },
            "localCandidate": {
              "id": "I1W2CBG0y",
              "timestamp": 1788009033518.553,
              "candidateType": "host",
              "protocol": "udp",
              "networkType": "ethernet",
              "address": "fdfd::1ab2:41f1",
              "port": 62286,
              "priority": 2122199807
            },
            "remoteCandidate": {
              "id": "IdnOudArj",
              "timestamp": 1788009033518.553,
              "candidateType": "host",
              "protocol": "udp",
              "address": "fdfd::1ab2:41f1",
              "port": 55417,
              "priority": 2122199807
            }
          }
        },
        {
          "benchmarkElapsedMs": 1012.3089,
          "collectedAt": 1788009033771.3,
          "role": "receiver",
          "transportMode": "mesh",
          "peerId": "30fb8ec1",
          "connectionState": "connected",
          "iceConnectionState": "connected",
          "signalingState": "stable",
          "track": {
            "id": "57f2a56e-3cc7-497f-87bb-4d00cc229433",
            "label": "remote video",
            "enabled": true,
            "muted": false,
            "readyState": "live",
            "settings": {
              "aspectRatio": 1.7777777777777777,
              "deviceId": "57f2a56e-3cc7-497f-87bb-4d00cc229433",
              "frameRate": 12.787976201717647,
              "height": 720,
              "resizeMode": "none",
              "width": 1280
            },
            "constraints": {}
          },
          "senderParameters": null,
          "adaptation": null,
          "videoCodecPolicyKey": "hardware-or-unknown",
          "videoMutationCounts": null,
          "lastVideoMutation": null,
          "jitterBufferTarget": 356,
          "topology": {
            "sfuViewerCount": 0,
            "sfuConsumerCount": 0,
            "meshScreenSenders": 0,
            "meshActiveScreenSenders": 0,
            "meshViaSfuCount": 0,
            "meshBytesSentTotal": 0,
            "publisherUploadBytes": null
          },
          "reports": {
            "source": null,
            "outbound": {
              "id": "OT01V35096853",
              "timestamp": 1788009033770.565,
              "ssrc": 35096853,
              "kind": "video",
              "mid": "1",
              "active": true,
              "codecId": "COT01_103_level-asymmetry-allowed=1;packetization-mode=1;profile-level-id=42001f",
              "mediaSourceId": "SV0",
              "transportId": "T01",
              "bytesSent": 0,
              "headerBytesSent": 0,
              "packetsSent": 0,
              "retransmittedBytesSent": 0,
              "retransmittedPacketsSent": 0,
              "framesEncoded": 0,
              "framesSent": 0,
              "hugeFramesSent": 0,
              "keyFramesEncoded": 0,
              "totalEncodeTime": 0,
              "totalEncodedBytesTarget": 0,
              "totalPacketSendDelay": 0,
              "qualityLimitationReason": "none",
              "qualityLimitationDurations": {
                "bandwidth": 0,
                "cpu": 0,
                "none": 3.568,
                "other": 0
              },
              "qualityLimitationResolutionChanges": 0,
              "nackCount": 0,
              "firCount": 0,
              "pliCount": 0
            },
            "remoteInbound": null,
            "inbound": {
              "id": "IT01V1020930060",
              "timestamp": 1788009033770.565,
              "ssrc": 1020930060,
              "kind": "video",
              "mid": "1",
              "codecId": "CIT01_103_level-asymmetry-allowed=1;packetization-mode=1;profile-level-id=42001f",
              "remoteId": "ROV1020930060",
              "transportId": "T01",
              "bytesReceived": 95135,
              "headerBytesReceived": 4218,
              "packetsReceived": 100,
              "packetsLost": 0,
              "jitter": 0.067,
              "framesReceived": 9,
              "framesDecoded": 9,
              "framesDropped": 0,
              "keyFramesDecoded": 1,
              "framesPerSecond": 3,
              "frameWidth": 1280,
              "frameHeight": 720,
              "totalDecodeTime": 0.026437,
              "totalProcessingDelay": 2.708789,
              "totalInterFrameDelay": 2.075,
              "totalSquaredInterFrameDelay": 0.7125270000000001,
              "freezeCount": 0,
              "totalFreezesDuration": 0,
              "pauseCount": 0,
              "totalPausesDuration": 0,
              "jitterBufferDelay": 2.676965,
              "jitterBufferTargetDelay": 1.8179999999999998,
              "jitterBufferMinimumDelay": 0.26209099999999996,
              "jitterBufferEmittedCount": 9,
              "nackCount": 0,
              "firCount": 0,
              "pliCount": 0,
              "decoderImplementation": "ExternalDecoder (D3D11VideoDecoder)",
              "powerEfficientDecoder": true,
              "framesAssembledFromMultiplePackets": 9,
              "totalAssemblyTime": 1.347272,
              "retransmittedBytesReceived": 0
            },
            "remoteOutbound": {
              "id": "ROV1020930060",
              "timestamp": 1788009033124.497,
              "ssrc": 1020930060,
              "kind": "video",
              "codecId": "CIT01_103_level-asymmetry-allowed=1;packetization-mode=1;profile-level-id=42001f",
              "localId": "IT01V1020930060",
              "transportId": "T01",
              "bytesSent": 85637,
              "packetsSent": 90,
              "remoteTimestamp": 1788009033122.972,
              "reportsSent": 3,
              "totalRoundTripTime": 0
            },
            "codec": {
              "id": "CIT01_103_level-asymmetry-allowed=1;packetization-mode=1;profile-level-id=42001f",
              "timestamp": 1788009033770.565,
              "payloadType": 103,
              "mimeType": "video/H264",
              "clockRate": 90000,
              "sdpFmtpLine": "level-asymmetry-allowed=1;packetization-mode=1;profile-level-id=42001f"
            },
            "transport": {
              "id": "T01",
              "timestamp": 1788009033770.565,
              "bytesSent": 22293,
              "bytesReceived": 124308,
              "packetsSent": 252,
              "packetsReceived": 352,
              "selectedCandidatePairId": "CP1W2CBG0y_dnOudArj",
              "dtlsState": "connected",
              "iceRole": "controlled"
            },
            "candidatePair": {
              "id": "CP1W2CBG0y_dnOudArj",
              "timestamp": 1788009033770.565,
              "state": "succeeded",
              "nominated": true,
              "writable": true,
              "bytesSent": 18603,
              "bytesReceived": 119257,
              "currentRoundTripTime": 0,
              "totalRoundTripTime": 0.001,
              "responsesReceived": 5,
              "availableOutgoingBitrate": 302463,
              "requestsReceived": 5,
              "requestsSent": 5,
              "localCandidateId": "I1W2CBG0y",
              "remoteCandidateId": "IdnOudArj",
              "packetsDiscardedOnSend": 0,
              "bytesDiscardedOnSend": 0
            },
            "localCandidate": {
              "id": "I1W2CBG0y",
              "timestamp": 1788009033770.565,
              "candidateType": "host",
              "protocol": "udp",
              "networkType": "ethernet",
              "address": "fdfd::1ab2:41f1",
              "port": 62286,
              "priority": 2122199807
            },
            "remoteCandidate": {
              "id": "IdnOudArj",
              "timestamp": 1788009033770.565,
              "candidateType": "host",
              "protocol": "udp",
              "address": "fdfd::1ab2:41f1",
              "port": 55417,
              "priority": 2122199807
            }
          }
        },
        {
          "benchmarkElapsedMs": 1263.6178,
          "collectedAt": 1788009034022.1,
          "role": "receiver",
          "transportMode": "mesh",
          "peerId": "30fb8ec1",
          "connectionState": "connected",
          "iceConnectionState": "connected",
          "signalingState": "stable",
          "track": {
            "id": "57f2a56e-3cc7-497f-87bb-4d00cc229433",
            "label": "remote video",
            "enabled": true,
            "muted": false,
            "readyState": "live",
            "settings": {
              "aspectRatio": 1.7777777777777777,
              "deviceId": "57f2a56e-3cc7-497f-87bb-4d00cc229433",
              "frameRate": 12.787976201717647,
              "height": 720,
              "resizeMode": "none",
              "width": 1280
            },
            "constraints": {}
          },
          "senderParameters": null,
          "adaptation": null,
          "videoCodecPolicyKey": "hardware-or-unknown",
          "videoMutationCounts": null,
          "lastVideoMutation": null,
          "jitterBufferTarget": 356,
          "topology": {
            "sfuViewerCount": 0,
            "sfuConsumerCount": 0,
            "meshScreenSenders": 0,
            "meshActiveScreenSenders": 0,
            "meshViaSfuCount": 0,
            "meshBytesSentTotal": 0,
            "publisherUploadBytes": null
          },
          "reports": {
            "source": null,
            "outbound": {
              "id": "OT01V35096853",
              "timestamp": 1788009034021.371,
              "ssrc": 35096853,
              "kind": "video",
              "mid": "1",
              "active": true,
              "codecId": "COT01_103_level-asymmetry-allowed=1;packetization-mode=1;profile-level-id=42001f",
              "mediaSourceId": "SV0",
              "transportId": "T01",
              "bytesSent": 0,
              "headerBytesSent": 0,
              "packetsSent": 0,
              "retransmittedBytesSent": 0,
              "retransmittedPacketsSent": 0,
              "framesEncoded": 0,
              "framesSent": 0,
              "hugeFramesSent": 0,
              "keyFramesEncoded": 0,
              "totalEncodeTime": 0,
              "totalEncodedBytesTarget": 0,
              "totalPacketSendDelay": 0,
              "qualityLimitationReason": "none",
              "qualityLimitationDurations": {
                "bandwidth": 0,
                "cpu": 0,
                "none": 3.819,
                "other": 0
              },
              "qualityLimitationResolutionChanges": 0,
              "nackCount": 0,
              "firCount": 0,
              "pliCount": 0
            },
            "remoteInbound": null,
            "inbound": {
              "id": "IT01V1020930060",
              "timestamp": 1788009034021.371,
              "ssrc": 1020930060,
              "kind": "video",
              "mid": "1",
              "codecId": "CIT01_103_level-asymmetry-allowed=1;packetization-mode=1;profile-level-id=42001f",
              "remoteId": "ROV1020930060",
              "transportId": "T01",
              "bytesReceived": 104181,
              "headerBytesReceived": 4450,
              "packetsReceived": 109,
              "packetsLost": 0,
              "jitter": 0.069,
              "framesReceived": 10,
              "framesDecoded": 9,
              "framesDropped": 0,
              "keyFramesDecoded": 1,
              "framesPerSecond": 2,
              "frameWidth": 1280,
              "frameHeight": 720,
              "totalDecodeTime": 0.026437,
              "totalProcessingDelay": 2.708789,
              "totalInterFrameDelay": 2.075,
              "totalSquaredInterFrameDelay": 0.7125270000000001,
              "freezeCount": 0,
              "totalFreezesDuration": 0,
              "pauseCount": 0,
              "totalPausesDuration": 0,
              "jitterBufferDelay": 2.676965,
              "jitterBufferTargetDelay": 1.8179999999999998,
              "jitterBufferMinimumDelay": 0.26209099999999996,
              "jitterBufferEmittedCount": 9,
              "nackCount": 0,
              "firCount": 0,
              "pliCount": 0,
              "decoderImplementation": "ExternalDecoder (D3D11VideoDecoder)",
              "powerEfficientDecoder": true,
              "framesAssembledFromMultiplePackets": 9,
              "totalAssemblyTime": 1.347272,
              "retransmittedBytesReceived": 0
            },
            "remoteOutbound": {
              "id": "ROV1020930060",
              "timestamp": 1788009033124.497,
              "ssrc": 1020930060,
              "kind": "video",
              "codecId": "CIT01_103_level-asymmetry-allowed=1;packetization-mode=1;profile-level-id=42001f",
              "localId": "IT01V1020930060",
              "transportId": "T01",
              "bytesSent": 85637,
              "packetsSent": 90,
              "remoteTimestamp": 1788009033122.972,
              "reportsSent": 3,
              "totalRoundTripTime": 0
            },
            "codec": {
              "id": "CIT01_103_level-asymmetry-allowed=1;packetization-mode=1;profile-level-id=42001f",
              "timestamp": 1788009034021.371,
              "payloadType": 103,
              "mimeType": "video/H264",
              "clockRate": 90000,
              "sdpFmtpLine": "level-asymmetry-allowed=1;packetization-mode=1;profile-level-id=42001f"
            },
            "transport": {
              "id": "T01",
              "timestamp": 1788009034021.371,
              "bytesSent": 23999,
              "bytesReceived": 135366,
              "packetsSent": 269,
              "packetsReceived": 378,
              "selectedCandidatePairId": "CP1W2CBG0y_dnOudArj",
              "dtlsState": "connected",
              "iceRole": "controlled"
            },
            "candidatePair": {
              "id": "CP1W2CBG0y_dnOudArj",
              "timestamp": 1788009034021.371,
              "state": "succeeded",
              "nominated": true,
              "writable": true,
              "bytesSent": 20309,
              "bytesReceived": 130315,
              "currentRoundTripTime": 0,
              "totalRoundTripTime": 0.001,
              "responsesReceived": 5,
              "availableOutgoingBitrate": 302463,
              "requestsReceived": 5,
              "requestsSent": 5,
              "localCandidateId": "I1W2CBG0y",
              "remoteCandidateId": "IdnOudArj",
              "packetsDiscardedOnSend": 0,
              "bytesDiscardedOnSend": 0
            },
            "localCandidate": {
              "id": "I1W2CBG0y",
              "timestamp": 1788009034021.371,
              "candidateType": "host",
              "protocol": "udp",
              "networkType": "ethernet",
              "address": "fdfd::1ab2:41f1",
              "port": 62286,
              "priority": 2122199807
            },
            "remoteCandidate": {
              "id": "IdnOudArj",
              "timestamp": 1788009034021.371,
              "candidateType": "host",
              "protocol": "udp",
              "address": "fdfd::1ab2:41f1",
              "port": 55417,
              "priority": 2122199807
            }
          }
        },
        {
          "benchmarkElapsedMs": 1499.5164999999997,
          "collectedAt": 1788009034258.1,
          "role": "receiver",
          "transportMode": "mesh",
          "peerId": "30fb8ec1",
          "connectionState": "connected",
          "iceConnectionState": "connected",
          "signalingState": "stable",
          "track": {
            "id": "57f2a56e-3cc7-497f-87bb-4d00cc229433",
            "label": "remote video",
            "enabled": true,
            "muted": false,
            "readyState": "live",
            "settings": {
              "aspectRatio": 1.7777777777777777,
              "deviceId": "57f2a56e-3cc7-497f-87bb-4d00cc229433",
              "frameRate": 7.877135521957725,
              "height": 720,
              "resizeMode": "none",
              "width": 1280
            },
            "constraints": {}
          },
          "senderParameters": null,
          "adaptation": null,
          "videoCodecPolicyKey": "hardware-or-unknown",
          "videoMutationCounts": null,
          "lastVideoMutation": null,
          "jitterBufferTarget": 360,
          "topology": {
            "sfuViewerCount": 0,
            "sfuConsumerCount": 0,
            "meshScreenSenders": 0,
            "meshActiveScreenSenders": 0,
            "meshViaSfuCount": 0,
            "meshBytesSentTotal": 0,
            "publisherUploadBytes": null
          },
          "reports": {
            "source": null,
            "outbound": {
              "id": "OT01V35096853",
              "timestamp": 1788009034257.285,
              "ssrc": 35096853,
              "kind": "video",
              "mid": "1",
              "active": true,
              "codecId": "COT01_103_level-asymmetry-allowed=1;packetization-mode=1;profile-level-id=42001f",
              "mediaSourceId": "SV0",
              "transportId": "T01",
              "bytesSent": 0,
              "headerBytesSent": 0,
              "packetsSent": 0,
              "retransmittedBytesSent": 0,
              "retransmittedPacketsSent": 0,
              "framesEncoded": 0,
              "framesSent": 0,
              "hugeFramesSent": 0,
              "keyFramesEncoded": 0,
              "totalEncodeTime": 0,
              "totalEncodedBytesTarget": 0,
              "totalPacketSendDelay": 0,
              "qualityLimitationReason": "none",
              "qualityLimitationDurations": {
                "bandwidth": 0,
                "cpu": 0,
                "none": 4.055,
                "other": 0
              },
              "qualityLimitationResolutionChanges": 0,
              "nackCount": 0,
              "firCount": 0,
              "pliCount": 0
            },
            "remoteInbound": null,
            "inbound": {
              "id": "IT01V1020930060",
              "timestamp": 1788009034257.285,
              "ssrc": 1020930060,
              "kind": "video",
              "mid": "1",
              "codecId": "CIT01_103_level-asymmetry-allowed=1;packetization-mode=1;profile-level-id=42001f",
              "remoteId": "ROV1020930060",
              "transportId": "T01",
              "bytesReceived": 111569,
              "headerBytesReceived": 4642,
              "packetsReceived": 117,
              "packetsLost": 0,
              "jitter": 0.069,
              "framesReceived": 10,
              "framesDecoded": 10,
              "framesDropped": 0,
              "keyFramesDecoded": 1,
              "framesPerSecond": 3,
              "frameWidth": 1280,
              "frameHeight": 720,
              "totalDecodeTime": 0.027000999999999997,
              "totalProcessingDelay": 3.020059,
              "totalInterFrameDelay": 2.467,
              "totalSquaredInterFrameDelay": 0.8661910000000002,
              "freezeCount": 0,
              "totalFreezesDuration": 0,
              "pauseCount": 0,
              "totalPausesDuration": 0,
              "jitterBufferDelay": 2.9876449999999997,
              "jitterBufferTargetDelay": 2.1639999999999997,
              "jitterBufferMinimumDelay": 0.26209099999999996,
              "jitterBufferEmittedCount": 10,
              "nackCount": 0,
              "firCount": 0,
              "pliCount": 0,
              "decoderImplementation": "ExternalDecoder (D3D11VideoDecoder)",
              "powerEfficientDecoder": true,
              "framesAssembledFromMultiplePackets": 10,
              "totalAssemblyTime": 1.426019,
              "retransmittedBytesReceived": 0
            },
            "remoteOutbound": {
              "id": "ROV1020930060",
              "timestamp": 1788009033124.497,
              "ssrc": 1020930060,
              "kind": "video",
              "codecId": "CIT01_103_level-asymmetry-allowed=1;packetization-mode=1;profile-level-id=42001f",
              "localId": "IT01V1020930060",
              "transportId": "T01",
              "bytesSent": 85637,
              "packetsSent": 90,
              "remoteTimestamp": 1788009033122.972,
              "reportsSent": 3,
              "totalRoundTripTime": 0
            },
            "codec": {
              "id": "CIT01_103_level-asymmetry-allowed=1;packetization-mode=1;profile-level-id=42001f",
              "timestamp": 1788009034257.285,
              "payloadType": 103,
              "mimeType": "video/H264",
              "clockRate": 90000,
              "sdpFmtpLine": "level-asymmetry-allowed=1;packetization-mode=1;profile-level-id=42001f"
            },
            "transport": {
              "id": "T01",
              "timestamp": 1788009034257.285,
              "bytesSent": 25118,
              "bytesReceived": 144501,
              "packetsSent": 284,
              "packetsReceived": 402,
              "selectedCandidatePairId": "CP1W2CBG0y_dnOudArj",
              "dtlsState": "connected",
              "iceRole": "controlled"
            },
            "candidatePair": {
              "id": "CP1W2CBG0y_dnOudArj",
              "timestamp": 1788009034257.285,
              "state": "succeeded",
              "nominated": true,
              "writable": true,
              "bytesSent": 21428,
              "bytesReceived": 139450,
              "currentRoundTripTime": 0,
              "totalRoundTripTime": 0.001,
              "responsesReceived": 5,
              "availableOutgoingBitrate": 302463,
              "requestsReceived": 5,
              "requestsSent": 5,
              "localCandidateId": "I1W2CBG0y",
              "remoteCandidateId": "IdnOudArj",
              "packetsDiscardedOnSend": 0,
              "bytesDiscardedOnSend": 0
            },
            "localCandidate": {
              "id": "I1W2CBG0y",
              "timestamp": 1788009034257.285,
              "candidateType": "host",
              "protocol": "udp",
              "networkType": "ethernet",
              "address": "fdfd::1ab2:41f1",
              "port": 62286,
              "priority": 2122199807
            },
            "remoteCandidate": {
              "id": "IdnOudArj",
              "timestamp": 1788009034257.285,
              "candidateType": "host",
              "protocol": "udp",
              "address": "fdfd::1ab2:41f1",
              "port": 55417,
              "priority": 2122199807
            }
          }
        },
        {
          "benchmarkElapsedMs": 1750.8184,
          "collectedAt": 1788009034509.4,
          "role": "receiver",
          "transportMode": "mesh",
          "peerId": "30fb8ec1",
          "connectionState": "connected",
          "iceConnectionState": "connected",
          "signalingState": "stable",
          "track": {
            "id": "57f2a56e-3cc7-497f-87bb-4d00cc229433",
            "label": "remote video",
            "enabled": true,
            "muted": false,
            "readyState": "live",
            "settings": {
              "aspectRatio": 1.7777777777777777,
              "deviceId": "57f2a56e-3cc7-497f-87bb-4d00cc229433",
              "frameRate": 7.877135521957725,
              "height": 720,
              "resizeMode": "none",
              "width": 1280
            },
            "constraints": {}
          },
          "senderParameters": null,
          "adaptation": null,
          "videoCodecPolicyKey": "hardware-or-unknown",
          "videoMutationCounts": null,
          "lastVideoMutation": null,
          "jitterBufferTarget": 360,
          "topology": {
            "sfuViewerCount": 0,
            "sfuConsumerCount": 0,
            "meshScreenSenders": 0,
            "meshActiveScreenSenders": 0,
            "meshViaSfuCount": 0,
            "meshBytesSentTotal": 0,
            "publisherUploadBytes": null
          },
          "reports": {
            "source": null,
            "outbound": {
              "id": "OT01V35096853",
              "timestamp": 1788009034508.596,
              "ssrc": 35096853,
              "kind": "video",
              "mid": "1",
              "active": true,
              "codecId": "COT01_103_level-asymmetry-allowed=1;packetization-mode=1;profile-level-id=42001f",
              "mediaSourceId": "SV0",
              "transportId": "T01",
              "bytesSent": 0,
              "headerBytesSent": 0,
              "packetsSent": 0,
              "retransmittedBytesSent": 0,
              "retransmittedPacketsSent": 0,
              "framesEncoded": 0,
              "framesSent": 0,
              "hugeFramesSent": 0,
              "keyFramesEncoded": 0,
              "totalEncodeTime": 0,
              "totalEncodedBytesTarget": 0,
              "totalPacketSendDelay": 0,
              "qualityLimitationReason": "none",
              "qualityLimitationDurations": {
                "bandwidth": 0,
                "cpu": 0,
                "none": 4.306,
                "other": 0
              },
              "qualityLimitationResolutionChanges": 0,
              "nackCount": 0,
              "firCount": 0,
              "pliCount": 0
            },
            "remoteInbound": null,
            "inbound": {
              "id": "IT01V1020930060",
              "timestamp": 1788009034508.596,
              "ssrc": 1020930060,
              "kind": "video",
              "mid": "1",
              "codecId": "CIT01_103_level-asymmetry-allowed=1;packetization-mode=1;profile-level-id=42001f",
              "remoteId": "ROV1020930060",
              "transportId": "T01",
              "bytesReceived": 116943,
              "headerBytesReceived": 4802,
              "packetsReceived": 123,
              "packetsLost": 0,
              "jitter": 0.07,
              "framesReceived": 11,
              "framesDecoded": 11,
              "framesDropped": 0,
              "keyFramesDecoded": 1,
              "framesPerSecond": 3,
              "frameWidth": 1280,
              "frameHeight": 720,
              "totalDecodeTime": 0.027462,
              "totalProcessingDelay": 3.332996,
              "totalInterFrameDelay": 2.841,
              "totalSquaredInterFrameDelay": 1.0060670000000003,
              "freezeCount": 0,
              "totalFreezesDuration": 0,
              "pauseCount": 0,
              "totalPausesDuration": 0,
              "jitterBufferDelay": 3.300099,
              "jitterBufferTargetDelay": 2.513,
              "jitterBufferMinimumDelay": 0.26209099999999996,
              "jitterBufferEmittedCount": 11,
              "nackCount": 0,
              "firCount": 0,
              "pliCount": 0,
              "decoderImplementation": "ExternalDecoder (D3D11VideoDecoder)",
              "powerEfficientDecoder": true,
              "framesAssembledFromMultiplePackets": 11,
              "totalAssemblyTime": 1.512576,
              "retransmittedBytesReceived": 0
            },
            "remoteOutbound": {
              "id": "ROV1020930060",
              "timestamp": 1788009034483.489,
              "ssrc": 1020930060,
              "kind": "video",
              "codecId": "CIT01_103_level-asymmetry-allowed=1;packetization-mode=1;profile-level-id=42001f",
              "localId": "IT01V1020930060",
              "transportId": "T01",
              "bytesSent": 112609,
              "packetsSent": 118,
              "remoteTimestamp": 1788009034481.954,
              "reportsSent": 4,
              "totalRoundTripTime": 0
            },
            "codec": {
              "id": "CIT01_103_level-asymmetry-allowed=1;packetization-mode=1;profile-level-id=42001f",
              "timestamp": 1788009034508.596,
              "payloadType": 103,
              "mimeType": "video/H264",
              "clockRate": 90000,
              "sdpFmtpLine": "level-asymmetry-allowed=1;packetization-mode=1;profile-level-id=42001f"
            },
            "transport": {
              "id": "T01",
              "timestamp": 1788009034508.596,
              "bytesSent": 26837,
              "bytesReceived": 151761,
              "packetsSent": 301,
              "packetsReceived": 425,
              "selectedCandidatePairId": "CP1W2CBG0y_dnOudArj",
              "dtlsState": "connected",
              "iceRole": "controlled"
            },
            "candidatePair": {
              "id": "CP1W2CBG0y_dnOudArj",
              "timestamp": 1788009034508.596,
              "state": "succeeded",
              "nominated": true,
              "writable": true,
              "bytesSent": 23147,
              "bytesReceived": 146710,
              "currentRoundTripTime": 0,
              "totalRoundTripTime": 0.001,
              "responsesReceived": 5,
              "availableOutgoingBitrate": 302463,
              "requestsReceived": 5,
              "requestsSent": 5,
              "localCandidateId": "I1W2CBG0y",
              "remoteCandidateId": "IdnOudArj",
              "packetsDiscardedOnSend": 0,
              "bytesDiscardedOnSend": 0
            },
            "localCandidate": {
              "id": "I1W2CBG0y",
              "timestamp": 1788009034508.596,
              "candidateType": "host",
              "protocol": "udp",
              "networkType": "ethernet",
              "address": "fdfd::1ab2:41f1",
              "port": 62286,
              "priority": 2122199807
            },
            "remoteCandidate": {
              "id": "IdnOudArj",
              "timestamp": 1788009034508.596,
              "candidateType": "host",
              "protocol": "udp",
              "address": "fdfd::1ab2:41f1",
              "port": 55417,
              "priority": 2122199807
            }
          }
        },
        {
          "benchmarkElapsedMs": 2000.8062,
          "collectedAt": 1788009034759.6,
          "role": "receiver",
          "transportMode": "mesh",
          "peerId": "30fb8ec1",
          "connectionState": "connected",
          "iceConnectionState": "connected",
          "signalingState": "stable",
          "track": {
            "id": "57f2a56e-3cc7-497f-87bb-4d00cc229433",
            "label": "remote video",
            "enabled": true,
            "muted": false,
            "readyState": "live",
            "settings": {
              "aspectRatio": 1.7777777777777777,
              "deviceId": "57f2a56e-3cc7-497f-87bb-4d00cc229433",
              "frameRate": 7.877135521957725,
              "height": 720,
              "resizeMode": "none",
              "width": 1280
            },
            "constraints": {}
          },
          "senderParameters": null,
          "adaptation": null,
          "videoCodecPolicyKey": "hardware-or-unknown",
          "videoMutationCounts": null,
          "lastVideoMutation": null,
          "jitterBufferTarget": 360,
          "topology": {
            "sfuViewerCount": 0,
            "sfuConsumerCount": 0,
            "meshScreenSenders": 0,
            "meshActiveScreenSenders": 0,
            "meshViaSfuCount": 0,
            "meshBytesSentTotal": 0,
            "publisherUploadBytes": null
          },
          "reports": {
            "source": null,
            "outbound": {
              "id": "OT01V35096853",
              "timestamp": 1788009034758.838,
              "ssrc": 35096853,
              "kind": "video",
              "mid": "1",
              "active": true,
              "codecId": "COT01_103_level-asymmetry-allowed=1;packetization-mode=1;profile-level-id=42001f",
              "mediaSourceId": "SV0",
              "transportId": "T01",
              "bytesSent": 0,
              "headerBytesSent": 0,
              "packetsSent": 0,
              "retransmittedBytesSent": 0,
              "retransmittedPacketsSent": 0,
              "framesEncoded": 0,
              "framesSent": 0,
              "hugeFramesSent": 0,
              "keyFramesEncoded": 0,
              "totalEncodeTime": 0,
              "totalEncodedBytesTarget": 0,
              "totalPacketSendDelay": 0,
              "qualityLimitationReason": "none",
              "qualityLimitationDurations": {
                "bandwidth": 0,
                "cpu": 0,
                "none": 4.556,
                "other": 0
              },
              "qualityLimitationResolutionChanges": 0,
              "nackCount": 0,
              "firCount": 0,
              "pliCount": 0
            },
            "remoteInbound": null,
            "inbound": {
              "id": "IT01V1020930060",
              "timestamp": 1788009034758.838,
              "ssrc": 1020930060,
              "kind": "video",
              "mid": "1",
              "codecId": "CIT01_103_level-asymmetry-allowed=1;packetization-mode=1;profile-level-id=42001f",
              "remoteId": "ROV1020930060",
              "transportId": "T01",
              "bytesReceived": 121259,
              "headerBytesReceived": 4914,
              "packetsReceived": 127,
              "packetsLost": 0,
              "jitter": 0.07,
              "framesReceived": 12,
              "framesDecoded": 11,
              "framesDropped": 0,
              "keyFramesDecoded": 1,
              "framesPerSecond": 2,
              "frameWidth": 1280,
              "frameHeight": 720,
              "totalDecodeTime": 0.027462,
              "totalProcessingDelay": 3.332996,
              "totalInterFrameDelay": 2.841,
              "totalSquaredInterFrameDelay": 1.0060670000000003,
              "freezeCount": 0,
              "totalFreezesDuration": 0,
              "pauseCount": 0,
              "totalPausesDuration": 0,
              "jitterBufferDelay": 3.300099,
              "jitterBufferTargetDelay": 2.513,
              "jitterBufferMinimumDelay": 0.26209099999999996,
              "jitterBufferEmittedCount": 11,
              "nackCount": 0,
              "firCount": 0,
              "pliCount": 0,
              "decoderImplementation": "ExternalDecoder (D3D11VideoDecoder)",
              "powerEfficientDecoder": true,
              "framesAssembledFromMultiplePackets": 11,
              "totalAssemblyTime": 1.512576,
              "retransmittedBytesReceived": 0
            },
            "remoteOutbound": {
              "id": "ROV1020930060",
              "timestamp": 1788009034483.489,
              "ssrc": 1020930060,
              "kind": "video",
              "codecId": "CIT01_103_level-asymmetry-allowed=1;packetization-mode=1;profile-level-id=42001f",
              "localId": "IT01V1020930060",
              "transportId": "T01",
              "bytesSent": 112609,
              "packetsSent": 118,
              "remoteTimestamp": 1788009034481.954,
              "reportsSent": 4,
              "totalRoundTripTime": 0
            },
            "codec": {
              "id": "CIT01_103_level-asymmetry-allowed=1;packetization-mode=1;profile-level-id=42001f",
              "timestamp": 1788009034758.838,
              "payloadType": 103,
              "mimeType": "video/H264",
              "clockRate": 90000,
              "sdpFmtpLine": "level-asymmetry-allowed=1;packetization-mode=1;profile-level-id=42001f"
            },
            "transport": {
              "id": "T01",
              "timestamp": 1788009034758.838,
              "bytesSent": 28443,
              "bytesReceived": 157946,
              "packetsSent": 317,
              "packetsReceived": 446,
              "selectedCandidatePairId": "CP1W2CBG0y_dnOudArj",
              "dtlsState": "connected",
              "iceRole": "controlled"
            },
            "candidatePair": {
              "id": "CP1W2CBG0y_dnOudArj",
              "timestamp": 1788009034758.838,
              "state": "succeeded",
              "nominated": true,
              "writable": true,
              "bytesSent": 24753,
              "bytesReceived": 152895,
              "currentRoundTripTime": 0,
              "totalRoundTripTime": 0.001,
              "responsesReceived": 5,
              "availableOutgoingBitrate": 302463,
              "requestsReceived": 5,
              "requestsSent": 5,
              "localCandidateId": "I1W2CBG0y",
              "remoteCandidateId": "IdnOudArj",
              "packetsDiscardedOnSend": 0,
              "bytesDiscardedOnSend": 0
            },
            "localCandidate": {
              "id": "I1W2CBG0y",
              "timestamp": 1788009034758.838,
              "candidateType": "host",
              "protocol": "udp",
              "networkType": "ethernet",
              "address": "fdfd::1ab2:41f1",
              "port": 62286,
              "priority": 2122199807
            },
            "remoteCandidate": {
              "id": "IdnOudArj",
              "timestamp": 1788009034758.838,
              "candidateType": "host",
              "protocol": "udp",
              "address": "fdfd::1ab2:41f1",
              "port": 55417,
              "priority": 2122199807
            }
          }
        },
        {
          "benchmarkElapsedMs": 2250.3436,
          "collectedAt": 1788009035008.8,
          "role": "receiver",
          "transportMode": "mesh",
          "peerId": "30fb8ec1",
          "connectionState": "connected",
          "iceConnectionState": "connected",
          "signalingState": "stable",
          "track": {
            "id": "57f2a56e-3cc7-497f-87bb-4d00cc229433",
            "label": "remote video",
            "enabled": true,
            "muted": false,
            "readyState": "live",
            "settings": {
              "aspectRatio": 1.7777777777777777,
              "deviceId": "57f2a56e-3cc7-497f-87bb-4d00cc229433",
              "frameRate": 7.877135521957725,
              "height": 720,
              "resizeMode": "none",
              "width": 1280
            },
            "constraints": {}
          },
          "senderParameters": null,
          "adaptation": null,
          "videoCodecPolicyKey": "hardware-or-unknown",
          "videoMutationCounts": null,
          "lastVideoMutation": null,
          "jitterBufferTarget": 360,
          "topology": {
            "sfuViewerCount": 0,
            "sfuConsumerCount": 0,
            "meshScreenSenders": 0,
            "meshActiveScreenSenders": 0,
            "meshViaSfuCount": 0,
            "meshBytesSentTotal": 0,
            "publisherUploadBytes": null
          },
          "reports": {
            "source": null,
            "outbound": {
              "id": "OT01V35096853",
              "timestamp": 1788009035008.095,
              "ssrc": 35096853,
              "kind": "video",
              "mid": "1",
              "active": true,
              "codecId": "COT01_103_level-asymmetry-allowed=1;packetization-mode=1;profile-level-id=42001f",
              "mediaSourceId": "SV0",
              "transportId": "T01",
              "bytesSent": 0,
              "headerBytesSent": 0,
              "packetsSent": 0,
              "retransmittedBytesSent": 0,
              "retransmittedPacketsSent": 0,
              "framesEncoded": 0,
              "framesSent": 0,
              "hugeFramesSent": 0,
              "keyFramesEncoded": 0,
              "totalEncodeTime": 0,
              "totalEncodedBytesTarget": 0,
              "totalPacketSendDelay": 0,
              "qualityLimitationReason": "none",
              "qualityLimitationDurations": {
                "bandwidth": 0,
                "cpu": 0,
                "none": 4.805,
                "other": 0
              },
              "qualityLimitationResolutionChanges": 0,
              "nackCount": 0,
              "firCount": 0,
              "pliCount": 0
            },
            "remoteInbound": null,
            "inbound": {
              "id": "IT01V1020930060",
              "timestamp": 1788009035008.095,
              "ssrc": 1020930060,
              "kind": "video",
              "mid": "1",
              "codecId": "CIT01_103_level-asymmetry-allowed=1;packetization-mode=1;profile-level-id=42001f",
              "remoteId": "ROV1020930060",
              "transportId": "T01",
              "bytesReceived": 130806,
              "headerBytesReceived": 5170,
              "packetsReceived": 137,
              "packetsLost": 0,
              "jitter": 0.07,
              "framesReceived": 13,
              "framesDecoded": 12,
              "framesDropped": 0,
              "keyFramesDecoded": 1,
              "framesPerSecond": 3,
              "frameWidth": 1280,
              "frameHeight": 720,
              "totalDecodeTime": 0.028997,
              "totalProcessingDelay": 3.64227,
              "totalInterFrameDelay": 3.17,
              "totalSquaredInterFrameDelay": 1.1143080000000003,
              "freezeCount": 0,
              "totalFreezesDuration": 0,
              "pauseCount": 0,
              "totalPausesDuration": 0,
              "jitterBufferDelay": 3.607811,
              "jitterBufferTargetDelay": 2.8619999999999997,
              "jitterBufferMinimumDelay": 0.26209099999999996,
              "jitterBufferEmittedCount": 12,
              "nackCount": 0,
              "firCount": 0,
              "pliCount": 0,
              "decoderImplementation": "ExternalDecoder (D3D11VideoDecoder)",
              "powerEfficientDecoder": true,
              "framesAssembledFromMultiplePackets": 12,
              "totalAssemblyTime": 1.5852309999999998,
              "retransmittedBytesReceived": 0
            },
            "remoteOutbound": {
              "id": "ROV1020930060",
              "timestamp": 1788009034483.489,
              "ssrc": 1020930060,
              "kind": "video",
              "codecId": "CIT01_103_level-asymmetry-allowed=1;packetization-mode=1;profile-level-id=42001f",
              "localId": "IT01V1020930060",
              "transportId": "T01",
              "bytesSent": 112609,
              "packetsSent": 118,
              "remoteTimestamp": 1788009034481.954,
              "reportsSent": 4,
              "totalRoundTripTime": 0
            },
            "codec": {
              "id": "CIT01_103_level-asymmetry-allowed=1;packetization-mode=1;profile-level-id=42001f",
              "timestamp": 1788009035008.095,
              "payloadType": 103,
              "mimeType": "video/H264",
              "clockRate": 90000,
              "sdpFmtpLine": "level-asymmetry-allowed=1;packetization-mode=1;profile-level-id=42001f"
            },
            "transport": {
              "id": "T01",
              "timestamp": 1788009035008.095,
              "bytesSent": 30166,
              "bytesReceived": 169445,
              "packetsSent": 334,
              "packetsReceived": 472,
              "selectedCandidatePairId": "CP1W2CBG0y_dnOudArj",
              "dtlsState": "connected",
              "iceRole": "controlled"
            },
            "candidatePair": {
              "id": "CP1W2CBG0y_dnOudArj",
              "timestamp": 1788009035008.095,
              "state": "succeeded",
              "nominated": true,
              "writable": true,
              "bytesSent": 26476,
              "bytesReceived": 164394,
              "currentRoundTripTime": 0,
              "totalRoundTripTime": 0.001,
              "responsesReceived": 5,
              "availableOutgoingBitrate": 302463,
              "requestsReceived": 5,
              "requestsSent": 5,
              "localCandidateId": "I1W2CBG0y",
              "remoteCandidateId": "IdnOudArj",
              "packetsDiscardedOnSend": 0,
              "bytesDiscardedOnSend": 0
            },
            "localCandidate": {
              "id": "I1W2CBG0y",
              "timestamp": 1788009035008.095,
              "candidateType": "host",
              "protocol": "udp",
              "networkType": "ethernet",
              "address": "fdfd::1ab2:41f1",
              "port": 62286,
              "priority": 2122199807
            },
            "remoteCandidate": {
              "id": "IdnOudArj",
              "timestamp": 1788009035008.095,
              "candidateType": "host",
              "protocol": "udp",
              "address": "fdfd::1ab2:41f1",
              "port": 55417,
              "priority": 2122199807
            }
          }
        },
        {
          "benchmarkElapsedMs": 2500.4307,
          "collectedAt": 1788009035258.9,
          "role": "receiver",
          "transportMode": "mesh",
          "peerId": "30fb8ec1",
          "connectionState": "connected",
          "iceConnectionState": "connected",
          "signalingState": "stable",
          "track": {
            "id": "57f2a56e-3cc7-497f-87bb-4d00cc229433",
            "label": "remote video",
            "enabled": true,
            "muted": false,
            "readyState": "live",
            "settings": {
              "aspectRatio": 1.7777777777777777,
              "deviceId": "57f2a56e-3cc7-497f-87bb-4d00cc229433",
              "frameRate": 5.4134574954859165,
              "height": 720,
              "resizeMode": "none",
              "width": 1280
            },
            "constraints": {}
          },
          "senderParameters": null,
          "adaptation": null,
          "videoCodecPolicyKey": "hardware-or-unknown",
          "videoMutationCounts": null,
          "lastVideoMutation": null,
          "jitterBufferTarget": 360,
          "topology": {
            "sfuViewerCount": 0,
            "sfuConsumerCount": 0,
            "meshScreenSenders": 0,
            "meshActiveScreenSenders": 0,
            "meshViaSfuCount": 0,
            "meshBytesSentTotal": 0,
            "publisherUploadBytes": null
          },
          "reports": {
            "source": null,
            "outbound": {
              "id": "OT01V35096853",
              "timestamp": 1788009035258.131,
              "ssrc": 35096853,
              "kind": "video",
              "mid": "1",
              "active": true,
              "codecId": "COT01_103_level-asymmetry-allowed=1;packetization-mode=1;profile-level-id=42001f",
              "mediaSourceId": "SV0",
              "transportId": "T01",
              "bytesSent": 0,
              "headerBytesSent": 0,
              "packetsSent": 0,
              "retransmittedBytesSent": 0,
              "retransmittedPacketsSent": 0,
              "framesEncoded": 0,
              "framesSent": 0,
              "hugeFramesSent": 0,
              "keyFramesEncoded": 0,
              "totalEncodeTime": 0,
              "totalEncodedBytesTarget": 0,
              "totalPacketSendDelay": 0,
              "qualityLimitationReason": "none",
              "qualityLimitationDurations": {
                "bandwidth": 0,
                "cpu": 0,
                "none": 5.055,
                "other": 0
              },
              "qualityLimitationResolutionChanges": 0,
              "nackCount": 0,
              "firCount": 0,
              "pliCount": 0
            },
            "remoteInbound": null,
            "inbound": {
              "id": "IT01V1020930060",
              "timestamp": 1788009035258.131,
              "ssrc": 1020930060,
              "kind": "video",
              "mid": "1",
              "codecId": "CIT01_103_level-asymmetry-allowed=1;packetization-mode=1;profile-level-id=42001f",
              "remoteId": "ROV1020930060",
              "transportId": "T01",
              "bytesReceived": 134300,
              "headerBytesReceived": 5266,
              "packetsReceived": 141,
              "packetsLost": 0,
              "jitter": 0.072,
              "framesReceived": 13,
              "framesDecoded": 13,
              "framesDropped": 0,
              "keyFramesDecoded": 1,
              "framesPerSecond": 3,
              "frameWidth": 1280,
              "frameHeight": 720,
              "totalDecodeTime": 0.029446999999999997,
              "totalProcessingDelay": 3.9572939999999996,
              "totalInterFrameDelay": 3.529,
              "totalSquaredInterFrameDelay": 1.2431890000000003,
              "freezeCount": 0,
              "totalFreezesDuration": 0,
              "pauseCount": 0,
              "totalPausesDuration": 0,
              "jitterBufferDelay": 3.922364,
              "jitterBufferTargetDelay": 3.211,
              "jitterBufferMinimumDelay": 0.26209099999999996,
              "jitterBufferEmittedCount": 13,
              "nackCount": 0,
              "firCount": 0,
              "pliCount": 0,
              "decoderImplementation": "ExternalDecoder (D3D11VideoDecoder)",
              "powerEfficientDecoder": true,
              "framesAssembledFromMultiplePackets": 13,
              "totalAssemblyTime": 1.684682,
              "retransmittedBytesReceived": 0
            },
            "remoteOutbound": {
              "id": "ROV1020930060",
              "timestamp": 1788009035093.07,
              "ssrc": 1020930060,
              "kind": "video",
              "codecId": "CIT01_103_level-asymmetry-allowed=1;packetization-mode=1;profile-level-id=42001f",
              "localId": "IT01V1020930060",
              "transportId": "T01",
              "bytesSent": 130806,
              "packetsSent": 137,
              "remoteTimestamp": 1788009035091.439,
              "reportsSent": 5,
              "totalRoundTripTime": 0
            },
            "codec": {
              "id": "CIT01_103_level-asymmetry-allowed=1;packetization-mode=1;profile-level-id=42001f",
              "timestamp": 1788009035258.131,
              "payloadType": 103,
              "mimeType": "video/H264",
              "clockRate": 90000,
              "sdpFmtpLine": "level-asymmetry-allowed=1;packetization-mode=1;profile-level-id=42001f"
            },
            "transport": {
              "id": "T01",
              "timestamp": 1788009035258.131,
              "bytesSent": 31350,
              "bytesReceived": 174464,
              "packetsSent": 350,
              "packetsReceived": 493,
              "selectedCandidatePairId": "CP1W2CBG0y_dnOudArj",
              "dtlsState": "connected",
              "iceRole": "controlled"
            },
            "candidatePair": {
              "id": "CP1W2CBG0y_dnOudArj",
              "timestamp": 1788009035258.131,
              "state": "succeeded",
              "nominated": true,
              "writable": true,
              "bytesSent": 27660,
              "bytesReceived": 169413,
              "currentRoundTripTime": 0,
              "totalRoundTripTime": 0.002,
              "responsesReceived": 6,
              "availableOutgoingBitrate": 302463,
              "requestsReceived": 5,
              "requestsSent": 6,
              "localCandidateId": "I1W2CBG0y",
              "remoteCandidateId": "IdnOudArj",
              "packetsDiscardedOnSend": 0,
              "bytesDiscardedOnSend": 0
            },
            "localCandidate": {
              "id": "I1W2CBG0y",
              "timestamp": 1788009035258.131,
              "candidateType": "host",
              "protocol": "udp",
              "networkType": "ethernet",
              "address": "fdfd::1ab2:41f1",
              "port": 62286,
              "priority": 2122199807
            },
            "remoteCandidate": {
              "id": "IdnOudArj",
              "timestamp": 1788009035258.131,
              "candidateType": "host",
              "protocol": "udp",
              "address": "fdfd::1ab2:41f1",
              "port": 55417,
              "priority": 2122199807
            }
          }
        },
        {
          "benchmarkElapsedMs": 2750.0606,
          "collectedAt": 1788009035508.5,
          "role": "receiver",
          "transportMode": "mesh",
          "peerId": "30fb8ec1",
          "connectionState": "connected",
          "iceConnectionState": "connected",
          "signalingState": "stable",
          "track": {
            "id": "57f2a56e-3cc7-497f-87bb-4d00cc229433",
            "label": "remote video",
            "enabled": true,
            "muted": false,
            "readyState": "live",
            "settings": {
              "aspectRatio": 1.7777777777777777,
              "deviceId": "57f2a56e-3cc7-497f-87bb-4d00cc229433",
              "frameRate": 5.4134574954859165,
              "height": 720,
              "resizeMode": "none",
              "width": 1280
            },
            "constraints": {}
          },
          "senderParameters": null,
          "adaptation": null,
          "videoCodecPolicyKey": "hardware-or-unknown",
          "videoMutationCounts": null,
          "lastVideoMutation": null,
          "jitterBufferTarget": 360,
          "topology": {
            "sfuViewerCount": 0,
            "sfuConsumerCount": 0,
            "meshScreenSenders": 0,
            "meshActiveScreenSenders": 0,
            "meshViaSfuCount": 0,
            "meshBytesSentTotal": 0,
            "publisherUploadBytes": null
          },
          "reports": {
            "source": null,
            "outbound": {
              "id": "OT01V35096853",
              "timestamp": 1788009035507.765,
              "ssrc": 35096853,
              "kind": "video",
              "mid": "1",
              "active": true,
              "codecId": "COT01_103_level-asymmetry-allowed=1;packetization-mode=1;profile-level-id=42001f",
              "mediaSourceId": "SV0",
              "transportId": "T01",
              "bytesSent": 0,
              "headerBytesSent": 0,
              "packetsSent": 0,
              "retransmittedBytesSent": 0,
              "retransmittedPacketsSent": 0,
              "framesEncoded": 0,
              "framesSent": 0,
              "hugeFramesSent": 0,
              "keyFramesEncoded": 0,
              "totalEncodeTime": 0,
              "totalEncodedBytesTarget": 0,
              "totalPacketSendDelay": 0,
              "qualityLimitationReason": "none",
              "qualityLimitationDurations": {
                "bandwidth": 0,
                "cpu": 0,
                "none": 5.305,
                "other": 0
              },
              "qualityLimitationResolutionChanges": 0,
              "nackCount": 0,
              "firCount": 0,
              "pliCount": 0
            },
            "remoteInbound": null,
            "inbound": {
              "id": "IT01V1020930060",
              "timestamp": 1788009035507.765,
              "ssrc": 1020930060,
              "kind": "video",
              "mid": "1",
              "codecId": "CIT01_103_level-asymmetry-allowed=1;packetization-mode=1;profile-level-id=42001f",
              "remoteId": "ROV1020930060",
              "transportId": "T01",
              "bytesReceived": 140104,
              "headerBytesReceived": 5402,
              "packetsReceived": 146,
              "packetsLost": 0,
              "jitter": 0.072,
              "framesReceived": 14,
              "framesDecoded": 13,
              "framesDropped": 0,
              "keyFramesDecoded": 1,
              "framesPerSecond": 2,
              "frameWidth": 1280,
              "frameHeight": 720,
              "totalDecodeTime": 0.029446999999999997,
              "totalProcessingDelay": 3.9572939999999996,
              "totalInterFrameDelay": 3.529,
              "totalSquaredInterFrameDelay": 1.2431890000000003,
              "freezeCount": 0,
              "totalFreezesDuration": 0,
              "pauseCount": 0,
              "totalPausesDuration": 0,
              "jitterBufferDelay": 3.922364,
              "jitterBufferTargetDelay": 3.211,
              "jitterBufferMinimumDelay": 0.26209099999999996,
              "jitterBufferEmittedCount": 13,
              "nackCount": 0,
              "firCount": 0,
              "pliCount": 0,
              "decoderImplementation": "ExternalDecoder (D3D11VideoDecoder)",
              "powerEfficientDecoder": true,
              "framesAssembledFromMultiplePackets": 13,
              "totalAssemblyTime": 1.684682,
              "retransmittedBytesReceived": 0
            },
            "remoteOutbound": {
              "id": "ROV1020930060",
              "timestamp": 1788009035093.07,
              "ssrc": 1020930060,
              "kind": "video",
              "codecId": "CIT01_103_level-asymmetry-allowed=1;packetization-mode=1;profile-level-id=42001f",
              "localId": "IT01V1020930060",
              "transportId": "T01",
              "bytesSent": 130806,
              "packetsSent": 137,
              "remoteTimestamp": 1788009035091.439,
              "reportsSent": 5,
              "totalRoundTripTime": 0
            },
            "codec": {
              "id": "CIT01_103_level-asymmetry-allowed=1;packetization-mode=1;profile-level-id=42001f",
              "timestamp": 1788009035507.765,
              "payloadType": 103,
              "mimeType": "video/H264",
              "clockRate": 90000,
              "sdpFmtpLine": "level-asymmetry-allowed=1;packetization-mode=1;profile-level-id=42001f"
            },
            "transport": {
              "id": "T01",
              "timestamp": 1788009035507.765,
              "bytesSent": 32781,
              "bytesReceived": 181704,
              "packetsSent": 367,
              "packetsReceived": 514,
              "selectedCandidatePairId": "CP1W2CBG0y_dnOudArj",
              "dtlsState": "connected",
              "iceRole": "controlled"
            },
            "candidatePair": {
              "id": "CP1W2CBG0y_dnOudArj",
              "timestamp": 1788009035507.765,
              "state": "succeeded",
              "nominated": true,
              "writable": true,
              "bytesSent": 29091,
              "bytesReceived": 176653,
              "currentRoundTripTime": 0,
              "totalRoundTripTime": 0.002,
              "responsesReceived": 6,
              "availableOutgoingBitrate": 302463,
              "requestsReceived": 6,
              "requestsSent": 6,
              "localCandidateId": "I1W2CBG0y",
              "remoteCandidateId": "IdnOudArj",
              "packetsDiscardedOnSend": 0,
              "bytesDiscardedOnSend": 0
            },
            "localCandidate": {
              "id": "I1W2CBG0y",
              "timestamp": 1788009035507.765,
              "candidateType": "host",
              "protocol": "udp",
              "networkType": "ethernet",
              "address": "fdfd::1ab2:41f1",
              "port": 62286,
              "priority": 2122199807
            },
            "remoteCandidate": {
              "id": "IdnOudArj",
              "timestamp": 1788009035507.765,
              "candidateType": "host",
              "protocol": "udp",
              "address": "fdfd::1ab2:41f1",
              "port": 55417,
              "priority": 2122199807
            }
          }
        },
        {
          "benchmarkElapsedMs": 3000.2448000000004,
          "collectedAt": 1788009035759.1,
          "role": "receiver",
          "transportMode": "mesh",
          "peerId": "30fb8ec1",
          "connectionState": "connected",
          "iceConnectionState": "connected",
          "signalingState": "stable",
          "track": {
            "id": "57f2a56e-3cc7-497f-87bb-4d00cc229433",
            "label": "remote video",
            "enabled": true,
            "muted": false,
            "readyState": "live",
            "settings": {
              "aspectRatio": 1.7777777777777777,
              "deviceId": "57f2a56e-3cc7-497f-87bb-4d00cc229433",
              "frameRate": 5.4134574954859165,
              "height": 720,
              "resizeMode": "none",
              "width": 1280
            },
            "constraints": {}
          },
          "senderParameters": null,
          "adaptation": null,
          "videoCodecPolicyKey": "hardware-or-unknown",
          "videoMutationCounts": null,
          "lastVideoMutation": null,
          "jitterBufferTarget": 360,
          "topology": {
            "sfuViewerCount": 0,
            "sfuConsumerCount": 0,
            "meshScreenSenders": 0,
            "meshActiveScreenSenders": 0,
            "meshViaSfuCount": 0,
            "meshBytesSentTotal": 0,
            "publisherUploadBytes": null
          },
          "reports": {
            "source": null,
            "outbound": {
              "id": "OT01V35096853",
              "timestamp": 1788009035758.312,
              "ssrc": 35096853,
              "kind": "video",
              "mid": "1",
              "active": true,
              "codecId": "COT01_103_level-asymmetry-allowed=1;packetization-mode=1;profile-level-id=42001f",
              "mediaSourceId": "SV0",
              "transportId": "T01",
              "bytesSent": 0,
              "headerBytesSent": 849,
              "packetsSent": 3,
              "retransmittedBytesSent": 0,
              "retransmittedPacketsSent": 0,
              "framesEncoded": 0,
              "framesSent": 0,
              "hugeFramesSent": 0,
              "keyFramesEncoded": 0,
              "totalEncodeTime": 0,
              "totalEncodedBytesTarget": 0,
              "totalPacketSendDelay": 0,
              "qualityLimitationReason": "none",
              "qualityLimitationDurations": {
                "bandwidth": 0,
                "cpu": 0,
                "none": 5.555,
                "other": 0
              },
              "qualityLimitationResolutionChanges": 0,
              "nackCount": 0,
              "firCount": 0,
              "pliCount": 0
            },
            "remoteInbound": null,
            "inbound": {
              "id": "IT01V1020930060",
              "timestamp": 1788009035758.312,
              "ssrc": 1020930060,
              "kind": "video",
              "mid": "1",
              "codecId": "CIT01_103_level-asymmetry-allowed=1;packetization-mode=1;profile-level-id=42001f",
              "remoteId": "ROV1020930060",
              "transportId": "T01",
              "bytesReceived": 157006,
              "headerBytesReceived": 5906,
              "packetsReceived": 165,
              "packetsLost": 0,
              "jitter": 0.065,
              "framesReceived": 17,
              "framesDecoded": 14,
              "framesDropped": 0,
              "keyFramesDecoded": 2,
              "framesPerSecond": 3,
              "frameWidth": 1280,
              "frameHeight": 720,
              "totalDecodeTime": 0.030064999999999998,
              "totalProcessingDelay": 4.281042,
              "totalInterFrameDelay": 3.919,
              "totalSquaredInterFrameDelay": 1.3952890000000004,
              "freezeCount": 0,
              "totalFreezesDuration": 0,
              "pauseCount": 0,
              "totalPausesDuration": 0,
              "jitterBufferDelay": 4.245473,
              "jitterBufferTargetDelay": 3.56,
              "jitterBufferMinimumDelay": 0.26209099999999996,
              "jitterBufferEmittedCount": 14,
              "nackCount": 0,
              "firCount": 0,
              "pliCount": 0,
              "decoderImplementation": "ExternalDecoder (D3D11VideoDecoder)",
              "powerEfficientDecoder": true,
              "framesAssembledFromMultiplePackets": 14,
              "totalAssemblyTime": 1.784128,
              "retransmittedBytesReceived": 0
            },
            "remoteOutbound": {
              "id": "ROV1020930060",
              "timestamp": 1788009035093.07,
              "ssrc": 1020930060,
              "kind": "video",
              "codecId": "CIT01_103_level-asymmetry-allowed=1;packetization-mode=1;profile-level-id=42001f",
              "localId": "IT01V1020930060",
              "transportId": "T01",
              "bytesSent": 130806,
              "packetsSent": 137,
              "remoteTimestamp": 1788009035091.439,
              "reportsSent": 5,
              "totalRoundTripTime": 0
            },
            "codec": {
              "id": "CIT01_103_level-asymmetry-allowed=1;packetization-mode=1;profile-level-id=42001f",
              "timestamp": 1788009035758.312,
              "payloadType": 103,
              "mimeType": "video/H264",
              "clockRate": 90000,
              "sdpFmtpLine": "level-asymmetry-allowed=1;packetization-mode=1;profile-level-id=42001f"
            },
            "transport": {
              "id": "T01",
              "timestamp": 1788009035758.312,
              "bytesSent": 34937,
              "bytesReceived": 200612,
              "packetsSent": 387,
              "packetsReceived": 550,
              "selectedCandidatePairId": "CP1W2CBG0y_dnOudArj",
              "dtlsState": "connected",
              "iceRole": "controlled"
            },
            "candidatePair": {
              "id": "CP1W2CBG0y_dnOudArj",
              "timestamp": 1788009035758.312,
              "state": "succeeded",
              "nominated": true,
              "writable": true,
              "bytesSent": 31247,
              "bytesReceived": 195561,
              "currentRoundTripTime": 0,
              "totalRoundTripTime": 0.002,
              "responsesReceived": 6,
              "availableOutgoingBitrate": 274000,
              "requestsReceived": 6,
              "requestsSent": 6,
              "localCandidateId": "I1W2CBG0y",
              "remoteCandidateId": "IdnOudArj",
              "packetsDiscardedOnSend": 0,
              "bytesDiscardedOnSend": 0
            },
            "localCandidate": {
              "id": "I1W2CBG0y",
              "timestamp": 1788009035758.312,
              "candidateType": "host",
              "protocol": "udp",
              "networkType": "ethernet",
              "address": "fdfd::1ab2:41f1",
              "port": 62286,
              "priority": 2122199807
            },
            "remoteCandidate": {
              "id": "IdnOudArj",
              "timestamp": 1788009035758.312,
              "candidateType": "host",
              "protocol": "udp",
              "address": "fdfd::1ab2:41f1",
              "port": 55417,
              "priority": 2122199807
            }
          }
        }
      ],
      "renderSamples": [
        {
          "callbackNow": 3511.2,
          "absoluteCallbackTime": 1788009033028.2,
          "expectedDisplayTime": 3511.2,
          "presentationTime": 3505.2,
          "captureTime": null,
          "receiveTime": 3239.8,
          "mediaTime": 1.271,
          "processingDuration": 0.0006,
          "presentedFrames": 7,
          "rtpTimestamp": 3897676599,
          "width": 1280,
          "height": 720,
          "videoWidth": 1280,
          "videoHeight": 720,
          "currentTime": 1.271,
          "readyState": 4
        },
        {
          "callbackNow": 3935.4,
          "absoluteCallbackTime": 1788009033452.4,
          "expectedDisplayTime": 3929.4,
          "presentationTime": 3929.5,
          "captureTime": null,
          "receiveTime": 3600.4,
          "mediaTime": 1.616,
          "processingDuration": 0.0004,
          "presentedFrames": 8,
          "rtpTimestamp": 3897709899,
          "width": 1280,
          "height": 720,
          "videoWidth": 1280,
          "videoHeight": 720,
          "currentTime": 1.616,
          "readyState": 4
        },
        {
          "callbackNow": 4214.2,
          "absoluteCallbackTime": 1788009033731.2,
          "expectedDisplayTime": 4214.1,
          "presentationTime": 4208.2,
          "captureTime": null,
          "receiveTime": 3980.4,
          "mediaTime": 1.977,
          "processingDuration": 0.0003,
          "presentedFrames": 9,
          "rtpTimestamp": 3897742569,
          "width": 1280,
          "height": 720,
          "videoWidth": 1280,
          "videoHeight": 720,
          "currentTime": 1.977,
          "readyState": 4
        },
        {
          "callbackNow": 4602,
          "absoluteCallbackTime": 1788009034119,
          "expectedDisplayTime": 4602,
          "presentationTime": 4596.1,
          "captureTime": null,
          "receiveTime": 4360.7,
          "mediaTime": 2.365,
          "processingDuration": 0.0005,
          "presentedFrames": 10,
          "rtpTimestamp": 3897778569,
          "width": 1280,
          "height": 720,
          "videoWidth": 1280,
          "videoHeight": 720,
          "currentTime": 2.365,
          "readyState": 4
        },
        {
          "callbackNow": 4977.8,
          "absoluteCallbackTime": 1788009034494.8,
          "expectedDisplayTime": 4977.8,
          "presentationTime": 4971.9,
          "captureTime": null,
          "receiveTime": 4740.7,
          "mediaTime": 2.74,
          "processingDuration": 0.0004,
          "presentedFrames": 11,
          "rtpTimestamp": 3897811869,
          "width": 1280,
          "height": 720,
          "videoWidth": 1280,
          "videoHeight": 720,
          "currentTime": 2.74,
          "readyState": 4
        },
        {
          "callbackNow": 5311.1,
          "absoluteCallbackTime": 1788009034828.1,
          "expectedDisplayTime": 5311.1,
          "presentationTime": 5305.2,
          "captureTime": null,
          "receiveTime": 5059.3,
          "mediaTime": 3.072,
          "processingDuration": 0.0015,
          "presentedFrames": 12,
          "rtpTimestamp": 3897841839,
          "width": 1280,
          "height": 720,
          "videoWidth": 1280,
          "videoHeight": 720,
          "currentTime": 3.072,
          "readyState": 4
        },
        {
          "callbackNow": 5868.7,
          "absoluteCallbackTime": 1788009035385.7,
          "expectedDisplayTime": 5862.6,
          "presentationTime": 5862.8,
          "captureTime": null,
          "receiveTime": 5439.3,
          "mediaTime": 3.431,
          "processingDuration": 0.0004,
          "presentedFrames": 13,
          "rtpTimestamp": 3897873519,
          "width": 1280,
          "height": 720,
          "videoWidth": 1280,
          "videoHeight": 720,
          "currentTime": 3.431,
          "readyState": 4
        },
        {
          "callbackNow": 6056.5,
          "absoluteCallbackTime": 1788009035573.5,
          "expectedDisplayTime": 6056.6,
          "presentationTime": 6050.7,
          "captureTime": null,
          "receiveTime": 5820.6,
          "mediaTime": 3.817,
          "processingDuration": 0.0006,
          "presentedFrames": 14,
          "rtpTimestamp": 3897907899,
          "width": 1280,
          "height": 720,
          "videoWidth": 1280,
          "videoHeight": 720,
          "currentTime": 3.817,
          "readyState": 4
        }
      ],
      "resourceSamples": [
        {
          "benchmarkElapsedMs": 1012.3089,
          "collectedAt": 5201.1005,
          "wallTime": "2026-08-29T13:10:33.771Z",
          "electronProcesses": [
            {
              "pid": 30472,
              "role": "main",
              "type": "Browser",
              "name": null,
              "serviceName": null,
              "creationTime": 1788009028551.521,
              "sandboxed": false,
              "integrityLevel": "medium",
              "cpu": {
                "percentCPUUsage": 0.18322203262307415,
                "idleWakeupsPerSecond": 0
              },
              "memoryKiB": {
                "workingSet": 192940,
                "peakWorkingSet": 230820,
                "private": 96916,
                "shared": null
              }
            },
            {
              "pid": 35420,
              "role": "gpu-process",
              "type": "GPU",
              "name": null,
              "serviceName": "GPU",
              "creationTime": 1788009028646.646,
              "sandboxed": true,
              "integrityLevel": "low",
              "cpu": {
                "percentCPUUsage": 1.9460774912467051,
                "idleWakeupsPerSecond": 0
              },
              "memoryKiB": {
                "workingSet": 254360,
                "peakWorkingSet": 257064,
                "private": 241992,
                "shared": null
              }
            },
            {
              "pid": 24404,
              "role": "utility-process",
              "type": "Utility",
              "name": "Network Service",
              "serviceName": "network.mojom.NetworkService",
              "creationTime": 1788009028650.313,
              "sandboxed": false,
              "integrityLevel": "medium",
              "cpu": {
                "percentCPUUsage": 0.11174599880601008,
                "idleWakeupsPerSecond": 0
              },
              "memoryKiB": {
                "workingSet": 112020,
                "peakWorkingSet": 112020,
                "private": 18064,
                "shared": null
              }
            },
            {
              "pid": 24312,
              "role": "utility-process",
              "type": "Utility",
              "name": "Tracing Service",
              "serviceName": "tracing.mojom.TracingService",
              "creationTime": 1788009028681.158,
              "sandboxed": true,
              "integrityLevel": "untrusted",
              "cpu": {
                "percentCPUUsage": 0.009951974806197738,
                "idleWakeupsPerSecond": 0
              },
              "memoryKiB": {
                "workingSet": 103592,
                "peakWorkingSet": 103592,
                "private": 15288,
                "shared": null
              }
            },
            {
              "pid": 35652,
              "role": "fixture-renderer",
              "type": "Tab",
              "name": null,
              "serviceName": null,
              "creationTime": 1788009029037.485,
              "sandboxed": true,
              "integrityLevel": "untrusted",
              "cpu": {
                "percentCPUUsage": 0.6345719026178772,
                "idleWakeupsPerSecond": 0
              },
              "memoryKiB": {
                "workingSet": 133080,
                "peakWorkingSet": 136816,
                "private": 46960,
                "shared": null
              }
            },
            {
              "pid": 35068,
              "role": "sender-renderer",
              "type": "Tab",
              "name": null,
              "serviceName": null,
              "creationTime": 1788009029452.514,
              "sandboxed": true,
              "integrityLevel": "untrusted",
              "cpu": {
                "percentCPUUsage": 0.9525394824062582,
                "idleWakeupsPerSecond": 0
              },
              "memoryKiB": {
                "workingSet": 156156,
                "peakWorkingSet": 156568,
                "private": 72012,
                "shared": null
              }
            },
            {
              "pid": 33432,
              "role": "receiver-renderer",
              "type": "Tab",
              "name": null,
              "serviceName": null,
              "creationTime": 1788009029525.527,
              "sandboxed": true,
              "integrityLevel": "untrusted",
              "cpu": {
                "percentCPUUsage": 0.7947115611575319,
                "idleWakeupsPerSecond": 0
              },
              "memoryKiB": {
                "workingSet": 150036,
                "peakWorkingSet": 150036,
                "private": 67004,
                "shared": null
              }
            },
            {
              "pid": 31980,
              "role": "utility-process",
              "type": "Utility",
              "name": "Audio Service",
              "serviceName": "audio.mojom.AudioService",
              "creationTime": 1788009029562.186,
              "sandboxed": true,
              "integrityLevel": "low",
              "cpu": {
                "percentCPUUsage": 0.3638599060375358,
                "idleWakeupsPerSecond": 0
              },
              "memoryKiB": {
                "workingSet": 111068,
                "peakWorkingSet": 111068,
                "private": 16696,
                "shared": null
              }
            },
            {
              "pid": 33728,
              "role": "utility-process",
              "type": "Utility",
              "name": "Video Capture",
              "serviceName": "video_capture.mojom.VideoCaptureService",
              "creationTime": 1788009029560.326,
              "sandboxed": false,
              "integrityLevel": "medium",
              "cpu": {
                "percentCPUUsage": 0.004831381111143894,
                "idleWakeupsPerSecond": 0
              },
              "memoryKiB": {
                "workingSet": 130804,
                "peakWorkingSet": 132988,
                "private": 71688,
                "shared": null
              }
            }
          ],
          "mainProcess": {
            "pid": 30472,
            "cpu": {
              "percentCPUUsage": 0.18235767703504355,
              "idleWakeupsPerSecond": 0
            },
            "memoryKiB": {
              "residentSet": 192940,
              "private": 96916,
              "shared": 1636
            },
            "nodeMemoryBytes": {
              "rss": 197570560,
              "heapTotal": 10223616,
              "heapUsed": 6688556,
              "external": 4148169,
              "arrayBuffers": 0
            }
          },
          "systemMemoryKiB": {
            "total": 33501248,
            "free": 17201668,
            "swapTotal": 39268416,
            "swapFree": 16999544
          },
          "nvidia": null
        },
        {
          "benchmarkElapsedMs": 2000.8062,
          "collectedAt": 6189.6974,
          "wallTime": "2026-08-29T13:10:34.760Z",
          "electronProcesses": [
            {
              "pid": 30472,
              "role": "main",
              "type": "Browser",
              "name": null,
              "serviceName": null,
              "creationTime": 1788009028551.521,
              "sandboxed": false,
              "integrityLevel": "medium",
              "cpu": {
                "percentCPUUsage": 0.15259107665289506,
                "idleWakeupsPerSecond": 0
              },
              "memoryKiB": {
                "workingSet": 192976,
                "peakWorkingSet": 230820,
                "private": 96948,
                "shared": null
              }
            },
            {
              "pid": 35420,
              "role": "gpu-process",
              "type": "GPU",
              "name": null,
              "serviceName": "GPU",
              "creationTime": 1788009028646.646,
              "sandboxed": true,
              "integrityLevel": "low",
              "cpu": {
                "percentCPUUsage": 1.8563721037041834,
                "idleWakeupsPerSecond": 0
              },
              "memoryKiB": {
                "workingSet": 254936,
                "peakWorkingSet": 257664,
                "private": 239552,
                "shared": null
              }
            },
            {
              "pid": 24404,
              "role": "utility-process",
              "type": "Utility",
              "name": "Network Service",
              "serviceName": "network.mojom.NetworkService",
              "creationTime": 1788009028650.313,
              "sandboxed": false,
              "integrityLevel": "medium",
              "cpu": {
                "percentCPUUsage": 0.11561686268717716,
                "idleWakeupsPerSecond": 0
              },
              "memoryKiB": {
                "workingSet": 112032,
                "peakWorkingSet": 112032,
                "private": 18076,
                "shared": null
              }
            },
            {
              "pid": 24312,
              "role": "utility-process",
              "type": "Utility",
              "name": "Tracing Service",
              "serviceName": "tracing.mojom.TracingService",
              "creationTime": 1788009028681.158,
              "sandboxed": true,
              "integrityLevel": "untrusted",
              "cpu": {
                "percentCPUUsage": 0.008093078495779966,
                "idleWakeupsPerSecond": 0
              },
              "memoryKiB": {
                "workingSet": 104648,
                "peakWorkingSet": 104648,
                "private": 15300,
                "shared": null
              }
            },
            {
              "pid": 35652,
              "role": "fixture-renderer",
              "type": "Tab",
              "name": null,
              "serviceName": null,
              "creationTime": 1788009029037.485,
              "sandboxed": true,
              "integrityLevel": "untrusted",
              "cpu": {
                "percentCPUUsage": 0.5444791948033292,
                "idleWakeupsPerSecond": 0
              },
              "memoryKiB": {
                "workingSet": 134516,
                "peakWorkingSet": 136816,
                "private": 48396,
                "shared": null
              }
            },
            {
              "pid": 35068,
              "role": "sender-renderer",
              "type": "Tab",
              "name": null,
              "serviceName": null,
              "creationTime": 1788009029452.514,
              "sandboxed": true,
              "integrityLevel": "untrusted",
              "cpu": {
                "percentCPUUsage": 0.9236703002099194,
                "idleWakeupsPerSecond": 0
              },
              "memoryKiB": {
                "workingSet": 157208,
                "peakWorkingSet": 157556,
                "private": 72720,
                "shared": null
              }
            },
            {
              "pid": 33432,
              "role": "receiver-renderer",
              "type": "Tab",
              "name": null,
              "serviceName": null,
              "creationTime": 1788009029525.527,
              "sandboxed": true,
              "integrityLevel": "untrusted",
              "cpu": {
                "percentCPUUsage": 0.8106000366221434,
                "idleWakeupsPerSecond": 0
              },
              "memoryKiB": {
                "workingSet": 151172,
                "peakWorkingSet": 151172,
                "private": 67964,
                "shared": null
              }
            },
            {
              "pid": 31980,
              "role": "utility-process",
              "type": "Utility",
              "name": "Audio Service",
              "serviceName": "audio.mojom.AudioService",
              "creationTime": 1788009029562.186,
              "sandboxed": true,
              "integrityLevel": "low",
              "cpu": {
                "percentCPUUsage": 0.363915054493363,
                "idleWakeupsPerSecond": 0
              },
              "memoryKiB": {
                "workingSet": 111068,
                "peakWorkingSet": 111068,
                "private": 16696,
                "shared": null
              }
            },
            {
              "pid": 33728,
              "role": "utility-process",
              "type": "Utility",
              "name": "Video Capture",
              "serviceName": "video_capture.mojom.VideoCaptureService",
              "creationTime": 1788009029560.326,
              "sandboxed": false,
              "integrityLevel": "medium",
              "cpu": {
                "percentCPUUsage": 0.004672649006287527,
                "idleWakeupsPerSecond": 0
              },
              "memoryKiB": {
                "workingSet": 130804,
                "peakWorkingSet": 132988,
                "private": 71688,
                "shared": null
              }
            }
          ],
          "mainProcess": {
            "pid": 30472,
            "cpu": {
              "percentCPUUsage": 0.15221617339681395,
              "idleWakeupsPerSecond": 0
            },
            "memoryKiB": {
              "residentSet": 192976,
              "private": 96948,
              "shared": 1636
            },
            "nodeMemoryBytes": {
              "rss": 197607424,
              "heapTotal": 10223616,
              "heapUsed": 6773872,
              "external": 4148169,
              "arrayBuffers": 0
            }
          },
          "systemMemoryKiB": {
            "total": 33501248,
            "free": 17199356,
            "swapTotal": 39268416,
            "swapFree": 17005412
          },
          "nvidia": null
        },
        {
          "benchmarkElapsedMs": 3000.2448000000004,
          "collectedAt": 7189.3008,
          "wallTime": "2026-08-29T13:10:35.760Z",
          "electronProcesses": [
            {
              "pid": 30472,
              "role": "main",
              "type": "Browser",
              "name": null,
              "serviceName": null,
              "creationTime": 1788009028551.521,
              "sandboxed": false,
              "integrityLevel": "medium",
              "cpu": {
                "percentCPUUsage": 0.15857471609385163,
                "idleWakeupsPerSecond": 0
              },
              "memoryKiB": {
                "workingSet": 193004,
                "peakWorkingSet": 230820,
                "private": 96964,
                "shared": null
              }
            },
            {
              "pid": 35420,
              "role": "gpu-process",
              "type": "GPU",
              "name": null,
              "serviceName": "GPU",
              "creationTime": 1788009028646.646,
              "sandboxed": true,
              "integrityLevel": "low",
              "cpu": {
                "percentCPUUsage": 1.9404176584591772,
                "idleWakeupsPerSecond": 0
              },
              "memoryKiB": {
                "workingSet": 265196,
                "peakWorkingSet": 267020,
                "private": 271972,
                "shared": null
              }
            },
            {
              "pid": 24404,
              "role": "utility-process",
              "type": "Utility",
              "name": "Network Service",
              "serviceName": "network.mojom.NetworkService",
              "creationTime": 1788009028650.313,
              "sandboxed": false,
              "integrityLevel": "medium",
              "cpu": {
                "percentCPUUsage": 0.11670086857163439,
                "idleWakeupsPerSecond": 0
              },
              "memoryKiB": {
                "workingSet": 112036,
                "peakWorkingSet": 112036,
                "private": 18080,
                "shared": null
              }
            },
            {
              "pid": 24312,
              "role": "utility-process",
              "type": "Utility",
              "name": "Tracing Service",
              "serviceName": "tracing.mojom.TracingService",
              "creationTime": 1788009028681.158,
              "sandboxed": true,
              "integrityLevel": "untrusted",
              "cpu": {
                "percentCPUUsage": 0.008279479198246252,
                "idleWakeupsPerSecond": 0
              },
              "memoryKiB": {
                "workingSet": 105672,
                "peakWorkingSet": 105672,
                "private": 15308,
                "shared": null
              }
            },
            {
              "pid": 35652,
              "role": "fixture-renderer",
              "type": "Tab",
              "name": null,
              "serviceName": null,
              "creationTime": 1788009029037.485,
              "sandboxed": true,
              "integrityLevel": "untrusted",
              "cpu": {
                "percentCPUUsage": 0.5490777519860724,
                "idleWakeupsPerSecond": 0
              },
              "memoryKiB": {
                "workingSet": 136900,
                "peakWorkingSet": 136900,
                "private": 50868,
                "shared": null
              }
            },
            {
              "pid": 35068,
              "role": "sender-renderer",
              "type": "Tab",
              "name": null,
              "serviceName": null,
              "creationTime": 1788009029452.514,
              "sandboxed": true,
              "integrityLevel": "untrusted",
              "cpu": {
                "percentCPUUsage": 1.024640806035259,
                "idleWakeupsPerSecond": 0
              },
              "memoryKiB": {
                "workingSet": 159980,
                "peakWorkingSet": 160756,
                "private": 75324,
                "shared": null
              }
            },
            {
              "pid": 33432,
              "role": "receiver-renderer",
              "type": "Tab",
              "name": null,
              "serviceName": null,
              "creationTime": 1788009029525.527,
              "sandboxed": true,
              "integrityLevel": "untrusted",
              "cpu": {
                "percentCPUUsage": 0.8321406095073054,
                "idleWakeupsPerSecond": 0
              },
              "memoryKiB": {
                "workingSet": 152816,
                "peakWorkingSet": 152816,
                "private": 69308,
                "shared": null
              }
            },
            {
              "pid": 31980,
              "role": "utility-process",
              "type": "Utility",
              "name": "Audio Service",
              "serviceName": "audio.mojom.AudioService",
              "creationTime": 1788009029562.186,
              "sandboxed": true,
              "integrityLevel": "low",
              "cpu": {
                "percentCPUUsage": 0.3687101286289451,
                "idleWakeupsPerSecond": 0
              },
              "memoryKiB": {
                "workingSet": 111068,
                "peakWorkingSet": 111068,
                "private": 16696,
                "shared": null
              }
            },
            {
              "pid": 33728,
              "role": "utility-process",
              "type": "Utility",
              "name": "Video Capture",
              "serviceName": "video_capture.mojom.VideoCaptureService",
              "creationTime": 1788009029560.326,
              "sandboxed": false,
              "integrityLevel": "medium",
              "cpu": {
                "percentCPUUsage": 0.004658728443531959,
                "idleWakeupsPerSecond": 0
              },
              "memoryKiB": {
                "workingSet": 130804,
                "peakWorkingSet": 132988,
                "private": 71688,
                "shared": null
              }
            }
          ],
          "mainProcess": {
            "pid": 30472,
            "cpu": {
              "percentCPUUsage": 0.15871489274847844,
              "idleWakeupsPerSecond": 0
            },
            "memoryKiB": {
              "residentSet": 193008,
              "private": 96964,
              "shared": 1640
            },
            "nodeMemoryBytes": {
              "rss": 197636096,
              "heapTotal": 10223616,
              "heapUsed": 6861344,
              "external": 4148169,
              "arrayBuffers": 0
            }
          },
          "systemMemoryKiB": {
            "total": 33501248,
            "free": 17182816,
            "swapTotal": 39268416,
            "swapFree": 16962152
          },
          "nvidia": null
        }
      ],
      "summary": {
        "elapsedSeconds": 3.00060009765625,
        "source": {
          "fixtureFps": 59.93407252021288,
          "fixtureFrames": 180,
          "fixtureClockFps": null,
          "fixtureClockFrames": null,
          "frameCountEstimated": false,
          "skippedSlots": 0,
          "captureFps": 59.6547337780252,
          "reportedFpsMedian": 59,
          "capturedFrames": 179,
          "width": 1280,
          "height": 720
        },
        "sender": {
          "transportMode": "mesh",
          "totalUploadBitrateBps": 214322.46186431783,
          "topology": {
            "sfuViewerCount": 0,
            "sfuConsumerCount": 0,
            "meshScreenSenders": 1,
            "meshActiveScreenSenders": 1,
            "meshViaSfuCount": 0,
            "meshBytesSentTotal": 157006,
            "publisherUploadBytes": 157006
          },
          "encodeFps": 3.665933360660766,
          "sendFps": 3.665933360660766,
          "bitrateBps": 214322.46186431783,
          "retransmittedBitrateBps": 0,
          "packetsSent": 84,
          "retransmittedPacketsSent": 0,
          "retransmissionRatio": 0,
          "averageEncodeTimeMs": 3.363636363636364,
          "averagePacketSendDelayMs": 41.07333333333334,
          "averageQp": 51,
          "framesEncoded": 11,
          "keyFramesEncoded": 1,
          "keyFramesPerMinute": 19.996000149058723,
          "keyFrameRatio": 0.09090909090909091,
          "hugeFramesSent": 11,
          "nackCount": 0,
          "pliCount": 0,
          "firCount": 0,
          "framesSent": 11,
          "frameWidth": 960,
          "frameHeight": 540,
          "targetBitrate": 275833,
          "availableOutgoingBitrateMedian": 672210,
          "roundTripTimeMsMedian": 0,
          "qualityLimitationReason": "none",
          "encoderImplementation": "MediaFoundationVideoEncodeAccelerator (NVIDIA H.264 Encoder MFT)",
          "powerEfficientEncoder": true,
          "codec": {
            "id": "COT01_103_level-asymmetry-allowed=1;packetization-mode=1;profile-level-id=42001f",
            "timestamp": 1788009035758.306,
            "payloadType": 103,
            "mimeType": "video/H264",
            "clockRate": 90000,
            "sdpFmtpLine": "level-asymmetry-allowed=1;packetization-mode=1;profile-level-id=42001f"
          },
          "codecPolicy": "hardware-or-unknown",
          "adaptation": {
            "profileId": "performance",
            "level": 1,
            "temporalLevel": 0,
            "poorSamples": 0,
            "stableSamples": 0,
            "sourceSamples": 0,
            "networkSamples": 0,
            "sampleCount": 4,
            "cooldownSamples": 2,
            "scale": 1.3333333333333333,
            "frameRate": 60,
            "reason": "network-spatial-downshift",
            "targetFps": 60,
            "measuredFps": 2.691007495204836,
            "captureFps": 59.202164894506396,
            "encodedFps": 2.691007495204836,
            "encoderDeliveryRatio": 0.045454545454545456,
            "bottleneck": "network",
            "sourceLimited": false,
            "networkPressure": true,
            "capacityPressure": true,
            "transportPressure": true,
            "packetLossPressure": false,
            "retransmissionPressure": false,
            "pacerPressure": true,
            "discardedPacketPressure": false,
            "packetLossRatio": 0,
            "retransmissionRatio": 0,
            "averagePacketSendDelayMs": 30.472918918918896,
            "packetsDiscardedOnSend": 0,
            "pressureSamplesRequired": 2,
            "networkSustained": true,
            "networkHeadroomRatio": 0.08402625,
            "requiredBitrate": 8000000,
            "recoveryRequiredBitrate": 8000000,
            "networkRecoveryHeadroomRatio": 0.08402625,
            "networkRecoveryReady": true,
            "projectedRecoveryEncodeMs": 3.039266666666667,
            "encoderRecoveryReady": true,
            "encoderTrial": null,
            "downscaleEffectiveness": {
              "status": "idle",
              "samplesObserved": 0,
              "samplesRequired": 3,
              "requiredDeliveryGain": 0.08,
              "requiredEncodeCostReductionRatio": 0.15
            },
            "averageEncodeTimeMs": 3.2500000000000004,
            "fpsEma": 3.8125097322071673,
            "encodeEma": 3.039266666666667,
            "effectiveWidth": 960,
            "effectiveHeight": 540,
            "temporalChanged": false,
            "softwareEncoder": false,
            "encoderImplementation": "MediaFoundationVideoEncodeAccelerator (NVIDIA H.264 Encoder MFT)",
            "trackId": "3014b12e-60ee-4df4-8b06-84d2c854d377"
          },
          "settings": {
            "aspectRatio": 1.7777777777777777,
            "deviceId": "window:460022:1",
            "frameRate": 60,
            "height": 720,
            "resizeMode": "crop-and-scale",
            "screenPixelRatio": 1,
            "width": 1280
          },
          "parameters": {
            "degradationPreference": "maintain-resolution",
            "transactionId": "3925faf3-2182-48e5-a892-f6d8d3ca8c9e",
            "encodings": [
              {
                "active": true,
                "maxBitrate": 331871,
                "maxFramerate": 60,
                "scaleResolutionDownBy": 1.3333333333333333,
                "priority": "high",
                "networkPriority": "high"
              }
            ]
          },
          "mutations": {
            "total": 1,
            "structural": 1,
            "bitrate": 1,
            "active": 0,
            "track": 0,
            "last": {
              "sequence": 3,
              "type": "adapt",
              "timestampMs": 1788009035552,
              "peerId": "9431f024",
              "structural": true,
              "bitrate": true,
              "active": false,
              "trackChanged": false,
              "before": {
                "trackId": "3014b12e-60ee-4df4-8b06-84d2c854d377",
                "degradationPreference": "maintain-resolution",
                "encodings": [
                  {
                    "active": true,
                    "maxBitrate": 237051,
                    "maxFramerate": 60,
                    "scaleResolutionDownBy": 1,
                    "scalabilityMode": null
                  }
                ]
              },
              "after": {
                "trackId": "3014b12e-60ee-4df4-8b06-84d2c854d377",
                "degradationPreference": "maintain-resolution",
                "encodings": [
                  {
                    "active": true,
                    "maxBitrate": 331871,
                    "maxFramerate": 60,
                    "scaleResolutionDownBy": 1.3333333333333333,
                    "scalabilityMode": null
                  }
                ]
              },
              "countersBeforeNextSample": {
                "keyFramesEncoded": 1,
                "hugeFramesSent": 14,
                "nackCount": 0,
                "pliCount": 0,
                "firCount": 0,
                "bytesSent": 140104
              },
              "profileId": "performance",
              "adaptationReason": "network-spatial-downshift",
              "adaptationLevel": 1,
              "temporalLevel": 0
            }
          }
        },
        "receiver": {
          "transportMode": "mesh",
          "receiveFps": 3.3326666915097873,
          "decodeFps": 2.66613335320783,
          "statsRenderFps": null,
          "bitrateBps": 214322.46186431783,
          "averageDecodeTimeMs": 0.6303749999999999,
          "averageProcessingTimeMs": 320.0818750000001,
          "averageJitterBufferMs": 319.427875,
          "averageJitterBufferTargetMs": 347.50000000000006,
          "averageJitterBufferMinimumMs": 0,
          "framesReceived": 10,
          "framesDecoded": 8,
          "keyFramesDecoded": 1,
          "framesRendered": null,
          "framesDropped": 0,
          "frameWidth": 1280,
          "frameHeight": 720,
          "packetsLost": 0,
          "packetsReceived": 84,
          "packetLossRatio": 0,
          "freezeCount": 0,
          "totalFreezesDuration": 0,
          "nackCount": 0,
          "pliCount": 0,
          "firCount": 0,
          "decoderImplementation": "ExternalDecoder (D3D11VideoDecoder)",
          "powerEfficientDecoder": true,
          "jitterBufferTarget": 360,
          "codec": {
            "id": "CIT01_103_level-asymmetry-allowed=1;packetization-mode=1;profile-level-id=42001f",
            "timestamp": 1788009035758.312,
            "payloadType": 103,
            "mimeType": "video/H264",
            "clockRate": 90000,
            "sdpFmtpLine": "level-asymmetry-allowed=1;packetization-mode=1;profile-level-id=42001f"
          },
          "settings": {
            "aspectRatio": 1.7777777777777777,
            "deviceId": "57f2a56e-3cc7-497f-87bb-4d00cc229433",
            "frameRate": 5.4134574954859165,
            "height": 720,
            "resizeMode": "none",
            "width": 1280
          }
        },
        "render": {
          "callbackSamples": 8,
          "presentedFrames": 7,
          "presentedFps": 2.75005892983421,
          "callbackFps": 2.75005892983421,
          "missedCallbacks": 0,
          "intervalMs": {
            "p50": 375.8000000000002,
            "p95": 511.51,
            "p99": 543.502,
            "max": 551.5
          },
          "captureToCompositorMs": {
            "p50": null,
            "p95": null,
            "p99": null
          },
          "networkMs": {
            "p50": null,
            "p95": null
          },
          "postReceiveMs": {
            "p50": 246.55000000000018,
            "p95": 390.2950000000001
          },
          "processingDurationMs": {
            "p50": 0.45,
            "p95": 1.1849999999999996
          },
          "callbackLatenessMs": {
            "p50": 0,
            "p95": 6.064999999999645
          },
          "width": 1280,
          "height": 720
        },
        "retention": {
          "encodedPerCaptured": 0.061452513966480445,
          "decodedPerEncoded": 0.7272727272727273,
          "presentedPerCaptured": 0.03910614525139665
        },
        "transport": {
          "sendBitrateBps": {
            "count": 12,
            "mean": 215501.09382443767,
            "standardDeviation": 145248.85188411496,
            "coefficientOfVariation": 0.6740051723470364,
            "min": 0,
            "p05": 0,
            "p50": 235799.67974183653,
            "p95": 411237.47222084785,
            "max": 539568.8240532004
          },
          "totalUploadBitrateBps": {
            "count": 12,
            "mean": 215501.09382443767,
            "standardDeviation": 145248.85188411496,
            "coefficientOfVariation": 0.6740051723470364,
            "min": 0,
            "p05": 0,
            "p50": 235799.67974183653,
            "p95": 411237.47222084785,
            "max": 539568.8240532004
          },
          "retransmitBitrateBps": {
            "count": 12,
            "mean": 0,
            "standardDeviation": 0,
            "coefficientOfVariation": null,
            "min": 0,
            "p05": 0,
            "p50": 0,
            "p95": 0,
            "max": 0
          },
          "sendFps": {
            "count": 12,
            "mean": 3.6808586912612777,
            "standardDeviation": 4.142427352754099,
            "coefficientOfVariation": 1.1253970065704046,
            "min": 0,
            "p05": 0,
            "p50": 3.9840713712811544,
            "p95": 9.512278999358148,
            "max": 15.961685719240338
          },
          "keyFramesEncoded": {
            "count": 12,
            "mean": 0.3325351191508404,
            "standardDeviation": 1.102894219839464,
            "coefficientOfVariation": 3.3166247903554003,
            "min": 0,
            "p05": 0,
            "p50": 0,
            "p95": 1.795689643414535,
            "max": 3.9904214298100844
          },
          "pliRequests": {
            "count": 12,
            "mean": 0,
            "standardDeviation": 0,
            "coefficientOfVariation": null,
            "min": 0,
            "p05": 0,
            "p50": 0,
            "p95": 0,
            "max": 0
          },
          "firRequests": {
            "count": 12,
            "mean": 0,
            "standardDeviation": 0,
            "coefficientOfVariation": null,
            "min": 0,
            "p05": 0,
            "p50": 0,
            "p95": 0,
            "max": 0
          },
          "receiveBitrateBps": {
            "count": 12,
            "mean": 215335.74676203183,
            "standardDeviation": 143028.48217983317,
            "coefficientOfVariation": 0.66421151309306,
            "min": 0,
            "p05": 0,
            "p50": 218233.12310452643,
            "p95": 411372.6170149243,
            "max": 539568.8240532004
          },
          "receiveFps": {
            "count": 12,
            "mean": 3.328968526760651,
            "standardDeviation": 3.1903382739973822,
            "coefficientOfVariation": 0.9583563942858401,
            "min": 0,
            "p05": 0,
            "p50": 3.9832753731520096,
            "p95": 7.595016679661925,
            "max": 11.971264289430254
          },
          "packetSendDelayMs": {
            "count": 10,
            "mean": 35.27625111111113,
            "standardDeviation": 23.38191377848421,
            "coefficientOfVariation": 0.6628230903799043,
            "min": 0.0008000000001118224,
            "p05": 0.0013400000001873025,
            "p50": 32.840383333333456,
            "p95": 69.71134999999978,
            "max": 75.05600000000001
          },
          "packetLossRatio": {
            "count": 10,
            "mean": 0,
            "standardDeviation": 0,
            "coefficientOfVariation": null,
            "min": 0,
            "p05": 0,
            "p50": 0,
            "p95": 0,
            "max": 0
          },
          "availableOutgoingBitrate": {
            "count": 13,
            "mean": 671680.6923076923,
            "standardDeviation": 1833.575631827915,
            "coefficientOfVariation": 0.0027298322742139603,
            "min": 665329,
            "p05": 669457.6,
            "p50": 672210,
            "p95": 672210,
            "max": 672210
          },
          "roundTripTimeMs": {
            "count": 13,
            "mean": 0,
            "standardDeviation": 0,
            "coefficientOfVariation": null,
            "min": 0,
            "p05": 0,
            "p50": 0,
            "p95": 0,
            "max": 0
          },
          "packetsDiscardedOnSend": 0,
          "bytesDiscardedOnSend": 0
        },
        "resources": {
          "sampleCount": 3,
          "scope": {
            "electronProcessTree": "app.getAppMetrics; excludes external Chrome/ffplay and signaling Node process",
            "nvidia": "whole NVIDIA device; includes unrelated processes and the external source"
          },
          "electronProcessTree": {
            "processCount": {
              "count": 3,
              "mean": 9,
              "standardDeviation": 0,
              "coefficientOfVariation": 0,
              "min": 9,
              "p05": 9,
              "p50": 9,
              "p95": 9,
              "max": 9
            },
            "cpuPercentSum": {
              "count": 3,
              "mean": 4.928240944803812,
              "standardDeviation": 0.1048171221273801,
              "coefficientOfVariation": 0.02126866833446853,
              "min": 4.780010356675078,
              "p05": 4.802160494088803,
              "p50": 5.001511730812334,
              "p95": 5.003031845312854,
              "max": 5.003200746924024
            },
            "workingSetMiBSum": {
              "count": 3,
              "mean": 1321.9049479166667,
              "standardDeviation": 9.791730904875719,
              "coefficientOfVariation": 0.007407288186875742,
              "min": 1312.5546875,
              "p05": 1313.07265625,
              "p50": 1317.734375,
              "p95": 1333.656640625,
              "max": 1335.42578125
            },
            "privateMemoryMiBSum": {
              "count": 3,
              "mean": 644.5859375,
              "standardDeviation": 18.0611254951177,
              "coefficientOfVariation": 0.028019732427249394,
              "min": 631.46484375,
              "p05": 631.53515625,
              "p50": 632.16796875,
              "p95": 666.329296875,
              "max": 670.125
            },
            "systemFreeMemoryMiB": {
              "count": 3,
              "mean": 16791.614583333332,
              "standardDeviation": 8.198440089111358,
              "coefficientOfVariation": 0.00048824608547463883,
              "min": 16780.09375,
              "p05": 16781.708984375,
              "p50": 16796.24609375,
              "p95": 16798.278125,
              "max": 16798.50390625
            }
          },
          "global": {
            "processCount": {
              "count": 3,
              "mean": 9,
              "standardDeviation": 0,
              "coefficientOfVariation": 0,
              "min": 9,
              "p05": 9,
              "p50": 9,
              "p95": 9,
              "max": 9
            },
            "cpuPercentSum": {
              "count": 3,
              "mean": 4.928240944803812,
              "standardDeviation": 0.1048171221273801,
              "coefficientOfVariation": 0.02126866833446853,
              "min": 4.780010356675078,
              "p05": 4.802160494088803,
              "p50": 5.001511730812334,
              "p95": 5.003031845312854,
              "max": 5.003200746924024
            },
            "workingSetMiBSum": {
              "count": 3,
              "mean": 1321.9049479166667,
              "standardDeviation": 9.791730904875719,
              "coefficientOfVariation": 0.007407288186875742,
              "min": 1312.5546875,
              "p05": 1313.07265625,
              "p50": 1317.734375,
              "p95": 1333.656640625,
              "max": 1335.42578125
            },
            "privateMemoryMiBSum": {
              "count": 3,
              "mean": 644.5859375,
              "standardDeviation": 18.0611254951177,
              "coefficientOfVariation": 0.028019732427249394,
              "min": 631.46484375,
              "p05": 631.53515625,
              "p50": 632.16796875,
              "p95": 666.329296875,
              "max": 670.125
            },
            "systemFreeMemoryMiB": {
              "count": 3,
              "mean": 16791.614583333332,
              "standardDeviation": 8.198440089111358,
              "coefficientOfVariation": 0.00048824608547463883,
              "min": 16780.09375,
              "p05": 16781.708984375,
              "p50": 16796.24609375,
              "p95": 16798.278125,
              "max": 16798.50390625
            }
          },
          "mainProcess": {
            "cpuPercent": {
              "count": 3,
              "mean": 0.164429581060112,
              "standardDeviation": 0.012951725940782118,
              "coefficientOfVariation": 0.0787676150317943,
              "min": 0.15221617339681395,
              "p05": 0.1528660453319804,
              "p50": 0.15871489274847844,
              "p95": 0.17999339860638702,
              "max": 0.18235767703504355
            },
            "idleWakeupsPerSecond": {
              "count": 3,
              "mean": 0,
              "standardDeviation": 0,
              "coefficientOfVariation": null,
              "min": 0,
              "p05": 0,
              "p50": 0,
              "p95": 0,
              "max": 0
            },
            "residentSetMiB": {
              "count": 3,
              "mean": 188.45182291666666,
              "standardDeviation": 0.027125868041666223,
              "coefficientOfVariation": 0.00014394059777103496,
              "min": 188.41796875,
              "p05": 188.421484375,
              "p50": 188.453125,
              "p95": 188.48125,
              "max": 188.484375
            },
            "privateMemoryMiB": {
              "count": 3,
              "mean": 94.67057291666667,
              "standardDeviation": 0.01948779888944761,
              "coefficientOfVariation": 0.00020584853655213065,
              "min": 94.64453125,
              "p05": 94.64765625,
              "p50": 94.67578125,
              "p95": 94.68984375,
              "max": 94.69140625
            },
            "sharedMemoryMiB": {
              "count": 3,
              "mean": 1.5989583333333333,
              "standardDeviation": 0.0018414239093399675,
              "coefficientOfVariation": 0.0011516397087728788,
              "min": 1.59765625,
              "p05": 1.59765625,
              "p50": 1.59765625,
              "p95": 1.601171875,
              "max": 1.6015625
            },
            "rssMiB": {
              "count": 3,
              "mean": 188.45052083333334,
              "standardDeviation": 0.025581878521339193,
              "coefficientOfVariation": 0.00013574851588743522,
              "min": 188.41796875,
              "p05": 188.421484375,
              "p50": 188.453125,
              "p95": 188.477734375,
              "max": 188.48046875
            },
            "heapUsedMiB": {
              "count": 3,
              "mean": 6.460753122965495,
              "standardDeviation": 0.06727431872892849,
              "coefficientOfVariation": 0.010412767280921807,
              "min": 6.378704071044922,
              "p05": 6.386840438842773,
              "p50": 6.4600677490234375,
              "p95": 6.535145568847656,
              "max": 6.543487548828125
            }
          },
          "byProcess": [
            {
              "pid": 35652,
              "role": "fixture-renderer",
              "type": "Tab",
              "name": null,
              "serviceName": null,
              "cpuPercent": {
                "count": 3,
                "mean": 0.5760429498024263,
                "standardDeviation": 0.041428777601209374,
                "coefficientOfVariation": 0.07191959838310458,
                "min": 0.5444791948033292,
                "p05": 0.5449390505216035,
                "p50": 0.5490777519860724,
                "p95": 0.6260224875546967,
                "max": 0.6345719026178772
              },
              "idleWakeupsPerSecond": {
                "count": 3,
                "mean": 0,
                "standardDeviation": 0,
                "coefficientOfVariation": null,
                "min": 0,
                "p05": 0,
                "p50": 0,
                "p95": 0,
                "max": 0
              },
              "workingSetMiB": {
                "count": 3,
                "mean": 131.671875,
                "standardDeviation": 1.538510502745201,
                "coefficientOfVariation": 0.011684427693804778,
                "min": 129.9609375,
                "p05": 130.101171875,
                "p50": 131.36328125,
                "p95": 133.45859375,
                "max": 133.69140625
              },
              "peakWorkingSetMiB": {
                "count": 3,
                "mean": 133.63671875,
                "standardDeviation": 0.03866990209613932,
                "coefficientOfVariation": 0.000289365845389251,
                "min": 133.609375,
                "p05": 133.609375,
                "p50": 133.609375,
                "p95": 133.683203125,
                "max": 133.69140625
              },
              "privateMemoryMiB": {
                "count": 3,
                "mean": 47.598958333333336,
                "standardDeviation": 1.5761846483803637,
                "coefficientOfVariation": 0.03311384752041031,
                "min": 45.859375,
                "p05": 45.999609375,
                "p50": 47.26171875,
                "p95": 49.434375,
                "max": 49.67578125
              },
              "sharedMemoryMiB": {
                "count": 0,
                "mean": null,
                "standardDeviation": null,
                "coefficientOfVariation": null,
                "min": null,
                "p05": null,
                "p50": null,
                "p95": null,
                "max": null
              }
            },
            {
              "pid": 35420,
              "role": "gpu-process",
              "type": "GPU",
              "name": null,
              "serviceName": "GPU",
              "cpuPercent": {
                "count": 3,
                "mean": 1.914289084470022,
                "standardDeviation": 0.041018621158108004,
                "coefficientOfVariation": 0.021427600194180788,
                "min": 1.8563721037041834,
                "p05": 1.8647766591796828,
                "p50": 1.9404176584591772,
                "p95": 1.9455115079679524,
                "max": 1.9460774912467051
              },
              "idleWakeupsPerSecond": {
                "count": 3,
                "mean": 0,
                "standardDeviation": 0,
                "coefficientOfVariation": null,
                "min": 0,
                "p05": 0,
                "p50": 0,
                "p95": 0,
                "max": 0
              },
              "workingSetMiB": {
                "count": 3,
                "mean": 252.11328125,
                "standardDeviation": 4.861261817170324,
                "coefficientOfVariation": 0.01928205365884636,
                "min": 248.3984375,
                "p05": 248.4546875,
                "p50": 248.9609375,
                "p95": 257.978515625,
                "max": 258.98046875
              },
              "peakWorkingSetMiB": {
                "count": 3,
                "mean": 254.47526041666666,
                "standardDeviation": 4.451628875743398,
                "coefficientOfVariation": 0.017493366028801763,
                "min": 251.0390625,
                "p05": 251.09765625,
                "p50": 251.625,
                "p95": 259.848046875,
                "max": 260.76171875
              },
              "privateMemoryMiB": {
                "count": 3,
                "mean": 245.28515625,
                "standardDeviation": 14.396010814111875,
                "coefficientOfVariation": 0.05869091727441976,
                "min": 233.9375,
                "p05": 234.17578125,
                "p50": 236.3203125,
                "p95": 262.669921875,
                "max": 265.59765625
              },
              "sharedMemoryMiB": {
                "count": 0,
                "mean": null,
                "standardDeviation": null,
                "coefficientOfVariation": null,
                "min": null,
                "p05": null,
                "p50": null,
                "p95": null,
                "max": null
              }
            },
            {
              "pid": 30472,
              "role": "main",
              "type": "Browser",
              "name": null,
              "serviceName": null,
              "cpuPercent": {
                "count": 3,
                "mean": 0.16479594178994028,
                "standardDeviation": 0.013256233823702664,
                "coefficientOfVariation": 0.08044029288415323,
                "min": 0.15259107665289506,
                "p05": 0.15318944059699072,
                "p50": 0.15857471609385163,
                "p95": 0.1807573009701519,
                "max": 0.18322203262307415
              },
              "idleWakeupsPerSecond": {
                "count": 3,
                "mean": 0,
                "standardDeviation": 0,
                "coefficientOfVariation": null,
                "min": 0,
                "p05": 0,
                "p50": 0,
                "p95": 0,
                "max": 0
              },
              "workingSetMiB": {
                "count": 3,
                "mean": 188.45052083333334,
                "standardDeviation": 0.025581878521339193,
                "coefficientOfVariation": 0.00013574851588743522,
                "min": 188.41796875,
                "p05": 188.421484375,
                "p50": 188.453125,
                "p95": 188.477734375,
                "max": 188.48046875
              },
              "peakWorkingSetMiB": {
                "count": 3,
                "mean": 225.41015625,
                "standardDeviation": 0,
                "coefficientOfVariation": 0,
                "min": 225.41015625,
                "p05": 225.41015625,
                "p50": 225.41015625,
                "p95": 225.41015625,
                "max": 225.41015625
              },
              "privateMemoryMiB": {
                "count": 3,
                "mean": 94.67057291666667,
                "standardDeviation": 0.01948779888944761,
                "coefficientOfVariation": 0.00020584853655213065,
                "min": 94.64453125,
                "p05": 94.64765625,
                "p50": 94.67578125,
                "p95": 94.68984375,
                "max": 94.69140625
              },
              "sharedMemoryMiB": {
                "count": 0,
                "mean": null,
                "standardDeviation": null,
                "coefficientOfVariation": null,
                "min": null,
                "p05": null,
                "p50": null,
                "p95": null,
                "max": null
              }
            },
            {
              "pid": 33432,
              "role": "receiver-renderer",
              "type": "Tab",
              "name": null,
              "serviceName": null,
              "cpuPercent": {
                "count": 3,
                "mean": 0.8124840690956603,
                "standardDeviation": 0.01533830931281474,
                "coefficientOfVariation": 0.018878289305890177,
                "min": 0.7947115611575319,
                "p05": 0.7963004087039931,
                "p50": 0.8106000366221434,
                "p95": 0.8299865522187891,
                "max": 0.8321406095073054
              },
              "idleWakeupsPerSecond": {
                "count": 3,
                "mean": 0,
                "standardDeviation": 0,
                "coefficientOfVariation": null,
                "min": 0,
                "p05": 0,
                "p50": 0,
                "p95": 0,
                "max": 0
              },
              "workingSetMiB": {
                "count": 3,
                "mean": 147.79427083333334,
                "standardDeviation": 1.1144814132723406,
                "coefficientOfVariation": 0.0075407619455637375,
                "min": 146.51953125,
                "p05": 146.63046875,
                "p50": 147.62890625,
                "p95": 149.073828125,
                "max": 149.234375
              },
              "peakWorkingSetMiB": {
                "count": 3,
                "mean": 147.79427083333334,
                "standardDeviation": 1.1144814132723406,
                "coefficientOfVariation": 0.0075407619455637375,
                "min": 146.51953125,
                "p05": 146.63046875,
                "p50": 147.62890625,
                "p95": 149.073828125,
                "max": 149.234375
              },
              "privateMemoryMiB": {
                "count": 3,
                "mean": 66.49609375,
                "standardDeviation": 0.9228014412645875,
                "coefficientOfVariation": 0.01387752857685099,
                "min": 65.43359375,
                "p05": 65.52734375,
                "p50": 66.37109375,
                "p95": 67.55234375,
                "max": 67.68359375
              },
              "sharedMemoryMiB": {
                "count": 0,
                "mean": null,
                "standardDeviation": null,
                "coefficientOfVariation": null,
                "min": null,
                "p05": null,
                "p50": null,
                "p95": null,
                "max": null
              }
            },
            {
              "pid": 35068,
              "role": "sender-renderer",
              "type": "Tab",
              "name": null,
              "serviceName": null,
              "cpuPercent": {
                "count": 3,
                "mean": 0.9669501962171454,
                "standardDeviation": 0.042461843782080476,
                "coefficientOfVariation": 0.04391316527800252,
                "min": 0.9236703002099194,
                "p05": 0.9265572184295532,
                "p50": 0.9525394824062582,
                "p95": 1.0174306736723588,
                "max": 1.024640806035259
              },
              "idleWakeupsPerSecond": {
                "count": 3,
                "mean": 0,
                "standardDeviation": 0,
                "coefficientOfVariation": null,
                "min": 0,
                "p05": 0,
                "p50": 0,
                "p95": 0,
                "max": 0
              },
              "workingSetMiB": {
                "count": 3,
                "mean": 154.08333333333334,
                "standardDeviation": 1.5751193961716619,
                "coefficientOfVariation": 0.01022251636239045,
                "min": 152.49609375,
                "p05": 152.598828125,
                "p50": 153.5234375,
                "p95": 155.959765625,
                "max": 156.23046875
              },
              "peakWorkingSetMiB": {
                "count": 3,
                "mean": 154.58333333333334,
                "standardDeviation": 1.7455775981773713,
                "coefficientOfVariation": 0.011292146187670327,
                "min": 152.8984375,
                "p05": 152.994921875,
                "p50": 153.86328125,
                "p95": 156.67578125,
                "max": 156.98828125
              },
              "privateMemoryMiB": {
                "count": 3,
                "mean": 71.6328125,
                "standardDeviation": 1.3906798619796092,
                "coefficientOfVariation": 0.019414006143896826,
                "min": 70.32421875,
                "p05": 70.393359375,
                "p50": 71.015625,
                "p95": 73.304296875,
                "max": 73.55859375
              },
              "sharedMemoryMiB": {
                "count": 0,
                "mean": null,
                "standardDeviation": null,
                "coefficientOfVariation": null,
                "min": null,
                "p05": null,
                "p50": null,
                "p95": null,
                "max": null
              }
            },
            {
              "pid": 24312,
              "role": "utility-process",
              "type": "Utility",
              "name": "Tracing Service",
              "serviceName": "tracing.mojom.TracingService",
              "cpuPercent": {
                "count": 3,
                "mean": 0.008774844166741319,
                "standardDeviation": 0.0008358284162953901,
                "coefficientOfVariation": 0.09525279314513327,
                "min": 0.008093078495779966,
                "p05": 0.008111718566026594,
                "p50": 0.008279479198246252,
                "p95": 0.009784725245402588,
                "max": 0.009951974806197738
              },
              "idleWakeupsPerSecond": {
                "count": 3,
                "mean": 0,
                "standardDeviation": 0,
                "coefficientOfVariation": null,
                "min": 0,
                "p05": 0,
                "p50": 0,
                "p95": 0,
                "max": 0
              },
              "workingSetMiB": {
                "count": 3,
                "mean": 102.18489583333333,
                "standardDeviation": 0.8292870515622977,
                "coefficientOfVariation": 0.008115554111978448,
                "min": 101.1640625,
                "p05": 101.2671875,
                "p50": 102.1953125,
                "p95": 103.0953125,
                "max": 103.1953125
              },
              "peakWorkingSetMiB": {
                "count": 3,
                "mean": 102.18489583333333,
                "standardDeviation": 0.8292870515622977,
                "coefficientOfVariation": 0.008115554111978448,
                "min": 101.1640625,
                "p05": 101.2671875,
                "p50": 102.1953125,
                "p95": 103.0953125,
                "max": 103.1953125
              },
              "privateMemoryMiB": {
                "count": 3,
                "mean": 14.940104166666666,
                "standardDeviation": 0.008026580733032522,
                "coefficientOfVariation": 0.0005372506539104913,
                "min": 14.9296875,
                "p05": 14.930859375,
                "p50": 14.94140625,
                "p95": 14.9484375,
                "max": 14.94921875
              },
              "sharedMemoryMiB": {
                "count": 0,
                "mean": null,
                "standardDeviation": null,
                "coefficientOfVariation": null,
                "min": null,
                "p05": null,
                "p50": null,
                "p95": null,
                "max": null
              }
            },
            {
              "pid": 24404,
              "role": "utility-process",
              "type": "Utility",
              "name": "Network Service",
              "serviceName": "network.mojom.NetworkService",
              "cpuPercent": {
                "count": 3,
                "mean": 0.1146879100216072,
                "standardDeviation": 0.0021267970267872497,
                "coefficientOfVariation": 0.01854421295484904,
                "min": 0.11174599880601008,
                "p05": 0.11213308519412679,
                "p50": 0.11561686268717716,
                "p95": 0.11659246798318867,
                "max": 0.11670086857163439
              },
              "idleWakeupsPerSecond": {
                "count": 3,
                "mean": 0,
                "standardDeviation": 0,
                "coefficientOfVariation": null,
                "min": 0,
                "p05": 0,
                "p50": 0,
                "p95": 0,
                "max": 0
              },
              "workingSetMiB": {
                "count": 3,
                "mean": 109.40364583333333,
                "standardDeviation": 0.006639348324990605,
                "coefficientOfVariation": 0.00006068671911633602,
                "min": 109.39453125,
                "p05": 109.395703125,
                "p50": 109.40625,
                "p95": 109.409765625,
                "max": 109.41015625
              },
              "peakWorkingSetMiB": {
                "count": 3,
                "mean": 109.40364583333333,
                "standardDeviation": 0.006639348324990605,
                "coefficientOfVariation": 0.00006068671911633602,
                "min": 109.39453125,
                "p05": 109.395703125,
                "p50": 109.40625,
                "p95": 109.409765625,
                "max": 109.41015625
              },
              "privateMemoryMiB": {
                "count": 3,
                "mean": 17.649739583333332,
                "standardDeviation": 0.006639348324990605,
                "coefficientOfVariation": 0.0003761725941418506,
                "min": 17.640625,
                "p05": 17.641796875,
                "p50": 17.65234375,
                "p95": 17.655859375,
                "max": 17.65625
              },
              "sharedMemoryMiB": {
                "count": 0,
                "mean": null,
                "standardDeviation": null,
                "coefficientOfVariation": null,
                "min": null,
                "p05": null,
                "p50": null,
                "p95": null,
                "max": null
              }
            },
            {
              "pid": 31980,
              "role": "utility-process",
              "type": "Utility",
              "name": "Audio Service",
              "serviceName": "audio.mojom.AudioService",
              "cpuPercent": {
                "count": 3,
                "mean": 0.36549502971994796,
                "standardDeviation": 0.002273529720357154,
                "coefficientOfVariation": 0.006220412141032925,
                "min": 0.3638599060375358,
                "p05": 0.3638654208831185,
                "p50": 0.363915054493363,
                "p95": 0.36823062121538686,
                "max": 0.3687101286289451
              },
              "idleWakeupsPerSecond": {
                "count": 3,
                "mean": 0,
                "standardDeviation": 0,
                "coefficientOfVariation": null,
                "min": 0,
                "p05": 0,
                "p50": 0,
                "p95": 0,
                "max": 0
              },
              "workingSetMiB": {
                "count": 3,
                "mean": 108.46484375,
                "standardDeviation": 0,
                "coefficientOfVariation": 0,
                "min": 108.46484375,
                "p05": 108.46484375,
                "p50": 108.46484375,
                "p95": 108.46484375,
                "max": 108.46484375
              },
              "peakWorkingSetMiB": {
                "count": 3,
                "mean": 108.46484375,
                "standardDeviation": 0,
                "coefficientOfVariation": 0,
                "min": 108.46484375,
                "p05": 108.46484375,
                "p50": 108.46484375,
                "p95": 108.46484375,
                "max": 108.46484375
              },
              "privateMemoryMiB": {
                "count": 3,
                "mean": 16.3046875,
                "standardDeviation": 0,
                "coefficientOfVariation": 0,
                "min": 16.3046875,
                "p05": 16.3046875,
                "p50": 16.3046875,
                "p95": 16.3046875,
                "max": 16.3046875
              },
              "sharedMemoryMiB": {
                "count": 0,
                "mean": null,
                "standardDeviation": null,
                "coefficientOfVariation": null,
                "min": null,
                "p05": null,
                "p50": null,
                "p95": null,
                "max": null
              }
            },
            {
              "pid": 33728,
              "role": "utility-process",
              "type": "Utility",
              "name": "Video Capture",
              "serviceName": "video_capture.mojom.VideoCaptureService",
              "cpuPercent": {
                "count": 3,
                "mean": 0.004720919520321127,
                "standardDeviation": 0.0000783146125240163,
                "coefficientOfVariation": 0.016588847191084753,
                "min": 0.004658728443531959,
                "p05": 0.004660120499807516,
                "p50": 0.004672649006287527,
                "p95": 0.004815507900658257,
                "max": 0.004831381111143894
              },
              "idleWakeupsPerSecond": {
                "count": 3,
                "mean": 0,
                "standardDeviation": 0,
                "coefficientOfVariation": null,
                "min": 0,
                "p05": 0,
                "p50": 0,
                "p95": 0,
                "max": 0
              },
              "workingSetMiB": {
                "count": 3,
                "mean": 127.73828125,
                "standardDeviation": 0,
                "coefficientOfVariation": 0,
                "min": 127.73828125,
                "p05": 127.73828125,
                "p50": 127.73828125,
                "p95": 127.73828125,
                "max": 127.73828125
              },
              "peakWorkingSetMiB": {
                "count": 3,
                "mean": 129.87109375,
                "standardDeviation": 0,
                "coefficientOfVariation": 0,
                "min": 129.87109375,
                "p05": 129.87109375,
                "p50": 129.87109375,
                "p95": 129.87109375,
                "max": 129.87109375
              },
              "privateMemoryMiB": {
                "count": 3,
                "mean": 70.0078125,
                "standardDeviation": 0,
                "coefficientOfVariation": 0,
                "min": 70.0078125,
                "p05": 70.0078125,
                "p50": 70.0078125,
                "p95": 70.0078125,
                "max": 70.0078125
              },
              "sharedMemoryMiB": {
                "count": 0,
                "mean": null,
                "standardDeviation": null,
                "coefficientOfVariation": null,
                "min": null,
                "p05": null,
                "p50": null,
                "p95": null,
                "max": null
              }
            }
          ],
          "nvidia": {
            "available": false,
            "gpuUtilizationPercentMax": {
              "count": 0,
              "mean": null,
              "standardDeviation": null,
              "coefficientOfVariation": null,
              "min": null,
              "p05": null,
              "p50": null,
              "p95": null,
              "max": null
            },
            "encoderUtilizationPercentMax": {
              "count": 0,
              "mean": null,
              "standardDeviation": null,
              "coefficientOfVariation": null,
              "min": null,
              "p05": null,
              "p50": null,
              "p95": null,
              "max": null
            },
            "decoderUtilizationPercentMax": {
              "count": 0,
              "mean": null,
              "standardDeviation": null,
              "coefficientOfVariation": null,
              "min": null,
              "p05": null,
              "p50": null,
              "p95": null,
              "max": null
            },
            "memoryUsedMiBSum": {
              "count": 0,
              "mean": null,
              "standardDeviation": null,
              "coefficientOfVariation": null,
              "min": null,
              "p05": null,
              "p50": null,
              "p95": null,
              "max": null
            },
            "powerDrawWattsSum": {
              "count": 0,
              "mean": null,
              "standardDeviation": null,
              "coefficientOfVariation": null,
              "min": null,
              "p05": null,
              "p50": null,
              "p95": null,
              "max": null
            },
            "temperatureCelsiusMax": {
              "count": 0,
              "mean": null,
              "standardDeviation": null,
              "coefficientOfVariation": null,
              "min": null,
              "p05": null,
              "p50": null,
              "p95": null,
              "max": null
            },
            "graphicsClockMHzMax": {
              "count": 0,
              "mean": null,
              "standardDeviation": null,
              "coefficientOfVariation": null,
              "min": null,
              "p05": null,
              "p50": null,
              "p95": null,
              "max": null
            },
            "memoryClockMHzMax": {
              "count": 0,
              "mean": null,
              "standardDeviation": null,
              "coefficientOfVariation": null,
              "min": null,
              "p05": null,
              "p50": null,
              "p95": null,
              "max": null
            },
            "byGpu": []
          }
        },
        "visualQuality": {
          "available": false,
          "valid": false,
          "reason": "disabled"
        }
      }
    }
  ],
  "aggregate": {
    "byProfile": {
      "performance": {
        "runs": 1,
        "validRuns": 0,
        "excludedRuns": 1,
        "comparable": true,
        "selectedStratum": null,
        "strata": [],
        "median": {
          "source.captureFps": null,
          "sender.encodeFps": null,
          "sender.bitrateBps": null,
          "sender.totalUploadBitrateBps": null,
          "sender.retransmissionRatio": null,
          "sender.keyFramesPerMinute": null,
          "sender.keyFrameRatio": null,
          "sender.pliCount": null,
          "sender.firCount": null,
          "sender.mutations.total": null,
          "sender.mutations.structural": null,
          "sender.mutations.bitrate": null,
          "receiver.packetLossRatio": null,
          "transport.sendBitrateBps.coefficientOfVariation": null,
          "transport.packetSendDelayMs.p95": null,
          "transport.packetLossRatio.p95": null,
          "sender.averageEncodeTimeMs": null,
          "receiver.decodeFps": null,
          "receiver.averageJitterBufferMs": null,
          "render.presentedFps": null,
          "render.intervalMs.p95": null,
          "render.captureToCompositorMs.p95": null,
          "visualQuality.ssim.p50": null,
          "visualQuality.psnrDb.p50": null,
          "resources.global.cpuPercentSum.mean": null,
          "resources.global.cpuPercentSum.p95": null,
          "resources.global.privateMemoryMiBSum.p95": null,
          "resources.mainProcess.cpuPercent.mean": null,
          "resources.nvidia.gpuUtilizationPercentMax.mean": null,
          "resources.nvidia.encoderUtilizationPercentMax.mean": null,
          "resources.nvidia.decoderUtilizationPercentMax.mean": null,
          "resources.nvidia.memoryUsedMiBSum.p95": null
        }
      }
    },
    "differential": null
  }
}
[30472:0829/101036.405:VERBOSE1:content\browser\renderer_host\media\media_stream_manager.cc:1519] AOC::Close([state=playing]) [id=2DEEF893B020EE4AFFC48CDE02540F3B]
[30472:0829/101036.405:VERBOSE1:content\browser\renderer_host\media\media_stream_manager.cc:1519] AOC::StopStream => (duration=5 sec) [id=2DEEF893B020EE4AFFC48CDE02540F3B]
[30472:0829/101036.405:VERBOSE1:content\browser\renderer_host\media\media_stream_manager.cc:1519] AOC::StopStream => (glitches=[duration (ms): 0, count: 0], glitch_percentage=0.000%) [id=2DEEF893B020EE4AFFC48CDE02540F3B]
[30472:0829/101036.405:VERBOSE1:content\browser\renderer_host\media\media_stream_manager.cc:1519] AOC::StopStream => (error_during_callback=false) [id=2DEEF893B020EE4AFFC48CDE02540F3B]
[30472:0829/101036.405:VERBOSE1:content\browser\renderer_host\media\media_stream_manager.cc:1519] AOC::StopStream => (average audio level=-inf dBFS) [id=2DEEF893B020EE4AFFC48CDE02540F3B]
[30472:0829/101036.405:VERBOSE1:content\browser\renderer_host\media\media_stream_manager.cc:1519] AOC::Close => (state=closed) [id=2DEEF893B020EE4AFFC48CDE02540F3B]
[30472:0829/101036.405:VERBOSE1:content\browser\renderer_host\media\media_stream_manager.cc:1519] audio::OS::Dtor => (completed, duration=0 ms) [id=895C8B3462AAA4D5955624DB7091642F] [controller_id=2DEEF893B020EE4AFFC48CDE02540F3B]
[30472:0829/101036.405:VERBOSE1:content\browser\renderer_host\media\media_stream_manager.cc:1519] ASR: number of detected audio glitches: 0 out of 551
[30472:0829/101036.405:VERBOSE1:content\browser\renderer_host\media\media_stream_manager.cc:1519] MSM::StopStreamDevice({render_process_id=6}, {render_frame_id=1}, {requester_id=0}, {device_id=default}, {session_id=12C7C27F73BEAF4434B50820D48C80DD})
[30472:0829/101036.405:VERBOSE1:content\browser\renderer_host\media\media_stream_manager.cc:1519] MSM::StopDevice({type=DEVICE_AUDIO_CAPTURE}, {session_id=12C7C27F73BEAF4434B50820D48C80DD})
[30472:0829/101036.405:VERBOSE1:content\browser\renderer_host\media\media_stream_manager.cc:1519] MSM::CloseDevice({type=DEVICE_AUDIO_CAPTURE}, {session_id=12C7C27F73BEAF4434B50820D48C80DD})
[30472:0829/101036.405:VERBOSE1:content\browser\renderer_host\media\media_stream_manager.cc:1519] AIDM::Close({session_id=12C7C27F73BEAF4434B50820D48C80DD})
[30472:0829/101036.405:VERBOSE1:content\browser\renderer_host\media\media_stream_manager.cc:1519] MSM::DR::SetState({label=44ba800d-8922-413f-bab1-d6ae77d77d0b}, [requester_id=0], {stream_type=DEVICE_AUDIO_CAPTURE}, {new_state=STATE_CLOSING})
[30472:0829/101036.405:VERBOSE1:content\browser\renderer_host\media\media_stream_manager.cc:1519] MSM::DeleteRequest([label=44ba800d-8922-413f-bab1-d6ae77d77d0b])
[30472:0829/101036.406:VERBOSE1:content\browser\renderer_host\media\media_stream_manager.cc:1519] AIDM::Closed({session_id=12C7C27F73BEAF4434B50820D48C80DD})
[30472:0829/101036.406:VERBOSE1:content\browser\renderer_host\media\media_stream_manager.cc:1519] MSM::Closed({stream_type=DEVICE_AUDIO_CAPTURE}, {session_id=12C7C27F73BEAF4434B50820D48C80DD})
[30472:0829/101036.406:VERBOSE1:content\browser\renderer_host\media\media_stream_manager.cc:1519] AOC::Close([state=playing]) [id=BA4D8C390653B10E30683A7A20073640]
[30472:0829/101036.406:VERBOSE1:content\browser\renderer_host\media\media_stream_manager.cc:1519] AOC::StopStream => (duration=5 sec) [id=BA4D8C390653B10E30683A7A20073640]
[30472:0829/101036.406:VERBOSE1:content\browser\renderer_host\media\media_stream_manager.cc:1519] AOC::StopStream => (glitches=[duration (ms): 0, count: 0], glitch_percentage=0.000%) [id=BA4D8C390653B10E30683A7A20073640]
[30472:0829/101036.406:VERBOSE1:content\browser\renderer_host\media\media_stream_manager.cc:1519] AOC::StopStream => (error_during_callback=false) [id=BA4D8C390653B10E30683A7A20073640]
[30472:0829/101036.406:VERBOSE1:content\browser\renderer_host\media\media_stream_manager.cc:1519] AOC::StopStream => (average audio level=-inf dBFS) [id=BA4D8C390653B10E30683A7A20073640]
[30472:0829/101036.406:VERBOSE1:content\browser\renderer_host\media\media_stream_manager.cc:1519] AOC::Close => (state=closed) [id=BA4D8C390653B10E30683A7A20073640]
[30472:0829/101036.406:VERBOSE1:content\browser\renderer_host\media\media_stream_manager.cc:1519] audio::OS::Dtor => (completed, duration=0 ms) [id=A18364AC8E280B7405B8456FDD480150] [controller_id=BA4D8C390653B10E30683A7A20073640]
[30472:0829/101036.406:VERBOSE1:content\browser\renderer_host\media\media_stream_manager.cc:1519] ASR: number of detected audio glitches: 0 out of 548
[30472:0829/101036.407:VERBOSE1:content\browser\renderer_host\media\media_stream_manager.cc:1519] AOC::Close([state=playing]) [id=E03A4F6198E6E12A3726AE9E60931418]
[30472:0829/101036.407:VERBOSE1:content\browser\renderer_host\media\media_stream_manager.cc:1519] AOC::StopStream => (duration=5 sec) [id=E03A4F6198E6E12A3726AE9E60931418]
[30472:0829/101036.407:VERBOSE1:content\browser\renderer_host\media\media_stream_manager.cc:1519] AOC::StopStream => (glitches=[duration (ms): 0, count: 0], glitch_percentage=0.000%) [id=E03A4F6198E6E12A3726AE9E60931418]
[30472:0829/101036.407:VERBOSE1:content\browser\renderer_host\media\media_stream_manager.cc:1519] AOC::StopStream => (error_during_callback=false) [id=E03A4F6198E6E12A3726AE9E60931418]
[30472:0829/101036.407:VERBOSE1:content\browser\renderer_host\media\media_stream_manager.cc:1519] AOC::StopStream => (average audio level=-98.02 dBFS) [id=E03A4F6198E6E12A3726AE9E60931418]
[30472:0829/101036.407:VERBOSE1:content\browser\renderer_host\media\media_stream_manager.cc:1519] AOC::Close => (state=closed) [id=E03A4F6198E6E12A3726AE9E60931418]
[30472:0829/101036.407:VERBOSE1:content\browser\renderer_host\media\media_stream_manager.cc:1519] audio::OS::Dtor => (completed, duration=0 ms) [id=98DF7C8A8D38622C2067DFB1D873666E] [controller_id=E03A4F6198E6E12A3726AE9E60931418]
[30472:0829/101036.407:VERBOSE1:content\browser\renderer_host\media\media_stream_manager.cc:1519] ASR: number of detected audio glitches: 0 out of 548
[30472:0829/101036.407:VERBOSE1:content\browser\renderer_host\media\media_stream_manager.cc:1519] OutputTapper: stop listening [id=63A2A6A5502EEE21862822D9C5EEDA29]
[30472:0829/101036.407:VERBOSE1:content\browser\renderer_host\media\media_stream_manager.cc:1519] AIC::~ProcessingFifo() => (total_callbacks=629, total_overruns=0) [id=63A2A6A5502EEE21862822D9C5EEDA29]
[30472:0829/101036.407:VERBOSE1:content\browser\renderer_host\media\media_stream_manager.cc:1519] AIC::Close => (stream duration=6 seconds) [id=63A2A6A5502EEE21862822D9C5EEDA29]
[30472:0829/101036.407:VERBOSE1:content\browser\renderer_host\media\media_stream_manager.cc:1519] audio::IS::Dtor => (completed, duration=0 ms) [id=63A2A6A5502EEE21862822D9C5EEDA29]
[30472:0829/101036.407:VERBOSE1:content\browser\renderer_host\media\media_stream_manager.cc:1519] AIC::Dtor => (duration=6 sec) [id=63A2A6A5502EEE21862822D9C5EEDA29]
[30472:0829/101036.407:VERBOSE1:content\browser\renderer_host\media\media_stream_manager.cc:1519] AIC::Dtor => (glitches=[duration (ms): 0, count: 0], glitch_percentage=0.000%) [id=63A2A6A5502EEE21862822D9C5EEDA29]
[30472:0829/101036.407:VERBOSE1:content\browser\renderer_host\media\media_stream_manager.cc:1519] AISW::~InputGlitchCounter => (number of detected audio glitches: 0 out of 629)  [id=70AA2DA008B0066C879ED0CE2A63053E]
[30472:0829/101036.408:VERBOSE1:content\browser\renderer_host\media\media_stream_manager.cc:1519] AOC::Close([state=playing]) [id=2F34A1DEF106F85557F98E2ADA3D6AE5]
[30472:0829/101036.408:VERBOSE1:content\browser\renderer_host\media\media_stream_manager.cc:1519] AOC::StopStream => (duration=5 sec) [id=2F34A1DEF106F85557F98E2ADA3D6AE5]
[30472:0829/101036.408:VERBOSE1:content\browser\renderer_host\media\media_stream_manager.cc:1519] AOC::StopStream => (glitches=[duration (ms): 0, count: 0], glitch_percentage=0.000%) [id=2F34A1DEF106F85557F98E2ADA3D6AE5]
[30472:0829/101036.408:VERBOSE1:content\browser\renderer_host\media\media_stream_manager.cc:1519] AOC::StopStream => (error_during_callback=false) [id=2F34A1DEF106F85557F98E2ADA3D6AE5]
[30472:0829/101036.408:VERBOSE1:content\browser\renderer_host\media\media_stream_manager.cc:1519] AOC::StopStream => (average audio level=-93.44 dBFS) [id=2F34A1DEF106F85557F98E2ADA3D6AE5]
[30472:0829/101036.408:VERBOSE1:content\browser\renderer_host\media\media_stream_manager.cc:1519] AOC::Close => (state=closed) [id=2F34A1DEF106F85557F98E2ADA3D6AE5]
[30472:0829/101036.408:VERBOSE1:content\browser\renderer_host\media\media_stream_manager.cc:1519] audio::OS::Dtor => (completed, duration=0 ms) [id=200A23F493AB06FE86F0C2D405FE9CCE] [controller_id=2F34A1DEF106F85557F98E2ADA3D6AE5]
[30472:0829/101036.408:VERBOSE1:content\browser\renderer_host\media\media_stream_manager.cc:1519] ASR: number of detected audio glitches: 0 out of 550
[30472:0829/101036.408:VERBOSE1:content\browser\renderer_host\media\media_stream_manager.cc:1519] AOC::Close([state=playing]) [id=92D2038B5929C5C9DBD2EA2A6807635E]
[30472:0829/101036.408:VERBOSE1:content\browser\renderer_host\media\media_stream_manager.cc:1519] AOC::StopStream => (duration=5 sec) [id=92D2038B5929C5C9DBD2EA2A6807635E]
[30472:0829/101036.408:VERBOSE1:content\browser\renderer_host\media\media_stream_manager.cc:1519] AOC::StopStream => (glitches=[duration (ms): 0, count: 0], glitch_percentage=0.000%) [id=92D2038B5929C5C9DBD2EA2A6807635E]
[30472:0829/101036.408:VERBOSE1:content\browser\renderer_host\media\media_stream_manager.cc:1519] AOC::StopStream => (error_during_callback=false) [id=92D2038B5929C5C9DBD2EA2A6807635E]
[30472:0829/101036.408:VERBOSE1:content\browser\renderer_host\media\media_stream_manager.cc:1519] AOC::StopStream => (average audio level=-inf dBFS) [id=92D2038B5929C5C9DBD2EA2A6807635E]
[30472:0829/101036.408:VERBOSE1:content\browser\renderer_host\media\media_stream_manager.cc:1519] AOC::Close => (state=closed) [id=92D2038B5929C5C9DBD2EA2A6807635E]
[30472:0829/101036.408:VERBOSE1:content\browser\renderer_host\media\media_stream_manager.cc:1519] audio::OS::Dtor => (completed, duration=0 ms) [id=37FAD99D27AB9D4B356F0E686133631E] [controller_id=92D2038B5929C5C9DBD2EA2A6807635E]
[30472:0829/101036.408:VERBOSE1:content\browser\renderer_host\media\media_stream_manager.cc:1519] ASR: number of detected audio glitches: 0 out of 551
[30472:0829/101036.409:VERBOSE1:content\browser\renderer_host\media\media_stream_manager.cc:1519] AOC::Close([state=playing]) [id=31472CFEF13FAEB70E598CB6CC9F8BB6]
[30472:0829/101036.409:VERBOSE1:content\browser\renderer_host\media\media_stream_manager.cc:1519] AOC::StopStream => (duration=0 sec) [id=31472CFEF13FAEB70E598CB6CC9F8BB6]
[30472:0829/101036.409:VERBOSE1:content\browser\renderer_host\media\media_stream_manager.cc:1519] AOC::StopStream => (glitches=[duration (ms): 0, count: 0], glitch_percentage=0.000%) [id=31472CFEF13FAEB70E598CB6CC9F8BB6]
[30472:0829/101036.409:VERBOSE1:content\browser\renderer_host\media\media_stream_manager.cc:1519] AOC::StopStream => (error_during_callback=false) [id=31472CFEF13FAEB70E598CB6CC9F8BB6]
[30472:0829/101036.409:VERBOSE1:content\browser\renderer_host\media\media_stream_manager.cc:1519] AOC::StopStream => (average audio level=-inf dBFS) [id=31472CFEF13FAEB70E598CB6CC9F8BB6]
[30472:0829/101036.409:VERBOSE1:content\browser\renderer_host\media\media_stream_manager.cc:1519] AOC::Close => (state=closed) [id=31472CFEF13FAEB70E598CB6CC9F8BB6]
[30472:0829/101036.409:VERBOSE1:content\browser\renderer_host\media\media_stream_manager.cc:1519] audio::OS::Dtor => (completed, duration=0 ms) [id=A540B4229CD902F8259075C45CFED796] [controller_id=31472CFEF13FAEB70E598CB6CC9F8BB6]
[30472:0829/101036.409:VERBOSE1:content\browser\renderer_host\media\media_stream_manager.cc:1519] ASR: number of detected audio glitches: 0 out of 63
[30472:0829/101036.409:VERBOSE1:content\browser\renderer_host\media\media_stream_manager.cc:1519] MSM::StopStreamDevice({render_process_id=7}, {render_frame_id=1}, {requester_id=1}, {device_id=default}, {session_id=D8B2F83BF8CD53066A29496DF690678C})
[30472:0829/101036.409:VERBOSE1:content\browser\renderer_host\media\media_stream_manager.cc:1519] MSM::StopDevice({type=DEVICE_AUDIO_CAPTURE}, {session_id=D8B2F83BF8CD53066A29496DF690678C})
[30472:0829/101036.409:VERBOSE1:content\browser\renderer_host\media\media_stream_manager.cc:1519] MSM::CloseDevice({type=DEVICE_AUDIO_CAPTURE}, {session_id=D8B2F83BF8CD53066A29496DF690678C})
[30472:0829/101036.409:VERBOSE1:content\browser\renderer_host\media\media_stream_manager.cc:1519] AIDM::Close({session_id=D8B2F83BF8CD53066A29496DF690678C})
[30472:0829/101036.409:VERBOSE1:content\browser\renderer_host\media\media_stream_manager.cc:1519] MSM::DR::SetState({label=bca31716-e518-46ca-8586-6afe080b7e44}, [requester_id=1], {stream_type=DEVICE_AUDIO_CAPTURE}, {new_state=STATE_CLOSING})
[30472:0829/101036.409:VERBOSE1:content\browser\renderer_host\media\media_stream_manager.cc:1519] MSM::DeleteRequest([label=bca31716-e518-46ca-8586-6afe080b7e44])
[30472:0829/101036.409:VERBOSE1:content\browser\renderer_host\media\media_stream_manager.cc:1519] AIDM::Closed({session_id=D8B2F83BF8CD53066A29496DF690678C})
[30472:0829/101036.409:VERBOSE1:content\browser\renderer_host\media\media_stream_manager.cc:1519] MSM::Closed({stream_type=DEVICE_AUDIO_CAPTURE}, {session_id=D8B2F83BF8CD53066A29496DF690678C})
[30472:0829/101036.410:VERBOSE1:content\browser\renderer_host\media\media_stream_manager.cc:1519] OutputTapper: stop listening [id=DC74736C84B6337469D07F92A97FAAC9]
[30472:0829/101036.410:VERBOSE1:content\browser\renderer_host\media\media_stream_manager.cc:1519] AIC::~ProcessingFifo() => (total_callbacks=628, total_overruns=0) [id=DC74736C84B6337469D07F92A97FAAC9]
[30472:0829/101036.410:VERBOSE1:content\browser\renderer_host\media\media_stream_manager.cc:1519] AIC::Close => (stream duration=6 seconds) [id=DC74736C84B6337469D07F92A97FAAC9]
[30472:0829/101036.410:VERBOSE1:content\browser\renderer_host\media\media_stream_manager.cc:1519] audio::IS::Dtor => (completed, duration=1 ms) [id=DC74736C84B6337469D07F92A97FAAC9]
[30472:0829/101036.410:VERBOSE1:content\browser\renderer_host\media\media_stream_manager.cc:1519] AIC::Dtor => (duration=6 sec) [id=DC74736C84B6337469D07F92A97FAAC9]
[30472:0829/101036.410:VERBOSE1:content\browser\renderer_host\media\media_stream_manager.cc:1519] AIC::Dtor => (glitches=[duration (ms): 0, count: 0], glitch_percentage=0.000%) [id=DC74736C84B6337469D07F92A97FAAC9]
[30472:0829/101036.410:VERBOSE1:content\browser\renderer_host\media\media_stream_manager.cc:1519] AISW::~InputGlitchCounter => (number of detected audio glitches: 0 out of 628)  [id=E74394240DDFD210BC9E3DC8AE7ACDED]
[30472:0829/101036.415:VERBOSE1:content\browser\renderer_host\media\media_stream_manager.cc:1519] WAOS[id=007DF45D6A2F9E6701BADD11CB461FE1]: Stop([started=true])
[30472:0829/101036.436:VERBOSE1:content\browser\renderer_host\media\media_stream_manager.cc:1519] WAOS[id=007DF45D6A2F9E6701BADD11CB461FE1]: ReportAndResetStats => (num_glitches_detected=[0], cumulative_audio_lost=[0 ms], largest_glitch=[0 ms])
[30472:0829/101036.512:INFO:services\tracing\public\cpp\startup_tracing_controller.cc:242] Completed startup tracing to C:\Projects\discord p2p\artifacts\probe-m150-d-window-wgc.trace.json
[30472:0829/101036.557:VERBOSE1:content\browser\renderer_host\media\media_stream_manager.cc:1519] MDM::HandleDevicesChanged({type=AUDIO_INPUT}, {request_id=7})
[30472:0829/101036.557:VERBOSE1:content\browser\renderer_host\media\media_stream_manager.cc:1519] MDM::EnumerateSystemDevices({request_id=7}, {type=AUDIO_INPUT})
[30472:0829/101036.557:VERBOSE1:content\browser\renderer_host\media\media_stream_manager.cc:1519] MDM::DevicesEnumerated({request_id=7}, {type=AUDIO_INPUT}, {labels=[Fake Default Audio Input, Fake Audio Input 1, Fake Audio Input 2]})
[30472:0829/101036.569:VERBOSE1:content\browser\renderer_host\media\media_stream_manager.cc:1519] MDM::HandleDevicesChanged({type=VIDEO_INPUT}, {request_id=8})
[30472:0829/101036.569:VERBOSE1:content\browser\renderer_host\media\media_stream_manager.cc:1519] MDM::EnumerateSystemDevices({request_id=8}, {type=VIDEO_INPUT})
[30472:0829/101036.569:VERBOSE1:content\browser\renderer_host\media\media_stream_manager.cc:1519] video capture: VideoCaptureManager::EnumerateDevices
[30472:0829/101036.569:VERBOSE1:content\browser\renderer_host\media\media_stream_manager.cc:1519] video capture: ServiceVideoCaptureProvider::GetDeviceInfosAsync
[30472:0829/101036.610:VERBOSE1:content\browser\renderer_host\media\media_stream_manager.cc:1519] MDM::StopMonitoring({audio=true}, {video=true})
[30472:0829/101036.642:VERBOSE1:base\metrics\statistics_recorder.cc:631] Collections of all histograms
Histogram: Accessibility.InlineTextBoxes.PresentInUpdate recorded 8 samples, mean = 0.0 (flags = 0x1)
0  --------O                                                                 (8 = 100.0%)
1  ... 

Histogram: Accessibility.ManuallyEnabled recorded 1 samples, mean = 0.0 (flags = 0x1)
0  -O                                                                        (1 = 100.0%)
1  ... 

Histogram: Accessibility.Performance.AXTree.Destroy2 recorded 8 samples, mean = 0.0 (flags = 0x1)
0  --------O                                                                 (8 = 100.0%)
1  ... 

Histogram: Accessibility.Performance.Tree.Unserialize2 recorded 8 samples, mean = 1.9 (flags = 0x1)
0  O                                                                         (0 = 0.0%)
1  ----O                                                                     (4 = 50.0%) {0.0%}
2  ---O                                                                      (3 = 37.5%) {50.0%}
3  ... 
5  -O                                                                        (1 = 12.5%) {87.5%}
7  ... 

Histogram: Accessibility.WinHighContrastTheme recorded 1 samples, mean = 0.0 (flags = 0x1)
0  -O                                                                        (1 = 100.0%)
1  ... 

Histogram: BackForwardCache.History.EntryMatch recorded 3 samples, mean = 0.0 (flags = 0x1)
0  ---O                                                                      (3 = 100.0%)
1  ... 

Histogram: BackForwardCache.NewPageNavHasPotentialMatch recorded 3 samples, mean = 0.0 (flags = 0x1)
0  ---O                                                                      (3 = 100.0%)
1  ... 

Histogram: BackForwardCache.NewPageNavHasPotentialMatchWithNoSubframes recorded 3 samples, mean = 0.0 (flags = 0x1)
0  ---O                                                                      (3 = 100.0%)
1  ... 

Histogram: BrowserRenderProcessHost.Cleanup.DelayReason recorded 6 samples, mean = 4.5 (flags = 0x1)
0  ---O                                                                      (3 = 50.0%)
1  ... 
9  ---O                                                                      (3 = 50.0%) {50.0%}
10 ... 

Histogram: BrowserRenderProcessHost.Cleanup.Total recorded 6 samples, mean = 1.0 (flags = 0x1)
0  O                                                                         (0 = 0.0%)
1  ------O                                                                   (6 = 100.0%) {0.0%}
2  O                                                                         (0 = 0.0%) {100.0%}

Histogram: BrowserRenderProcessHost.MaxOutermostMainFrames recorded 3 samples, mean = 1.0 (flags = 0x1)
0  O                                                                         (0 = 0.0%)
1  ---O                                                                      (3 = 100.0%) {0.0%}
2  ... 

Histogram: BrowserRenderProcessHost.NoSparePresentReason2 recorded 3 samples, mean = 4.7 (flags = 0x1)
0  ... 
3  --O                                                                       (2 = 66.7%) {0.0%}
4  ... 
8  -O                                                                        (1 = 33.3%) {66.7%}
9  ... 

Histogram: BrowserRenderProcessHost.NoSpareRenderer.AllocationSource.NotEnabled recorded 2 samples, mean = 0.0 (flags = 0x1)
0  --O                                                                       (2 = 100.0%)
1  ... 

Histogram: BrowserRenderProcessHost.NoSpareRenderer.AllocationSource.NotYetCreatedFirstLaunch recorded 1 samples, mean = 0.0 (flags = 0x1)
0  -O                                                                        (1 = 100.0%)
1  ... 

Histogram: BrowserRenderProcessHost.SiteInstanceRenderProcessAssignment recorded 3 samples, mean = 3.0 (flags = 0x1)
0  ... 
3  ---O                                                                      (3 = 100.0%) {0.0%}
4  O                                                                         (0 = 0.0%) {100.0%}

Histogram: BrowserRenderProcessHost.SpareProcessMaybeTakeAction recorded 3 samples, mean = 0.0 (flags = 0x1)
0  ---O                                                                      (3 = 100.0%)
1  ... 

Histogram: BrowserRenderProcessHost.SuspendedChild.KernelExecutionRecorded recorded 3 samples, mean = 0.0 (flags = 0x1)
0  ---O                                                                      (3 = 100.0%)
1  ... 

Histogram: BrowserRenderProcessHost.SuspendedChild.UserExecutionRecorded recorded 3 samples, mean = 0.0 (flags = 0x1)
0  ---O                                                                      (3 = 100.0%)
1  ... 

Histogram: BrowserScheduler.UIThread.TaskOffCpuDuration recorded 3 samples, mean = 2.3 (flags = 0x1)
0  ... 
2  --O                                                                       (2 = 66.7%) {0.0%}
3  -O                                                                        (1 = 33.3%) {66.7%}
4  ... 

Histogram: BrowserScheduler.UIThread.TaskOnCpuDuration recorded 3 samples, mean = 6.0 (flags = 0x1)
0   ... 
3   -O                                                                        (1 = 33.3%) {0.0%}
4   -O                                                                        (1 = 33.3%) {33.3%}
5   ... 
10  -O                                                                        (1 = 33.3%) {66.7%}
13  ... 

Histogram: BrowserScheduler.UIThread.TaskOnCpuPercentage recorded 3 samples, mean = 68.0 (flags = 0x1)
0   ... 
60  -O                                                                        (1 = 33.3%) {0.0%}
61  ... 
66  -O                                                                        (1 = 33.3%) {33.3%}
67  ... 
78  -O                                                                        (1 = 33.3%) {66.7%}
79  ... 

Histogram: Chrome.FontDataService.CreateResult recorded 14 samples, mean = 3.0 (flags = 0x1)
0  ... 
3  --------------O                                                           (14 = 100.0%) {0.0%}
4  ... 

Histogram: Chrome.FontDataService.EmptyPathOnGetFileHandle recorded 14 samples, mean = 0.0 (flags = 0x1)
0  --------------O                                                           (14 = 100.0%)
1  ... 

Histogram: Chrome.FontDataService.FileHandlePathReferencesParent recorded 14 samples, mean = 0.0 (flags = 0x1)
0  --------------O                                                           (14 = 100.0%)
1  ... 

Histogram: Chrome.FontDataService.InvokedIPC recorded 14 samples, mean = 0.4 (flags = 0x1)
0  ------------O                                                             (12 = 85.7%)
1  ... 
3  --O                                                                       (2 = 14.3%) {85.7%}
4  ... 

Histogram: Compositing.Browser.CompositorFrame.Quads recorded 17 samples, mean = 1.4 (flags = 0x1)
0  O                                                                         (0 = 0.0%)
1  ------------O                                                             (12 = 70.6%) {0.0%}
2  ----O                                                                     (4 = 23.5%) {70.6%}
3  -O                                                                        (1 = 5.9%) {94.1%}
4  ... 

Histogram: Compositing.Browser.LayersUpdateTime recorded 19 samples, mean = 27.0 (flags = 0x1)
0    ... 
3    -O                                                                        (1 = 5.3%) {0.0%}
4    -----O                                                                    (5 = 26.3%) {5.3%}
6    --O                                                                       (2 = 10.5%) {31.6%}
8    ... 
15   ----O                                                                     (4 = 21.1%) {42.1%}
21   --O                                                                       (2 = 10.5%) {63.2%}
29   --O                                                                       (2 = 10.5%) {73.7%}
40   -O                                                                        (1 = 5.3%) {84.2%}
55   -O                                                                        (1 = 5.3%) {89.5%}
76   ... 
146  -O                                                                        (1 = 5.3%) {94.7%}
203  ... 

Histogram: Compositing.ResourcePool.PeakMemoryUsage recorded 3 samples, mean = 0.3 (flags = 0x1)
0  --O                                                                       (2 = 66.7%)
1  -O                                                                        (1 = 33.3%) {66.7%}
2  ... 

Histogram: Compositing.ResourcePool.PeakMemoryUsage.NonZero recorded 1 samples, mean = 1.0 (flags = 0x1)
0  O                                                                         (0 = 0.0%)
1  -O                                                                        (1 = 100.0%) {0.0%}
2  ... 

Histogram: Compositing.ResourcePool.PeakResourceCount recorded 3 samples, mean = 0.3 (flags = 0x1)
0  --O                                                                       (2 = 66.7%)
1  -O                                                                        (1 = 33.3%) {66.7%}
2  ... 

Histogram: Cookie.FirstPartySets.Browser.DelayedQueriesCount recorded 1 samples, mean = 1.0 (flags = 0x1)
0  O                                                                         (0 = 0.0%)
1  -O                                                                        (1 = 100.0%) {0.0%}
2  ... 

Histogram: Cookie.FirstPartySets.Browser.MostDelayedQueryDelta recorded 1 samples, mean = 29.0 (flags = 0x1)
0   ... 
29  -O                                                                        (1 = 100.0%) {0.0%}
34  ... 

Histogram: Event.UserActivation.TriggerForSticky recorded 3 samples, mean = 1.0 (flags = 0x1)
0  O                                                                         (0 = 0.0%)
1  ---O                                                                      (3 = 100.0%) {0.0%}
2  ... 

Histogram: Extensions.WebRequest.DeclarativeRequestDependentExtensionCount recorded 20 samples, mean = 0.0 (flags = 0x1)
0  --------------------O                                                     (20 = 100.0%)
1  ... 

Histogram: Extensions.WebRequest.ProxyDecision2 recorded 20 samples, mean = 0.0 (flags = 0x1)
0  --------------------O                                                     (20 = 100.0%)
1  ... 

Histogram: Extensions.WebRequest.WebRequestDependentExtensionCount recorded 20 samples, mean = 0.0 (flags = 0x1)
0  --------------------O                                                     (20 = 100.0%)
1  ... 

Histogram: Extensions.WebRequest.WebViewDependentExtensionCount recorded 20 samples, mean = 0.0 (flags = 0x1)
0  --------------------O                                                     (20 = 100.0%)
1  ... 

Histogram: GPU.BlocklistEntriesApplied recorded 2 samples (flags = 0x1)
0    -O                                                                        (1 = 50.0%)
186  -O                                                                        (1 = 50.0%)

Histogram: GPU.BlocklistFeatureTestResults.Accelerated2dCanvas recorded 1 samples, mean = 0.0 (flags = 0x1)
0  -O                                                                        (1 = 100.0%)
1  ... 

Histogram: GPU.BlocklistFeatureTestResults.GpuCompositing recorded 1 samples, mean = 0.0 (flags = 0x1)
0  -O                                                                        (1 = 100.0%)
1  ... 

Histogram: GPU.BlocklistFeatureTestResults.GpuRasterization recorded 1 samples, mean = 0.0 (flags = 0x1)
0  -O                                                                        (1 = 100.0%)
1  ... 

Histogram: GPU.BlocklistFeatureTestResults.Webgl recorded 1 samples, mean = 0.0 (flags = 0x1)
0  -O                                                                        (1 = 100.0%)
1  ... 

Histogram: GPU.BlocklistFeatureTestResults.Webgl2 recorded 1 samples, mean = 0.0 (flags = 0x1)
0  -O                                                                        (1 = 100.0%)
1  ... 

Histogram: GPU.BlocklistFeatureTestResults.Webgpu recorded 1 samples, mean = 2.0 (flags = 0x1)
0  ... 
2  -O                                                                        (1 = 100.0%) {0.0%}
3  ... 

Histogram: GPU.CanvasOopRaster.OopRasterAndGpuAcceleration recorded 1 samples, mean = 0.0 (flags = 0x1)
0  -O                                                                        (1 = 100.0%)
1  ... 

Histogram: GPU.DriverBugTestResultsPerEntry recorded 6 samples (flags = 0x1)
0    -O                                                                        (1 = 16.7%)
17   -O                                                                        (1 = 16.7%)
165  -O                                                                        (1 = 16.7%)
206  -O                                                                        (1 = 16.7%)
256  -O                                                                        (1 = 16.7%)
426  -O                                                                        (1 = 16.7%)

Histogram: GPU.EstablishGpuChannel.Browser.InitAsyncLatency recorded 3 samples, mean = 7.0 (flags = 0x1)
0   ... 
3   -O                                                                        (1 = 33.3%) {0.0%}
4   -O                                                                        (1 = 33.3%) {33.3%}
5   ... 
13  -O                                                                        (1 = 33.3%) {66.7%}
16  ... 

Histogram: GPU.EstablishGpuChannel.Browser.RegularAsyncLatency recorded 1 samples, mean = 52.0 (flags = 0x1)
0   ... 
52  -O                                                                        (1 = 100.0%) {0.0%}
66  ... 

Histogram: GPU.GPUProcessLaunchTime recorded 1 samples, mean = 36.0 (flags = 0x1)
0   ... 
34  -O                                                                        (1 = 100.0%) {0.0%}
40  ... 

Histogram: GPU.GPUProcessTerminationStatus2 recorded 1 samples, mean = 4.0 (flags = 0x1)
0  ... 
4  -O                                                                        (1 = 100.0%) {0.0%}
5  ... 

Histogram: GPU.ProcessLifetime2 recorded 1 samples, mean = 7.0 (flags = 0x1)
0  ... 
7  -O                                                                        (1 = 100.0%) {0.0%}
9  ... 

Histogram: GPU.ProcessLifetimeEvents.HardwareAccelerated recorded 1 samples, mean = 0.0 (flags = 0x1)
0  -O                                                                        (1 = 100.0%)
1  ... 

Histogram: Graphics.Paint.UI.NormalizedInvalidatedArea recorded 2 samples, mean = 100000.0 (flags = 0x1)
0      ... 
94854  --O                                                                       (2 = 100.0%) {0.0%}
123452 ... 

Histogram: ImportantFile.FileReplaceResult.All recorded 4 samples, mean = 0.2 (flags = 0x1)
0  ---O                                                                      (3 = 75.0%)
1  -O                                                                        (1 = 25.0%) {75.0%}
2  ... 

Histogram: ImportantFile.FileReplaceResult.Local_State recorded 1 samples, mean = 0.0 (flags = 0x1)
0  -O                                                                        (1 = 100.0%)
1  ... 

Histogram: ImportantFile.FileReplaceResult.Preferences recorded 3 samples, mean = 0.3 (flags = 0x1)
0  --O                                                                       (2 = 66.7%)
1  -O                                                                        (1 = 33.3%) {66.7%}
2  ... 

Histogram: ImportantFile.FileReplaceRetryCount recorded 4 samples, mean = 0.2 (flags = 0x1)
0  ---O                                                                      (3 = 75.0%)
1  -O                                                                        (1 = 25.0%) {75.0%}
2  ... 

Histogram: ImportantFile.FileReplaceRetryCount2.All recorded 1 samples, mean = 1.0 (flags = 0x1)
0  O                                                                         (0 = 0.0%)
1  -O                                                                        (1 = 100.0%) {0.0%}
2  ... 

Histogram: ImportantFile.FileReplaceRetryCount2.Preferences recorded 1 samples, mean = 1.0 (flags = 0x1)
0  O                                                                         (0 = 0.0%)
1  -O                                                                        (1 = 100.0%) {0.0%}
2  ... 

Histogram: ImportantFile.SerializationDuration.All recorded 4 samples, mean = 0.0 (flags = 0x1)
0  ----O                                                                     (4 = 100.0%)
1  ... 

Histogram: ImportantFile.SerializationDuration.Local_State recorded 1 samples, mean = 0.0 (flags = 0x1)
0  -O                                                                        (1 = 100.0%)
1  ... 

Histogram: ImportantFile.SerializationDuration.Preferences recorded 3 samples, mean = 0.0 (flags = 0x1)
0  ---O                                                                      (3 = 100.0%)
1  ... 

Histogram: ImportantFile.WriteDuration.All recorded 4 samples, mean = 33.5 (flags = 0x1)
0    ... 
4    -O                                                                        (1 = 25.0%) {0.0%}
5    -O                                                                        (1 = 25.0%) {25.0%}
6    -O                                                                        (1 = 25.0%) {50.0%}
7    ... 
114  -O                                                                        (1 = 25.0%) {75.0%}
135  ... 

Histogram: ImportantFile.WriteDuration.Local_State recorded 1 samples, mean = 4.0 (flags = 0x1)
0  ... 
4  -O                                                                        (1 = 100.0%) {0.0%}
5  ... 

Histogram: ImportantFile.WriteDuration.Preferences recorded 3 samples, mean = 43.3 (flags = 0x1)
0    ... 
5    -O                                                                        (1 = 33.3%) {0.0%}
6    -O                                                                        (1 = 33.3%) {33.3%}
7    ... 
114  -O                                                                        (1 = 33.3%) {66.7%}
135  ... 

Histogram: IndexedDB.BackendDuration.BeginTransaction.InMemory recorded 18 samples, mean = 0.0 (flags = 0x1)
0  ------------------O                                                       (18 = 100.0%)
1  ... 

Histogram: IndexedDB.BackendDuration.ChangeDatabaseVersion.InMemory recorded 2 samples, mean = 0.0 (flags = 0x1)
0  --O                                                                       (2 = 100.0%)
1  ... 

Histogram: IndexedDB.BackendDuration.CloseBackingStore.InMemory recorded 2 samples, mean = 0.0 (flags = 0x1)
0  --O                                                                       (2 = 100.0%)
1  ... 

Histogram: IndexedDB.BackendDuration.CommitTransaction.InMemory recorded 18 samples, mean = 0.0 (flags = 0x1)
0  ------------------O                                                       (18 = 100.0%)
1  ... 

Histogram: IndexedDB.BackendDuration.CreateDatabase.InMemory recorded 2 samples, mean = 0.0 (flags = 0x1)
0  --O                                                                       (2 = 100.0%)
1  ... 

Histogram: IndexedDB.BackendDuration.CreateIndex.InMemory recorded 2 samples, mean = 0.0 (flags = 0x1)
0  --O                                                                       (2 = 100.0%)
1  ... 

Histogram: IndexedDB.BackendDuration.CreateObjectStore.InMemory recorded 6 samples, mean = 0.0 (flags = 0x1)
0  ------O                                                                   (6 = 100.0%)
1  ... 

Histogram: IndexedDB.BackendDuration.GetAllRecords.InMemory recorded 2 samples, mean = 0.0 (flags = 0x1)
0  --O                                                                       (2 = 100.0%)
1  ... 

Histogram: IndexedDB.BackendDuration.GetRecord.InMemory recorded 4 samples, mean = 0.0 (flags = 0x1)
0  ----O                                                                     (4 = 100.0%)
1  ... 

Histogram: IndexedDB.BackendDuration.OpenCursor.InMemory recorded 2 samples, mean = 0.0 (flags = 0x1)
0  --O                                                                       (2 = 100.0%)
1  ... 

Histogram: IndexedDB.BackendDuration.PutRecord.InMemory recorded 10 samples, mean = 0.0 (flags = 0x1)
0  ----------O                                                               (10 = 100.0%)
1  ... 

Histogram: IndexedDB.BackingStore.BeginTransaction.InMemory recorded 18 samples, mean = 0.0 (flags = 0x1)
0  ------------------O                                                       (18 = 100.0%)
1  ... 

Histogram: IndexedDB.BackingStore.ChangeDatabaseVersion.InMemory recorded 2 samples, mean = 0.0 (flags = 0x1)
0  --O                                                                       (2 = 100.0%)
1  ... 

Histogram: IndexedDB.BackingStore.CommitPhaseOne.InMemory recorded 18 samples, mean = 0.0 (flags = 0x1)
0  ------------------O                                                       (18 = 100.0%)
1  ... 

Histogram: IndexedDB.BackingStore.CommitPhaseTwo.InMemory recorded 18 samples, mean = 0.0 (flags = 0x1)
0  ------------------O                                                       (18 = 100.0%)
1  ... 

Histogram: IndexedDB.BackingStore.CreateIfMissing.InMemory recorded 2 samples, mean = 0.0 (flags = 0x1)
0  --O                                                                       (2 = 100.0%)
1  ... 

Histogram: IndexedDB.BackingStore.CreateIndex.InMemory recorded 2 samples, mean = 0.0 (flags = 0x1)
0  --O                                                                       (2 = 100.0%)
1  ... 

Histogram: IndexedDB.BackingStore.CreateObjectStore.InMemory recorded 6 samples, mean = 0.0 (flags = 0x1)
0  ------O                                                                   (6 = 100.0%)
1  ... 

Histogram: IndexedDB.BackingStore.CreateOrOpenDatabase.InMemory recorded 2 samples, mean = 0.0 (flags = 0x1)
0  --O                                                                       (2 = 100.0%)
1  ... 

Histogram: IndexedDB.BackingStore.GetAllRecords.InMemory recorded 2 samples, mean = 0.0 (flags = 0x1)
0  --O                                                                       (2 = 100.0%)
1  ... 

Histogram: IndexedDB.BackingStore.GetRecord.InMemory recorded 4 samples, mean = 0.0 (flags = 0x1)
0  ----O                                                                     (4 = 100.0%)
1  ... 

Histogram: IndexedDB.BackingStore.OpenCursor.InMemory recorded 2 samples, mean = 0.0 (flags = 0x1)
0  --O                                                                       (2 = 100.0%)
1  ... 

Histogram: IndexedDB.BackingStore.PutRecord.InMemory recorded 10 samples, mean = 0.0 (flags = 0x1)
0  ----------O                                                               (10 = 100.0%)
1  ... 

Histogram: IndexedDB.ContextShutdownDuration2 recorded 1 samples, mean = 0.0 (flags = 0x1)
0  -O                                                                        (1 = 100.0%)
1  ... 

Histogram: IndexedDB.CreateReadOnlyTransaction.NumTransactionsInConnection recorded 6 samples, mean = 1.7 (flags = 0x1)
0  --O                                                                       (2 = 33.3%)
1  --O                                                                       (2 = 33.3%) {33.3%}
2  ... 
4  --O                                                                       (2 = 33.3%) {66.7%}
5  ... 

Histogram: IndexedDB.CreateReadOnlyTransaction.NumTransactionsInDatabase recorded 6 samples, mean = 1.7 (flags = 0x1)
0  --O                                                                       (2 = 33.3%)
1  --O                                                                       (2 = 33.3%) {33.3%}
2  ... 
4  --O                                                                       (2 = 33.3%) {66.7%}
5  ... 

Histogram: IndexedDB.CreateReadWriteTransaction.NumTransactionsInConnection recorded 10 samples, mean = 2.2 (flags = 0x1)
0  --O                                                                       (2 = 20.0%)
1  O                                                                         (0 = 0.0%) {20.0%}
2  ----O                                                                     (4 = 40.0%) {20.0%}
3  --O                                                                       (2 = 20.0%) {60.0%}
4  --O                                                                       (2 = 20.0%) {80.0%}
5  ... 

Histogram: IndexedDB.CreateReadWriteTransaction.NumTransactionsInDatabase recorded 10 samples, mean = 2.2 (flags = 0x1)
0  --O                                                                       (2 = 20.0%)
1  O                                                                         (0 = 0.0%) {20.0%}
2  ----O                                                                     (4 = 40.0%) {20.0%}
3  --O                                                                       (2 = 20.0%) {60.0%}
4  --O                                                                       (2 = 20.0%) {80.0%}
5  ... 

Histogram: IndexedDB.CreateVersionChangeTransaction.NumTransactionsInConnection recorded 2 samples, mean = 0.0 (flags = 0x1)
0  --O                                                                       (2 = 100.0%)
1  ... 

Histogram: IndexedDB.CreateVersionChangeTransaction.NumTransactionsInDatabase recorded 2 samples, mean = 0.0 (flags = 0x1)
0  --O                                                                       (2 = 100.0%)
1  ... 

Histogram: IndexedDB.DatabaseConnectionOpenResult.InMemory recorded 4 samples, mean = 1.0 (flags = 0x1)
0  --O                                                                       (2 = 50.0%)
1  O                                                                         (0 = 0.0%) {50.0%}
2  --O                                                                       (2 = 50.0%) {50.0%}
3  ... 

Histogram: IndexedDB.QuotaCheckTime2.Success recorded 2 samples, mean = 0.0 (flags = 0x1)
0  --O                                                                       (2 = 100.0%)
1  ... 

Histogram: Input.PointerTypePrimary recorded 1 samples, mean = 2.0 (flags = 0x1)
0  ... 
2  -O                                                                        (1 = 100.0%) {0.0%}
3  O                                                                         (0 = 0.0%) {100.0%}

Histogram: Input.PointerTypesAll recorded 1 samples, mean = 2.0 (flags = 0x1)
0  ... 
2  -O                                                                        (1 = 100.0%) {0.0%}
3  ... 

Histogram: LevelDBEnv.DeleteTableBackupFile recorded 0 samples (flags = 0x1)
0 ... 

Histogram: LevelDBEnv.SyncResult recorded 4 samples, mean = 0.0 (flags = 0x1)
0  ----O                                                                     (4 = 100.0%)
1  ... 

Histogram: LevelDBWrapper.CommitDelay recorded 4 samples, mean = 29042.5 (flags = 0x1)
0      ... 
4516   --O                                                                       (2 = 50.0%) {0.0%}
6118   ... 
51267  --O                                                                       (2 = 50.0%) {50.0%}
69459  ... 

Histogram: LocalStorage.DatabaseOnDiskSizeKB recorded 1 samples, mean = 0.0 (flags = 0x1)
0  -O                                                                        (1 = 100.0%)
1000... 

Histogram: MPArch.ChildProcessLaunchFirst recorded 1 samples, mean = 10.0 (flags = 0x1)
0   ... 
10  -O                                                                        (1 = 100.0%) {0.0%}
12  ... 

Histogram: MPArch.ChildProcessLaunchSubsequent recorded 7 samples, mean = 14.7 (flags = 0x1)
0   ... 
10  -O                                                                        (1 = 14.3%) {0.0%}
12  --O                                                                       (2 = 28.6%) {14.3%}
14  --O                                                                       (2 = 28.6%) {42.9%}
17  -O                                                                        (1 = 14.3%) {71.4%}
20  -O                                                                        (1 = 14.3%) {85.7%}
24  ... 

Histogram: MPArch.ChildProcessLauncher.Notify recorded 8 samples, mean = 19.8 (flags = 0x1)
0   ... 
10  -O                                                                        (1 = 12.5%) {0.0%}
12  --O                                                                       (2 = 25.0%) {12.5%}
14  -O                                                                        (1 = 12.5%) {37.5%}
17  -O                                                                        (1 = 12.5%) {50.0%}
20  -O                                                                        (1 = 12.5%) {62.5%}
24  O                                                                         (0 = 0.0%) {75.0%}
29  -O                                                                        (1 = 12.5%) {75.0%}
34  -O                                                                        (1 = 12.5%) {87.5%}
40  ... 

Histogram: MPArch.ChildProcessLauncher.PreLaunchDelay recorded 8 samples, mean = 0.0 (flags = 0x1)
0  --------O                                                                 (8 = 100.0%)
1  ... 

Histogram: Media.Audible.ConcurrentTabsTime recorded 10 samples, mean = 283.4 (flags = 0x1)
0    ... 
118  -O                                                                        (1 = 10.0%) {0.0%}
160  --O                                                                       (2 = 20.0%) {10.0%}
217  ---O                                                                      (3 = 30.0%) {30.0%}
294  --O                                                                       (2 = 20.0%) {60.0%}
398  -O                                                                        (1 = 10.0%) {80.0%}
539  -O                                                                        (1 = 10.0%) {90.0%}
730  ... 

Histogram: Media.Audible.ConcurrentTabsWhenStarting recorded 19 samples, mean = 0.5 (flags = 0x1)
0  ---------O                                                                (9 = 47.4%)
1  ----------O                                                               (10 = 52.6%) {47.4%}
2  ... 

Histogram: Media.Audible.MaxConcurrentTabsInSession recorded 2 samples, mean = 1.5 (flags = 0x1)
0  O                                                                         (0 = 0.0%)
1  -O                                                                        (1 = 50.0%) {0.0%}
2  -O                                                                        (1 = 50.0%) {50.0%}
3  ... 

Histogram: Media.Audio.OutputDeviceAuthorizationTime recorded 19 samples, mean = 5.7 (flags = 0x1)
0   ... 
3   ----O                                                                     (4 = 21.1%) {0.0%}
4   ----O                                                                     (4 = 21.1%) {21.1%}
5   -O                                                                        (1 = 5.3%) {42.1%}
6   -----O                                                                    (5 = 26.3%) {47.4%}
7   --O                                                                       (2 = 10.5%) {73.7%}
8   O                                                                         (0 = 0.0%) {84.2%}
9   --O                                                                       (2 = 10.5%) {84.2%}
11  -O                                                                        (1 = 5.3%) {94.7%}
13  ... 

Histogram: Media.MediaDevicesManager.VideoDeviceEnumeration.Result recorded 1 samples, mean = 0.0 (flags = 0x1)
0  -O                                                                        (1 = 100.0%)
1  ... 

Histogram: Media.MediaDevicesManager.VideoDeviceEnumeration.Start recorded 2 samples, mean = 1.0 (flags = 0x1)
0  O                                                                         (0 = 0.0%)
1  --O                                                                       (2 = 100.0%) {0.0%}
2  O                                                                         (0 = 0.0%) {100.0%}

Histogram: Media.Session.ActiveTime recorded 4 samples, mean = 361.0 (flags = 0x1)
0    ... 
294  ---O                                                                      (3 = 75.0%) {0.0%}
398  -O                                                                        (1 = 25.0%) {75.0%}
539  ... 

Histogram: Media.VideoCapture.AspectRatio recorded 1 samples (flags = 0x1)
177  -O                                                                        (1 = 100.0%)

Histogram: Media.VideoCapture.DelayUntilFirstFrame recorded 1 samples, mean = 15.0 (flags = 0x1)
0   ... 
14  -O                                                                        (1 = 100.0%) {0.0%}
17  ... 

Histogram: Media.VideoCapture.FrameRate recorded 1 samples, mean = 60.0 (flags = 0x1)
0   ... 
49  -O                                                                        (1 = 100.0%) {0.0%}
65  ... 

Histogram: Media.VideoCapture.Height recorded 1 samples, mean = 720.0 (flags = 0x1)
0    ... 
590  -O                                                                        (1 = 100.0%) {0.0%}
777  ... 

Histogram: Media.VideoCapture.StreamShared recorded 1 samples, mean = 0.0 (flags = 0x1)
0  -O                                                                        (1 = 100.0%)
1  ... 

Histogram: Media.VideoCapture.Width recorded 1 samples, mean = 1280.0 (flags = 0x1)
0     ... 
1023  -O                                                                        (1 = 100.0%) {0.0%}
1347  ... 

Histogram: Media.VideoEncoder.WebRTC.HW.Area recorded 2 samples, mean = 7200.0 (flags = 0x1)
0     ... 
4053  -O                                                                        (1 = 50.0%) {0.0%}
5338  O                                                                         (0 = 0.0%) {50.0%}
7031  -O                                                                        (1 = 50.0%) {50.0%}
9260  ... 

Histogram: Media.VideoEncoder.WebRTC.HW.Frames recorded 2 samples, mean = 1.0 (flags = 0x1)
0  O                                                                         (0 = 0.0%)
1  --O                                                                       (2 = 100.0%) {0.0%}
2  ... 

Histogram: Media.VideoEncoder.WebRTC.HW.Height recorded 2 samples, mean = 630.0 (flags = 0x1)
0    ... 
533  -O                                                                        (1 = 50.0%) {0.0%}
633  -O                                                                        (1 = 50.0%) {50.0%}
752  ... 

Histogram: Media.VideoEncoder.WebRTC.HW.Profile recorded 2 samples, mean = 0.0 (flags = 0x1)
0  --O                                                                       (2 = 100.0%)
1  ... 

Histogram: Media.VideoEncoder.WebRTC.HW.SVC recorded 2 samples, mean = 0.0 (flags = 0x1)
0  --O                                                                       (2 = 100.0%)
1  ... 

Histogram: Media.VideoEncoder.WebRTC.HW.Status recorded 2 samples, mean = 0.0 (flags = 0x1)
0  --O                                                                       (2 = 100.0%)
1  ... 

Histogram: Media.VideoEncoder.WebRTC.HW.Width recorded 2 samples, mean = 1120.0 (flags = 0x1)
0     ... 
894   -O                                                                        (1 = 50.0%) {0.0%}
1062  O                                                                         (0 = 0.0%) {50.0%}
1262  -O                                                                        (1 = 50.0%) {50.0%}
1500  ... 

Histogram: Memory.CommitAvailableMB recorded 1 samples, mean = 16605.0 (flags = 0x1)
0      ... 
14319  -O                                                                        (1 = 100.0%) {0.0%}
19866  ... 

Histogram: Memory.CommitLimitMB recorded 1 samples, mean = 38348.0 (flags = 0x1)
0      ... 
38240  -O                                                                        (1 = 100.0%) {0.0%}
53055  ... 

Histogram: Memory.CommitPercentageUsed recorded 1 samples, mean = 57.0 (flags = 0x1)
0   ... 
57  -O                                                                        (1 = 100.0%) {0.0%}
58  ... 

Histogram: Memory.Dump.Type.AllDetailLevels recorded 4 samples, mean = 2.0 (flags = 0x1)
0  ... 
2  ----O                                                                     (4 = 100.0%) {0.0%}
3  O                                                                         (0 = 0.0%) {100.0%}

Histogram: Memory.Dump.Type.Background recorded 4 samples, mean = 2.0 (flags = 0x1)
0  ... 
2  ----O                                                                     (4 = 100.0%) {0.0%}
3  O                                                                         (0 = 0.0%) {100.0%}

Histogram: Memory.DumpProvider.Count.AllDetailLevels.AXPlatformNode recorded 4 samples, mean = 1.0 (flags = 0x1)
0  O                                                                         (0 = 0.0%)
1  ----O                                                                     (4 = 100.0%) {0.0%}
2  ... 

Histogram: Memory.DumpProvider.Count.AllDetailLevels.AXPlatformNodeWin recorded 4 samples, mean = 1.0 (flags = 0x1)
0  O                                                                         (0 = 0.0%)
1  ----O                                                                     (4 = 100.0%) {0.0%}
2  ... 

Histogram: Memory.DumpProvider.Count.AllDetailLevels.AllProviders recorded 96 samples, mean = 2.0 (flags = 0x1)
0  O                                                                         (0 = 0.0%)
1  ----------------------------------------------------O                     (52 = 54.2%) {0.0%}
2  ------------O                                                             (12 = 12.5%) {54.2%}
3  ------------------------O                                                 (24 = 25.0%) {66.7%}
4  O                                                                         (0 = 0.0%) {91.7%}
5  --------O                                                                 (8 = 8.3%) {91.7%}
6  ... 

Histogram: Memory.DumpProvider.Count.AllDetailLevels.BlobStorageContext recorded 4 samples, mean = 3.0 (flags = 0x1)
0  ... 
3  ----O                                                                     (4 = 100.0%) {0.0%}
4  ... 

Histogram: Memory.DumpProvider.Count.AllDetailLevels.BucketContext recorded 4 samples, mean = 2.0 (flags = 0x1)
0  ... 
2  ----O                                                                     (4 = 100.0%) {0.0%}
3  ... 

Histogram: Memory.DumpProvider.Count.AllDetailLevels.ContextProviderCommandBuffer recorded 4 samples, mean = 2.0 (flags = 0x1)
0  ... 
2  ----O                                                                     (4 = 100.0%) {0.0%}
3  ... 

Histogram: Memory.DumpProvider.Count.AllDetailLevels.DiscardableSharedMemoryManager recorded 4 samples, mean = 1.0 (flags = 0x1)
0  O                                                                         (0 = 0.0%)
1  ----O                                                                     (4 = 100.0%) {0.0%}
2  ... 

Histogram: Memory.DumpProvider.Count.AllDetailLevels.FrameEvictionManager recorded 4 samples, mean = 1.0 (flags = 0x1)
0  O                                                                         (0 = 0.0%)
1  ----O                                                                     (4 = 100.0%) {0.0%}
2  ... 

Histogram: Memory.DumpProvider.Count.AllDetailLevels.IPCChannel recorded 4 samples, mean = 1.0 (flags = 0x1)
0  O                                                                         (0 = 0.0%)
1  ----O                                                                     (4 = 100.0%) {0.0%}
2  ... 

Histogram: Memory.DumpProvider.Count.AllDetailLevels.IndexedDBBackingStore recorded 4 samples, mean = 2.0 (flags = 0x1)
0  ... 
2  ----O                                                                     (4 = 100.0%) {0.0%}
3  ... 

Histogram: Memory.DumpProvider.Count.AllDetailLevels.LevelDB recorded 4 samples, mean = 1.0 (flags = 0x1)
0  O                                                                         (0 = 0.0%)
1  ----O                                                                     (4 = 100.0%) {0.0%}
2  ... 

Histogram: Memory.DumpProvider.Count.AllDetailLevels.LocalStorage recorded 4 samples, mean = 3.0 (flags = 0x1)
0  ... 
3  ----O                                                                     (4 = 100.0%) {0.0%}
4  ... 

Histogram: Memory.DumpProvider.Count.AllDetailLevels.Malloc recorded 4 samples, mean = 1.0 (flags = 0x1)
0  O                                                                         (0 = 0.0%)
1  ----O                                                                     (4 = 100.0%) {0.0%}
2  ... 

Histogram: Memory.DumpProvider.Count.AllDetailLevels.MojoLevelDB recorded 4 samples, mean = 5.0 (flags = 0x1)
0  ... 
5  ----O                                                                     (4 = 100.0%) {0.0%}
6  ... 

Histogram: Memory.DumpProvider.Count.AllDetailLevels.PartitionAlloc.AddressSpace recorded 4 samples, mean = 1.0 (flags = 0x1)
0  O                                                                         (0 = 0.0%)
1  ----O                                                                     (4 = 100.0%) {0.0%}
2  ... 

Histogram: Memory.DumpProvider.Count.AllDetailLevels.SessionStorage recorded 4 samples, mean = 3.0 (flags = 0x1)
0  ... 
3  ----O                                                                     (4 = 100.0%) {0.0%}
4  ... 

Histogram: Memory.DumpProvider.Count.AllDetailLevels.SharedMemoryTracker recorded 4 samples, mean = 1.0 (flags = 0x1)
0  O                                                                         (0 = 0.0%)
1  ----O                                                                     (4 = 100.0%) {0.0%}
2  ... 

Histogram: Memory.DumpProvider.Count.AllDetailLevels.Skia recorded 4 samples, mean = 1.0 (flags = 0x1)
0  O                                                                         (0 = 0.0%)
1  ----O                                                                     (4 = 100.0%) {0.0%}
2  ... 

Histogram: Memory.DumpProvider.Count.AllDetailLevels.Sql recorded 4 samples, mean = 1.0 (flags = 0x1)
0  O                                                                         (0 = 0.0%)
1  ----O                                                                     (4 = 100.0%) {0.0%}
2  ... 

Histogram: Memory.DumpProvider.Count.AllDetailLevels.TileManager recorded 4 samples, mean = 3.0 (flags = 0x1)
0  ... 
3  ----O                                                                     (4 = 100.0%) {0.0%}
4  ... 

Histogram: Memory.DumpProvider.Count.AllDetailLevels.V8Isolate recorded 4 samples, mean = 1.0 (flags = 0x1)
0  O                                                                         (0 = 0.0%)
1  ----O                                                                     (4 = 100.0%) {0.0%}
2  ... 

Histogram: Memory.DumpProvider.Count.AllDetailLevels.V8SharedMemory recorded 4 samples, mean = 1.0 (flags = 0x1)
0  O                                                                         (0 = 0.0%)
1  ----O                                                                     (4 = 100.0%) {0.0%}
2  ... 

Histogram: Memory.DumpProvider.Count.AllDetailLevels.cc__GpuImageDecodeCache recorded 4 samples, mean = 3.0 (flags = 0x1)
0  ... 
3  ----O                                                                     (4 = 100.0%) {0.0%}
4  ... 

Histogram: Memory.DumpProvider.Count.AllDetailLevels.cc__ResourcePool recorded 4 samples, mean = 3.0 (flags = 0x1)
0  ... 
3  ----O                                                                     (4 = 100.0%) {0.0%}
4  ... 

Histogram: Memory.DumpProvider.Count.AllDetailLevels.sql__Database recorded 4 samples, mean = 5.0 (flags = 0x1)
0  ... 
5  ----O                                                                     (4 = 100.0%) {0.0%}
6  ... 

Histogram: Memory.DumpProvider.Count.Background.AXPlatformNode recorded 4 samples, mean = 1.0 (flags = 0x1)
0  O                                                                         (0 = 0.0%)
1  ----O                                                                     (4 = 100.0%) {0.0%}
2  ... 

Histogram: Memory.DumpProvider.Count.Background.AXPlatformNodeWin recorded 4 samples, mean = 1.0 (flags = 0x1)
0  O                                                                         (0 = 0.0%)
1  ----O                                                                     (4 = 100.0%) {0.0%}
2  ... 

Histogram: Memory.DumpProvider.Count.Background.AllProviders recorded 96 samples, mean = 2.0 (flags = 0x1)
0  O                                                                         (0 = 0.0%)
1  ----------------------------------------------------O                     (52 = 54.2%) {0.0%}
2  ------------O                                                             (12 = 12.5%) {54.2%}
3  ------------------------O                                                 (24 = 25.0%) {66.7%}
4  O                                                                         (0 = 0.0%) {91.7%}
5  --------O                                                                 (8 = 8.3%) {91.7%}
6  ... 

Histogram: Memory.DumpProvider.Count.Background.BlobStorageContext recorded 4 samples, mean = 3.0 (flags = 0x1)
0  ... 
3  ----O                                                                     (4 = 100.0%) {0.0%}
4  ... 

Histogram: Memory.DumpProvider.Count.Background.BucketContext recorded 4 samples, mean = 2.0 (flags = 0x1)
0  ... 
2  ----O                                                                     (4 = 100.0%) {0.0%}
3  ... 

Histogram: Memory.DumpProvider.Count.Background.ContextProviderCommandBuffer recorded 4 samples, mean = 2.0 (flags = 0x1)
0  ... 
2  ----O                                                                     (4 = 100.0%) {0.0%}
3  ... 

Histogram: Memory.DumpProvider.Count.Background.DiscardableSharedMemoryManager recorded 4 samples, mean = 1.0 (flags = 0x1)
0  O                                                                         (0 = 0.0%)
1  ----O                                                                     (4 = 100.0%) {0.0%}
2  ... 

Histogram: Memory.DumpProvider.Count.Background.FrameEvictionManager recorded 4 samples, mean = 1.0 (flags = 0x1)
0  O                                                                         (0 = 0.0%)
1  ----O                                                                     (4 = 100.0%) {0.0%}
2  ... 

Histogram: Memory.DumpProvider.Count.Background.IPCChannel recorded 4 samples, mean = 1.0 (flags = 0x1)
0  O                                                                         (0 = 0.0%)
1  ----O                                                                     (4 = 100.0%) {0.0%}
2  ... 

Histogram: Memory.DumpProvider.Count.Background.IndexedDBBackingStore recorded 4 samples, mean = 2.0 (flags = 0x1)
0  ... 
2  ----O                                                                     (4 = 100.0%) {0.0%}
3  ... 

Histogram: Memory.DumpProvider.Count.Background.LevelDB recorded 4 samples, mean = 1.0 (flags = 0x1)
0  O                                                                         (0 = 0.0%)
1  ----O                                                                     (4 = 100.0%) {0.0%}
2  ... 

Histogram: Memory.DumpProvider.Count.Background.LocalStorage recorded 4 samples, mean = 3.0 (flags = 0x1)
0  ... 
3  ----O                                                                     (4 = 100.0%) {0.0%}
4  ... 

Histogram: Memory.DumpProvider.Count.Background.Malloc recorded 4 samples, mean = 1.0 (flags = 0x1)
0  O                                                                         (0 = 0.0%)
1  ----O                                                                     (4 = 100.0%) {0.0%}
2  ... 

Histogram: Memory.DumpProvider.Count.Background.MojoLevelDB recorded 4 samples, mean = 5.0 (flags = 0x1)
0  ... 
5  ----O                                                                     (4 = 100.0%) {0.0%}
6  ... 

Histogram: Memory.DumpProvider.Count.Background.PartitionAlloc.AddressSpace recorded 4 samples, mean = 1.0 (flags = 0x1)
0  O                                                                         (0 = 0.0%)
1  ----O                                                                     (4 = 100.0%) {0.0%}
2  ... 

Histogram: Memory.DumpProvider.Count.Background.SessionStorage recorded 4 samples, mean = 3.0 (flags = 0x1)
0  ... 
3  ----O                                                                     (4 = 100.0%) {0.0%}
4  ... 

Histogram: Memory.DumpProvider.Count.Background.SharedMemoryTracker recorded 4 samples, mean = 1.0 (flags = 0x1)
0  O                                                                         (0 = 0.0%)
1  ----O                                                                     (4 = 100.0%) {0.0%}
2  ... 

Histogram: Memory.DumpProvider.Count.Background.Skia recorded 4 samples, mean = 1.0 (flags = 0x1)
0  O                                                                         (0 = 0.0%)
1  ----O                                                                     (4 = 100.0%) {0.0%}
2  ... 

Histogram: Memory.DumpProvider.Count.Background.Sql recorded 4 samples, mean = 1.0 (flags = 0x1)
0  O                                                                         (0 = 0.0%)
1  ----O                                                                     (4 = 100.0%) {0.0%}
2  ... 

Histogram: Memory.DumpProvider.Count.Background.TileManager recorded 4 samples, mean = 3.0 (flags = 0x1)
0  ... 
3  ----O                                                                     (4 = 100.0%) {0.0%}
4  ... 

Histogram: Memory.DumpProvider.Count.Background.V8Isolate recorded 4 samples, mean = 1.0 (flags = 0x1)
0  O                                                                         (0 = 0.0%)
1  ----O                                                                     (4 = 100.0%) {0.0%}
2  ... 

Histogram: Memory.DumpProvider.Count.Background.V8SharedMemory recorded 4 samples, mean = 1.0 (flags = 0x1)
0  O                                                                         (0 = 0.0%)
1  ----O                                                                     (4 = 100.0%) {0.0%}
2  ... 

Histogram: Memory.DumpProvider.Count.Background.cc__GpuImageDecodeCache recorded 4 samples, mean = 3.0 (flags = 0x1)
0  ... 
3  ----O                                                                     (4 = 100.0%) {0.0%}
4  ... 

Histogram: Memory.DumpProvider.Count.Background.cc__ResourcePool recorded 4 samples, mean = 3.0 (flags = 0x1)
0  ... 
3  ----O                                                                     (4 = 100.0%) {0.0%}
4  ... 

Histogram: Memory.DumpProvider.Count.Background.sql__Database recorded 4 samples, mean = 5.0 (flags = 0x1)
0  ... 
5  ----O                                                                     (4 = 100.0%) {0.0%}
6  ... 

Histogram: Memory.DumpProvider.FinalStatus.AllDetailLevels.AXPlatformNode recorded 4 samples, mean = 5.0 (flags = 0x1)
0  ... 
5  ----O                                                                     (4 = 100.0%) {0.0%}
6  ... 

Histogram: Memory.DumpProvider.FinalStatus.AllDetailLevels.AXPlatformNodeWin recorded 4 samples, mean = 5.0 (flags = 0x1)
0  ... 
5  ----O                                                                     (4 = 100.0%) {0.0%}
6  ... 

Histogram: Memory.DumpProvider.FinalStatus.AllDetailLevels.AllProviders recorded 188 samples, mean = 4.3 (flags = 0x1)
0  ... 
3  -----------------------------------------O                                (68 = 36.2%) {0.0%}
4  O                                                                         (0 = 0.0%) {36.2%}
5  ------------------------------------------------------------------------O (120 = 63.8%) {36.2%}
6  ... 

Histogram: Memory.DumpProvider.FinalStatus.AllDetailLevels.BlobStorageContext recorded 12 samples, mean = 5.0 (flags = 0x1)
0  ... 
5  ------------O                                                             (12 = 100.0%) {0.0%}
6  ... 

Histogram: Memory.DumpProvider.FinalStatus.AllDetailLevels.BucketContext recorded 8 samples, mean = 3.0 (flags = 0x1)
0  ... 
3  --------O                                                                 (8 = 100.0%) {0.0%}
4  ... 

Histogram: Memory.DumpProvider.FinalStatus.AllDetailLevels.ContextProviderCommandBuffer recorded 8 samples, mean = 5.0 (flags = 0x1)
0  ... 
5  --------O                                                                 (8 = 100.0%) {0.0%}
6  ... 

Histogram: Memory.DumpProvider.FinalStatus.AllDetailLevels.DiscardableSharedMemoryManager recorded 4 samples, mean = 5.0 (flags = 0x1)
0  ... 
5  ----O                                                                     (4 = 100.0%) {0.0%}
6  ... 

Histogram: Memory.DumpProvider.FinalStatus.AllDetailLevels.FrameEvictionManager recorded 4 samples, mean = 5.0 (flags = 0x1)
0  ... 
5  ----O                                                                     (4 = 100.0%) {0.0%}
6  ... 

Histogram: Memory.DumpProvider.FinalStatus.AllDetailLevels.IPCChannel recorded 4 samples, mean = 5.0 (flags = 0x1)
0  ... 
5  ----O                                                                     (4 = 100.0%) {0.0%}
6  ... 

Histogram: Memory.DumpProvider.FinalStatus.AllDetailLevels.IndexedDBBackingStore recorded 8 samples, mean = 5.0 (flags = 0x1)
0  ... 
5  --------O                                                                 (8 = 100.0%) {0.0%}
6  ... 

Histogram: Memory.DumpProvider.FinalStatus.AllDetailLevels.LevelDB recorded 4 samples, mean = 5.0 (flags = 0x1)
0  ... 
5  ----O                                                                     (4 = 100.0%) {0.0%}
6  ... 

Histogram: Memory.DumpProvider.FinalStatus.AllDetailLevels.LocalStorage recorded 12 samples, mean = 5.0 (flags = 0x1)
0  ... 
5  ------------O                                                             (12 = 100.0%) {0.0%}
6  ... 

Histogram: Memory.DumpProvider.FinalStatus.AllDetailLevels.Malloc recorded 4 samples, mean = 5.0 (flags = 0x1)
0  ... 
5  ----O                                                                     (4 = 100.0%) {0.0%}
6  ... 

Histogram: Memory.DumpProvider.FinalStatus.AllDetailLevels.MojoLevelDB recorded 20 samples, mean = 5.0 (flags = 0x1)
0  ... 
5  --------------------O                                                     (20 = 100.0%) {0.0%}
6  ... 

Histogram: Memory.DumpProvider.FinalStatus.AllDetailLevels.PartitionAlloc.AddressSpace recorded 4 samples, mean = 5.0 (flags = 0x1)
0  ... 
5  ----O                                                                     (4 = 100.0%) {0.0%}
6  ... 

Histogram: Memory.DumpProvider.FinalStatus.AllDetailLevels.SessionStorage recorded 12 samples, mean = 3.0 (flags = 0x1)
0  ... 
3  ------------O                                                             (12 = 100.0%) {0.0%}
4  ... 

Histogram: Memory.DumpProvider.FinalStatus.AllDetailLevels.SharedMemoryTracker recorded 4 samples, mean = 5.0 (flags = 0x1)
0  ... 
5  ----O                                                                     (4 = 100.0%) {0.0%}
6  ... 

Histogram: Memory.DumpProvider.FinalStatus.AllDetailLevels.Skia recorded 4 samples, mean = 5.0 (flags = 0x1)
0  ... 
5  ----O                                                                     (4 = 100.0%) {0.0%}
6  ... 

Histogram: Memory.DumpProvider.FinalStatus.AllDetailLevels.Sql recorded 4 samples, mean = 5.0 (flags = 0x1)
0  ... 
5  ----O                                                                     (4 = 100.0%) {0.0%}
6  ... 

Histogram: Memory.DumpProvider.FinalStatus.AllDetailLevels.TileManager recorded 12 samples, mean = 3.0 (flags = 0x1)
0  ... 
3  ------------O                                                             (12 = 100.0%) {0.0%}
4  ... 

Histogram: Memory.DumpProvider.FinalStatus.AllDetailLevels.V8Isolate recorded 4 samples, mean = 5.0 (flags = 0x1)
0  ... 
5  ----O                                                                     (4 = 100.0%) {0.0%}
6  ... 

Histogram: Memory.DumpProvider.FinalStatus.AllDetailLevels.V8SharedMemory recorded 4 samples, mean = 3.0 (flags = 0x1)
0  ... 
3  ----O                                                                     (4 = 100.0%) {0.0%}
4  ... 

Histogram: Memory.DumpProvider.FinalStatus.AllDetailLevels.cc__GpuImageDecodeCache recorded 12 samples, mean = 3.0 (flags = 0x1)
0  ... 
3  ------------O                                                             (12 = 100.0%) {0.0%}
4  ... 

Histogram: Memory.DumpProvider.FinalStatus.AllDetailLevels.cc__ResourcePool recorded 12 samples, mean = 5.0 (flags = 0x1)
0  ... 
5  ------------O                                                             (12 = 100.0%) {0.0%}
6  ... 

Histogram: Memory.DumpProvider.FinalStatus.AllDetailLevels.sql__Database recorded 20 samples, mean = 3.0 (flags = 0x1)
0  ... 
3  --------------------O                                                     (20 = 100.0%) {0.0%}
4  ... 

Histogram: Memory.DumpProvider.FinalStatus.Background.AXPlatformNode recorded 4 samples, mean = 5.0 (flags = 0x1)
0  ... 
5  ----O                                                                     (4 = 100.0%) {0.0%}
6  ... 

Histogram: Memory.DumpProvider.FinalStatus.Background.AXPlatformNodeWin recorded 4 samples, mean = 5.0 (flags = 0x1)
0  ... 
5  ----O                                                                     (4 = 100.0%) {0.0%}
6  ... 

Histogram: Memory.DumpProvider.FinalStatus.Background.AllProviders recorded 188 samples, mean = 4.3 (flags = 0x1)
0  ... 
3  -----------------------------------------O                                (68 = 36.2%) {0.0%}
4  O                                                                         (0 = 0.0%) {36.2%}
5  ------------------------------------------------------------------------O (120 = 63.8%) {36.2%}
6  ... 

Histogram: Memory.DumpProvider.FinalStatus.Background.BlobStorageContext recorded 12 samples, mean = 5.0 (flags = 0x1)
0  ... 
5  ------------O                                                             (12 = 100.0%) {0.0%}
6  ... 

Histogram: Memory.DumpProvider.FinalStatus.Background.BucketContext recorded 8 samples, mean = 3.0 (flags = 0x1)
0  ... 
3  --------O                                                                 (8 = 100.0%) {0.0%}
4  ... 

Histogram: Memory.DumpProvider.FinalStatus.Background.ContextProviderCommandBuffer recorded 8 samples, mean = 5.0 (flags = 0x1)
0  ... 
5  --------O                                                                 (8 = 100.0%) {0.0%}
6  ... 

Histogram: Memory.DumpProvider.FinalStatus.Background.DiscardableSharedMemoryManager recorded 4 samples, mean = 5.0 (flags = 0x1)
0  ... 
5  ----O                                                                     (4 = 100.0%) {0.0%}
6  ... 

Histogram: Memory.DumpProvider.FinalStatus.Background.FrameEvictionManager recorded 4 samples, mean = 5.0 (flags = 0x1)
0  ... 
5  ----O                                                                     (4 = 100.0%) {0.0%}
6  ... 

Histogram: Memory.DumpProvider.FinalStatus.Background.IPCChannel recorded 4 samples, mean = 5.0 (flags = 0x1)
0  ... 
5  ----O                                                                     (4 = 100.0%) {0.0%}
6  ... 

Histogram: Memory.DumpProvider.FinalStatus.Background.IndexedDBBackingStore recorded 8 samples, mean = 5.0 (flags = 0x1)
0  ... 
5  --------O                                                                 (8 = 100.0%) {0.0%}
6  ... 

Histogram: Memory.DumpProvider.FinalStatus.Background.LevelDB recorded 4 samples, mean = 5.0 (flags = 0x1)
0  ... 
5  ----O                                                                     (4 = 100.0%) {0.0%}
6  ... 

Histogram: Memory.DumpProvider.FinalStatus.Background.LocalStorage recorded 12 samples, mean = 5.0 (flags = 0x1)
0  ... 
5  ------------O                                                             (12 = 100.0%) {0.0%}
6  ... 

Histogram: Memory.DumpProvider.FinalStatus.Background.Malloc recorded 4 samples, mean = 5.0 (flags = 0x1)
0  ... 
5  ----O                                                                     (4 = 100.0%) {0.0%}
6  ... 

Histogram: Memory.DumpProvider.FinalStatus.Background.MojoLevelDB recorded 20 samples, mean = 5.0 (flags = 0x1)
0  ... 
5  --------------------O                                                     (20 = 100.0%) {0.0%}
6  ... 

Histogram: Memory.DumpProvider.FinalStatus.Background.PartitionAlloc.AddressSpace recorded 4 samples, mean = 5.0 (flags = 0x1)
0  ... 
5  ----O                                                                     (4 = 100.0%) {0.0%}
6  ... 

Histogram: Memory.DumpProvider.FinalStatus.Background.SessionStorage recorded 12 samples, mean = 3.0 (flags = 0x1)
0  ... 
3  ------------O                                                             (12 = 100.0%) {0.0%}
4  ... 

Histogram: Memory.DumpProvider.FinalStatus.Background.SharedMemoryTracker recorded 4 samples, mean = 5.0 (flags = 0x1)
0  ... 
5  ----O                                                                     (4 = 100.0%) {0.0%}
6  ... 

Histogram: Memory.DumpProvider.FinalStatus.Background.Skia recorded 4 samples, mean = 5.0 (flags = 0x1)
0  ... 
5  ----O                                                                     (4 = 100.0%) {0.0%}
6  ... 

Histogram: Memory.DumpProvider.FinalStatus.Background.Sql recorded 4 samples, mean = 5.0 (flags = 0x1)
0  ... 
5  ----O                                                                     (4 = 100.0%) {0.0%}
6  ... 

Histogram: Memory.DumpProvider.FinalStatus.Background.TileManager recorded 12 samples, mean = 3.0 (flags = 0x1)
0  ... 
3  ------------O                                                             (12 = 100.0%) {0.0%}
4  ... 

Histogram: Memory.DumpProvider.FinalStatus.Background.V8Isolate recorded 4 samples, mean = 5.0 (flags = 0x1)
0  ... 
5  ----O                                                                     (4 = 100.0%) {0.0%}
6  ... 

Histogram: Memory.DumpProvider.FinalStatus.Background.V8SharedMemory recorded 4 samples, mean = 3.0 (flags = 0x1)
0  ... 
3  ----O                                                                     (4 = 100.0%) {0.0%}
4  ... 

Histogram: Memory.DumpProvider.FinalStatus.Background.cc__GpuImageDecodeCache recorded 12 samples, mean = 3.0 (flags = 0x1)
0  ... 
3  ------------O                                                             (12 = 100.0%) {0.0%}
4  ... 

Histogram: Memory.DumpProvider.FinalStatus.Background.cc__ResourcePool recorded 12 samples, mean = 5.0 (flags = 0x1)
0  ... 
5  ------------O                                                             (12 = 100.0%) {0.0%}
6  ... 

Histogram: Memory.DumpProvider.FinalStatus.Background.sql__Database recorded 20 samples, mean = 3.0 (flags = 0x1)
0  ... 
3  --------------------O                                                     (20 = 100.0%) {0.0%}
4  ... 

Histogram: Memory.DumpProvider.FollowingProviders.AllDetailLevels.AXPlatformNode recorded 4 samples, mean = 0.0 (flags = 0x1)
0  ----O                                                                     (4 = 100.0%)
1  ... 

Histogram: Memory.DumpProvider.FollowingProviders.AllDetailLevels.AXPlatformNodeWin recorded 4 samples, mean = 1.0 (flags = 0x1)
0  O                                                                         (0 = 0.0%)
1  ----O                                                                     (4 = 100.0%) {0.0%}
2  ... 

Histogram: Memory.DumpProvider.FollowingProviders.AllDetailLevels.AllProviders recorded 188 samples, mean = 5.6 (flags = 0x1)
0   ------------------------------------O                                     (36 = 19.1%)
1   ----------------O                                                         (16 = 8.5%) {19.1%}
2   ------------O                                                             (12 = 6.4%) {27.7%}
3   ------------O                                                             (12 = 6.4%) {34.0%}
4   ------------O                                                             (12 = 6.4%) {40.4%}
5   ------------O                                                             (12 = 6.4%) {46.8%}
6   ------------------------O                                                 (24 = 12.8%) {53.2%}
8   --------------------O                                                     (20 = 10.6%) {66.0%}
10  ------------------------O                                                 (24 = 12.8%) {76.6%}
13  --------------------O                                                     (20 = 10.6%) {89.4%}
16  ... 

Histogram: Memory.DumpProvider.FollowingProviders.AllDetailLevels.BlobStorageContext recorded 12 samples, mean = 5.0 (flags = 0x1)
0  ... 
4  ----O                                                                     (4 = 33.3%) {0.0%}
5  ----O                                                                     (4 = 33.3%) {33.3%}
6  ----O                                                                     (4 = 33.3%) {66.7%}
8  ... 

Histogram: Memory.DumpProvider.FollowingProviders.AllDetailLevels.BucketContext recorded 8 samples, mean = 13.5 (flags = 0x1)
0   ... 
13  --------O                                                                 (8 = 100.0%) {0.0%}
16  ... 

Histogram: Memory.DumpProvider.FollowingProviders.AllDetailLevels.ContextProviderCommandBuffer recorded 8 samples, mean = 8.5 (flags = 0x1)
0  ... 
8  --------O                                                                 (8 = 100.0%) {0.0%}
10 ... 

Histogram: Memory.DumpProvider.FollowingProviders.AllDetailLevels.DiscardableSharedMemoryManager recorded 4 samples, mean = 15.0 (flags = 0x1)
0   ... 
13  ----O                                                                     (4 = 100.0%) {0.0%}
16  ... 

Histogram: Memory.DumpProvider.FollowingProviders.AllDetailLevels.FrameEvictionManager recorded 4 samples, mean = 7.0 (flags = 0x1)
0  ... 
6  ----O                                                                     (4 = 100.0%) {0.0%}
8  ... 

Histogram: Memory.DumpProvider.FollowingProviders.AllDetailLevels.IPCChannel recorded 4 samples, mean = 0.0 (flags = 0x1)
0  ----O                                                                     (4 = 100.0%)
1  ... 

Histogram: Memory.DumpProvider.FollowingProviders.AllDetailLevels.IndexedDBBackingStore recorded 8 samples, mean = 0.5 (flags = 0x1)
0  ----O                                                                     (4 = 50.0%)
1  ----O                                                                     (4 = 50.0%) {50.0%}
2  ... 

Histogram: Memory.DumpProvider.FollowingProviders.AllDetailLevels.LevelDB recorded 4 samples, mean = 7.0 (flags = 0x1)
0  ... 
6  ----O                                                                     (4 = 100.0%) {0.0%}
8  ... 

Histogram: Memory.DumpProvider.FollowingProviders.AllDetailLevels.LocalStorage recorded 12 samples, mean = 3.0 (flags = 0x1)
0  ----O                                                                     (4 = 33.3%)
1  ----O                                                                     (4 = 33.3%) {33.3%}
2  ... 
8  ----O                                                                     (4 = 33.3%) {66.7%}
10 ... 

Histogram: Memory.DumpProvider.FollowingProviders.AllDetailLevels.Malloc recorded 4 samples, mean = 10.0 (flags = 0x1)
0   ... 
10  ----O                                                                     (4 = 100.0%) {0.0%}
13  ... 

Histogram: Memory.DumpProvider.FollowingProviders.AllDetailLevels.MojoLevelDB recorded 20 samples, mean = 0.0 (flags = 0x1)
0  --------------------O                                                     (20 = 100.0%)
1  ... 

Histogram: Memory.DumpProvider.FollowingProviders.AllDetailLevels.PartitionAlloc.AddressSpace recorded 4 samples, mean = 1.0 (flags = 0x1)
0  O                                                                         (0 = 0.0%)
1  ----O                                                                     (4 = 100.0%) {0.0%}
2  ... 

Histogram: Memory.DumpProvider.FollowingProviders.AllDetailLevels.SessionStorage recorded 12 samples, mean = 4.0 (flags = 0x1)
0  ... 
2  ----O                                                                     (4 = 33.3%) {0.0%}
3  ----O                                                                     (4 = 33.3%) {33.3%}
4  ... 
6  ----O                                                                     (4 = 33.3%) {66.7%}
8  ... 

Histogram: Memory.DumpProvider.FollowingProviders.AllDetailLevels.SharedMemoryTracker recorded 4 samples, mean = 12.0 (flags = 0x1)
0   ... 
10  ----O                                                                     (4 = 100.0%) {0.0%}
13  ... 

Histogram: Memory.DumpProvider.FollowingProviders.AllDetailLevels.Skia recorded 4 samples, mean = 8.0 (flags = 0x1)
0  ... 
8  ----O                                                                     (4 = 100.0%) {0.0%}
10 ... 

Histogram: Memory.DumpProvider.FollowingProviders.AllDetailLevels.Sql recorded 4 samples, mean = 9.0 (flags = 0x1)
0  ... 
8  ----O                                                                     (4 = 100.0%) {0.0%}
10 ... 

Histogram: Memory.DumpProvider.FollowingProviders.AllDetailLevels.TileManager recorded 12 samples, mean = 12.0 (flags = 0x1)
0   ... 
10  --------O                                                                 (8 = 66.7%) {0.0%}
13  ----O                                                                     (4 = 33.3%) {66.7%}
16  ... 

Histogram: Memory.DumpProvider.FollowingProviders.AllDetailLevels.V8Isolate recorded 4 samples, mean = 14.0 (flags = 0x1)
0   ... 
13  ----O                                                                     (4 = 100.0%) {0.0%}
16  ... 

Histogram: Memory.DumpProvider.FollowingProviders.AllDetailLevels.V8SharedMemory recorded 4 samples, mean = 11.0 (flags = 0x1)
0   ... 
10  ----O                                                                     (4 = 100.0%) {0.0%}
13  ... 

Histogram: Memory.DumpProvider.FollowingProviders.AllDetailLevels.cc__GpuImageDecodeCache recorded 12 samples, mean = 7.0 (flags = 0x1)
0   ... 
5   ----O                                                                     (4 = 33.3%) {0.0%}
6   ----O                                                                     (4 = 33.3%) {33.3%}
8   O                                                                         (0 = 0.0%) {66.7%}
10  ----O                                                                     (4 = 33.3%) {66.7%}
13  ... 

Histogram: Memory.DumpProvider.FollowingProviders.AllDetailLevels.cc__ResourcePool recorded 12 samples, mean = 3.0 (flags = 0x1)
0  ... 
2  ----O                                                                     (4 = 33.3%) {0.0%}
3  ----O                                                                     (4 = 33.3%) {33.3%}
4  ----O                                                                     (4 = 33.3%) {66.7%}
5  ... 

Histogram: Memory.DumpProvider.FollowingProviders.AllDetailLevels.sql__Database recorded 20 samples, mean = 4.0 (flags = 0x1)
0  ... 
2  ----O                                                                     (4 = 20.0%) {0.0%}
3  ----O                                                                     (4 = 20.0%) {20.0%}
4  ----O                                                                     (4 = 20.0%) {40.0%}
5  ----O                                                                     (4 = 20.0%) {60.0%}
6  ----O                                                                     (4 = 20.0%) {80.0%}
8  ... 

Histogram: Memory.DumpProvider.FollowingProviders.Background.AXPlatformNode recorded 4 samples, mean = 0.0 (flags = 0x1)
0  ----O                                                                     (4 = 100.0%)
1  ... 

Histogram: Memory.DumpProvider.FollowingProviders.Background.AXPlatformNodeWin recorded 4 samples, mean = 1.0 (flags = 0x1)
0  O                                                                         (0 = 0.0%)
1  ----O                                                                     (4 = 100.0%) {0.0%}
2  ... 

Histogram: Memory.DumpProvider.FollowingProviders.Background.AllProviders recorded 188 samples, mean = 5.6 (flags = 0x1)
0   ------------------------------------O                                     (36 = 19.1%)
1   ----------------O                                                         (16 = 8.5%) {19.1%}
2   ------------O                                                             (12 = 6.4%) {27.7%}
3   ------------O                                                             (12 = 6.4%) {34.0%}
4   ------------O                                                             (12 = 6.4%) {40.4%}
5   ------------O                                                             (12 = 6.4%) {46.8%}
6   ------------------------O                                                 (24 = 12.8%) {53.2%}
8   --------------------O                                                     (20 = 10.6%) {66.0%}
10  ------------------------O                                                 (24 = 12.8%) {76.6%}
13  --------------------O                                                     (20 = 10.6%) {89.4%}
16  ... 

Histogram: Memory.DumpProvider.FollowingProviders.Background.BlobStorageContext recorded 12 samples, mean = 5.0 (flags = 0x1)
0  ... 
4  ----O                                                                     (4 = 33.3%) {0.0%}
5  ----O                                                                     (4 = 33.3%) {33.3%}
6  ----O                                                                     (4 = 33.3%) {66.7%}
8  ... 

Histogram: Memory.DumpProvider.FollowingProviders.Background.BucketContext recorded 8 samples, mean = 13.5 (flags = 0x1)
0   ... 
13  --------O                                                                 (8 = 100.0%) {0.0%}
16  ... 

Histogram: Memory.DumpProvider.FollowingProviders.Background.ContextProviderCommandBuffer recorded 8 samples, mean = 8.5 (flags = 0x1)
0  ... 
8  --------O                                                                 (8 = 100.0%) {0.0%}
10 ... 

Histogram: Memory.DumpProvider.FollowingProviders.Background.DiscardableSharedMemoryManager recorded 4 samples, mean = 15.0 (flags = 0x1)
0   ... 
13  ----O                                                                     (4 = 100.0%) {0.0%}
16  ... 

Histogram: Memory.DumpProvider.FollowingProviders.Background.FrameEvictionManager recorded 4 samples, mean = 7.0 (flags = 0x1)
0  ... 
6  ----O                                                                     (4 = 100.0%) {0.0%}
8  ... 

Histogram: Memory.DumpProvider.FollowingProviders.Background.IPCChannel recorded 4 samples, mean = 0.0 (flags = 0x1)
0  ----O                                                                     (4 = 100.0%)
1  ... 

Histogram: Memory.DumpProvider.FollowingProviders.Background.IndexedDBBackingStore recorded 8 samples, mean = 0.5 (flags = 0x1)
0  ----O                                                                     (4 = 50.0%)
1  ----O                                                                     (4 = 50.0%) {50.0%}
2  ... 

Histogram: Memory.DumpProvider.FollowingProviders.Background.LevelDB recorded 4 samples, mean = 7.0 (flags = 0x1)
0  ... 
6  ----O                                                                     (4 = 100.0%) {0.0%}
8  ... 

Histogram: Memory.DumpProvider.FollowingProviders.Background.LocalStorage recorded 12 samples, mean = 3.0 (flags = 0x1)
0  ----O                                                                     (4 = 33.3%)
1  ----O                                                                     (4 = 33.3%) {33.3%}
2  ... 
8  ----O                                                                     (4 = 33.3%) {66.7%}
10 ... 

Histogram: Memory.DumpProvider.FollowingProviders.Background.Malloc recorded 4 samples, mean = 10.0 (flags = 0x1)
0   ... 
10  ----O                                                                     (4 = 100.0%) {0.0%}
13  ... 

Histogram: Memory.DumpProvider.FollowingProviders.Background.MojoLevelDB recorded 20 samples, mean = 0.0 (flags = 0x1)
0  --------------------O                                                     (20 = 100.0%)
1  ... 

Histogram: Memory.DumpProvider.FollowingProviders.Background.PartitionAlloc.AddressSpace recorded 4 samples, mean = 1.0 (flags = 0x1)
0  O                                                                         (0 = 0.0%)
1  ----O                                                                     (4 = 100.0%) {0.0%}
2  ... 

Histogram: Memory.DumpProvider.FollowingProviders.Background.SessionStorage recorded 12 samples, mean = 4.0 (flags = 0x1)
0  ... 
2  ----O                                                                     (4 = 33.3%) {0.0%}
3  ----O                                                                     (4 = 33.3%) {33.3%}
4  ... 
6  ----O                                                                     (4 = 33.3%) {66.7%}
8  ... 

Histogram: Memory.DumpProvider.FollowingProviders.Background.SharedMemoryTracker recorded 4 samples, mean = 12.0 (flags = 0x1)
0   ... 
10  ----O                                                                     (4 = 100.0%) {0.0%}
13  ... 

Histogram: Memory.DumpProvider.FollowingProviders.Background.Skia recorded 4 samples, mean = 8.0 (flags = 0x1)
0  ... 
8  ----O                                                                     (4 = 100.0%) {0.0%}
10 ... 

Histogram: Memory.DumpProvider.FollowingProviders.Background.Sql recorded 4 samples, mean = 9.0 (flags = 0x1)
0  ... 
8  ----O                                                                     (4 = 100.0%) {0.0%}
10 ... 

Histogram: Memory.DumpProvider.FollowingProviders.Background.TileManager recorded 12 samples, mean = 12.0 (flags = 0x1)
0   ... 
10  --------O                                                                 (8 = 66.7%) {0.0%}
13  ----O                                                                     (4 = 33.3%) {66.7%}
16  ... 

Histogram: Memory.DumpProvider.FollowingProviders.Background.V8Isolate recorded 4 samples, mean = 14.0 (flags = 0x1)
0   ... 
13  ----O                                                                     (4 = 100.0%) {0.0%}
16  ... 

Histogram: Memory.DumpProvider.FollowingProviders.Background.V8SharedMemory recorded 4 samples, mean = 11.0 (flags = 0x1)
0   ... 
10  ----O                                                                     (4 = 100.0%) {0.0%}
13  ... 

Histogram: Memory.DumpProvider.FollowingProviders.Background.cc__GpuImageDecodeCache recorded 12 samples, mean = 7.0 (flags = 0x1)
0   ... 
5   ----O                                                                     (4 = 33.3%) {0.0%}
6   ----O                                                                     (4 = 33.3%) {33.3%}
8   O                                                                         (0 = 0.0%) {66.7%}
10  ----O                                                                     (4 = 33.3%) {66.7%}
13  ... 

Histogram: Memory.DumpProvider.FollowingProviders.Background.cc__ResourcePool recorded 12 samples, mean = 3.0 (flags = 0x1)
0  ... 
2  ----O                                                                     (4 = 33.3%) {0.0%}
3  ----O                                                                     (4 = 33.3%) {33.3%}
4  ----O                                                                     (4 = 33.3%) {66.7%}
5  ... 

Histogram: Memory.DumpProvider.FollowingProviders.Background.sql__Database recorded 20 samples, mean = 4.0 (flags = 0x1)
0  ... 
2  ----O                                                                     (4 = 20.0%) {0.0%}
3  ----O                                                                     (4 = 20.0%) {20.0%}
4  ----O                                                                     (4 = 20.0%) {40.0%}
5  ----O                                                                     (4 = 20.0%) {60.0%}
6  ----O                                                                     (4 = 20.0%) {80.0%}
8  ... 

Histogram: Memory.DumpProvider.MemoryDumpTime.AllDetailLevels.AXPlatformNode recorded 4 samples, mean = 4.5 (flags = 0x1)
0  ... 
3  -O                                                                        (1 = 25.0%) {0.0%}
4  --O                                                                       (2 = 50.0%) {25.0%}
6  -O                                                                        (1 = 25.0%) {75.0%}
8  ... 

Histogram: Memory.DumpProvider.MemoryDumpTime.AllDetailLevels.AXPlatformNodeWin recorded 4 samples, mean = 5.5 (flags = 0x1)
0  ... 
4  --O                                                                       (2 = 50.0%) {0.0%}
6  --O                                                                       (2 = 50.0%) {50.0%}
8  ... 

Histogram: Memory.DumpProvider.MemoryDumpTime.AllDetailLevels.AllProviders recorded 120 samples, mean = 29.1 (flags = 0x1)
0    O                                                                         (0 = 0.0%)
1    -------O                                                                  (7 = 5.8%) {0.0%}
2    -------------------------------O                                          (31 = 25.8%) {5.8%}
3    --------------------O                                                     (20 = 16.7%) {31.7%}
4    --------------------O                                                     (20 = 16.7%) {48.3%}
6    -----------O                                                              (11 = 9.2%) {65.0%}
8    ---O                                                                      (3 = 2.5%) {74.2%}
11   ----O                                                                     (4 = 3.3%) {76.7%}
15   -----O                                                                    (5 = 4.2%) {80.0%}
21   --O                                                                       (2 = 1.7%) {84.2%}
29   ---O                                                                      (3 = 2.5%) {85.8%}
40   -----O                                                                    (5 = 4.2%) {88.3%}
55   -O                                                                        (1 = 0.8%) {92.5%}
76   ... 
203  ---O                                                                      (3 = 2.5%) {93.3%}
282  ----O                                                                     (4 = 3.3%) {95.8%}
391  -O                                                                        (1 = 0.8%) {99.2%}
542  ... 

Histogram: Memory.DumpProvider.MemoryDumpTime.AllDetailLevels.BlobStorageContext recorded 12 samples, mean = 2.9 (flags = 0x1)
0  O                                                                         (0 = 0.0%)
1  -O                                                                        (1 = 8.3%) {0.0%}
2  ----O                                                                     (4 = 33.3%) {8.3%}
3  ------O                                                                   (6 = 50.0%) {41.7%}
4  ... 
8  -O                                                                        (1 = 8.3%) {91.7%}
11 ... 

Histogram: Memory.DumpProvider.MemoryDumpTime.AllDetailLevels.ContextProviderCommandBuffer recorded 8 samples, mean = 3.8 (flags = 0x1)
0  O                                                                         (0 = 0.0%)
1  -O                                                                        (1 = 12.5%) {0.0%}
2  ---O                                                                      (3 = 37.5%) {12.5%}
3  O                                                                         (0 = 0.0%) {50.0%}
4  --O                                                                       (2 = 25.0%) {50.0%}
6  --O                                                                       (2 = 25.0%) {75.0%}
8  ... 

Histogram: Memory.DumpProvider.MemoryDumpTime.AllDetailLevels.DiscardableSharedMemoryManager recorded 4 samples, mean = 3.0 (flags = 0x1)
0  O                                                                         (0 = 0.0%)
1  -O                                                                        (1 = 25.0%) {0.0%}
2  -O                                                                        (1 = 25.0%) {25.0%}
3  -O                                                                        (1 = 25.0%) {50.0%}
4  O                                                                         (0 = 0.0%) {75.0%}
6  -O                                                                        (1 = 25.0%) {75.0%}
8  ... 

Histogram: Memory.DumpProvider.MemoryDumpTime.AllDetailLevels.FrameEvictionManager recorded 4 samples, mean = 2.5 (flags = 0x1)
0  ... 
2  --O                                                                       (2 = 50.0%) {0.0%}
3  --O                                                                       (2 = 50.0%) {50.0%}
4  ... 

Histogram: Memory.DumpProvider.MemoryDumpTime.AllDetailLevels.IPCChannel recorded 4 samples, mean = 15.8 (flags = 0x1)
0   ... 
11  -O                                                                        (1 = 25.0%) {0.0%}
15  ---O                                                                      (3 = 75.0%) {25.0%}
21  ... 

Histogram: Memory.DumpProvider.MemoryDumpTime.AllDetailLevels.IndexedDBBackingStore recorded 8 samples, mean = 7.5 (flags = 0x1)
0   ... 
4   ---O                                                                      (3 = 37.5%) {0.0%}
6   -O                                                                        (1 = 12.5%) {37.5%}
8   --O                                                                       (2 = 25.0%) {50.0%}
11  --O                                                                       (2 = 25.0%) {75.0%}
15  ... 

Histogram: Memory.DumpProvider.MemoryDumpTime.AllDetailLevels.LevelDB recorded 4 samples, mean = 46.5 (flags = 0x1)
0   ... 
29  -O                                                                        (1 = 25.0%) {0.0%}
40  --O                                                                       (2 = 50.0%) {25.0%}
55  -O                                                                        (1 = 25.0%) {75.0%}
76  ... 

Histogram: Memory.DumpProvider.MemoryDumpTime.AllDetailLevels.LocalStorage recorded 12 samples, mean = 6.3 (flags = 0x1)
0   ... 
2   -O                                                                        (1 = 8.3%) {0.0%}
3   -O                                                                        (1 = 8.3%) {8.3%}
4   -----O                                                                    (5 = 41.7%) {16.7%}
6   ---O                                                                      (3 = 25.0%) {58.3%}
8   O                                                                         (0 = 0.0%) {83.3%}
11  -O                                                                        (1 = 8.3%) {83.3%}
15  -O                                                                        (1 = 8.3%) {91.7%}
21  ... 

Histogram: Memory.DumpProvider.MemoryDumpTime.AllDetailLevels.Malloc recorded 4 samples, mean = 330.2 (flags = 0x1)
0    ... 
203  -O                                                                        (1 = 25.0%) {0.0%}
282  ---O                                                                      (3 = 75.0%) {25.0%}
391  ... 

Histogram: Memory.DumpProvider.MemoryDumpTime.AllDetailLevels.MojoLevelDB recorded 20 samples, mean = 2.3 (flags = 0x1)
0  ... 
2  -------------O                                                            (13 = 65.0%) {0.0%}
3  -------O                                                                  (7 = 35.0%) {65.0%}
4  ... 

Histogram: Memory.DumpProvider.MemoryDumpTime.AllDetailLevels.PartitionAlloc.AddressSpace recorded 4 samples, mean = 23.2 (flags = 0x1)
0   ... 
15  -O                                                                        (1 = 25.0%) {0.0%}
21  --O                                                                       (2 = 50.0%) {25.0%}
29  -O                                                                        (1 = 25.0%) {75.0%}
40  ... 

Histogram: Memory.DumpProvider.MemoryDumpTime.AllDetailLevels.SharedMemoryTracker recorded 4 samples, mean = 321.2 (flags = 0x1)
0    ... 
203  --O                                                                       (2 = 50.0%) {0.0%}
282  -O                                                                        (1 = 25.0%) {50.0%}
391  -O                                                                        (1 = 25.0%) {75.0%}
542  ... 

Histogram: Memory.DumpProvider.MemoryDumpTime.AllDetailLevels.Skia recorded 4 samples, mean = 4.8 (flags = 0x1)
0  ... 
4  ---O                                                                      (3 = 75.0%) {0.0%}
6  -O                                                                        (1 = 25.0%) {75.0%}
8  ... 

Histogram: Memory.DumpProvider.MemoryDumpTime.AllDetailLevels.Sql recorded 4 samples, mean = 3.2 (flags = 0x1)
0  ... 
2  --O                                                                       (2 = 50.0%) {0.0%}
3  O                                                                         (0 = 0.0%) {50.0%}
4  --O                                                                       (2 = 50.0%) {50.0%}
6  ... 

Histogram: Memory.DumpProvider.MemoryDumpTime.AllDetailLevels.V8Isolate recorded 4 samples, mean = 44.0 (flags = 0x1)
0   ... 
29  -O                                                                        (1 = 25.0%) {0.0%}
40  ---O                                                                      (3 = 75.0%) {25.0%}
55  ... 

Histogram: Memory.DumpProvider.MemoryDumpTime.AllDetailLevels.cc__ResourcePool recorded 12 samples, mean = 2.0 (flags = 0x1)
0  O                                                                         (0 = 0.0%)
1  ----O                                                                     (4 = 33.3%) {0.0%}
2  -----O                                                                    (5 = 41.7%) {33.3%}
3  --O                                                                       (2 = 16.7%) {75.0%}
4  -O                                                                        (1 = 8.3%) {91.7%}
6  ... 

Histogram: Memory.DumpProvider.MemoryDumpTime.Background.AXPlatformNode recorded 4 samples, mean = 4.5 (flags = 0x1)
0  ... 
3  -O                                                                        (1 = 25.0%) {0.0%}
4  --O                                                                       (2 = 50.0%) {25.0%}
6  -O                                                                        (1 = 25.0%) {75.0%}
8  ... 

Histogram: Memory.DumpProvider.MemoryDumpTime.Background.AXPlatformNodeWin recorded 4 samples, mean = 5.5 (flags = 0x1)
0  ... 
4  --O                                                                       (2 = 50.0%) {0.0%}
6  --O                                                                       (2 = 50.0%) {50.0%}
8  ... 

Histogram: Memory.DumpProvider.MemoryDumpTime.Background.AllProviders recorded 120 samples, mean = 29.1 (flags = 0x1)
0    O                                                                         (0 = 0.0%)
1    -------O                                                                  (7 = 5.8%) {0.0%}
2    -------------------------------O                                          (31 = 25.8%) {5.8%}
3    --------------------O                                                     (20 = 16.7%) {31.7%}
4    --------------------O                                                     (20 = 16.7%) {48.3%}
6    -----------O                                                              (11 = 9.2%) {65.0%}
8    ---O                                                                      (3 = 2.5%) {74.2%}
11   ----O                                                                     (4 = 3.3%) {76.7%}
15   -----O                                                                    (5 = 4.2%) {80.0%}
21   --O                                                                       (2 = 1.7%) {84.2%}
29   ---O                                                                      (3 = 2.5%) {85.8%}
40   -----O                                                                    (5 = 4.2%) {88.3%}
55   -O                                                                        (1 = 0.8%) {92.5%}
76   ... 
203  ---O                                                                      (3 = 2.5%) {93.3%}
282  ----O                                                                     (4 = 3.3%) {95.8%}
391  -O                                                                        (1 = 0.8%) {99.2%}
542  ... 

Histogram: Memory.DumpProvider.MemoryDumpTime.Background.BlobStorageContext recorded 12 samples, mean = 2.9 (flags = 0x1)
0  O                                                                         (0 = 0.0%)
1  -O                                                                        (1 = 8.3%) {0.0%}
2  ----O                                                                     (4 = 33.3%) {8.3%}
3  ------O                                                                   (6 = 50.0%) {41.7%}
4  ... 
8  -O                                                                        (1 = 8.3%) {91.7%}
11 ... 

Histogram: Memory.DumpProvider.MemoryDumpTime.Background.ContextProviderCommandBuffer recorded 8 samples, mean = 3.8 (flags = 0x1)
0  O                                                                         (0 = 0.0%)
1  -O                                                                        (1 = 12.5%) {0.0%}
2  ---O                                                                      (3 = 37.5%) {12.5%}
3  O                                                                         (0 = 0.0%) {50.0%}
4  --O                                                                       (2 = 25.0%) {50.0%}
6  --O                                                                       (2 = 25.0%) {75.0%}
8  ... 

Histogram: Memory.DumpProvider.MemoryDumpTime.Background.DiscardableSharedMemoryManager recorded 4 samples, mean = 3.0 (flags = 0x1)
0  O                                                                         (0 = 0.0%)
1  -O                                                                        (1 = 25.0%) {0.0%}
2  -O                                                                        (1 = 25.0%) {25.0%}
3  -O                                                                        (1 = 25.0%) {50.0%}
4  O                                                                         (0 = 0.0%) {75.0%}
6  -O                                                                        (1 = 25.0%) {75.0%}
8  ... 

Histogram: Memory.DumpProvider.MemoryDumpTime.Background.FrameEvictionManager recorded 4 samples, mean = 2.5 (flags = 0x1)
0  ... 
2  --O                                                                       (2 = 50.0%) {0.0%}
3  --O                                                                       (2 = 50.0%) {50.0%}
4  ... 

Histogram: Memory.DumpProvider.MemoryDumpTime.Background.IPCChannel recorded 4 samples, mean = 15.8 (flags = 0x1)
0   ... 
11  -O                                                                        (1 = 25.0%) {0.0%}
15  ---O                                                                      (3 = 75.0%) {25.0%}
21  ... 

Histogram: Memory.DumpProvider.MemoryDumpTime.Background.IndexedDBBackingStore recorded 8 samples, mean = 7.5 (flags = 0x1)
0   ... 
4   ---O                                                                      (3 = 37.5%) {0.0%}
6   -O                                                                        (1 = 12.5%) {37.5%}
8   --O                                                                       (2 = 25.0%) {50.0%}
11  --O                                                                       (2 = 25.0%) {75.0%}
15  ... 

Histogram: Memory.DumpProvider.MemoryDumpTime.Background.LevelDB recorded 4 samples, mean = 46.5 (flags = 0x1)
0   ... 
29  -O                                                                        (1 = 25.0%) {0.0%}
40  --O                                                                       (2 = 50.0%) {25.0%}
55  -O                                                                        (1 = 25.0%) {75.0%}
76  ... 

Histogram: Memory.DumpProvider.MemoryDumpTime.Background.LocalStorage recorded 12 samples, mean = 6.3 (flags = 0x1)
0   ... 
2   -O                                                                        (1 = 8.3%) {0.0%}
3   -O                                                                        (1 = 8.3%) {8.3%}
4   -----O                                                                    (5 = 41.7%) {16.7%}
6   ---O                                                                      (3 = 25.0%) {58.3%}
8   O                                                                         (0 = 0.0%) {83.3%}
11  -O                                                                        (1 = 8.3%) {83.3%}
15  -O                                                                        (1 = 8.3%) {91.7%}
21  ... 

Histogram: Memory.DumpProvider.MemoryDumpTime.Background.Malloc recorded 4 samples, mean = 330.2 (flags = 0x1)
0    ... 
203  -O                                                                        (1 = 25.0%) {0.0%}
282  ---O                                                                      (3 = 75.0%) {25.0%}
391  ... 

Histogram: Memory.DumpProvider.MemoryDumpTime.Background.MojoLevelDB recorded 20 samples, mean = 2.3 (flags = 0x1)
0  ... 
2  -------------O                                                            (13 = 65.0%) {0.0%}
3  -------O                                                                  (7 = 35.0%) {65.0%}
4  ... 

Histogram: Memory.DumpProvider.MemoryDumpTime.Background.PartitionAlloc.AddressSpace recorded 4 samples, mean = 23.2 (flags = 0x1)
0   ... 
15  -O                                                                        (1 = 25.0%) {0.0%}
21  --O                                                                       (2 = 50.0%) {25.0%}
29  -O                                                                        (1 = 25.0%) {75.0%}
40  ... 

Histogram: Memory.DumpProvider.MemoryDumpTime.Background.SharedMemoryTracker recorded 4 samples, mean = 321.2 (flags = 0x1)
0    ... 
203  --O                                                                       (2 = 50.0%) {0.0%}
282  -O                                                                        (1 = 25.0%) {50.0%}
391  -O                                                                        (1 = 25.0%) {75.0%}
542  ... 

Histogram: Memory.DumpProvider.MemoryDumpTime.Background.Skia recorded 4 samples, mean = 4.8 (flags = 0x1)
0  ... 
4  ---O                                                                      (3 = 75.0%) {0.0%}
6  -O                                                                        (1 = 25.0%) {75.0%}
8  ... 

Histogram: Memory.DumpProvider.MemoryDumpTime.Background.Sql recorded 4 samples, mean = 3.2 (flags = 0x1)
0  ... 
2  --O                                                                       (2 = 50.0%) {0.0%}
3  O                                                                         (0 = 0.0%) {50.0%}
4  --O                                                                       (2 = 50.0%) {50.0%}
6  ... 

Histogram: Memory.DumpProvider.MemoryDumpTime.Background.V8Isolate recorded 4 samples, mean = 44.0 (flags = 0x1)
0   ... 
29  -O                                                                        (1 = 25.0%) {0.0%}
40  ---O                                                                      (3 = 75.0%) {25.0%}
55  ... 

Histogram: Memory.DumpProvider.MemoryDumpTime.Background.cc__ResourcePool recorded 12 samples, mean = 2.0 (flags = 0x1)
0  O                                                                         (0 = 0.0%)
1  ----O                                                                     (4 = 33.3%) {0.0%}
2  -----O                                                                    (5 = 41.7%) {33.3%}
3  --O                                                                       (2 = 16.7%) {75.0%}
4  -O                                                                        (1 = 8.3%) {91.7%}
6  ... 

Histogram: Memory.DumpProvider.PostTaskTime.AllDetailLevels.AXPlatformNode recorded 4 samples, mean = 0.0 (flags = 0x1)
0  ----O                                                                     (4 = 100.0%)
1  ... 

Histogram: Memory.DumpProvider.PostTaskTime.AllDetailLevels.AllProviders recorded 32 samples, mean = 0.0 (flags = 0x1)
0  --------------------------------O                                         (32 = 100.0%)
1  ... 

Histogram: Memory.DumpProvider.PostTaskTime.AllDetailLevels.IndexedDBBackingStore recorded 4 samples, mean = 0.0 (flags = 0x1)
0  ----O                                                                     (4 = 100.0%)
1  ... 

Histogram: Memory.DumpProvider.PostTaskTime.AllDetailLevels.LocalStorage recorded 4 samples, mean = 0.0 (flags = 0x1)
0  ----O                                                                     (4 = 100.0%)
1  ... 

Histogram: Memory.DumpProvider.PostTaskTime.AllDetailLevels.MojoLevelDB recorded 20 samples, mean = 0.0 (flags = 0x1)
0  --------------------O                                                     (20 = 100.0%)
1  ... 

Histogram: Memory.DumpProvider.PostTaskTime.Background.AXPlatformNode recorded 4 samples, mean = 0.0 (flags = 0x1)
0  ----O                                                                     (4 = 100.0%)
1  ... 

Histogram: Memory.DumpProvider.PostTaskTime.Background.AllProviders recorded 32 samples, mean = 0.0 (flags = 0x1)
0  --------------------------------O                                         (32 = 100.0%)
1  ... 

Histogram: Memory.DumpProvider.PostTaskTime.Background.IndexedDBBackingStore recorded 4 samples, mean = 0.0 (flags = 0x1)
0  ----O                                                                     (4 = 100.0%)
1  ... 

Histogram: Memory.DumpProvider.PostTaskTime.Background.LocalStorage recorded 4 samples, mean = 0.0 (flags = 0x1)
0  ----O                                                                     (4 = 100.0%)
1  ... 

Histogram: Memory.DumpProvider.PostTaskTime.Background.MojoLevelDB recorded 20 samples, mean = 0.0 (flags = 0x1)
0  --------------------O                                                     (20 = 100.0%)
1  ... 

Histogram: Memory.DumpProvider.TotalTime.AllDetailLevels.AXPlatformNode recorded 4 samples, mean = 0.8 (flags = 0x1)
0  -O                                                                        (1 = 25.0%)
1  ---O                                                                      (3 = 75.0%) {25.0%}
2  ... 

Histogram: Memory.DumpProvider.TotalTime.AllDetailLevels.AXPlatformNodeWin recorded 4 samples, mean = 0.8 (flags = 0x1)
0  -O                                                                        (1 = 25.0%)
1  ---O                                                                      (3 = 75.0%) {25.0%}
2  ... 

Histogram: Memory.DumpProvider.TotalTime.AllDetailLevels.AllProviders recorded 188 samples, mean = 0.6 (flags = 0x1)
0  -------------------------------------------O                              (70 = 37.2%)
1  ------------------------------------------------------------------------O (118 = 62.8%) {37.2%}
2  ... 

Histogram: Memory.DumpProvider.TotalTime.AllDetailLevels.BlobStorageContext recorded 12 samples, mean = 1.0 (flags = 0x1)
0  O                                                                         (0 = 0.0%)
1  ------------O                                                             (12 = 100.0%) {0.0%}
2  ... 

Histogram: Memory.DumpProvider.TotalTime.AllDetailLevels.BucketContext recorded 8 samples, mean = 0.5 (flags = 0x1)
0  ----O                                                                     (4 = 50.0%)
1  ----O                                                                     (4 = 50.0%) {50.0%}
2  ... 

Histogram: Memory.DumpProvider.TotalTime.AllDetailLevels.ContextProviderCommandBuffer recorded 8 samples, mean = 1.0 (flags = 0x1)
0  O                                                                         (0 = 0.0%)
1  --------O                                                                 (8 = 100.0%) {0.0%}
2  ... 

Histogram: Memory.DumpProvider.TotalTime.AllDetailLevels.DiscardableSharedMemoryManager recorded 4 samples, mean = 1.0 (flags = 0x1)
0  O                                                                         (0 = 0.0%)
1  ----O                                                                     (4 = 100.0%) {0.0%}
2  ... 

Histogram: Memory.DumpProvider.TotalTime.AllDetailLevels.FrameEvictionManager recorded 4 samples, mean = 1.0 (flags = 0x1)
0  O                                                                         (0 = 0.0%)
1  ----O                                                                     (4 = 100.0%) {0.0%}
2  ... 

Histogram: Memory.DumpProvider.TotalTime.AllDetailLevels.IPCChannel recorded 4 samples, mean = 0.0 (flags = 0x1)
0  ----O                                                                     (4 = 100.0%)
1  ... 

Histogram: Memory.DumpProvider.TotalTime.AllDetailLevels.IndexedDBBackingStore recorded 8 samples, mean = 0.5 (flags = 0x1)
0  ----O                                                                     (4 = 50.0%)
1  ----O                                                                     (4 = 50.0%) {50.0%}
2  ... 

Histogram: Memory.DumpProvider.TotalTime.AllDetailLevels.LevelDB recorded 4 samples, mean = 0.0 (flags = 0x1)
0  ----O                                                                     (4 = 100.0%)
1  ... 

Histogram: Memory.DumpProvider.TotalTime.AllDetailLevels.LocalStorage recorded 12 samples, mean = 1.0 (flags = 0x1)
0  O                                                                         (0 = 0.0%)
1  ------------O                                                             (12 = 100.0%) {0.0%}
2  ... 

Histogram: Memory.DumpProvider.TotalTime.AllDetailLevels.Malloc recorded 4 samples, mean = 0.0 (flags = 0x1)
0  ----O                                                                     (4 = 100.0%)
1  ... 

Histogram: Memory.DumpProvider.TotalTime.AllDetailLevels.MojoLevelDB recorded 20 samples, mean = 0.5 (flags = 0x1)
0  ----------O                                                               (10 = 50.0%)
1  ----------O                                                               (10 = 50.0%) {50.0%}
2  ... 

Histogram: Memory.DumpProvider.TotalTime.AllDetailLevels.PartitionAlloc.AddressSpace recorded 4 samples, mean = 0.0 (flags = 0x1)
0  ----O                                                                     (4 = 100.0%)
1  ... 

Histogram: Memory.DumpProvider.TotalTime.AllDetailLevels.SessionStorage recorded 12 samples, mean = 1.0 (flags = 0x1)
0  O                                                                         (0 = 0.0%)
1  ------------O                                                             (12 = 100.0%) {0.0%}
2  ... 

Histogram: Memory.DumpProvider.TotalTime.AllDetailLevels.SharedMemoryTracker recorded 4 samples, mean = 0.5 (flags = 0x1)
0  --O                                                                       (2 = 50.0%)
1  --O                                                                       (2 = 50.0%) {50.0%}
2  ... 

Histogram: Memory.DumpProvider.TotalTime.AllDetailLevels.Skia recorded 4 samples, mean = 0.0 (flags = 0x1)
0  ----O                                                                     (4 = 100.0%)
1  ... 

Histogram: Memory.DumpProvider.TotalTime.AllDetailLevels.Sql recorded 4 samples, mean = 0.0 (flags = 0x1)
0  ----O                                                                     (4 = 100.0%)
1  ... 

Histogram: Memory.DumpProvider.TotalTime.AllDetailLevels.TileManager recorded 12 samples, mean = 1.0 (flags = 0x1)
0  O                                                                         (0 = 0.0%)
1  ------------O                                                             (12 = 100.0%) {0.0%}
2  ... 

Histogram: Memory.DumpProvider.TotalTime.AllDetailLevels.V8Isolate recorded 4 samples, mean = 1.0 (flags = 0x1)
0  O                                                                         (0 = 0.0%)
1  ----O                                                                     (4 = 100.0%) {0.0%}
2  ... 

Histogram: Memory.DumpProvider.TotalTime.AllDetailLevels.V8SharedMemory recorded 4 samples, mean = 0.0 (flags = 0x1)
0  ----O                                                                     (4 = 100.0%)
1  ... 

Histogram: Memory.DumpProvider.TotalTime.AllDetailLevels.cc__GpuImageDecodeCache recorded 12 samples, mean = 1.0 (flags = 0x1)
0  O                                                                         (0 = 0.0%)
1  ------------O                                                             (12 = 100.0%) {0.0%}
2  ... 

Histogram: Memory.DumpProvider.TotalTime.AllDetailLevels.cc__ResourcePool recorded 12 samples, mean = 1.0 (flags = 0x1)
0  O                                                                         (0 = 0.0%)
1  ------------O                                                             (12 = 100.0%) {0.0%}
2  ... 

Histogram: Memory.DumpProvider.TotalTime.AllDetailLevels.sql__Database recorded 20 samples, mean = 0.0 (flags = 0x1)
0  --------------------O                                                     (20 = 100.0%)
1  ... 

Histogram: Memory.DumpProvider.TotalTime.Background.AXPlatformNode recorded 4 samples, mean = 0.8 (flags = 0x1)
0  -O                                                                        (1 = 25.0%)
1  ---O                                                                      (3 = 75.0%) {25.0%}
2  ... 

Histogram: Memory.DumpProvider.TotalTime.Background.AXPlatformNodeWin recorded 4 samples, mean = 0.8 (flags = 0x1)
0  -O                                                                        (1 = 25.0%)
1  ---O                                                                      (3 = 75.0%) {25.0%}
2  ... 

Histogram: Memory.DumpProvider.TotalTime.Background.AllProviders recorded 188 samples, mean = 0.6 (flags = 0x1)
0  -------------------------------------------O                              (70 = 37.2%)
1  ------------------------------------------------------------------------O (118 = 62.8%) {37.2%}
2  ... 

Histogram: Memory.DumpProvider.TotalTime.Background.BlobStorageContext recorded 12 samples, mean = 1.0 (flags = 0x1)
0  O                                                                         (0 = 0.0%)
1  ------------O                                                             (12 = 100.0%) {0.0%}
2  ... 

Histogram: Memory.DumpProvider.TotalTime.Background.BucketContext recorded 8 samples, mean = 0.5 (flags = 0x1)
0  ----O                                                                     (4 = 50.0%)
1  ----O                                                                     (4 = 50.0%) {50.0%}
2  ... 

Histogram: Memory.DumpProvider.TotalTime.Background.ContextProviderCommandBuffer recorded 8 samples, mean = 1.0 (flags = 0x1)
0  O                                                                         (0 = 0.0%)
1  --------O                                                                 (8 = 100.0%) {0.0%}
2  ... 

Histogram: Memory.DumpProvider.TotalTime.Background.DiscardableSharedMemoryManager recorded 4 samples, mean = 1.0 (flags = 0x1)
0  O                                                                         (0 = 0.0%)
1  ----O                                                                     (4 = 100.0%) {0.0%}
2  ... 

Histogram: Memory.DumpProvider.TotalTime.Background.FrameEvictionManager recorded 4 samples, mean = 1.0 (flags = 0x1)
0  O                                                                         (0 = 0.0%)
1  ----O                                                                     (4 = 100.0%) {0.0%}
2  ... 

Histogram: Memory.DumpProvider.TotalTime.Background.IPCChannel recorded 4 samples, mean = 0.0 (flags = 0x1)
0  ----O                                                                     (4 = 100.0%)
1  ... 

Histogram: Memory.DumpProvider.TotalTime.Background.IndexedDBBackingStore recorded 8 samples, mean = 0.5 (flags = 0x1)
0  ----O                                                                     (4 = 50.0%)
1  ----O                                                                     (4 = 50.0%) {50.0%}
2  ... 

Histogram: Memory.DumpProvider.TotalTime.Background.LevelDB recorded 4 samples, mean = 0.0 (flags = 0x1)
0  ----O                                                                     (4 = 100.0%)
1  ... 

Histogram: Memory.DumpProvider.TotalTime.Background.LocalStorage recorded 12 samples, mean = 1.0 (flags = 0x1)
0  O                                                                         (0 = 0.0%)
1  ------------O                                                             (12 = 100.0%) {0.0%}
2  ... 

Histogram: Memory.DumpProvider.TotalTime.Background.Malloc recorded 4 samples, mean = 0.0 (flags = 0x1)
0  ----O                                                                     (4 = 100.0%)
1  ... 

Histogram: Memory.DumpProvider.TotalTime.Background.MojoLevelDB recorded 20 samples, mean = 0.5 (flags = 0x1)
0  ----------O                                                               (10 = 50.0%)
1  ----------O                                                               (10 = 50.0%) {50.0%}
2  ... 

Histogram: Memory.DumpProvider.TotalTime.Background.PartitionAlloc.AddressSpace recorded 4 samples, mean = 0.0 (flags = 0x1)
0  ----O                                                                     (4 = 100.0%)
1  ... 

Histogram: Memory.DumpProvider.TotalTime.Background.SessionStorage recorded 12 samples, mean = 1.0 (flags = 0x1)
0  O                                                                         (0 = 0.0%)
1  ------------O                                                             (12 = 100.0%) {0.0%}
2  ... 

Histogram: Memory.DumpProvider.TotalTime.Background.SharedMemoryTracker recorded 4 samples, mean = 0.5 (flags = 0x1)
0  --O                                                                       (2 = 50.0%)
1  --O                                                                       (2 = 50.0%) {50.0%}
2  ... 

Histogram: Memory.DumpProvider.TotalTime.Background.Skia recorded 4 samples, mean = 0.0 (flags = 0x1)
0  ----O                                                                     (4 = 100.0%)
1  ... 

Histogram: Memory.DumpProvider.TotalTime.Background.Sql recorded 4 samples, mean = 0.0 (flags = 0x1)
0  ----O                                                                     (4 = 100.0%)
1  ... 

Histogram: Memory.DumpProvider.TotalTime.Background.TileManager recorded 12 samples, mean = 1.0 (flags = 0x1)
0  O                                                                         (0 = 0.0%)
1  ------------O                                                             (12 = 100.0%) {0.0%}
2  ... 

Histogram: Memory.DumpProvider.TotalTime.Background.V8Isolate recorded 4 samples, mean = 1.0 (flags = 0x1)
0  O                                                                         (0 = 0.0%)
1  ----O                                                                     (4 = 100.0%) {0.0%}
2  ... 

Histogram: Memory.DumpProvider.TotalTime.Background.V8SharedMemory recorded 4 samples, mean = 0.0 (flags = 0x1)
0  ----O                                                                     (4 = 100.0%)
1  ... 

Histogram: Memory.DumpProvider.TotalTime.Background.cc__GpuImageDecodeCache recorded 12 samples, mean = 1.0 (flags = 0x1)
0  O                                                                         (0 = 0.0%)
1  ------------O                                                             (12 = 100.0%) {0.0%}
2  ... 

Histogram: Memory.DumpProvider.TotalTime.Background.cc__ResourcePool recorded 12 samples, mean = 1.0 (flags = 0x1)
0  O                                                                         (0 = 0.0%)
1  ------------O                                                             (12 = 100.0%) {0.0%}
2  ... 

Histogram: Memory.DumpProvider.TotalTime.Background.sql__Database recorded 20 samples, mean = 0.0 (flags = 0x1)
0  --------------------O                                                     (20 = 100.0%)
1  ... 

Histogram: Memory.GPU.PeakMemoryAllocationSource2.PageLoad.CommandBuffer recorded 3 samples, mean = 0.0 (flags = 0x1)
0  ---O                                                                      (3 = 100.0%)
1  ... 

Histogram: Memory.GPU.PeakMemoryAllocationSource2.PageLoad.SharedContextState recorded 3 samples, mean = 5.7 (flags = 0x1)
0  -O                                                                        (1 = 33.3%)
1  ... 
8  -O                                                                        (1 = 33.3%) {33.3%}
9  -O                                                                        (1 = 33.3%) {66.7%}
10 ... 

Histogram: Memory.GPU.PeakMemoryAllocationSource2.PageLoad.SharedImageStub recorded 3 samples, mean = 5.7 (flags = 0x1)
0   -O                                                                        (1 = 33.3%)
1   ... 
7   -O                                                                        (1 = 33.3%) {33.3%}
8   ... 
10  -O                                                                        (1 = 33.3%) {66.7%}
11  ... 

Histogram: Memory.GPU.PeakMemoryAllocationSource2.PageLoad.Skia recorded 3 samples, mean = 10.7 (flags = 0x1)
0   ... 
7   -O                                                                        (1 = 33.3%) {0.0%}
8   ... 
11  -O                                                                        (1 = 33.3%) {33.3%}
12  ... 
14  -O                                                                        (1 = 33.3%) {66.7%}
15  ... 

Histogram: Memory.GPU.PeakMemoryAllocationSource2.PageLoad.Unknown recorded 3 samples, mean = 0.0 (flags = 0x1)
0  ---O                                                                      (3 = 100.0%)
1  ... 

Histogram: Memory.GPU.PeakMemoryAllocationSource2.PageLoad.WebNN recorded 3 samples, mean = 0.0 (flags = 0x1)
0  ---O                                                                      (3 = 100.0%)
1  ... 

Histogram: Memory.GPU.PeakMemoryUsage2.PageLoad recorded 3 samples, mean = 22.7 (flags = 0x1)
0   ... 
7   -O                                                                        (1 = 33.3%) {0.0%}
8   ... 
25  -O                                                                        (1 = 33.3%) {33.3%}
28  ... 
34  -O                                                                        (1 = 33.3%) {66.7%}
38  ... 

Histogram: Memory.PartitionAlloc.PartitionRoot.ExtrasSize recorded 1 samples, mean = 4.0 (flags = 0x1)
0  ... 
4  -O                                                                        (1 = 100.0%) {0.0%}
5  ... 

Histogram: Memory.PressureLevel2 recorded 7 samples, mean = 0.0 (flags = 0x1)
0  -------O                                                                  (7 = 100.0%)
1  ... 

Histogram: Mojo.Channel.WriteMessageSize recorded 3 samples, mean = 149.3 (flags = 0x1)
0    ... 
95   --O                                                                       (2 = 66.7%) {0.0%}
119  ... 
186  -O                                                                        (1 = 33.3%) {66.7%}
233  ... 

Histogram: Mojo.Channel.WriteReceiveMessageProcessType recorded 1 samples, mean = 1.0 (flags = 0x1)
0  O                                                                         (0 = 0.0%)
1  -O                                                                        (1 = 100.0%) {0.0%}
2  ... 

Histogram: Mojo.Channel.WriteSendMessageProcessType recorded 3 samples, mean = 1.0 (flags = 0x1)
0  O                                                                         (0 = 0.0%)
1  ---O                                                                      (3 = 100.0%) {0.0%}
2  ... 

Histogram: Mojo.Channel.WriteToReadLatencyUs recorded 2 samples, mean = 336.0 (flags = 0x1)
0    ... 
217  -O                                                                        (1 = 50.0%) {0.0%}
247  ... 
414  -O                                                                        (1 = 50.0%) {50.0%}
471  ... 

Histogram: Mojo.EndToEndLatencyUs.BrowserIO recorded 2 samples, mean = 88.0 (flags = 0x1)
0    ... 
22   -O                                                                        (1 = 50.0%) {0.0%}
25   ... 
148  -O                                                                        (1 = 50.0%) {50.0%}
168  ... 

Histogram: Mojo.EndToEndLatencyUs.BrowserMain recorded 1 samples, mean = 42.0 (flags = 0x1)
0   ... 
41  -O                                                                        (1 = 100.0%) {0.0%}
47  ... 

Histogram: Mojo.EndToEndLatencyUs.Default recorded 1 samples, mean = 95.0 (flags = 0x1)
0   ... 
88  -O                                                                        (1 = 100.0%) {0.0%}
100 ... 

Histogram: NQE.ContentObserver.NetworkQualityMeaningfullyChanged recorded 3 samples, mean = 0.7
0  -O                                                                        (1 = 33.3%)
1  --O                                                                       (2 = 66.7%) {33.3%}
2  O                                                                         (0 = 0.0%) {100.0%}

Histogram: Navigation.AgentSchedulingGroupHost.RemoveRoute recorded 6 samples, mean = 0.0 (flags = 0x1)
0  ------O                                                                   (6 = 100.0%)
1  ... 

Histogram: Navigation.All.WastedSpeculativeRFHCase recorded 6 samples, mean = 0.5 (flags = 0x1)
0  ---O                                                                      (3 = 50.0%)
1  ---O                                                                      (3 = 50.0%) {50.0%}
2  ... 

Histogram: Navigation.BeforeUnloadExecutionMode.IsInOutermostMainFrame recorded 2 samples, mean = 0.0 (flags = 0x1)
0  --O                                                                       (2 = 100.0%)
1  ... 

Histogram: Navigation.BeforeUnloadExecutionMode.IsInOutermostMainFrame.CrossOrigin recorded 2 samples, mean = 0.0 (flags = 0x1)
0  --O                                                                       (2 = 100.0%)
1  ... 

Histogram: Navigation.BeginNavigationImpl.MainFrame recorded 3 samples, mean = 0.0 (flags = 0x1)
0  ---O                                                                      (3 = 100.0%)
1  ... 

Histogram: Navigation.BrowserInitiated.IsDuplicateWithoutThresholdCheck2 recorded 3 samples, mean = 0.0 (flags = 0x1)
0  ---O                                                                      (3 = 100.0%)
1  ... 

Histogram: Navigation.BrowserInitiated.ShouldDispatchBeforeUnload recorded 3 samples, mean = 0.0 (flags = 0x1)
0  ---O                                                                      (3 = 100.0%)
1  ... 

Histogram: Navigation.DeferSpeculativeRFHAction recorded 3 samples, mean = 0.0 (flags = 0x1)
0  ---O                                                                      (3 = 100.0%)
1  ... 

Histogram: Navigation.DelayedCurrentProcessInitByLaunchingSpareFirst recorded 6 samples, mean = 1.0 (flags = 0x1)
0  O                                                                         (0 = 0.0%)
1  ------O                                                                   (6 = 100.0%) {0.0%}
2  O                                                                         (0 = 0.0%) {100.0%}

Histogram: Navigation.DidStartLoading.MainFrame recorded 3 samples, mean = 0.0 (flags = 0x1)
0  ---O                                                                      (3 = 100.0%)
1  ... 

Histogram: Navigation.DocumentAssociatedDataDestructor recorded 6 samples, mean = 0.0 (flags = 0x1)
0  ------O                                                                   (6 = 100.0%)
1  ... 

Histogram: Navigation.EarlyRenderFrameHostSwapType recorded 3 samples, mean = 0.0 (flags = 0x1)
0  ---O                                                                      (3 = 100.0%)
1  ... 

Histogram: Navigation.GetFrameHostForNavigation recorded 6 samples, mean = 1.3 (flags = 0x1)
0  ---O                                                                      (3 = 50.0%)
1  O                                                                         (0 = 0.0%) {50.0%}
2  --O                                                                       (2 = 33.3%) {50.0%}
3  O                                                                         (0 = 0.0%) {83.3%}
4  -O                                                                        (1 = 16.7%) {83.3%}
5  ... 

Histogram: Navigation.GetFrameHostForNavigationTime.InDidCreateNavigationRequest.IsHTTPOrHTTPS recorded 2 samples, mean = 2188.0 (flags = 0x1)
0     ... 
2008  --O                                                                       (2 = 100.0%) {0.0%}
2786  ... 

Histogram: Navigation.IsGuest recorded 3 samples, mean = 0.0 (flags = 0x1)
0  ---O                                                                      (3 = 100.0%)
1  ... 

Histogram: Navigation.IsLockedProcess recorded 3 samples, mean = 1.0 (flags = 0x1)
0  O                                                                         (0 = 0.0%)
1  ---O                                                                      (3 = 100.0%) {0.0%}
2  O                                                                         (0 = 0.0%) {100.0%}

Histogram: Navigation.IsLockedProcess.HTTPOrHTTPS recorded 2 samples, mean = 1.0 (flags = 0x1)
0  O                                                                         (0 = 0.0%)
1  --O                                                                       (2 = 100.0%) {0.0%}
2  O                                                                         (0 = 0.0%) {100.0%}

Histogram: Navigation.IsProcessBackgrounded2.OnCommit recorded 2 samples, mean = 0.0 (flags = 0x1)
0  --O                                                                       (2 = 100.0%)
1  ... 

Histogram: Navigation.IsProcessBackgrounded2.OnDOMContentLoaded recorded 2 samples, mean = 0.0 (flags = 0x1)
0  --O                                                                       (2 = 100.0%)
1  ... 

Histogram: Navigation.IsSameBrowsingInstance recorded 3 samples, mean = 1.0 (flags = 0x1)
0  O                                                                         (0 = 0.0%)
1  ---O                                                                      (3 = 100.0%) {0.0%}
2  O                                                                         (0 = 0.0%) {100.0%}

Histogram: Navigation.IsSameSiteInstance recorded 3 samples, mean = 1.0 (flags = 0x1)
0  O                                                                         (0 = 0.0%)
1  ---O                                                                      (3 = 100.0%) {0.0%}
2  O                                                                         (0 = 0.0%) {100.0%}

Histogram: Navigation.IsSameSiteInstance.MainFrame recorded 3 samples, mean = 1.0 (flags = 0x1)
0  O                                                                         (0 = 0.0%)
1  ---O                                                                      (3 = 100.0%) {0.0%}
2  O                                                                         (0 = 0.0%) {100.0%}

Histogram: Navigation.LoaderCreateToRequestStart.MainFrame recorded 3 samples, mean = 0.0 (flags = 0x1)
0  ---O                                                                      (3 = 100.0%)
1  ... 

Histogram: Navigation.MainFrame.FrameCount recorded 3 samples, mean = 1.0 (flags = 0x1)
0  O                                                                         (0 = 0.0%)
1  ---O                                                                      (3 = 100.0%) {0.0%}
2  ... 

Histogram: Navigation.MainFrame.MaxFrameCount recorded 3 samples, mean = 1.0 (flags = 0x1)
0  O                                                                         (0 = 0.0%)
1  ---O                                                                      (3 = 100.0%) {0.0%}
2  ... 

Histogram: Navigation.MainFrame.NewNavigation.IgnoreRestore.IsHTTPOrHTTPS.BeginNavigationToLoaderStart.Time2 recorded 2 samples, mean = 0.0 (flags = 0x1)
0  --O                                                                       (2 = 100.0%)
1  ... 

Histogram: Navigation.MainFrame.NewNavigation.IgnoreRestore.IsHTTPOrHTTPS.FetchStart.Time2 recorded 2 samples, mean = 3.5 (flags = 0x1)
0  ... 
3  -O                                                                        (1 = 50.0%) {0.0%}
4  -O                                                                        (1 = 50.0%) {50.0%}
5  ... 

Histogram: Navigation.MainFrame.NewNavigation.IgnoreRestore.IsHTTPOrHTTPS.LoaderStartToFetchStart.Time2 recorded 2 samples, mean = 2.0 (flags = 0x1)
0  ... 
2  --O                                                                       (2 = 100.0%) {0.0%}
3  ... 

Histogram: Navigation.MainFrame.NewNavigation.IgnoreRestore.IsHTTPOrHTTPS.LoaderStartToReceiveResponse.Time2 recorded 2 samples, mean = 8.5 (flags = 0x1)
0   ... 
7   -O                                                                        (1 = 50.0%) {0.0%}
8   O                                                                         (0 = 0.0%) {50.0%}
10  -O                                                                        (1 = 50.0%) {50.0%}
12  ... 

Histogram: Navigation.MainFrame.NewNavigation.IgnoreRestore.IsHTTPOrHTTPS.NavigationStartToBeginNavigation.Time2 recorded 2 samples, mean = 2.0 (flags = 0x1)
0  ... 
2  --O                                                                       (2 = 100.0%) {0.0%}
3  ... 

Histogram: Navigation.MainFrame.NewNavigation.IgnoreRestore.IsHTTPOrHTTPS.ReceiveHeaders.Time2 recorded 2 samples, mean = 2.0 (flags = 0x1)
0  O                                                                         (0 = 0.0%)
1  -O                                                                        (1 = 50.0%) {0.0%}
2  O                                                                         (0 = 0.0%) {50.0%}
3  -O                                                                        (1 = 50.0%) {50.0%}
4  ... 

Histogram: Navigation.MainFrame.NewNavigation.IgnoreRestore.IsHTTPOrHTTPS.ReceiveHeadersToReceiveResponse.Time2 recorded 2 samples, mean = 0.0 (flags = 0x1)
0  --O                                                                       (2 = 100.0%)
1  ... 

Histogram: Navigation.MainFrame.NewNavigation.IgnoreRestore.IsHTTPOrHTTPS.ReceiveResponseToCommitNavigation.Time2 recorded 2 samples, mean = 0.5 (flags = 0x1)
0  -O                                                                        (1 = 50.0%)
1  -O                                                                        (1 = 50.0%) {50.0%}
2  ... 

Histogram: Navigation.NotFromAd.WastedSpeculativeRFHCase recorded 6 samples, mean = 0.5 (flags = 0x1)
0  ---O                                                                      (3 = 50.0%)
1  ---O                                                                      (3 = 50.0%) {50.0%}
2  ... 

Histogram: Navigation.OriginAgentCluster.Result recorded 3 samples, mean = 8.7 (flags = 0x1)
0  ... 
8  -O                                                                        (1 = 33.3%) {0.0%}
9  --O                                                                       (2 = 66.7%) {33.3%}
10 O                                                                         (0 = 0.0%) {100.0%}

Histogram: Navigation.ProcessNavigationThrottlesTime.WillStartRequest.MainFrame recorded 3 samples, mean = 0.0 (flags = 0x1)
0  ---O                                                                      (3 = 100.0%)
1  ... 

Histogram: Navigation.QueueTime.OnReceiveResponse.MainFrame recorded 3 samples, mean = 0.0 (flags = 0x1)
0  ---O                                                                      (3 = 100.0%)
1  ... 

Histogram: Navigation.ReadyToCommitUntilCommit2 recorded 3 samples, mean = 40.0 (flags = 0x1)
0   ... 
32  -O                                                                        (1 = 33.3%) {0.0%}
41  --O                                                                       (2 = 66.7%) {33.3%}
52  ... 

Histogram: Navigation.ReadyToCommitUntilCommit2.ForegroundProcessPriority recorded 3 samples, mean = 40.0 (flags = 0x1)
0   ... 
32  -O                                                                        (1 = 33.3%) {0.0%}
41  --O                                                                       (2 = 66.7%) {33.3%}
52  ... 

Histogram: Navigation.ReadyToCommitUntilCommit2.NewNavigation recorded 3 samples, mean = 40.0 (flags = 0x1)
0   ... 
32  -O                                                                        (1 = 33.3%) {0.0%}
41  --O                                                                       (2 = 66.7%) {33.3%}
52  ... 

Histogram: Navigation.RegisterNavigationThrottlesTime.MainFrame recorded 3 samples, mean = 0.0 (flags = 0x1)
0  ---O                                                                      (3 = 100.0%)
1  ... 

Histogram: Navigation.RenderFrameHostConstructor recorded 3 samples, mean = 0.0 (flags = 0x1)
0  ---O                                                                      (3 = 100.0%)
1  ... 

Histogram: Navigation.RenderFrameHostDestructor recorded 3 samples, mean = 0.0 (flags = 0x1)
0  ---O                                                                      (3 = 100.0%)
1  ... 

Histogram: Navigation.RenderViewHostConstructor recorded 3 samples, mean = 0.0 (flags = 0x1)
0  ---O                                                                      (3 = 100.0%)
1  ... 

Histogram: Navigation.RenderViewHostDestructor recorded 3 samples, mean = 0.0 (flags = 0x1)
0  ---O                                                                      (3 = 100.0%)
1  ... 

Histogram: Navigation.RenderWidgetHostConstructor recorded 3 samples, mean = 0.0 (flags = 0x1)
0  ---O                                                                      (3 = 100.0%)
1  ... 

Histogram: Navigation.RenderWidgetHostDestructor recorded 3 samples, mean = 0.0 (flags = 0x1)
0  ---O                                                                      (3 = 100.0%)
1  ... 

Histogram: Navigation.RendererDidNavigateTime.MainFrame recorded 3 samples, mean = 0.0 (flags = 0x1)
0  ---O                                                                      (3 = 100.0%)
1  ... 

Histogram: Navigation.RequiresDedicatedProcess recorded 3 samples, mean = 1.0 (flags = 0x1)
0  O                                                                         (0 = 0.0%)
1  ---O                                                                      (3 = 100.0%) {0.0%}
2  O                                                                         (0 = 0.0%) {100.0%}

Histogram: Navigation.RequiresDedicatedProcess.HTTPOrHTTPS recorded 2 samples, mean = 1.0 (flags = 0x1)
0  O                                                                         (0 = 0.0%)
1  --O                                                                       (2 = 100.0%) {0.0%}
2  O                                                                         (0 = 0.0%) {100.0%}

Histogram: Navigation.ResetChildren recorded 9 samples, mean = 0.0 (flags = 0x1)
0  ---------O                                                                (9 = 100.0%)
1  ... 

Histogram: Navigation.SendCommitNavigationTime.MainFrame recorded 3 samples, mean = 0.0 (flags = 0x1)
0  ---O                                                                      (3 = 100.0%)
1  ... 

Histogram: Navigation.StartAdjustment.AllFrames recorded 3 samples, mean = 0.0 (flags = 0x1)
0  ---O                                                                      (3 = 100.0%)
1  ... 

Histogram: Navigation.StartAdjustment.MainFrameOnly recorded 3 samples, mean = 0.0 (flags = 0x1)
0  ---O                                                                      (3 = 100.0%)
1  ... 

Histogram: Navigation.StartToCommit recorded 3 samples, mean = 50.0 (flags = 0x1)
0   ... 
41  --O                                                                       (2 = 66.7%) {0.0%}
52  -O                                                                        (1 = 33.3%) {66.7%}
66  ... 

Histogram: Navigation.StartToCommit.ForegroundProcessPriority recorded 3 samples, mean = 50.0 (flags = 0x1)
0   ... 
41  --O                                                                       (2 = 66.7%) {0.0%}
52  -O                                                                        (1 = 33.3%) {66.7%}
66  ... 

Histogram: Navigation.StartToCommit.MainFrame recorded 3 samples, mean = 50.0 (flags = 0x1)
0   ... 
41  --O                                                                       (2 = 66.7%) {0.0%}
52  -O                                                                        (1 = 33.3%) {66.7%}
66  ... 

Histogram: Navigation.StartToCommit.MainFrame.ForegroundProcessPriority recorded 3 samples, mean = 50.0 (flags = 0x1)
0   ... 
41  --O                                                                       (2 = 66.7%) {0.0%}
52  -O                                                                        (1 = 33.3%) {66.7%}
66  ... 

Histogram: Navigation.StartToCommit.MainFrame.NewNavigation recorded 3 samples, mean = 50.0 (flags = 0x1)
0   ... 
41  --O                                                                       (2 = 66.7%) {0.0%}
52  -O                                                                        (1 = 33.3%) {66.7%}
66  ... 

Histogram: Navigation.StartToCommit.NewNavigation recorded 3 samples, mean = 50.0 (flags = 0x1)
0   ... 
41  --O                                                                       (2 = 66.7%) {0.0%}
52  -O                                                                        (1 = 33.3%) {66.7%}
66  ... 

Histogram: Navigation.StartToCommit.SameProcess recorded 3 samples, mean = 50.0 (flags = 0x1)
0   ... 
41  --O                                                                       (2 = 66.7%) {0.0%}
52  -O                                                                        (1 = 33.3%) {66.7%}
66  ... 

Histogram: Navigation.StartToCommit.SameProcess.ForegroundProcessPriority recorded 3 samples, mean = 50.0 (flags = 0x1)
0   ... 
41  --O                                                                       (2 = 66.7%) {0.0%}
52  -O                                                                        (1 = 33.3%) {66.7%}
66  ... 

Histogram: Navigation.StartToCommit.SameProcess.MainFrame recorded 3 samples, mean = 50.0 (flags = 0x1)
0   ... 
41  --O                                                                       (2 = 66.7%) {0.0%}
52  -O                                                                        (1 = 33.3%) {66.7%}
66  ... 

Histogram: Navigation.StartToCommit.SameProcess.MainFrame.ForegroundProcessPriority recorded 3 samples, mean = 50.0 (flags = 0x1)
0   ... 
41  --O                                                                       (2 = 66.7%) {0.0%}
52  -O                                                                        (1 = 33.3%) {66.7%}
66  ... 

Histogram: Navigation.StartToCommit.SameProcess.MainFrame.NewNavigation recorded 3 samples, mean = 50.0 (flags = 0x1)
0   ... 
41  --O                                                                       (2 = 66.7%) {0.0%}
52  -O                                                                        (1 = 33.3%) {66.7%}
66  ... 

Histogram: Navigation.StartToCommit.SameProcess.NewNavigation recorded 3 samples, mean = 50.0 (flags = 0x1)
0   ... 
41  --O                                                                       (2 = 66.7%) {0.0%}
52  -O                                                                        (1 = 33.3%) {66.7%}
66  ... 

Histogram: Navigation.SuddenTerminationDisabler.AllOrigins recorded 3 samples, mean = 13.0 (flags = 0x1)
0   ... 
13  ---O                                                                      (3 = 100.0%) {0.0%}
14  ... 

Histogram: Navigation.SuddenTerminationDisabler.SameOrigin recorded 3 samples, mean = 13.0 (flags = 0x1)
0   ... 
13  ---O                                                                      (3 = 100.0%) {0.0%}
14  ... 

Histogram: Navigation.ThrottleCount recorded 3 samples, mean = 9.0 (flags = 0x1)
0  ... 
9  ---O                                                                      (3 = 100.0%) {0.0%}
10 ... 

Histogram: Navigation.ThrottleEventDurationTime.WillProcessResponse recorded 3 samples, mean = 0.0 (flags = 0x1)
0  ---O                                                                      (3 = 100.0%)
1  ... 

Histogram: Navigation.ThrottleEventDurationTime.WillStartRequest recorded 3 samples, mean = 0.0 (flags = 0x1)
0  ---O                                                                      (3 = 100.0%)
1  ... 

Histogram: Navigation.ThrottleEventExecutionTime.WillProcessResponse recorded 3 samples, mean = 0.0 (flags = 0x1)
0  ---O                                                                      (3 = 100.0%)
1  ... 

Histogram: Navigation.ThrottleEventExecutionTime.WillStartRequest recorded 3 samples, mean = 0.0 (flags = 0x1)
0  ---O                                                                      (3 = 100.0%)
1  ... 

Histogram: Navigation.ThrottleExecutionTime.WillProcessResponse recorded 27 samples, mean = 0.0 (flags = 0x1)
0  ---------------------------O                                              (27 = 100.0%)
1  ... 

Histogram: Navigation.ThrottleExecutionTime.WillStartRequest recorded 27 samples, mean = 0.0 (flags = 0x1)
0  ---------------------------O                                              (27 = 100.0%)
1  ... 

Histogram: Navigation.ThrottleTotalDeferCount recorded 3 samples, mean = 0.0 (flags = 0x1)
0  ---O                                                                      (3 = 100.0%)
1  ... 

Histogram: Navigation.ThrottleTotalDeferCount.Request recorded 3 samples, mean = 0.0 (flags = 0x1)
0  ---O                                                                      (3 = 100.0%)
1  ... 

Histogram: Navigation.ThrottleTotalDeferTime recorded 3 samples, mean = 0.0 (flags = 0x1)
0  ---O                                                                      (3 = 100.0%)
1  ... 

Histogram: Navigation.ThrottleTotalDeferTime.Request recorded 3 samples, mean = 0.0 (flags = 0x1)
0  ---O                                                                      (3 = 100.0%)
1  ... 

Histogram: Navigation.TimeToReadyToCommit2 recorded 3 samples, mean = 9.3 (flags = 0x1)
0   ... 
6   -O                                                                        (1 = 33.3%) {0.0%}
8   -O                                                                        (1 = 33.3%) {33.3%}
10  O                                                                         (0 = 0.0%) {66.7%}
13  -O                                                                        (1 = 33.3%) {66.7%}
16  ... 

Histogram: Navigation.TimeToReadyToCommit2.MainFrame recorded 3 samples, mean = 9.3 (flags = 0x1)
0   ... 
6   -O                                                                        (1 = 33.3%) {0.0%}
8   -O                                                                        (1 = 33.3%) {33.3%}
10  O                                                                         (0 = 0.0%) {66.7%}
13  -O                                                                        (1 = 33.3%) {66.7%}
16  ... 

Histogram: Navigation.TimeToReadyToCommit2.MainFrame.NewNavigation recorded 3 samples, mean = 9.3 (flags = 0x1)
0   ... 
6   -O                                                                        (1 = 33.3%) {0.0%}
8   -O                                                                        (1 = 33.3%) {33.3%}
10  O                                                                         (0 = 0.0%) {66.7%}
13  -O                                                                        (1 = 33.3%) {66.7%}
16  ... 

Histogram: Navigation.TimeToReadyToCommit2.NewNavigation recorded 3 samples, mean = 9.3 (flags = 0x1)
0   ... 
6   -O                                                                        (1 = 33.3%) {0.0%}
8   -O                                                                        (1 = 33.3%) {33.3%}
10  O                                                                         (0 = 0.0%) {66.7%}
13  -O                                                                        (1 = 33.3%) {66.7%}
16  ... 

Histogram: Navigation.TimeToReadyToCommit2.SameProcess recorded 3 samples, mean = 9.3 (flags = 0x1)
0   ... 
6   -O                                                                        (1 = 33.3%) {0.0%}
8   -O                                                                        (1 = 33.3%) {33.3%}
10  O                                                                         (0 = 0.0%) {66.7%}
13  -O                                                                        (1 = 33.3%) {66.7%}
16  ... 

Histogram: Navigation.TimeToReadyToCommit2.SameProcess.NewNavigation recorded 3 samples, mean = 9.3 (flags = 0x1)
0   ... 
6   -O                                                                        (1 = 33.3%) {0.0%}
8   -O                                                                        (1 = 33.3%) {33.3%}
10  O                                                                         (0 = 0.0%) {66.7%}
13  -O                                                                        (1 = 33.3%) {66.7%}
16  ... 

Histogram: Navigation.Timeline.BeginNavigationToLoaderStart.Duration recorded 3 samples, mean = 0.0 (flags = 0x1)
0  ---O                                                                      (3 = 100.0%)
1  ... 

Histogram: Navigation.Timeline.CommitToDidCommit.Duration recorded 3 samples, mean = 38.7 (flags = 0x1)
0   ... 
29  -O                                                                        (1 = 33.3%) {0.0%}
34  O                                                                         (0 = 0.0%) {33.3%}
40  --O                                                                       (2 = 66.7%) {33.3%}
48  ... 

Histogram: Navigation.Timeline.DidCommitToFinish.Duration recorded 3 samples, mean = 0.3 (flags = 0x1)
0  --O                                                                       (2 = 66.7%)
1  -O                                                                        (1 = 33.3%) {66.7%}
2  ... 

Histogram: Navigation.Timeline.FetchStartToReceiveHeaders.Duration recorded 2 samples, mean = 5.5 (flags = 0x1)
0  ... 
4  -O                                                                        (1 = 50.0%) {0.0%}
5  ... 
7  -O                                                                        (1 = 50.0%) {50.0%}
8  ... 

Histogram: Navigation.Timeline.IgnoredCorrectly.Duration recorded 3 samples, mean = 0.0 (flags = 0x1)
0  ---O                                                                      (3 = 100.0%)
1  ... 

Histogram: Navigation.Timeline.IgnoredIncorrectly.Duration recorded 3 samples, mean = 0.0 (flags = 0x1)
0  ---O                                                                      (3 = 100.0%)
1  ... 

Histogram: Navigation.Timeline.IgnoredIncorrectly.MainFrameOnly.Duration recorded 3 samples, mean = 0.0 (flags = 0x1)
0  ---O                                                                      (3 = 100.0%)
1  ... 

Histogram: Navigation.Timeline.IgnoredIncorrectly.MainFrameOnly.Percentage recorded 3 samples, mean = 0.0 (flags = 0x1)
0  ---O                                                                      (3 = 100.0%)
1  ... 

Histogram: Navigation.Timeline.IgnoredIncorrectly.Percentage recorded 3 samples, mean = 0.0 (flags = 0x1)
0  ---O                                                                      (3 = 100.0%)
1  ... 

Histogram: Navigation.Timeline.LoaderStartToFetchStart.Duration recorded 3 samples, mean = 1.3 (flags = 0x1)
0  -O                                                                        (1 = 33.3%)
1  O                                                                         (0 = 0.0%) {33.3%}
2  --O                                                                       (2 = 66.7%) {33.3%}
3  ... 

Histogram: Navigation.Timeline.LoaderStartToReceiveResponse.Duration recorded 3 samples, mean = 6.0 (flags = 0x1)
0   O                                                                         (0 = 0.0%)
1   -O                                                                        (1 = 33.3%) {0.0%}
2   ... 
7   -O                                                                        (1 = 33.3%) {33.3%}
8   O                                                                         (0 = 0.0%) {66.7%}
10  -O                                                                        (1 = 33.3%) {66.7%}
12  ... 

Histogram: Navigation.Timeline.NavigationRequestToBeginNavigation.Duration recorded 3 samples, mean = 2.7 (flags = 0x1)
0  ... 
2  --O                                                                       (2 = 66.7%) {0.0%}
3  O                                                                         (0 = 0.0%) {66.7%}
4  -O                                                                        (1 = 33.3%) {66.7%}
5  ... 

Histogram: Navigation.Timeline.ReceiveHeadersToReceiveResponse.Duration recorded 2 samples, mean = 0.0 (flags = 0x1)
0  --O                                                                       (2 = 100.0%)
1  ... 

Histogram: Navigation.Timeline.ReceiveResponseToCommit.Duration recorded 3 samples, mean = 0.3 (flags = 0x1)
0  --O                                                                       (2 = 66.7%)
1  -O                                                                        (1 = 33.3%) {66.7%}
2  ... 

Histogram: Navigation.Timeline.RendererCommitToDidCommit.Duration recorded 3 samples, mean = 0.0 (flags = 0x1)
0  ---O                                                                      (3 = 100.0%)
1  ... 

Histogram: Navigation.Timeline.StartToNavigationRequestCreation.Duration recorded 3 samples, mean = 0.0 (flags = 0x1)
0  ---O                                                                      (3 = 100.0%)
1  ... 

Histogram: Navigation.Timeline.Total.Duration recorded 3 samples, mean = 50.3 (flags = 0x1)
0   ... 
40  -O                                                                        (1 = 33.3%) {0.0%}
48  -O                                                                        (1 = 33.3%) {33.3%}
57  -O                                                                        (1 = 33.3%) {66.7%}
68  ... 

Histogram: Navigation.Timeline.TotalExcludingBeforeUnload.Duration recorded 3 samples, mean = 50.3 (flags = 0x1)
0   ... 
40  -O                                                                        (1 = 33.3%) {0.0%}
48  -O                                                                        (1 = 33.3%) {33.3%}
57  -O                                                                        (1 = 33.3%) {66.7%}
68  ... 

Histogram: Navigation.Timeline.TotalExcludingBeforeUnload.MainFrameOnly.Duration recorded 3 samples, mean = 50.3 (flags = 0x1)
0   ... 
40  -O                                                                        (1 = 33.3%) {0.0%}
48  -O                                                                        (1 = 33.3%) {33.3%}
57  -O                                                                        (1 = 33.3%) {66.7%}
68  ... 

Histogram: Navigation.Timeline.TotalExcludingBeforeUnloadDialog.Duration recorded 3 samples, mean = 50.3 (flags = 0x1)
0   ... 
40  -O                                                                        (1 = 33.3%) {0.0%}
48  -O                                                                        (1 = 33.3%) {33.3%}
57  -O                                                                        (1 = 33.3%) {66.7%}
68  ... 

Histogram: Navigation.Timeline.TotalExcludingBeforeUnloadDialog.MainFrameOnly.Duration recorded 3 samples, mean = 50.3 (flags = 0x1)
0   ... 
40  -O                                                                        (1 = 33.3%) {0.0%}
48  -O                                                                        (1 = 33.3%) {33.3%}
57  -O                                                                        (1 = 33.3%) {66.7%}
68  ... 

Histogram: Navigation.URLLoader.HasClientHintsControllerDelegate recorded 3 samples, mean = 0.0 (flags = 0x1)
0  ---O                                                                      (3 = 100.0%)
1  ... 

Histogram: Navigation.URLLoader.InMainPath recorded 3 samples, mean = 0.7 (flags = 0x1)
0  -O                                                                        (1 = 33.3%)
1  --O                                                                       (2 = 66.7%) {33.3%}
2  O                                                                         (0 = 0.0%) {100.0%}

Histogram: Navigation.URLLoader.ParseHeaders.RoundTripTimeForNonNetworkResponse recorded 1 samples, mean = 85.0 (flags = 0x1)
0   ... 
76  -O                                                                        (1 = 100.0%) {0.0%}
105 ... 

Histogram: Navigation.UserAgentStringType recorded 2 samples, mean = 2.0 (flags = 0x1)
0  ... 
2  --O                                                                       (2 = 100.0%) {0.0%}
3  O                                                                         (0 = 0.0%) {100.0%}

Histogram: Navigation.WillStartRequestToLoaderStart.MainFrame recorded 3 samples, mean = 0.0 (flags = 0x1)
0  ---O                                                                      (3 = 100.0%)
1  ... 

Histogram: Net.DNS.DnsConfig.Windows.Compatibility recorded 1 samples, mean = 0.0 (flags = 0x1)
0  -O                                                                        (1 = 100.0%)
1  ... 

Histogram: Net.DNS.DnsConfig.Windows.ReadSystemSettings0 recorded 1 samples, mean = 0.0 (flags = 0x1)
0  -O                                                                        (1 = 100.0%)
1  ... 

Histogram: Net.DNS.DnsHosts.Count recorded 1 samples, mean = 3.0 (flags = 0x1)
0  ... 
3  -O                                                                        (1 = 100.0%) {0.0%}
4  ... 

Histogram: Net.DNS.DnsHosts.EstimateMemoryUsage recorded 1 samples, mean = 314.0 (flags = 0x1)
0  -O                                                                        (1 = 100.0%)
1000... 

Histogram: Net.DNS.DnsHosts.FileSize recorded 1 samples, mean = 1056.0 (flags = 0x1)
0    ... 
737  -O                                                                        (1 = 100.0%) {0.0%}
1065 ... 

Histogram: Net.HttpResponseCode2 recorded 4 samples, mean = 200.0 (flags = 0x1)
0    ... 
200  ----O                                                                     (4 = 100.0%) {0.0%}
201  ... 

Histogram: Net.NetworkChangeNotifier.NewConnectionCost recorded 1 samples, mean = 1.0 (flags = 0x1)
0  O                                                                         (0 = 0.0%)
1  -O                                                                        (1 = 100.0%) {0.0%}
2  ... 

Histogram: Net.URLLoaderThrottle.OnReceiveResponseTime recorded 3 samples, mean = 0.7 (flags = 0x1)
0  -O                                                                        (1 = 33.3%)
1  --O                                                                       (2 = 66.7%) {33.3%}
2  ... 

Histogram: Net.URLLoaderThrottleExecutionTime.BeforeWillProcessResponse recorded 9 samples, mean = 0.0 (flags = 0x1)
0  ---------O                                                                (9 = 100.0%)
1  ... 

Histogram: Net.URLLoaderThrottleExecutionTime.WillProcessResponse recorded 9 samples, mean = 0.0 (flags = 0x1)
0  ---------O                                                                (9 = 100.0%)
1  ... 

Histogram: Net.URLLoaderThrottleExecutionTime.WillStartRequest recorded 9 samples, mean = 0.0 (flags = 0x1)
0  ---------O                                                                (9 = 100.0%)
1  ... 

Histogram: NetworkService.GrantSandboxResult recorded 3 samples, mean = 4.7 (flags = 0x1)
0  -O                                                                        (1 = 33.3%)
1  ... 
7  --O                                                                       (2 = 66.7%) {33.3%}
8  ... 

Histogram: NetworkService.TimeToGrantCacheAccess recorded 1 samples, mean = 183.0 (flags = 0x1)
0    ... 
160  -O                                                                        (1 = 100.0%) {0.0%}
190  ... 

Histogram: NetworkService.TimeToGrantDataAccess recorded 1 samples, mean = 0.0 (flags = 0x1)
0  -O                                                                        (1 = 100.0%)
1  ... 

Histogram: NetworkService.TimeToGrantSharedDictionaryAccess recorded 1 samples, mean = 1.0 (flags = 0x1)
0  O                                                                         (0 = 0.0%)
1  -O                                                                        (1 = 100.0%) {0.0%}
2  ... 

Histogram: NetworkService.TimeToMigrateData recorded 1 samples, mean = 0.0 (flags = 0x1)
0  -O                                                                        (1 = 100.0%)
1  ... 

Histogram: OSCrypt.Win.Encrypt.Result recorded 1 samples, mean = 1.0 (flags = 0x1)
0  O                                                                         (0 = 0.0%)
1  -O                                                                        (1 = 100.0%) {0.0%}
2  O                                                                         (0 = 0.0%) {100.0%}

Histogram: OSCrypt.Win.Encrypt.Time recorded 1 samples, mean = 0.0 (flags = 0x1)
0  -O                                                                        (1 = 100.0%)
1  ... 

Histogram: Power.DarkMode.DarkColorScheme.InferredDarkPageColorScheme recorded 2 samples, mean = 1.0 (flags = 0x1)
0  O                                                                         (0 = 0.0%)
1  --O                                                                       (2 = 100.0%) {0.0%}
2  O                                                                         (0 = 0.0%) {100.0%}

Histogram: Power.DarkMode.InferredDarkPageColorScheme recorded 2 samples, mean = 1.0 (flags = 0x1)
0  O                                                                         (0 = 0.0%)
1  --O                                                                       (2 = 100.0%) {0.0%}
2  O                                                                         (0 = 0.0%) {100.0%}

Histogram: Prefs.JSonStore.SetValueKey recorded 11 samples (flags = 0x1)
435583371   ---O                                                                      (3 = 27.3%)
615214499   --O                                                                       (2 = 18.2%)
987246806   ---O                                                                      (3 = 27.3%)
1333612670  -O                                                                        (1 = 9.1%)
1535918026  -O                                                                        (1 = 9.1%)
2022894957  -O                                                                        (1 = 9.1%)

Histogram: Prerender.Experimental.PrerenderProcessReuseAvailability recorded 3 samples, mean = 3.0 (flags = 0x1)
0  ... 
3  ---O                                                                      (3 = 100.0%) {0.0%}
4  O                                                                         (0 = 0.0%) {100.0%}

Histogram: Privacy.DIPS.BtmBounceDetector.AllAccessesMatched recorded 3 samples, mean = 1.0 (flags = 0x1)
0  O                                                                         (0 = 0.0%)
1  ---O                                                                      (3 = 100.0%) {0.0%}
2  O                                                                         (0 = 0.0%) {100.0%}

Histogram: Privacy.DIPS.ClearedSitesCount.Block3PC recorded 1 samples, mean = 0.0 (flags = 0x1)
0  -O                                                                        (1 = 100.0%)
1  ... 

Histogram: Privacy.DIPS.ClearedSitesCount.OffTheRecord_Block3PC recorded 2 samples, mean = 0.0 (flags = 0x1)
0  --O                                                                       (2 = 100.0%)
1  ... 

Histogram: Privacy.DIPS.Database.Operation.GetSitesThatBouncedTime recorded 3 samples, mean = 0.0 (flags = 0x1)
0  ---O                                                                      (3 = 100.0%)
1  ... 

Histogram: Privacy.DIPS.Database.Operation.InitTime recorded 3 samples, mean = 1.3 (flags = 0x1)
0  --O                                                                       (2 = 66.7%)
1  ... 
4  -O                                                                        (1 = 33.3%) {66.7%}
5  ... 

Histogram: Privacy.DIPS.DatabaseEntryCount recorded 3 samples, mean = 0.0 (flags = 0x1)
0  ---O                                                                      (3 = 100.0%)
1  ... 

Histogram: Privacy.DIPS.DatabaseHealthMetricsTime recorded 3 samples, mean = 0.0 (flags = 0x1)
0  ---O                                                                      (3 = 100.0%)
1  ... 

Histogram: Privacy.DIPS.DatabaseInit recorded 3 samples, mean = 1.0 (flags = 0x1)
0  O                                                                         (0 = 0.0%)
1  ---O                                                                      (3 = 100.0%) {0.0%}
2  ... 

Histogram: Privacy.DIPS.DatabaseSize recorded 1 samples, mean = 4.0 (flags = 0x1)
0  -O                                                                        (1 = 100.0%)
1000... 

Histogram: Process.Sandbox.StartSandboxedWin.CreatePolicyDuration recorded 6 samples, mean = 3.5 (flags = 0x1)
0  ------O                                                                   (6 = 100.0%)
5  ... 

Histogram: Process.Sandbox.StartSandboxedWin.GeneratePolicyDuration recorded 6 samples, mean = 163.5 (flags = 0x1)
0    O                                                                         (0 = 0.0%)
5    -O                                                                        (1 = 16.7%) {0.0%}
6    -O                                                                        (1 = 16.7%) {16.7%}
7    ... 
111  -O                                                                        (1 = 16.7%) {33.3%}
136  -O                                                                        (1 = 16.7%) {50.0%}
167  ... 
252  -O                                                                        (1 = 16.7%) {66.7%}
310  O                                                                         (0 = 0.0%) {83.3%}
381  -O                                                                        (1 = 16.7%) {83.3%}
468  ... 

Histogram: Process.Sandbox.StartSandboxedWin.PostSpawnTargetDuration recorded 6 samples, mean = 6.0 (flags = 0x1)
0   ---O                                                                      (3 = 50.0%)
5   O                                                                         (0 = 0.0%) {50.0%}
6   --O                                                                       (2 = 33.3%) {50.0%}
7   ... 
11  -O                                                                        (1 = 16.7%) {83.3%}
14  ... 

Histogram: Process.Sandbox.StartSandboxedWin.SpawnTargetDuration recorded 6 samples, mean = 14486.5 (flags = 0x1)
0      ... 
10338  ---O                                                                      (3 = 50.0%) {0.0%}
12707  --O                                                                       (2 = 33.3%) {50.0%}
15618  O                                                                         (0 = 0.0%) {83.3%}
19197  -O                                                                        (1 = 16.7%) {83.3%}
23596  ... 

Histogram: Process.Sandbox.StartSandboxedWin.TotalDuration recorded 6 samples, mean = 14659.5 (flags = 0x1)
0      ... 
10338  ---O                                                                      (3 = 50.0%) {0.0%}
12707  --O                                                                       (2 = 33.3%) {50.0%}
15618  O                                                                         (0 = 0.0%) {83.3%}
19197  -O                                                                        (1 = 16.7%) {83.3%}
23596  ... 

Histogram: Quota.DaysSinceLastAccessed recorded 4 samples, mean = 0.0 (flags = 0x1)
0  ----O                                                                     (4 = 100.0%)
1  ... 

Histogram: RenderTextHarfBuzz.MissingGlyphCount recorded 12 samples, mean = 0.0 (flags = 0x1)
0  ------------O                                                             (12 = 100.0%)
1  ... 

Histogram: RenderTextHarfBuzz.ShapeRunsFallback recorded 12 samples, mean = 1.0 (flags = 0x1)
0  O                                                                         (0 = 0.0%)
1  ------------O                                                             (12 = 100.0%) {0.0%}
2  ... 

Histogram: Scheduling.MessagePumpTimeKeeper.BrowserIO recorded 0 samples (flags = 0x1)
0 ... 

Histogram: Scheduling.MessagePumpTimeKeeper.BrowserUI recorded 844 samples, mean = 5.0 (flags = 0x1)
0  ... 
5  ------------------------------------------------------------------------O (844 = 100.0%) {0.0%}
6  ... 

Histogram: Scheduling.ThreadController.ActiveIntervalDuration.Any.BrowserIO recorded 4 samples, mean = 0.0 (flags = 0x1)
0  ----O                                                                     (4 = 100.0%)
1  ... 

Histogram: Scheduling.ThreadController.ActiveIntervalDuration.Any.Other recorded 4 samples, mean = 0.0 (flags = 0x1)
0  ----O                                                                     (4 = 100.0%)
1  ... 

Histogram: Scheduling.ThreadController.ActiveIntervalDuration.Short.BrowserIO recorded 4 samples, mean = 19.2 (flags = 0x1)
0   ... 
12  -O                                                                        (1 = 25.0%) {0.0%}
13  -O                                                                        (1 = 25.0%) {25.0%}
14  ... 
25  -O                                                                        (1 = 25.0%) {50.0%}
26  O                                                                         (0 = 0.0%) {75.0%}
27  -O                                                                        (1 = 25.0%) {75.0%}
28  ... 

Histogram: Scheduling.ThreadController.ActiveIntervalDuration.Short.Other recorded 4 samples, mean = 91.2 (flags = 0x1)
0    ... 
17   -O                                                                        (1 = 25.0%) {0.0%}
18   ... 
33   -O                                                                        (1 = 25.0%) {25.0%}
35   ... 
45   -O                                                                        (1 = 25.0%) {50.0%}
47   ... 
258  -O                                                                        (1 = 25.0%) {75.0%}
271  ... 

Histogram: Scheduling.ThreadController.ActiveIntervalOffCpuDuration.Any.BrowserIO recorded 4 samples, mean = 0.0 (flags = 0x1)
0  ----O                                                                     (4 = 100.0%)
1  ... 

Histogram: Scheduling.ThreadController.ActiveIntervalOffCpuDuration.Any.Other recorded 4 samples, mean = 0.0 (flags = 0x1)
0  ----O                                                                     (4 = 100.0%)
1  ... 

Histogram: Scheduling.ThreadController.ActiveIntervalOffCpuDuration.Short.BrowserIO recorded 4 samples, mean = 1.2 (flags = 0x1)
0  -O                                                                        (1 = 25.0%)
1  -O                                                                        (1 = 25.0%) {25.0%}
2  --O                                                                       (2 = 50.0%) {50.0%}
3  ... 

Histogram: Scheduling.ThreadController.ActiveIntervalOffCpuDuration.Short.Other recorded 4 samples, mean = 4.8 (flags = 0x1)
0   -O                                                                        (1 = 25.0%)
1   --O                                                                       (2 = 50.0%) {25.0%}
2   ... 
17  -O                                                                        (1 = 25.0%) {75.0%}
18  ... 

Histogram: Scheduling.ThreadController.ActiveIntervalOnCpuDuration.Any.BrowserIO recorded 4 samples, mean = 0.0 (flags = 0x1)
0  ----O                                                                     (4 = 100.0%)
1  ... 

Histogram: Scheduling.ThreadController.ActiveIntervalOnCpuDuration.Any.Other recorded 4 samples, mean = 0.0 (flags = 0x1)
0  ----O                                                                     (4 = 100.0%)
1  ... 

Histogram: Scheduling.ThreadController.ActiveIntervalOnCpuDuration.Short.BrowserIO recorded 4 samples, mean = 18.0 (flags = 0x1)
0   ... 
11  --O                                                                       (2 = 50.0%) {0.0%}
12  ... 
23  -O                                                                        (1 = 25.0%) {50.0%}
24  ... 
27  -O                                                                        (1 = 25.0%) {75.0%}
28  ... 

Histogram: Scheduling.ThreadController.ActiveIntervalOnCpuDuration.Short.Other recorded 4 samples, mean = 86.5 (flags = 0x1)
0    -O                                                                        (1 = 25.0%)
1    ... 
33   -O                                                                        (1 = 25.0%) {25.0%}
35   ... 
43   -O                                                                        (1 = 25.0%) {50.0%}
45   ... 
258  -O                                                                        (1 = 25.0%) {75.0%}
271  ... 

Histogram: Scheduling.ThreadController.ActiveIntervalOnCpuPercentage.Any.BrowserIO recorded 4 samples, mean = 91.8 (flags = 0x1)
0    ... 
84   -O                                                                        (1 = 25.0%) {0.0%}
85   ... 
91   -O                                                                        (1 = 25.0%) {25.0%}
92   -O                                                                        (1 = 25.0%) {50.0%}
93   ... 
100  -O                                                                        (1 = 25.0%) {75.0%}
101  O                                                                         (0 = 0.0%) {100.0%}

Histogram: Scheduling.ThreadController.ActiveIntervalOnCpuPercentage.Any.Other recorded 4 samples, mean = 74.0 (flags = 0x1)
0    -O                                                                        (1 = 25.0%)
1    ... 
97   -O                                                                        (1 = 25.0%) {25.0%}
98   O                                                                         (0 = 0.0%) {50.0%}
99   -O                                                                        (1 = 25.0%) {50.0%}
100  -O                                                                        (1 = 25.0%) {75.0%}
101  O                                                                         (0 = 0.0%) {100.0%}

Histogram: Scheduling.ThreadController.ActiveIntervalOnCpuPercentage.Short.BrowserIO recorded 4 samples, mean = 91.8 (flags = 0x1)
0    ... 
84   -O                                                                        (1 = 25.0%) {0.0%}
85   ... 
91   -O                                                                        (1 = 25.0%) {25.0%}
92   -O                                                                        (1 = 25.0%) {50.0%}
93   ... 
100  -O                                                                        (1 = 25.0%) {75.0%}
101  O                                                                         (0 = 0.0%) {100.0%}

Histogram: Scheduling.ThreadController.ActiveIntervalOnCpuPercentage.Short.Other recorded 4 samples, mean = 74.0 (flags = 0x1)
0    -O                                                                        (1 = 25.0%)
1    ... 
97   -O                                                                        (1 = 25.0%) {25.0%}
98   O                                                                         (0 = 0.0%) {50.0%}
99   -O                                                                        (1 = 25.0%) {50.0%}
100  -O                                                                        (1 = 25.0%) {75.0%}
101  O                                                                         (0 = 0.0%) {100.0%}

Histogram: Scheduling.ThreadController.IdleDuration.Any.BrowserIO recorded 4 samples, mean = 0.0 (flags = 0x1)
0  ----O                                                                     (4 = 100.0%)
1  ... 

Histogram: Scheduling.ThreadController.IdleDuration.Any.Other recorded 4 samples, mean = 7.0 (flags = 0x1)
0   --O                                                                       (2 = 50.0%)
1   ... 
8   -O                                                                        (1 = 25.0%) {50.0%}
10  ... 
20  -O                                                                        (1 = 25.0%) {75.0%}
24  ... 

Histogram: Scheduling.ThreadController.IdleDuration.Medium.Other recorded 2 samples, mean = 14.0 (flags = 0x1)
0   ... 
8   -O                                                                        (1 = 50.0%) {0.0%}
9   ... 
20  -O                                                                        (1 = 50.0%) {50.0%}
21  ... 

Histogram: Scheduling.ThreadController.IdleDuration.Short.BrowserIO recorded 4 samples, mean = 213.2 (flags = 0x1)
0    ... 
16   -O                                                                        (1 = 25.0%) {0.0%}
17   ... 
142  -O                                                                        (1 = 25.0%) {25.0%}
149  ... 
315  -O                                                                        (1 = 25.0%) {50.0%}
331  ... 
366  -O                                                                        (1 = 25.0%) {75.0%}
385  ... 

Histogram: Scheduling.ThreadController.IdleDuration.Short.Other recorded 2 samples, mean = 274.0 (flags = 0x1)
0    ... 
211  -O                                                                        (1 = 50.0%) {0.0%}
222  ... 
331  -O                                                                        (1 = 50.0%) {50.0%}
348  ... 

Histogram: ServiceWorker.RegisteredStorageKeyCount recorded 3 samples, mean = 0.0 (flags = 0x1)
0  ---O                                                                      (3 = 100.0%)
1  ... 

Histogram: ServiceWorker.SkipCallingFindRegistrationForClientUrl recorded 2 samples, mean = 1.0 (flags = 0x1)
0  O                                                                         (0 = 0.0%)
1  --O                                                                       (2 = 100.0%) {0.0%}
2  O                                                                         (0 = 0.0%) {100.0%}

Histogram: ServiceWorker.Storage.ReadInitialDataFromDB.Time recorded 3 samples, mean = 0.0 (flags = 0x1)
0  ---O                                                                      (3 = 100.0%)
1  ... 

Histogram: ServiceWorker.Storage.RegisteredStorageKeyCacheInitialization.Time2 recorded 3 samples, mean = 12.3 (flags = 0x1)
0   ... 
5   --O                                                                       (2 = 66.7%) {0.0%}
6   ... 
25  -O                                                                        (1 = 33.3%) {66.7%}
32  ... 

Histogram: SimpleCache.Code.CacheSizeOnInit2 recorded 1 samples, mean = 0.0 (flags = 0x1)
0  -O                                                                        (1 = 100.0%)
1  ... 

Histogram: SimpleCache.Code.ConsistencyResult2 recorded 1 samples, mean = 12.0 (flags = 0x1)
0   ... 
12  -O                                                                        (1 = 100.0%) {0.0%}
13  ... 

Histogram: SimpleCache.Code.CreationToIndex recorded 1 samples, mean = 185.0 (flags = 0x1)
0    ... 
160  -O                                                                        (1 = 100.0%) {0.0%}
190  ... 

Histogram: SimpleCache.Code.IndexCreatedEntryCount recorded 1 samples, mean = 0.0 (flags = 0x1)
0  -O                                                                        (1 = 100.0%)
1  ... 

Histogram: SimpleCache.Code.IndexInitializeMethod recorded 1 samples, mean = 2.0 (flags = 0x1)
0  ... 
2  -O                                                                        (1 = 100.0%) {0.0%}
3  O                                                                         (0 = 0.0%) {100.0%}

Histogram: SimpleCache.Code.IndexNumEntriesOnInit2 recorded 1 samples, mean = 0.0 (flags = 0x1)
0  -O                                                                        (1 = 100.0%)
1  ... 

Histogram: SimpleCache.Code.IndexRestoreTime recorded 1 samples, mean = 0.0 (flags = 0x1)
0  -O                                                                        (1 = 100.0%)
10 ... 

Histogram: SimpleCache.Code.IndexWriteResult recorded 1 samples, mean = 0.0 (flags = 0x1)
0  -O                                                                        (1 = 100.0%)
1  ... 

Histogram: SimpleCache.Code.MaxCacheSizeOnInit2 recorded 1 samples, mean = 320.0 (flags = 0x1)
0    ... 
316  -O                                                                        (1 = 100.0%) {0.0%}
338  ... 

Histogram: SiteIsolation.BrowsingInstance.MaxCountPerProcess recorded 3 samples, mean = 1.0 (flags = 0x1)
0  O                                                                         (0 = 0.0%)
1  ---O                                                                      (3 = 100.0%) {0.0%}
2  ... 

Histogram: SiteIsolation.CreateOpenerProxiesTime recorded 3 samples, mean = 0.3 (flags = 0x1)
0  --O                                                                       (2 = 66.7%)
1  -O                                                                        (1 = 33.3%) {66.7%}
2  ... 

Histogram: SiteIsolation.IsSitePerProcessOrStricter recorded 1 samples, mean = 1.0 (flags = 0x1)
0  O                                                                         (0 = 0.0%)
1  -O                                                                        (1 = 100.0%) {0.0%}
2  O                                                                         (0 = 0.0%) {100.0%}

Histogram: SiteIsolation.MainFrameProcessReuse.BlockReason2 recorded 3 samples, mean = 5.0 (flags = 0x1)
0  ... 
5  ---O                                                                      (3 = 100.0%) {0.0%}
6  ... 

Histogram: SpellCheck.CheckedWords recorded 3 samples, mean = 0.0 (flags = 0x1)
0  ---O                                                                      (3 = 100.0%)
1  ... 

Histogram: SpellCheck.Enabled2 recorded 3 samples, mean = 1.0 (flags = 0x1)
0  O                                                                         (0 = 0.0%)
1  ---O                                                                      (3 = 100.0%) {0.0%}
2  O                                                                         (0 = 0.0%) {100.0%}

Histogram: SpellCheck.MisspelledWords recorded 3 samples, mean = 0.0 (flags = 0x1)
0  ---O                                                                      (3 = 100.0%)
1  ... 

Histogram: SpellCheck.ReplacedWords recorded 3 samples, mean = 0.0 (flags = 0x1)
0  ---O                                                                      (3 = 100.0%)
1  ... 

Histogram: SpellCheck.ShownSuggestions recorded 3 samples, mean = 0.0 (flags = 0x1)
0  ---O                                                                      (3 = 100.0%)
1  ... 

Histogram: SpellCheck.SpellingService.Enabled2 recorded 3 samples, mean = 0.0 (flags = 0x1)
0  ---O                                                                      (3 = 100.0%)
1  ... 

Histogram: Spellcheck.Windows.ChromeLocalesSupport2.Both recorded 3 samples, mean = 2.0 (flags = 0x1)
0  ... 
2  ---O                                                                      (3 = 100.0%) {0.0%}
3  ... 

Histogram: Spellcheck.Windows.ChromeLocalesSupport2.HunspellOnly recorded 3 samples, mean = 2.0 (flags = 0x1)
0  ... 
2  ---O                                                                      (3 = 100.0%) {0.0%}
3  ... 

Histogram: Spellcheck.Windows.ChromeLocalesSupport2.NativeOnly recorded 3 samples, mean = 0.0 (flags = 0x1)
0  ---O                                                                      (3 = 100.0%)
1  ... 

Histogram: Spellcheck.Windows.ChromeLocalesSupport2.NoSupport recorded 3 samples, mean = 0.0 (flags = 0x1)
0  ---O                                                                      (3 = 100.0%)
1  ... 

Histogram: Spellcheck.Windows.SpellcheckLocalesSupport2.Both recorded 3 samples, mean = 1.0 (flags = 0x1)
0  O                                                                         (0 = 0.0%)
1  ---O                                                                      (3 = 100.0%) {0.0%}
2  ... 

Histogram: Spellcheck.Windows.SpellcheckLocalesSupport2.HunspellOnly recorded 3 samples, mean = 0.0 (flags = 0x1)
0  ---O                                                                      (3 = 100.0%)
1  ... 

Histogram: Spellcheck.Windows.SpellcheckLocalesSupport2.NativeOnly recorded 3 samples, mean = 0.0 (flags = 0x1)
0  ---O                                                                      (3 = 100.0%)
1  ... 

Histogram: Sql.Database.DatabaseOpenTime.DIPS recorded 1 samples, mean = 2225.0 (flags = 0x1)
0     ... 
2184  -O                                                                        (1 = 100.0%) {0.0%}
2597  ... 

Histogram: Sql.Database.Success.OpenInternalTime.DIPS recorded 3 samples, mean = 806.3 (flags = 0x1)
0     ... 
68    -O                                                                        (1 = 33.3%) {0.0%}
81    ... 
114   -O                                                                        (1 = 33.3%) {33.3%}
136   ... 
2184  -O                                                                        (1 = 33.3%) {66.7%}
2597  ... 

Histogram: Sql.Database.Success.OpenInternalTime.Quota recorded 2 samples, mean = 105.5 (flags = 0x1)
0    ... 
81   -O                                                                        (1 = 50.0%) {0.0%}
96   O                                                                         (0 = 0.0%) {50.0%}
114  -O                                                                        (1 = 50.0%) {50.0%}
136  ... 

Histogram: Sql.Database.Success.SqliteOpenTime.DIPS recorded 3 samples, mean = 132.7 (flags = 0x1)
0    ... 
17   -O                                                                        (1 = 33.3%) {0.0%}
20   ... 
29   -O                                                                        (1 = 33.3%) {33.3%}
34   ... 
325  -O                                                                        (1 = 33.3%) {66.7%}
386  ... 

Histogram: Sql.Database.Success.SqliteOpenTime.Quota recorded 2 samples, mean = 24.5 (flags = 0x1)
0   ... 
17  -O                                                                        (1 = 50.0%) {0.0%}
20  ... 
29  -O                                                                        (1 = 50.0%) {50.0%}
34  ... 

Histogram: Sql.Statement.DIPS.VMSteps recorded 51 samples, mean = 9.7 (flags = 0x1)
0   ... 
3   ------O                                                                   (6 = 11.8%) {0.0%}
4   --O                                                                       (2 = 3.9%) {11.8%}
5   -O                                                                        (1 = 2.0%) {15.7%}
6   ... 
8   ---------------------------O                                              (27 = 52.9%) {17.6%}
10  ---O                                                                      (3 = 5.9%) {70.6%}
12  ... 
17  ------------O                                                             (12 = 23.5%) {76.5%}
20  ... 

Histogram: Sql.Statement.ExecutionTime.DIPS recorded 51 samples, mean = 42.7 (flags = 0x1)
0     -------------O                                                            (13 = 25.5%)
1     ----------------O                                                         (16 = 31.4%) {25.5%}
2     -------O                                                                  (7 = 13.7%) {56.9%}
3     ----O                                                                     (4 = 7.8%) {70.6%}
4     ----O                                                                     (4 = 7.8%) {78.4%}
5     ... 
8     -O                                                                        (1 = 2.0%) {86.3%}
10    ... 
14    --O                                                                       (2 = 3.9%) {88.2%}
17    O                                                                         (0 = 0.0%) {92.2%}
20    -O                                                                        (1 = 2.0%) {92.2%}
24    ... 
230   -O                                                                        (1 = 2.0%) {94.1%}
273   O                                                                         (0 = 0.0%) {96.1%}
325   -O                                                                        (1 = 2.0%) {96.1%}
386   ... 
1299  -O                                                                        (1 = 2.0%) {98.0%}
1545  ... 

Histogram: Sql.Statement.ExecutionTime.Quota recorded 58 samples, mean = 5.9 (flags = 0x1)
0   ----------O                                                               (10 = 17.2%)
1   -------------O                                                            (13 = 22.4%) {17.2%}
2   -----O                                                                    (5 = 8.6%) {39.7%}
3   ----O                                                                     (4 = 6.9%) {48.3%}
4   -O                                                                        (1 = 1.7%) {55.2%}
5   --O                                                                       (2 = 3.4%) {56.9%}
6   ----O                                                                     (4 = 6.9%) {60.3%}
7   ---O                                                                      (3 = 5.2%) {67.2%}
8   -----O                                                                    (5 = 8.6%) {72.4%}
10  --O                                                                       (2 = 3.4%) {81.0%}
12  -O                                                                        (1 = 1.7%) {84.5%}
14  -----O                                                                    (5 = 8.6%) {86.2%}
17  -O                                                                        (1 = 1.7%) {94.8%}
20  O                                                                         (0 = 0.0%) {96.6%}
24  -O                                                                        (1 = 1.7%) {96.6%}
29  ... 
48  -O                                                                        (1 = 1.7%) {98.3%}
57  ... 

Histogram: Sql.Statement.Quota.VMSteps recorded 58 samples, mean = 20.9 (flags = 0x1)
0   ... 
3   ------------O                                                             (12 = 20.7%) {0.0%}
4   --O                                                                       (2 = 3.4%) {20.7%}
5   ... 
8   ----O                                                                     (4 = 6.9%) {24.1%}
10  ----O                                                                     (4 = 6.9%) {31.0%}
12  --O                                                                       (2 = 3.4%) {37.9%}
14  ----O                                                                     (4 = 6.9%) {41.4%}
17  ----------O                                                               (10 = 17.2%) {48.3%}
20  ... 
34  --------------O                                                           (14 = 24.1%) {65.5%}
40  ----O                                                                     (4 = 6.9%) {89.7%}
48  ... 
81  --O                                                                       (2 = 3.4%) {96.6%}
96  ... 

Histogram: Sql.Statement.StepTime.DIPS recorded 51 samples, mean = 42.7 (flags = 0x1)
0     -------------O                                                            (13 = 25.5%)
1     ----------------O                                                         (16 = 31.4%) {25.5%}
2     -------O                                                                  (7 = 13.7%) {56.9%}
3     ----O                                                                     (4 = 7.8%) {70.6%}
4     ----O                                                                     (4 = 7.8%) {78.4%}
5     ... 
8     -O                                                                        (1 = 2.0%) {86.3%}
10    ... 
14    --O                                                                       (2 = 3.9%) {88.2%}
17    O                                                                         (0 = 0.0%) {92.2%}
20    -O                                                                        (1 = 2.0%) {92.2%}
24    ... 
230   -O                                                                        (1 = 2.0%) {94.1%}
273   O                                                                         (0 = 0.0%) {96.1%}
325   -O                                                                        (1 = 2.0%) {96.1%}
386   ... 
1299  -O                                                                        (1 = 2.0%) {98.0%}
1545  ... 

Histogram: Sql.Statement.StepTime.Quota recorded 60 samples, mean = 5.7 (flags = 0x1)
0   ----------O                                                               (10 = 16.7%)
1   -------------O                                                            (13 = 21.7%) {16.7%}
2   -----O                                                                    (5 = 8.3%) {38.3%}
3   -----O                                                                    (5 = 8.3%) {46.7%}
4   --O                                                                       (2 = 3.3%) {55.0%}
5   --O                                                                       (2 = 3.3%) {58.3%}
6   ----O                                                                     (4 = 6.7%) {61.7%}
7   ---O                                                                      (3 = 5.0%) {68.3%}
8   -----O                                                                    (5 = 8.3%) {73.3%}
10  --O                                                                       (2 = 3.3%) {81.7%}
12  -O                                                                        (1 = 1.7%) {85.0%}
14  -----O                                                                    (5 = 8.3%) {86.7%}
17  -O                                                                        (1 = 1.7%) {95.0%}
20  O                                                                         (0 = 0.0%) {96.7%}
24  -O                                                                        (1 = 1.7%) {96.7%}
29  ... 
40  -O                                                                        (1 = 1.7%) {98.3%}
48  ... 

Histogram: Sql.vfs.SyncTime recorded 5 samples, mean = 0.0 (flags = 0x1)
0  -----O                                                                    (5 = 100.0%)
1  ... 

Histogram: Startup.BrowserMainRunnerImplInitializeLongTime recorded 1 samples, mean = 96.0 (flags = 0x1)
0   ... 
89  -O                                                                        (1 = 100.0%) {0.0%}
103 ... 

Histogram: Storage.Blob.CreateDirectoryResult recorded 1 samples, mean = 0.0 (flags = 0x1)
0  -O                                                                        (1 = 100.0%)
1  ... 

Histogram: Storage.IndexedDB.LevelDB.MaxIterators recorded 2 samples, mean = 1.0
0  O                                                                         (0 = 0.0%)
1  --O                                                                       (2 = 100.0%) {0.0%}
2  ... 

Histogram: Storage.LocalStorage.Duration.OpenDatabase2.InMemory recorded 2 samples, mean = 0.0 (flags = 0x1)
0  --O                                                                       (2 = 100.0%)
1  ... 

Histogram: Storage.LocalStorage.Duration.OpenDatabase2.OnDisk recorded 1 samples, mean = 190.0 (flags = 0x1)
0    ... 
190  -O                                                                        (1 = 100.0%) {0.0%}
226  ... 

Histogram: Storage.LocalStorage.Duration.ReadAllMetadata.InMemory recorded 2 samples, mean = 0.0 (flags = 0x1)
0  --O                                                                       (2 = 100.0%)
1  ... 

Histogram: Storage.LocalStorage.Duration.ReadAllMetadata.OnDisk recorded 1 samples, mean = 0.0 (flags = 0x1)
0  -O                                                                        (1 = 100.0%)
1  ... 

Histogram: Storage.LocalStorage.Duration.ReadMapKeyValues.InMemory recorded 2 samples, mean = 0.0 (flags = 0x1)
0  --O                                                                       (2 = 100.0%)
1  ... 

Histogram: Storage.LocalStorage.Duration.UpdateMaps.InMemory recorded 4 samples, mean = 0.0 (flags = 0x1)
0  ----O                                                                     (4 = 100.0%)
1  ... 

Histogram: Storage.LocalStorage.OpenDatabase.InMemory recorded 2 samples, mean = 0.0 (flags = 0x1)
0  --O                                                                       (2 = 100.0%)
1  ... 

Histogram: Storage.LocalStorage.OpenDatabase.OnDisk recorded 1 samples, mean = 0.0 (flags = 0x1)
0  -O                                                                        (1 = 100.0%)
1  ... 

Histogram: Storage.LocalStorage.ReadAllMetadata.InMemory recorded 2 samples, mean = 0.0 (flags = 0x1)
0  --O                                                                       (2 = 100.0%)
1  ... 

Histogram: Storage.LocalStorage.ReadAllMetadata.OnDisk recorded 1 samples, mean = 0.0 (flags = 0x1)
0  -O                                                                        (1 = 100.0%)
1  ... 

Histogram: Storage.LocalStorage.ReadMapKeyValues.InMemory recorded 2 samples, mean = 0.0 (flags = 0x1)
0  --O                                                                       (2 = 100.0%)
1  ... 

Histogram: Storage.LocalStorage.ShutdownDroppedChanges recorded 2 samples, mean = 0.0 (flags = 0x1)
0  --O                                                                       (2 = 100.0%)
1  ... 

Histogram: Storage.LocalStorage.UpdateMaps.InMemory recorded 4 samples, mean = 0.0 (flags = 0x1)
0  ----O                                                                     (4 = 100.0%)
1  ... 

Histogram: Storage.SessionStorage.ClearDiskStateAtStoragePartitionInit recorded 3 samples, mean = 0.0 (flags = 0x1)
0  ---O                                                                      (3 = 100.0%)
1  ... 

Histogram: Storage.SessionStorage.DeleteSessions.InMemory recorded 2 samples, mean = 0.0 (flags = 0x1)
0  --O                                                                       (2 = 100.0%)
1  ... 

Histogram: Storage.SessionStorage.DeleteSessions.OnDisk recorded 1 samples, mean = 0.0 (flags = 0x1)
0  -O                                                                        (1 = 100.0%)
1  ... 

Histogram: Storage.SessionStorage.Duration.DeleteSessions.InMemory recorded 2 samples, mean = 0.0 (flags = 0x1)
0  --O                                                                       (2 = 100.0%)
1  ... 

Histogram: Storage.SessionStorage.Duration.DeleteSessions.OnDisk recorded 1 samples, mean = 0.0 (flags = 0x1)
0  -O                                                                        (1 = 100.0%)
1  ... 

Histogram: Storage.SessionStorage.Duration.OpenDatabase2.InMemory recorded 2 samples, mean = 0.0 (flags = 0x1)
0  --O                                                                       (2 = 100.0%)
1  ... 

Histogram: Storage.SessionStorage.Duration.OpenDatabase2.OnDisk recorded 1 samples, mean = 7.0 (flags = 0x1)
0  ... 
7  -O                                                                        (1 = 100.0%) {0.0%}
8  ... 

Histogram: Storage.SessionStorage.Duration.PutMetadata.InMemory recorded 2 samples, mean = 0.0 (flags = 0x1)
0  --O                                                                       (2 = 100.0%)
1  ... 

Histogram: Storage.SessionStorage.Duration.ReadAllMetadata.InMemory recorded 2 samples, mean = 0.0 (flags = 0x1)
0  --O                                                                       (2 = 100.0%)
1  ... 

Histogram: Storage.SessionStorage.Duration.ReadAllMetadata.OnDisk recorded 1 samples, mean = 0.0 (flags = 0x1)
0  -O                                                                        (1 = 100.0%)
1  ... 

Histogram: Storage.SessionStorage.OpenDatabase.InMemory recorded 2 samples, mean = 0.0 (flags = 0x1)
0  --O                                                                       (2 = 100.0%)
1  ... 

Histogram: Storage.SessionStorage.OpenDatabase.OnDisk recorded 1 samples, mean = 0.0 (flags = 0x1)
0  -O                                                                        (1 = 100.0%)
1  ... 

Histogram: Storage.SessionStorage.PutMetadata.InMemory recorded 2 samples, mean = 0.0 (flags = 0x1)
0  --O                                                                       (2 = 100.0%)
1  ... 

Histogram: Storage.SessionStorage.ReadAllMetadata.InMemory recorded 2 samples, mean = 0.0 (flags = 0x1)
0  --O                                                                       (2 = 100.0%)
1  ... 

Histogram: Storage.SessionStorage.ReadAllMetadata.OnDisk recorded 1 samples, mean = 0.0 (flags = 0x1)
0  -O                                                                        (1 = 100.0%)
1  ... 

Histogram: Storage.SharedStorage.OnShutdown.HasSqlErrors recorded 3 samples, mean = 0.0 (flags = 0x1)
0  ---O                                                                      (3 = 100.0%)
1  ... 

Histogram: Storage.SharedStorage.OnShutdown.NumSqlErrors recorded 3 samples, mean = 0.0 (flags = 0x1)
0  ---O                                                                      (3 = 100.0%)
1  ... 

Histogram: Storage.SharedStorage.OnShutdown.RecoveryFromInitFailureAttempted recorded 3 samples, mean = 0.0 (flags = 0x1)
0  ---O                                                                      (3 = 100.0%)
1  ... 

Histogram: Storage.SharedStorage.OnShutdown.RecoveryOnDiskAttempted recorded 3 samples, mean = 0.0 (flags = 0x1)
0  ---O                                                                      (3 = 100.0%)
1  ... 

Histogram: ThreadPool.UnnecessaryWakeup.Browser.Foreground recorded 65 samples, mean = 1.0 (flags = 0x1)
0  O                                                                         (0 = 0.0%)
1  -----------------------------------------------------------------O        (65 = 100.0%) {0.0%}
2  O                                                                         (0 = 0.0%) {100.0%}

Histogram: Tracing.Init.InitTracing recorded 1 samples, mean = 0.0 (flags = 0x1)
0  -O                                                                        (1 = 100.0%)
1  ... 

Histogram: Tracing.Init.Perfetto.Initialize recorded 1 samples, mean = 0.0 (flags = 0x1)
0  -O                                                                        (1 = 100.0%)
1  ... 

Histogram: UMA.ChildProcess.Ping.SharedMemorySetUp recorded 16 samples, mean = 1.0 (flags = 0x1)
0  --------O                                                                 (8 = 50.0%)
1  O                                                                         (0 = 0.0%) {50.0%}
2  --------O                                                                 (8 = 50.0%) {50.0%}
3  O                                                                         (0 = 0.0%) {100.0%}

Histogram: UMA.LocalHistogram recorded 2 samples, mean = 1.0
0  O                                                                         (0 = 0.0%)
1  --O                                                                       (2 = 100.0%) {0.0%}
2  O                                                                         (0 = 0.0%) {100.0%}

Histogram: UMA.MetricsService.PendingOngoingLogOnDisable recorded 1 samples, mean = 0.0 (flags = 0x1)
0  -O                                                                        (1 = 100.0%)
1  ... 

Histogram: UMA.PersistentAllocator.FieldTrialAllocator.UsedPct recorded 8 samples, mean = 0.0 (flags = 0x1)
0  --------O                                                                 (8 = 100.0%)
1  ... 

Histogram: V8.SandboxMode recorded 1 samples, mean = 3.0 (flags = 0x1)
0  ... 
3  -O                                                                        (1 = 100.0%) {0.0%}
4  ... 

Histogram: V8.SandboxReservationSizeGB recorded 1 samples (flags = 0x1)
1152  -O                                                                        (1 = 100.0%)

Histogram: Variations.FeatureAccess recorded 340 samples (flags = 0x1)
-2145869757 -O                                                                        (1 = 0.3%)
-2142950691 -O                                                                        (1 = 0.3%)
-2117579521 -O                                                                        (1 = 0.3%)
-2116789466 -O                                                                        (1 = 0.3%)
-2107538580 -O                                                                        (1 = 0.3%)
-2102298458 -O                                                                        (1 = 0.3%)
-2092355922 -O                                                                        (1 = 0.3%)
-2072745679 -O                                                                        (1 = 0.3%)
-2068513691 -O                                                                        (1 = 0.3%)
-2063702825 -O                                                                        (1 = 0.3%)
-2060232198 -O                                                                        (1 = 0.3%)
-2058067242 -O                                                                        (1 = 0.3%)
-2021461599 -O                                                                        (1 = 0.3%)
-2003020968 -O                                                                        (1 = 0.3%)
-1999341188 -O                                                                        (1 = 0.3%)
-1995209261 -O                                                                        (1 = 0.3%)
-1968163750 -O                                                                        (1 = 0.3%)
-1940787398 -O                                                                        (1 = 0.3%)
-1921825570 -O                                                                        (1 = 0.3%)
-1914946335 -O                                                                        (1 = 0.3%)
-1906867679 -O                                                                        (1 = 0.3%)
-1903991318 -O                                                                        (1 = 0.3%)
-1886812280 -O                                                                        (1 = 0.3%)
-1886162394 -O                                                                        (1 = 0.3%)
-1880727573 -O                                                                        (1 = 0.3%)
-1867603782 -O                                                                        (1 = 0.3%)
-1862978976 -O                                                                        (1 = 0.3%)
-1859983128 -O                                                                        (1 = 0.3%)
-1858910104 -O                                                                        (1 = 0.3%)
-1852028426 -O                                                                        (1 = 0.3%)
-1822861670 -O                                                                        (1 = 0.3%)
-1788575013 -O                                                                        (1 = 0.3%)
-1785165294 -O                                                                        (1 = 0.3%)
-1760372553 -O                                                                        (1 = 0.3%)
-1738329526 -O                                                                        (1 = 0.3%)
-1728976901 -O                                                                        (1 = 0.3%)
-1711598625 -O                                                                        (1 = 0.3%)
-1711317086 -O                                                                        (1 = 0.3%)
-1688499241 -O                                                                        (1 = 0.3%)
-1688165356 -O                                                                        (1 = 0.3%)
-1683296285 -O                                                                        (1 = 0.3%)
-1676182141 -O                                                                        (1 = 0.3%)
-1671311516 -O                                                                        (1 = 0.3%)
-1666443362 -O                                                                        (1 = 0.3%)
-1661548781 -O                                                                        (1 = 0.3%)
-1660447659 -O                                                                        (1 = 0.3%)
-1655770158 -O                                                                        (1 = 0.3%)
-1637856760 -O                                                                        (1 = 0.3%)
-1637144968 -O                                                                        (1 = 0.3%)
-1606737133 -O                                                                        (1 = 0.3%)
-1597152580 -O                                                                        (1 = 0.3%)
-1588902416 -O                                                                        (1 = 0.3%)
-1553292923 -O                                                                        (1 = 0.3%)
-1543199619 -O                                                                        (1 = 0.3%)
-1542141894 -O                                                                        (1 = 0.3%)
-1518631314 -O                                                                        (1 = 0.3%)
-1512085727 -O                                                                        (1 = 0.3%)
-1502757532 -O                                                                        (1 = 0.3%)
-1492938903 -O                                                                        (1 = 0.3%)
-1488134663 -O                                                                        (1 = 0.3%)
-1487886666 -O                                                                        (1 = 0.3%)
-1467201699 -O                                                                        (1 = 0.3%)
-1437331633 -O                                                                        (1 = 0.3%)
-1429809981 -O                                                                        (1 = 0.3%)
-1422038153 -O                                                                        (1 = 0.3%)
-1413243002 -O                                                                        (1 = 0.3%)
-1384809929 -O                                                                        (1 = 0.3%)
-1378540834 -O                                                                        (1 = 0.3%)
-1374322193 -O                                                                        (1 = 0.3%)
-1363599032 -O                                                                        (1 = 0.3%)
-1349239985 -O                                                                        (1 = 0.3%)
-1326432168 -O                                                                        (1 = 0.3%)
-1321341451 -O                                                                        (1 = 0.3%)
-1231097558 -O                                                                        (1 = 0.3%)
-1228702833 -O                                                                        (1 = 0.3%)
-1226374686 -O                                                                        (1 = 0.3%)
-1216466086 -O                                                                        (1 = 0.3%)
-1215002415 -O                                                                        (1 = 0.3%)
-1205717921 -O                                                                        (1 = 0.3%)
-1204597838 -O                                                                        (1 = 0.3%)
-1195638501 -O                                                                        (1 = 0.3%)
-1187667623 -O                                                                        (1 = 0.3%)
-1165302278 -O                                                                        (1 = 0.3%)
-1091190778 -O                                                                        (1 = 0.3%)
-1085869190 -O                                                                        (1 = 0.3%)
-1051146215 -O                                                                        (1 = 0.3%)
-1049548357 -O                                                                        (1 = 0.3%)
-1049192801 -O                                                                        (1 = 0.3%)
-1046869410 -O                                                                        (1 = 0.3%)
-1033577144 -O                                                                        (1 = 0.3%)
-1032654333 -O                                                                        (1 = 0.3%)
-1022941035 -O                                                                        (1 = 0.3%)
-1016276104 -O                                                                        (1 = 0.3%)
-1014105586 -O                                                                        (1 = 0.3%)
-1005649085 -O                                                                        (1 = 0.3%)
-969123364  -O                                                                        (1 = 0.3%)
-967033622  -O                                                                        (1 = 0.3%)
-950244418  -O                                                                        (1 = 0.3%)
-948819910  -O                                                                        (1 = 0.3%)
-944594195  -O                                                                        (1 = 0.3%)
-911204236  -O                                                                        (1 = 0.3%)
-909212394  -O                                                                        (1 = 0.3%)
-892048512  -O                                                                        (1 = 0.3%)
-845563312  -O                                                                        (1 = 0.3%)
-832716341  -O                                                                        (1 = 0.3%)
-831036849  -O                                                                        (1 = 0.3%)
-820743846  -O                                                                        (1 = 0.3%)
-811535300  -O                                                                        (1 = 0.3%)
-807606769  -O                                                                        (1 = 0.3%)
-807571829  -O                                                                        (1 = 0.3%)
-758278149  -O                                                                        (1 = 0.3%)
-730509471  -O                                                                        (1 = 0.3%)
-727594202  -O                                                                        (1 = 0.3%)
-717224835  -O                                                                        (1 = 0.3%)
-705874554  -O                                                                        (1 = 0.3%)
-685749681  -O                                                                        (1 = 0.3%)
-652883820  -O                                                                        (1 = 0.3%)
-649893643  -O                                                                        (1 = 0.3%)
-647327842  -O                                                                        (1 = 0.3%)
-632734404  -O                                                                        (1 = 0.3%)
-627667820  -O                                                                        (1 = 0.3%)
-626588394  -O                                                                        (1 = 0.3%)
-614860742  -O                                                                        (1 = 0.3%)
-612630107  -O                                                                        (1 = 0.3%)
-608945016  -O                                                                        (1 = 0.3%)
-601999812  -O                                                                        (1 = 0.3%)
-578246082  -O                                                                        (1 = 0.3%)
-570260697  -O                                                                        (1 = 0.3%)
-569399689  -O                                                                        (1 = 0.3%)
-566659406  -O                                                                        (1 = 0.3%)
-548255851  -O                                                                        (1 = 0.3%)
-541926158  -O                                                                        (1 = 0.3%)
-519498267  -O                                                                        (1 = 0.3%)
-516599012  -O                                                                        (1 = 0.3%)
-514923026  -O                                                                        (1 = 0.3%)
-512950475  -O                                                                        (1 = 0.3%)
-506135020  -O                                                                        (1 = 0.3%)
-506046811  -O                                                                        (1 = 0.3%)
-500401001  -O                                                                        (1 = 0.3%)
-494086340  -O                                                                        (1 = 0.3%)
-480931309  -O                                                                        (1 = 0.3%)
-441588425  -O                                                                        (1 = 0.3%)
-410734873  -O                                                                        (1 = 0.3%)
-406115708  -O                                                                        (1 = 0.3%)
-362063204  -O                                                                        (1 = 0.3%)
-359833222  -O                                                                        (1 = 0.3%)
-353578783  -O                                                                        (1 = 0.3%)
-337400621  -O                                                                        (1 = 0.3%)
-335233151  -O                                                                        (1 = 0.3%)
-333336191  -O                                                                        (1 = 0.3%)
-325881338  -O                                                                        (1 = 0.3%)
-309276699  -O                                                                        (1 = 0.3%)
-304280190  -O                                                                        (1 = 0.3%)
-295930877  -O                                                                        (1 = 0.3%)
-280533801  -O                                                                        (1 = 0.3%)
-264008106  -O                                                                        (1 = 0.3%)
-260445951  -O                                                                        (1 = 0.3%)
-240196760  -O                                                                        (1 = 0.3%)
-216730183  -O                                                                        (1 = 0.3%)
-203688515  -O                                                                        (1 = 0.3%)
-202553235  -O                                                                        (1 = 0.3%)
-180346475  -O                                                                        (1 = 0.3%)
-179758137  -O                                                                        (1 = 0.3%)
-161487917  -O                                                                        (1 = 0.3%)
-158333951  -O                                                                        (1 = 0.3%)
-150047060  -O                                                                        (1 = 0.3%)
-139594597  -O                                                                        (1 = 0.3%)
-137791953  -O                                                                        (1 = 0.3%)
-126461160  -O                                                                        (1 = 0.3%)
-122994576  -O                                                                        (1 = 0.3%)
-108627637  -O                                                                        (1 = 0.3%)
-105097242  -O                                                                        (1 = 0.3%)
-23209715   -O                                                                        (1 = 0.3%)
-17890915   -O                                                                        (1 = 0.3%)
-2678114    -O                                                                        (1 = 0.3%)
18629499    -O                                                                        (1 = 0.3%)
20850721    -O                                                                        (1 = 0.3%)
41534857    -O                                                                        (1 = 0.3%)
63400227    -O                                                                        (1 = 0.3%)
98757146    -O                                                                        (1 = 0.3%)
105698267   -O                                                                        (1 = 0.3%)
113167134   -O                                                                        (1 = 0.3%)
119135443   -O                                                                        (1 = 0.3%)
120381881   -O                                                                        (1 = 0.3%)
126673147   -O                                                                        (1 = 0.3%)
140506361   -O                                                                        (1 = 0.3%)
152877720   -O                                                                        (1 = 0.3%)
157238201   -O                                                                        (1 = 0.3%)
173189736   -O                                                                        (1 = 0.3%)
189943527   -O                                                                        (1 = 0.3%)
202773422   -O                                                                        (1 = 0.3%)
236062624   -O                                                                        (1 = 0.3%)
240240699   -O                                                                        (1 = 0.3%)
240877432   -O                                                                        (1 = 0.3%)
260925644   -O                                                                        (1 = 0.3%)
270624428   -O                                                                        (1 = 0.3%)
275092067   -O                                                                        (1 = 0.3%)
282209792   -O                                                                        (1 = 0.3%)
284785381   -O                                                                        (1 = 0.3%)
296915847   -O                                                                        (1 = 0.3%)
305862212   -O                                                                        (1 = 0.3%)
310256564   -O                                                                        (1 = 0.3%)
315422501   -O                                                                        (1 = 0.3%)
331875907   -O                                                                        (1 = 0.3%)
358642704   -O                                                                        (1 = 0.3%)
362151914   -O                                                                        (1 = 0.3%)
387541329   -O                                                                        (1 = 0.3%)
391992464   -O                                                                        (1 = 0.3%)
394507292   -O                                                                        (1 = 0.3%)
395217719   -O                                                                        (1 = 0.3%)
427715500   -O                                                                        (1 = 0.3%)
428086230   -O                                                                        (1 = 0.3%)
435853294   -O                                                                        (1 = 0.3%)
437594665   -O                                                                        (1 = 0.3%)
450950906   -O                                                                        (1 = 0.3%)
484427022   -O                                                                        (1 = 0.3%)
485578342   -O                                                                        (1 = 0.3%)
485903736   -O                                                                        (1 = 0.3%)
492662271   -O                                                                        (1 = 0.3%)
511435904   -O                                                                        (1 = 0.3%)
528170159   -O                                                                        (1 = 0.3%)
533100406   -O                                                                        (1 = 0.3%)
535189609   -O                                                                        (1 = 0.3%)
542997587   -O                                                                        (1 = 0.3%)
586648013   -O                                                                        (1 = 0.3%)
624097983   -O                                                                        (1 = 0.3%)
626310230   -O                                                                        (1 = 0.3%)
630017955   -O                                                                        (1 = 0.3%)
665081717   -O                                                                        (1 = 0.3%)
681630110   -O                                                                        (1 = 0.3%)
684909481   -O                                                                        (1 = 0.3%)
713485102   -O                                                                        (1 = 0.3%)
720628981   -O                                                                        (1 = 0.3%)
748164110   -O                                                                        (1 = 0.3%)
759649158   -O                                                                        (1 = 0.3%)
768069684   -O                                                                        (1 = 0.3%)
781973865   -O                                                                        (1 = 0.3%)
796453587   -O                                                                        (1 = 0.3%)
811849759   -O                                                                        (1 = 0.3%)
832704520   -O                                                                        (1 = 0.3%)
842030887   -O                                                                        (1 = 0.3%)
852886919   -O                                                                        (1 = 0.3%)
855421857   -O                                                                        (1 = 0.3%)
863847320   -O                                                                        (1 = 0.3%)
866302182   -O                                                                        (1 = 0.3%)
895729307   -O                                                                        (1 = 0.3%)
919092195   -O                                                                        (1 = 0.3%)
924723432   -O                                                                        (1 = 0.3%)
962216855   -O                                                                        (1 = 0.3%)
977023550   -O                                                                        (1 = 0.3%)
988158415   -O                                                                        (1 = 0.3%)
989585550   -O                                                                        (1 = 0.3%)
1006721936  -O                                                                        (1 = 0.3%)
1035653911  -O                                                                        (1 = 0.3%)
1040504811  -O                                                                        (1 = 0.3%)
1054475148  -O                                                                        (1 = 0.3%)
1067814442  -O                                                                        (1 = 0.3%)
1078028982  -O                                                                        (1 = 0.3%)
1081479179  -O                                                                        (1 = 0.3%)
1095158822  -O                                                                        (1 = 0.3%)
1118476053  -O                                                                        (1 = 0.3%)
1127113212  -O                                                                        (1 = 0.3%)
1195253588  -O                                                                        (1 = 0.3%)
1208454642  -O                                                                        (1 = 0.3%)
1212414187  -O                                                                        (1 = 0.3%)
1217227946  -O                                                                        (1 = 0.3%)
1244485374  -O                                                                        (1 = 0.3%)
1264787918  -O                                                                        (1 = 0.3%)
1279460878  -O                                                                        (1 = 0.3%)
1280183490  -O                                                                        (1 = 0.3%)
1280320386  -O                                                                        (1 = 0.3%)
1283609399  -O                                                                        (1 = 0.3%)
1287815939  -O                                                                        (1 = 0.3%)
1314327410  -O                                                                        (1 = 0.3%)
1346162134  -O                                                                        (1 = 0.3%)
1362357059  -O                                                                        (1 = 0.3%)
1378756643  -O                                                                        (1 = 0.3%)
1408933162  -O                                                                        (1 = 0.3%)
1492148979  -O                                                                        (1 = 0.3%)
1495087254  -O                                                                        (1 = 0.3%)
1495121320  -O                                                                        (1 = 0.3%)
1498336596  -O                                                                        (1 = 0.3%)
1506130378  -O                                                                        (1 = 0.3%)
1506213657  -O                                                                        (1 = 0.3%)
1537201223  -O                                                                        (1 = 0.3%)
1537607498  -O                                                                        (1 = 0.3%)
1545625355  -O                                                                        (1 = 0.3%)
1546696789  -O                                                                        (1 = 0.3%)
1578755036  -O                                                                        (1 = 0.3%)
1580801830  -O                                                                        (1 = 0.3%)
1589069224  -O                                                                        (1 = 0.3%)
1625701043  -O                                                                        (1 = 0.3%)
1640390781  -O                                                                        (1 = 0.3%)
1640401204  -O                                                                        (1 = 0.3%)
1662315904  -O                                                                        (1 = 0.3%)
1664214230  -O                                                                        (1 = 0.3%)
1664286639  -O                                                                        (1 = 0.3%)
1676326418  -O                                                                        (1 = 0.3%)
1691859835  -O                                                                        (1 = 0.3%)
1703747009  -O                                                                        (1 = 0.3%)
1706102350  -O                                                                        (1 = 0.3%)
1724980728  -O                                                                        (1 = 0.3%)
1740992949  -O                                                                        (1 = 0.3%)
1787376275  -O                                                                        (1 = 0.3%)
1799862370  -O                                                                        (1 = 0.3%)
1803370640  -O                                                                        (1 = 0.3%)
1816811671  -O                                                                        (1 = 0.3%)
1819037537  -O                                                                        (1 = 0.3%)
1838400867  -O                                                                        (1 = 0.3%)
1843307049  -O                                                                        (1 = 0.3%)
1848167202  -O                                                                        (1 = 0.3%)
1848990866  -O                                                                        (1 = 0.3%)
1858620917  -O                                                                        (1 = 0.3%)
1863444102  -O                                                                        (1 = 0.3%)
1891763329  -O                                                                        (1 = 0.3%)
1895138989  -O                                                                        (1 = 0.3%)
1896790961  -O                                                                        (1 = 0.3%)
1920289649  -O                                                                        (1 = 0.3%)
1921626647  -O                                                                        (1 = 0.3%)
1924857150  -O                                                                        (1 = 0.3%)
1936205171  -O                                                                        (1 = 0.3%)
1957067623  -O                                                                        (1 = 0.3%)
1958626956  -O                                                                        (1 = 0.3%)
1963869752  -O                                                                        (1 = 0.3%)
1976013947  -O                                                                        (1 = 0.3%)
1977291722  -O                                                                        (1 = 0.3%)
1978240801  -O                                                                        (1 = 0.3%)
1996284724  -O                                                                        (1 = 0.3%)
2011448837  -O                                                                        (1 = 0.3%)
2014181330  -O                                                                        (1 = 0.3%)
2025929491  -O                                                                        (1 = 0.3%)
2033920831  -O                                                                        (1 = 0.3%)
2038081675  -O                                                                        (1 = 0.3%)
2040130620  -O                                                                        (1 = 0.3%)
2081264511  -O                                                                        (1 = 0.3%)
2081599086  -O                                                                        (1 = 0.3%)
2083293048  -O                                                                        (1 = 0.3%)
2101183467  -O                                                                        (1 = 0.3%)
2110501640  -O                                                                        (1 = 0.3%)
2120939159  -O                                                                        (1 = 0.3%)

Histogram: Views.Browser.NumColorProvidersInitializedDuringOnNativeThemeUpdated recorded 1 samples, mean = 0.0 (flags = 0x1)
0  -O                                                                        (1 = 100.0%)
1  ... 

Histogram: Views.Browser.TimeSpentInitializingColorProvider recorded 3 samples, mean = 0.0 (flags = 0x1)
0  ---O                                                                      (3 = 100.0%)
1  ... 

Histogram: Views.Browser.TimeSpentProcessingOnNativeThemeUpdatedEvent recorded 1 samples, mean = 0.0 (flags = 0x1)
0  -O                                                                        (1 = 100.0%)
1  ... 

Histogram: Views.ColorProviderCacheSize recorded 3 samples, mean = 2.0 (flags = 0x1)
0  O                                                                         (0 = 0.0%)
1  -O                                                                        (1 = 33.3%) {0.0%}
2  -O                                                                        (1 = 33.3%) {33.3%}
3  -O                                                                        (1 = 33.3%) {66.7%}
4  ... 

Histogram: Views.InvalidatesDuringLayout recorded 289 samples, mean = 0.3 (flags = 0x1)
0  ------------------------------------------------------------------------O (269 = 93.1%)
1  O                                                                         (0 = 0.0%) {93.1%}
2  -O                                                                        (5 = 1.7%) {93.1%}
3  O                                                                         (0 = 0.0%) {94.8%}
4  -O                                                                        (5 = 1.7%) {94.8%}
5  O                                                                         (0 = 0.0%) {96.5%}
6  ---O                                                                      (10 = 3.5%) {96.5%}
7  ... 

Histogram: Views.LayoutCallDepth recorded 281 samples, mean = 1.0 (flags = 0x1)
0  O                                                                         (0 = 0.0%)
1  ------------------------------------------------------------------------O (273 = 97.2%) {0.0%}
2  --O                                                                       (8 = 2.8%) {97.2%}
3  ... 

Histogram: Views.UnnecessaryLayouts recorded 82 samples, mean = 3.1 (flags = 0x1)
0   ---------O                                                                (9 = 11.0%)
1   ---------------------O                                                    (21 = 25.6%) {11.0%}
2   -------------------O                                                      (19 = 23.2%) {36.6%}
3   --O                                                                       (2 = 2.4%) {59.8%}
4   --------O                                                                 (8 = 9.8%) {62.2%}
5   ----------O                                                               (10 = 12.2%) {72.0%}
6   ----O                                                                     (4 = 4.9%) {84.1%}
7   ---O                                                                      (3 = 3.7%) {89.0%}
8   O                                                                         (0 = 0.0%) {92.7%}
9   --O                                                                       (2 = 2.4%) {92.7%}
10  --O                                                                       (2 = 2.4%) {95.1%}
11  ... 
13  --O                                                                       (2 = 2.4%) {97.6%}
14  ... 

Histogram: Viz.ExternalBeginFrameSource.Interval recorded 1 samples, mean = 6.0 (flags = 0x1)
0  ... 
6  -O                                                                        (1 = 100.0%) {0.0%}
7  ... 

Histogram: WebAudio.AudioContext.ConcurrentAudioContexts recorded 12 samples, mean = 1.0 (flags = 0x1)
0  O                                                                         (0 = 0.0%)
1  ------------O                                                             (12 = 100.0%) {0.0%}
2  ... 

Histogram: WebContentsObserver.DOMContentLoaded recorded 3 samples, mean = 0.0 (flags = 0x1)
0  ---O                                                                      (3 = 100.0%)
1  ... 

Histogram: WebContentsObserver.DidChangeVisibleSecurityState recorded 3 samples, mean = 0.0 (flags = 0x1)
0  ---O                                                                      (3 = 100.0%)
1  ... 

Histogram: WebContentsObserver.DidFinishLoad recorded 3 samples, mean = 5.7 (flags = 0x1)
0   -O                                                                        (1 = 33.3%)
1   ... 
3   -O                                                                        (1 = 33.3%) {33.3%}
4   ... 
14  -O                                                                        (1 = 33.3%) {66.7%}
17  ... 

Histogram: WebContentsObserver.DidFinishNavigation recorded 3 samples, mean = 0.0 (flags = 0x1)
0  ---O                                                                      (3 = 100.0%)
1  ... 

Histogram: WebContentsObserver.DidFirstVisuallyNonEmptyPaint recorded 2 samples, mean = 0.0 (flags = 0x1)
0  --O                                                                       (2 = 100.0%)
1  ... 

Histogram: WebContentsObserver.DidStartLoading recorded 3 samples, mean = 0.0 (flags = 0x1)
0  ---O                                                                      (3 = 100.0%)
1  ... 

Histogram: WebContentsObserver.DidStartNavigation recorded 3 samples, mean = 0.0 (flags = 0x1)
0  ---O                                                                      (3 = 100.0%)
1  ... 

Histogram: WebContentsObserver.DidStartNavigation.MainFrame recorded 3 samples, mean = 0.0 (flags = 0x1)
0  ---O                                                                      (3 = 100.0%)
1  ... 

Histogram: WebContentsObserver.DidStopLoading recorded 3 samples, mean = 0.0 (flags = 0x1)
0  ---O                                                                      (3 = 100.0%)
1  ... 

Histogram: WebContentsObserver.DidUpdateNavigationHandleTiming recorded 9 samples, mean = 0.0 (flags = 0x1)
0  ---------O                                                                (9 = 100.0%)
1  ... 

Histogram: WebContentsObserver.LoadProgressChanged recorded 10 samples, mean = 0.0 (flags = 0x1)
0  ----------O                                                               (10 = 100.0%)
1  ... 

Histogram: WebContentsObserver.NavigationEntryChanged recorded 3 samples, mean = 0.0 (flags = 0x1)
0  ---O                                                                      (3 = 100.0%)
1  ... 

Histogram: WebContentsObserver.NavigationEntryCommitted recorded 3 samples, mean = 0.0 (flags = 0x1)
0  ---O                                                                      (3 = 100.0%)
1  ... 

Histogram: WebContentsObserver.OnVisibilityChanged recorded 6 samples, mean = 0.0 (flags = 0x1)
0  ------O                                                                   (6 = 100.0%)
1  ... 

Histogram: WebContentsObserver.OnVisibilityWillChange recorded 6 samples, mean = 0.0 (flags = 0x1)
0  ------O                                                                   (6 = 100.0%)
1  ... 

Histogram: WebContentsObserver.PrimaryMainDocumentElementAvailable recorded 3 samples, mean = 0.0 (flags = 0x1)
0  ---O                                                                      (3 = 100.0%)
1  ... 

Histogram: WebContentsObserver.RenderFrameCreated recorded 3 samples, mean = 0.0 (flags = 0x1)
0  ---O                                                                      (3 = 100.0%)
1  ... 

Histogram: WebContentsObserver.RenderFrameDeleted recorded 3 samples, mean = 0.0 (flags = 0x1)
0  ---O                                                                      (3 = 100.0%)
1  ... 

Histogram: WebContentsObserver.RenderViewReady recorded 3 samples, mean = 0.0 (flags = 0x1)
0  ---O                                                                      (3 = 100.0%)
1  ... 

Histogram: WebContentsObserver.TitleWasSet recorded 4 samples, mean = 0.0 (flags = 0x1)
0  ----O                                                                     (4 = 100.0%)
1  ... 

Histogram: WebContentsObserver.TitleWasSetForMainFrame recorded 4 samples, mean = 0.0 (flags = 0x1)
0  ----O                                                                     (4 = 100.0%)
1  ... 

Histogram: WebCore.IndexedDB.BackingStore.Action recorded 2 samples, mean = 0.0 (flags = 0x1)
0  --O                                                                       (2 = 100.0%)
1  ... 

Histogram: WebCore.IndexedDB.BackingStore.OpenFirstTryResult recorded 2 samples, mean = 0.0 (flags = 0x1)
0  --O                                                                       (2 = 100.0%)
1  ... 

Histogram: WebCore.IndexedDB.Transaction.ReadOnly.TimeActive2 recorded 6 samples, mean = 74.5 (flags = 0x1)
0    -O                                                                        (1 = 16.7%)
1    ... 
13   -O                                                                        (1 = 16.7%) {16.7%}
16   --O                                                                       (2 = 33.3%) {33.3%}
20   -O                                                                        (1 = 16.7%) {66.7%}
25   ... 
356  -O                                                                        (1 = 16.7%) {83.3%}
452  ... 

Histogram: WebCore.IndexedDB.Transaction.ReadOnly.TimeQueued recorded 6 samples, mean = 1.5 (flags = 0x1)
0  ----O                                                                     (4 = 66.7%)
1  ... 
3  -O                                                                        (1 = 16.7%) {66.7%}
4  ... 
6  -O                                                                        (1 = 16.7%) {83.3%}
8  ... 

Histogram: WebCore.IndexedDB.Transaction.ReadWrite.TimeActive2 recorded 10 samples, mean = 1.4 (flags = 0x1)
0  ----O                                                                     (4 = 40.0%)
1  ---O                                                                      (3 = 30.0%) {40.0%}
2  -O                                                                        (1 = 10.0%) {70.0%}
3  O                                                                         (0 = 0.0%) {80.0%}
4  -O                                                                        (1 = 10.0%) {80.0%}
5  -O                                                                        (1 = 10.0%) {90.0%}
6  ... 

Histogram: WebCore.IndexedDB.Transaction.ReadWrite.TimeQueued recorded 10 samples, mean = 77.2 (flags = 0x1)
0    --O                                                                       (2 = 20.0%)
1    -O                                                                        (1 = 10.0%) {20.0%}
2    --O                                                                       (2 = 20.0%) {30.0%}
3    -O                                                                        (1 = 10.0%) {50.0%}
4    O                                                                         (0 = 0.0%) {60.0%}
5    -O                                                                        (1 = 10.0%) {60.0%}
6    -O                                                                        (1 = 10.0%) {70.0%}
8    ... 
356  --O                                                                       (2 = 20.0%) {80.0%}
452  ... 

Histogram: WebCore.IndexedDB.Transaction.VersionChange.TimeActive2 recorded 2 samples, mean = 5.5 (flags = 0x1)
0  ... 
3  -O                                                                        (1 = 50.0%) {0.0%}
4  ... 
8  -O                                                                        (1 = 50.0%) {50.0%}
10 ... 

Histogram: WebCore.IndexedDB.Transaction.VersionChange.TimeQueued recorded 2 samples, mean = 0.0 (flags = 0x1)
0  --O                                                                       (2 = 100.0%)
1  ... 

Histogram: WebRTC.DesktopCapture.BlankFrameDetected recorded 13 samples, mean = 0.1 (flags = 0x1)
0  ------------O                                                             (12 = 92.3%)
1  -O                                                                        (1 = 7.7%) {92.3%}
2  O                                                                         (0 = 0.0%) {100.0%}

Histogram: WebRTC.DesktopCapture.PrimaryCapturerError recorded 13 samples, mean = 0.1 (flags = 0x1)
0  ------------O                                                             (12 = 92.3%)
1  -O                                                                        (1 = 7.7%) {92.3%}
2  O                                                                         (0 = 0.0%) {100.0%}

Histogram: WebRTC.DesktopCapture.PrimaryCapturerPermanentError recorded 13 samples, mean = 0.0 (flags = 0x1)
0  -------------O                                                            (13 = 100.0%)
1  ... 

Histogram: WebRTC.DesktopCapture.PrimaryCapturerSelectSourceError recorded 13 samples, mean = 1.0 (flags = 0x1)
0  O                                                                         (0 = 0.0%)
1  -------------O                                                            (13 = 100.0%) {0.0%}
2  O                                                                         (0 = 0.0%) {100.0%}

Histogram: WebRTC.DesktopCapture.Win.DesktopCapturerImpl recorded 6 samples, mean = 2.8 (flags = 0x1)
0  O                                                                         (0 = 0.0%)
1  --O                                                                       (2 = 33.3%) {0.0%}
2  O                                                                         (0 = 0.0%) {33.3%}
3  --O                                                                       (2 = 33.3%) {33.3%}
4  -O                                                                        (1 = 16.7%) {66.7%}
5  -O                                                                        (1 = 16.7%) {83.3%}

Histogram: WebRTC.DesktopCapture.Win.DirectXCapturerFrameTime recorded 1 samples, mean = 5.0 (flags = 0x1)
0  ... 
5  -O                                                                        (1 = 100.0%) {0.0%}
6  ... 

Histogram: WebRTC.DesktopCapture.Win.DirectXCapturerResult recorded 1 samples, mean = 0.0 (flags = 0x1)
0  -O                                                                        (1 = 100.0%)
1  ... 

Histogram: WebRTC.DesktopCapture.Win.WgcCaptureSessionGetFrameResult recorded 1 samples, mean = 0.0 (flags = 0x1)
0  -O                                                                        (1 = 100.0%)
1  ... 

Histogram: WebRTC.DesktopCapture.Win.WgcCaptureSessionStartResult recorded 1 samples, mean = 0.0 (flags = 0x1)
0  -O                                                                        (1 = 100.0%)
1  ... 

Histogram: WebRTC.DesktopCapture.Win.WgcCaptureSessionTimeToFirstFrame recorded 1 samples, mean = 8.0 (flags = 0x1)
0  ... 
8  -O                                                                        (1 = 100.0%) {0.0%}
9  ... 

Histogram: WebRTC.DesktopCapture.Win.WgcCaptureSessionWaitForFirstFrameResult recorded 1 samples, mean = 0.0 (flags = 0x1)
0  -O                                                                        (1 = 100.0%)
1  ... 

Histogram: WebRTC.DesktopCapture.Win.WgcCapturerFrameTime recorded 1 samples, mean = 47.0 (flags = 0x1)
0   ... 
47  -O                                                                        (1 = 100.0%) {0.0%}
53  ... 

Histogram: WebRTC.DesktopCapture.Win.WgcCapturerResult recorded 1 samples, mean = 0.0 (flags = 0x1)
0  -O                                                                        (1 = 100.0%)
1  ... 

Histogram: WebRTC.DesktopCapture.Win.WindowGdiCapturerFrameTime recorded 12 samples, mean = 12.8 (flags = 0x1)
0   ... 
7   -O                                                                        (1 = 8.3%) {0.0%}
8   -O                                                                        (1 = 8.3%) {8.3%}
9   -O                                                                        (1 = 8.3%) {16.7%}
10  --O                                                                       (2 = 16.7%) {25.0%}
11  --O                                                                       (2 = 16.7%) {41.7%}
12  --O                                                                       (2 = 16.7%) {58.3%}
14  -O                                                                        (1 = 8.3%) {75.0%}
16  ... 
23  --O                                                                       (2 = 16.7%) {83.3%}
26  ... 

Histogram: WebRTC.DesktopCaptureCounters recorded 1 samples, mean = 1.0 (flags = 0x1)
0  O                                                                         (0 = 0.0%)
1  -O                                                                        (1 = 100.0%) {0.0%}
2  ... 

Histogram: Windows.DisplayIdFromDeviceId recorded 2 samples, mean = 3.0 (flags = 0x1)
0  ... 
3  --O                                                                       (2 = 100.0%) {0.0%}
4  O                                                                         (0 = 0.0%) {100.0%}

Histogram: Windows.DisplayIdFromDeviceKey recorded 2 samples, mean = 3.0 (flags = 0x1)
0  ... 
3  --O                                                                       (2 = 100.0%) {0.0%}
4  O                                                                         (0 = 0.0%) {100.0%}

Histogram: Windows.ReplaceFileResult recorded 10 samples, mean = 5.5 (flags = 0x1)
0  --O                                                                       (2 = 20.0%)
1  ... 
6  -O                                                                        (1 = 10.0%) {20.0%}
7  -------O                                                                  (7 = 70.0%) {30.0%}
8  ... 


