
[14504:0829/100945.065:VERBOSE1:base\allocator\scheduler_loop_quarantine_config.cc:168] No entry found for browser/global.
[14504:0829/100945.065:VERBOSE1:base\allocator\scheduler_loop_quarantine_config.cc:168] No entry found for browser/*.
[14504:0829/100945.065:VERBOSE1:base\allocator\scheduler_loop_quarantine_config.cc:168] No entry found for /main.
[14504:0829/100945.065:VERBOSE1:base\allocator\scheduler_loop_quarantine_config.cc:168] No entry found for /io.
[14504:0829/100945.122:VERBOSE1:components\device_event_log\device_event_log_impl.cc:203] [10:09:45.122] Display: EVENT: screen_win.cc:1043 Displays updated, count: 1
[14504:0829/100945.123:VERBOSE1:components\device_event_log\device_event_log_impl.cc:203] [10:09:45.124] Display: EVENT: screen_win.cc:1045 Display[2036301598] bounds=[0,0 2560x1440], workarea=[0,0 2560x1392], scale=1, rotation=0, panel_rotation=0 external detected
[14504:0829/100945.123:VERBOSE1:components\proxy_config\pref_proxy_config_tracker_impl.cc:462] 0x26fc0045e080: set chrome proxy config service to 0x26fc00525500
[14504:0829/100945.132:VERBOSE1:components\proxy_config\pref_proxy_config_tracker_impl.cc:462] 0x26fc0045e700: set chrome proxy config service to 0x26fc00527100
[14504:0829/100945.135:VERBOSE1:net\disk_cache\simple\simple_index_file.cc:625] Simple Cache Index is being restored from disk.
[14504:0829/100945.135:VERBOSE1:net\disk_cache\simple\simple_index_file.cc:625] Simple Cache Index is being restored from disk.
[14504:0829/100945.163:VERBOSE1:content\browser\first_party_sets\first_party_sets_handler_impl_instance.cc:270] Empty path. Failed initializing First-Party Sets database.
[14504:0829/100945.163:VERBOSE1:base\allocator\scheduler_loop_quarantine_config.cc:168] No entry found for browser/io.
[14504:0829/100945.370:VERBOSE1:components\device_event_log\device_event_log_impl.cc:203] [10:09:45.371] Display: EVENT: screen_win.cc:1043 Displays updated, count: 1
[14504:0829/100945.370:VERBOSE1:components\device_event_log\device_event_log_impl.cc:203] [10:09:45.371] Display: EVENT: screen_win.cc:1045 Display[2036301598] bounds=[0,0 2560x1440], workarea=[0,0 2560x1392], scale=1, rotation=0, panel_rotation=0 external detected
[14504:0829/100945.530:VERBOSE1:content\browser\loader\file_url_loader_factory.cc:470] FileURLLoader::Start: file:///C:/Projects/discord%20p2p/tests/fixtures/motion-source.html?fps=60&seed=1247104336&gpuLoad=0&title=JUMP_BENCH_MOTION_SOURCE_14504
[14504:0829/100945.583:INFO:CONSOLE:2] "%cElectron Security Warning (Insecure Content-Security-Policy) font-weight: bold; This renderer process has either no Content Security
  Policy set or a policy with "unsafe-eval" enabled. This exposes users of
  this app to unnecessary security risks.

For more information and help, consult
https://electronjs.org/docs/tutorial/security.
This warning will not show up
once the app is packaged.", source: node:electron/js2c/sandbox_bundle (2)
[14504:0829/100945.782:WARNING:third_party\webrtc\modules\desktop_capture\win\dxgi_adapter_duplicator.cc:116] Cannot initialize any DxgiOutputDuplicator instance.
[14504:0829/100945.782:WARNING:third_party\webrtc\modules\desktop_capture\win\dxgi_duplicator_controller.cc:286] Failed to initialize DxgiAdapterDuplicator on adapter 1
[14504:0829/100945.783:WARNING:third_party\webrtc\modules\desktop_capture\win\dxgi_duplicator_controller.cc:106] Count of references reaches zero, DxgiDuplicatorController will be unloaded.
[14504:0829/100945.794:INFO:third_party\webrtc\modules\desktop_capture\window_capturer_win.cc:32] DesktopCapturer::CreateRawWindowCapturer creates DesktopCapturer of type WindowCapturerWinGdi
[14504:0829/100945.795:INFO:third_party\webrtc\modules\desktop_capture\window_capturer_win.cc:42] DesktopCapturer::CreateRawWindowCapturer creates DesktopCapturer of type FallbackDesktopCapturerWrapper which has a fallback capturer of type WgcCapturerWin
[14504:0829/100945.939:VERBOSE1:components\proxy_config\pref_proxy_config_tracker_impl.cc:462] 0x26fc00d0aa40: set chrome proxy config service to 0x26fc0052a580
[14504:0829/100946.009:VERBOSE1:components\proxy_config\pref_proxy_config_tracker_impl.cc:462] 0x26fc00d0eb40: set chrome proxy config service to 0x26fc010f9f80
[14504:0829/100946.045:VERBOSE1:content\browser\renderer_host\media\media_stream_manager.cc:1519] MDM::HandleEnumerateDevicesRequest({request_id=1}, {render_process_id=6}, {render_frame_id=1}, {audio_input=true}, {video_input=true}, {audio_output=true}, {request_audio_capabilities=true}, {request_video_capabilities=true})
[14504:0829/100946.045:VERBOSE1:content\browser\renderer_host\media\media_stream_manager.cc:1519] MDM::HandleEnumerateDevicesRequest({request_id=2}, {render_process_id=6}, {render_frame_id=1}, {audio_input=true}, {video_input=true}, {audio_output=true}, {request_audio_capabilities=false}, {request_video_capabilities=false})
[14504:0829/100946.045:VERBOSE1:content\browser\renderer_host\media\media_stream_manager.cc:1519] MDM::CheckPermissionsForEnumerateDevices({request_id=1})
[14504:0829/100946.045:VERBOSE1:content\browser\renderer_host\media\media_stream_manager.cc:1519] MDM::OnPermissionsCheckDone({request_id=1}, {has_audio_permission=true}, {has_video_permission=true})
[14504:0829/100946.045:VERBOSE1:content\browser\renderer_host\media\media_stream_manager.cc:1519] MDM::EnumerateAndRankDevices({request_id=1})
[14504:0829/100946.045:VERBOSE1:content\browser\renderer_host\media\media_stream_manager.cc:1519] MDM::EnumerateDevices({request_id=1})
[14504:0829/100946.045:VERBOSE1:content\browser\renderer_host\media\media_stream_manager.cc:1519] MDM::StartMonitoringAndPopulateCache({request_id=1}, {audio=true}, {video=true})
[14504:0829/100946.045:VERBOSE1:content\browser\renderer_host\media\media_stream_manager.cc:1519] MDM::EnumerateSystemDevices({request_id=1}, {type=VIDEO_INPUT})
[14504:0829/100946.045:VERBOSE1:content\browser\renderer_host\media\media_stream_manager.cc:1519] video capture: VideoCaptureManager::EnumerateDevices
[14504:0829/100946.045:VERBOSE1:content\browser\renderer_host\media\media_stream_manager.cc:1519] video capture: ServiceVideoCaptureProvider::GetDeviceInfosAsync
[14504:0829/100946.045:VERBOSE1:content\browser\renderer_host\media\media_stream_manager.cc:1519] MDM::EnumerateSystemDevices({request_id=1}, {type=AUDIO_INPUT})
[14504:0829/100946.045:VERBOSE1:content\browser\renderer_host\media\media_stream_manager.cc:1519] MDM::EnumerateSystemDevices({request_id=1}, {type=AUDIO_OUTPUT})
[14504:0829/100946.045:VERBOSE1:content\browser\renderer_host\media\media_stream_manager.cc:1519] MDM::CheckPermissionsForEnumerateDevices({request_id=2})
[14504:0829/100946.045:VERBOSE1:content\browser\renderer_host\media\media_stream_manager.cc:1519] MDM::OnPermissionsCheckDone({request_id=2}, {has_audio_permission=true}, {has_video_permission=true})
[14504:0829/100946.045:VERBOSE1:content\browser\renderer_host\media\media_stream_manager.cc:1519] MDM::EnumerateAndRankDevices({request_id=2})
[14504:0829/100946.045:VERBOSE1:content\browser\renderer_host\media\media_stream_manager.cc:1519] MDM::EnumerateDevices({request_id=2})
[14504:0829/100946.045:VERBOSE1:content\browser\renderer_host\media\media_stream_manager.cc:1519] MSM::NotifyDevicesChanged({device_type=DEVICE_AUDIO_INPUT})
[14504:0829/100946.045:VERBOSE1:content\browser\renderer_host\media\media_stream_manager.cc:1519] MDM::DevicesEnumerated({request_id=1}, {type=AUDIO_INPUT}, {labels=[Fake Default Audio Input, Fake Audio Input 1, Fake Audio Input 2]})
[14504:0829/100946.045:VERBOSE1:content\browser\renderer_host\media\media_stream_manager.cc:1519] MDM::DevicesEnumerated({request_id=1}, {type=AUDIO_OUTPUT}, {labels=[Fake Default Audio Output, Fake Audio Output 1, Fake Audio Output 2]})
[14504:0829/100946.092:VERBOSE1:content\browser\renderer_host\media\media_stream_manager.cc:1519] AMB::LogAudioManagerStartup => AudioManager starts.
[14504:0829/100946.196:VERBOSE1:content\browser\renderer_host\media\media_stream_manager.cc:1519] MDM::HandleEnumerateDevicesRequest({request_id=3}, {render_process_id=7}, {render_frame_id=1}, {audio_input=true}, {video_input=true}, {audio_output=true}, {request_audio_capabilities=true}, {request_video_capabilities=true})
[14504:0829/100946.196:VERBOSE1:content\browser\renderer_host\media\media_stream_manager.cc:1519] MDM::HandleEnumerateDevicesRequest({request_id=4}, {render_process_id=7}, {render_frame_id=1}, {audio_input=true}, {video_input=true}, {audio_output=true}, {request_audio_capabilities=false}, {request_video_capabilities=false})
[14504:0829/100946.196:VERBOSE1:content\browser\renderer_host\media\media_stream_manager.cc:1519] MDM::CheckPermissionsForEnumerateDevices({request_id=3})
[14504:0829/100946.196:VERBOSE1:content\browser\renderer_host\media\media_stream_manager.cc:1519] MDM::OnPermissionsCheckDone({request_id=3}, {has_audio_permission=true}, {has_video_permission=true})
[14504:0829/100946.196:VERBOSE1:content\browser\renderer_host\media\media_stream_manager.cc:1519] MDM::EnumerateAndRankDevices({request_id=3})
[14504:0829/100946.196:VERBOSE1:content\browser\renderer_host\media\media_stream_manager.cc:1519] MDM::EnumerateDevices({request_id=3})
[14504:0829/100946.196:VERBOSE1:content\browser\renderer_host\media\media_stream_manager.cc:1519] MDM::CheckPermissionsForEnumerateDevices({request_id=4})
[14504:0829/100946.196:VERBOSE1:content\browser\renderer_host\media\media_stream_manager.cc:1519] MDM::OnPermissionsCheckDone({request_id=4}, {has_audio_permission=true}, {has_video_permission=true})
[14504:0829/100946.196:VERBOSE1:content\browser\renderer_host\media\media_stream_manager.cc:1519] MDM::EnumerateAndRankDevices({request_id=4})
[14504:0829/100946.196:VERBOSE1:content\browser\renderer_host\media\media_stream_manager.cc:1519] MDM::EnumerateDevices({request_id=4})
[14504:0829/100946.405:VERBOSE1:content\browser\renderer_host\media\media_stream_manager.cc:1519] video capture: VideoCaptureManager::OnDeviceInfosReceived: Recevied 1 device infos.
device_id: /dev/video0, display_name: fake_device_0
[14504:0829/100946.405:VERBOSE1:content\browser\renderer_host\media\media_stream_manager.cc:1519] MDM::DevicesEnumerated({request_id=1}, {type=VIDEO_INPUT}, {labels=[fake_device_0]})
[14504:0829/100946.405:VERBOSE1:content\browser\renderer_host\media\media_stream_manager.cc:1519] MSM::NotifyDevicesChanged({device_type=DEVICE_VIDEO_INPUT})
[14504:0829/100946.405:VERBOSE1:content\browser\renderer_host\media\media_stream_manager.cc:1519] MDM::OnDevicesEnumeratedAndRanked({request_id=1}, {has_audio_permission=true}, {has_video_permission=true})
[14504:0829/100946.405:VERBOSE1:content\browser\renderer_host\media\media_stream_manager.cc:1519] MDM::OnDevicesEnumeratedAndRanked({request_id=2}, {has_audio_permission=true}, {has_video_permission=true})
[14504:0829/100946.405:VERBOSE1:content\browser\renderer_host\media\media_stream_manager.cc:1519] MDM::GetAudioInputCapabilities({request_id=2}, {bypassing=true}, {reason=not_requested})
[14504:0829/100946.405:VERBOSE1:content\browser\renderer_host\media\media_stream_manager.cc:1519] MDM::FinalizeDevicesEnumerated({request_id=2}, {audio_count=3}, {video_count=1})
[14504:0829/100946.405:VERBOSE1:content\browser\renderer_host\media\media_stream_manager.cc:1519] MDM::OnDevicesEnumeratedAndRanked({request_id=3}, {has_audio_permission=true}, {has_video_permission=true})
[14504:0829/100946.405:VERBOSE1:content\browser\renderer_host\media\media_stream_manager.cc:1519] MDM::OnDevicesEnumeratedAndRanked({request_id=4}, {has_audio_permission=true}, {has_video_permission=true})
[14504:0829/100946.405:VERBOSE1:content\browser\renderer_host\media\media_stream_manager.cc:1519] MDM::GetAudioInputCapabilities({request_id=4}, {bypassing=true}, {reason=not_requested})
[14504:0829/100946.405:VERBOSE1:content\browser\renderer_host\media\media_stream_manager.cc:1519] MDM::FinalizeDevicesEnumerated({request_id=4}, {audio_count=3}, {video_count=1})
[14504:0829/100946.405:VERBOSE1:content\browser\renderer_host\media\media_stream_manager.cc:1519] MDM::GotAudioInputCapabilities({request_id=1}, {label=[Fake Default Audio Input]}, {is_valid=true}, {sample_rate=44100}, {channels=2}, {latency_ms=10})
[14504:0829/100946.405:VERBOSE1:content\browser\renderer_host\media\media_stream_manager.cc:1519] MDM::GotAudioInputCapabilities({request_id=1}, {label=[Fake Audio Input 1]}, {is_valid=true}, {sample_rate=44100}, {channels=2}, {latency_ms=10})
[14504:0829/100946.405:VERBOSE1:content\browser\renderer_host\media\media_stream_manager.cc:1519] MDM::GotAudioInputCapabilities({request_id=1}, {label=[Fake Audio Input 2]}, {is_valid=true}, {sample_rate=44100}, {channels=2}, {latency_ms=10})
[14504:0829/100946.405:VERBOSE1:content\browser\renderer_host\media\media_stream_manager.cc:1519] MDM::FinalizeDevicesEnumerated({request_id=1}, {audio_count=3}, {video_count=1})
[14504:0829/100946.405:VERBOSE1:content\browser\renderer_host\media\media_stream_manager.cc:1519] MDM::GotAudioInputCapabilities({request_id=3}, {label=[Fake Default Audio Input]}, {is_valid=true}, {sample_rate=44100}, {channels=2}, {latency_ms=10})
[14504:0829/100946.405:VERBOSE1:content\browser\renderer_host\media\media_stream_manager.cc:1519] MDM::GotAudioInputCapabilities({request_id=3}, {label=[Fake Audio Input 1]}, {is_valid=true}, {sample_rate=44100}, {channels=2}, {latency_ms=10})
[14504:0829/100946.405:VERBOSE1:content\browser\renderer_host\media\media_stream_manager.cc:1519] MDM::GotAudioInputCapabilities({request_id=3}, {label=[Fake Audio Input 2]}, {is_valid=true}, {sample_rate=44100}, {channels=2}, {latency_ms=10})
[14504:0829/100946.405:VERBOSE1:content\browser\renderer_host\media\media_stream_manager.cc:1519] MDM::FinalizeDevicesEnumerated({request_id=3}, {audio_count=3}, {video_count=1})
[14504:0829/100946.602:VERBOSE1:content\browser\renderer_host\media\media_stream_manager.cc:1519] MDDH::OnAudioGotSaltAndOrigin: pending_audio_input_capabilities_requests_.size()=1
[14504:0829/100946.602:VERBOSE1:content\browser\renderer_host\media\media_stream_manager.cc:1519] MDM::EnumerateAndRankDevices({request_id=0})
[14504:0829/100946.602:VERBOSE1:content\browser\renderer_host\media\media_stream_manager.cc:1519] MDM::EnumerateDevices({request_id=0})
[14504:0829/100946.602:VERBOSE1:content\browser\renderer_host\media\media_stream_manager.cc:1519] MDDH::GotAudioInputEnumeration: no devices found or fake device command flag is passed,
[14504:0829/100946.602:VERBOSE1:content\browser\renderer_host\media\media_stream_manager.cc:1519] MDDH::FinalizeGetAudioInputCapabilities: pending_audio_input_capabilities_requests_.size()= 1,
[14504:0829/100946.604:VERBOSE1:content\browser\renderer_host\media\media_stream_manager.cc:1519] MDDH::OnAudioGotSaltAndOrigin: pending_audio_input_capabilities_requests_.size()=1
[14504:0829/100946.604:VERBOSE1:content\browser\renderer_host\media\media_stream_manager.cc:1519] MDM::EnumerateAndRankDevices({request_id=0})
[14504:0829/100946.604:VERBOSE1:content\browser\renderer_host\media\media_stream_manager.cc:1519] MDM::EnumerateDevices({request_id=0})
[14504:0829/100946.604:VERBOSE1:content\browser\renderer_host\media\media_stream_manager.cc:1519] MDDH::GotAudioInputEnumeration: no devices found or fake device command flag is passed,
[14504:0829/100946.604:VERBOSE1:content\browser\renderer_host\media\media_stream_manager.cc:1519] MDDH::FinalizeGetAudioInputCapabilities: pending_audio_input_capabilities_requests_.size()= 1,
[14504:0829/100946.604:VERBOSE1:content\browser\renderer_host\media\media_stream_manager.cc:1519] MSM::GenerateStreams({render_process_id=6}, {render_frame_id=1}, {requester_id=0}, {page_request_id=0})
[14504:0829/100946.604:VERBOSE1:content\browser\renderer_host\media\media_stream_manager.cc:1519] MSM::DR::DeviceRequest({label=}, {requesting_process_id=6}, {requesting_frame_id=1}, {requester_id=0}, {request_type=MEDIA_GENERATE_STREAM})
[14504:0829/100946.604:VERBOSE1:content\browser\renderer_host\media\media_stream_manager.cc:1519] MSM::AddRequest([requester_id=0]) => (label=d0b6e0f0-1a26-4458-9c80-ccc9165d5410)
[14504:0829/100946.604:VERBOSE1:content\browser\renderer_host\media\media_stream_manager.cc:1519] MSM::GenerateStreams({render_process_id=7}, {render_frame_id=1}, {requester_id=1}, {page_request_id=0})
[14504:0829/100946.604:VERBOSE1:content\browser\renderer_host\media\media_stream_manager.cc:1519] MSM::DR::DeviceRequest({label=}, {requesting_process_id=7}, {requesting_frame_id=1}, {requester_id=1}, {request_type=MEDIA_GENERATE_STREAM})
[14504:0829/100946.604:VERBOSE1:content\browser\renderer_host\media\media_stream_manager.cc:1519] MSM::AddRequest([requester_id=1]) => (label=1dfc94ff-a5af-4c57-af8a-20a3b2dbc516)
[14504:0829/100946.604:VERBOSE1:content\browser\renderer_host\media\media_stream_manager.cc:1519] MSM::SetUpRequest([requester_id=0] {label=d0b6e0f0-1a26-4458-9c80-ccc9165d5410})
[14504:0829/100946.604:VERBOSE1:content\browser\renderer_host\media\media_stream_manager.cc:1519] MSM::DR::SetAudioType({label=d0b6e0f0-1a26-4458-9c80-ccc9165d5410}, [requester_id=0], {audio_type=DEVICE_AUDIO_CAPTURE})
[14504:0829/100946.604:VERBOSE1:content\browser\renderer_host\media\media_stream_manager.cc:1519] MSM::DR::SetVideoType({label=d0b6e0f0-1a26-4458-9c80-ccc9165d5410}, [requester_id=0], {video_type=NO_SERVICE})
[14504:0829/100946.604:VERBOSE1:content\browser\renderer_host\media\media_stream_manager.cc:1519] MSM::StartEnumeration({requester_id=0}, {label=d0b6e0f0-1a26-4458-9c80-ccc9165d5410})
[14504:0829/100946.604:VERBOSE1:content\browser\renderer_host\media\media_stream_manager.cc:1519] MSM::DR::SetState({label=d0b6e0f0-1a26-4458-9c80-ccc9165d5410}, [requester_id=0], {stream_type=DEVICE_AUDIO_CAPTURE}, {new_state=STATE_REQUESTED})
[14504:0829/100946.604:VERBOSE1:content\browser\renderer_host\media\media_stream_manager.cc:1519] MDM::EnumerateDevices({request_id=0})
[14504:0829/100946.604:VERBOSE1:content\browser\renderer_host\media\media_stream_manager.cc:1519] MSM::DevicesEnumerated({label=d0b6e0f0-1a26-4458-9c80-ccc9165d5410}, {requester_id=0}, {request_type=MEDIA_GENERATE_STREAM})
[14504:0829/100946.604:VERBOSE1:content\browser\renderer_host\media\media_stream_manager.cc:1519] MSM::DR::SetState({label=d0b6e0f0-1a26-4458-9c80-ccc9165d5410}, [requester_id=0], {stream_type=DEVICE_AUDIO_CAPTURE}, {new_state=STATE_PENDING_APPROVAL})
[14504:0829/100946.604:VERBOSE1:content\browser\renderer_host\media\media_stream_manager.cc:1519] MSM::SetUpDeviceCaptureRequest([requester_id=0] {label=d0b6e0f0-1a26-4458-9c80-ccc9165d5410})
[14504:0829/100946.604:VERBOSE1:content\browser\renderer_host\media\media_stream_manager.cc:1519] MSM::DR::CreateUIRequest({label=d0b6e0f0-1a26-4458-9c80-ccc9165d5410}, [requester_id=0], {requested_audio_device_id=default,fake_audio_input_1,fake_audio_input_2}, {requested_video_device_id=})
[14504:0829/100946.604:VERBOSE1:content\browser\renderer_host\media\media_stream_manager.cc:1519] MSM::PostRequestToUI({label=d0b6e0f0-1a26-4458-9c80-ccc9165d5410}
[14504:0829/100946.605:VERBOSE1:content\browser\renderer_host\media\media_stream_manager.cc:1519] MSM::DR::SetState({label=d0b6e0f0-1a26-4458-9c80-ccc9165d5410}, [requester_id=0], {stream_type=DEVICE_AUDIO_CAPTURE}, {new_state=STATE_PENDING_APPROVAL})
[14504:0829/100946.605:VERBOSE1:content\browser\renderer_host\media\media_stream_manager.cc:1519] MSM::SetUpRequest([requester_id=1] {label=1dfc94ff-a5af-4c57-af8a-20a3b2dbc516})
[14504:0829/100946.605:VERBOSE1:content\browser\renderer_host\media\media_stream_manager.cc:1519] MSM::DR::SetAudioType({label=1dfc94ff-a5af-4c57-af8a-20a3b2dbc516}, [requester_id=1], {audio_type=DEVICE_AUDIO_CAPTURE})
[14504:0829/100946.605:VERBOSE1:content\browser\renderer_host\media\media_stream_manager.cc:1519] MSM::DR::SetVideoType({label=1dfc94ff-a5af-4c57-af8a-20a3b2dbc516}, [requester_id=1], {video_type=NO_SERVICE})
[14504:0829/100946.605:VERBOSE1:content\browser\renderer_host\media\media_stream_manager.cc:1519] MSM::StartEnumeration({requester_id=1}, {label=1dfc94ff-a5af-4c57-af8a-20a3b2dbc516})
[14504:0829/100946.605:VERBOSE1:content\browser\renderer_host\media\media_stream_manager.cc:1519] MSM::DR::SetState({label=1dfc94ff-a5af-4c57-af8a-20a3b2dbc516}, [requester_id=1], {stream_type=DEVICE_AUDIO_CAPTURE}, {new_state=STATE_REQUESTED})
[14504:0829/100946.605:VERBOSE1:content\browser\renderer_host\media\media_stream_manager.cc:1519] MDM::EnumerateDevices({request_id=0})
[14504:0829/100946.605:VERBOSE1:content\browser\renderer_host\media\media_stream_manager.cc:1519] MSM::DevicesEnumerated({label=1dfc94ff-a5af-4c57-af8a-20a3b2dbc516}, {requester_id=1}, {request_type=MEDIA_GENERATE_STREAM})
[14504:0829/100946.605:VERBOSE1:content\browser\renderer_host\media\media_stream_manager.cc:1519] MSM::DR::SetState({label=1dfc94ff-a5af-4c57-af8a-20a3b2dbc516}, [requester_id=1], {stream_type=DEVICE_AUDIO_CAPTURE}, {new_state=STATE_PENDING_APPROVAL})
[14504:0829/100946.605:VERBOSE1:content\browser\renderer_host\media\media_stream_manager.cc:1519] MSM::SetUpDeviceCaptureRequest([requester_id=1] {label=1dfc94ff-a5af-4c57-af8a-20a3b2dbc516})
[14504:0829/100946.605:VERBOSE1:content\browser\renderer_host\media\media_stream_manager.cc:1519] MSM::DR::CreateUIRequest({label=1dfc94ff-a5af-4c57-af8a-20a3b2dbc516}, [requester_id=1], {requested_audio_device_id=default,fake_audio_input_1,fake_audio_input_2}, {requested_video_device_id=})
[14504:0829/100946.605:VERBOSE1:content\browser\renderer_host\media\media_stream_manager.cc:1519] MSM::PostRequestToUI({label=1dfc94ff-a5af-4c57-af8a-20a3b2dbc516}
[14504:0829/100946.605:VERBOSE1:content\browser\renderer_host\media\media_stream_manager.cc:1519] MSM::DR::SetState({label=1dfc94ff-a5af-4c57-af8a-20a3b2dbc516}, [requester_id=1], {stream_type=DEVICE_AUDIO_CAPTURE}, {new_state=STATE_PENDING_APPROVAL})
[14504:0829/100946.605:VERBOSE1:content\browser\renderer_host\media\media_stream_manager.cc:1519] MSM::HandleAccessRequestResponse({label=d0b6e0f0-1a26-4458-9c80-ccc9165d5410}, {request=MEDIA_GENERATE_STREAM}, {result=OK})
[14504:0829/100946.605:VERBOSE1:content\browser\renderer_host\media\media_stream_manager.cc:1519] AIDM::Open({session_id=2658F09738210CF3BA10C5BE62703283}, {device=[type: DEVICE_AUDIO_CAPTURE, id: default, group_id: fake_group_audio_input_default, name: Fake Default Audio Input, parameters: [format: FAKE, channel_layout: 3, channels: 2, sample_rate: 44100, frames_per_buffer: 441, effects: NONE, mic_positions: , latency_tag: LatencyUnknown]]})
[14504:0829/100946.605:VERBOSE1:content\browser\renderer_host\media\media_stream_manager.cc:1519] MSM::DR::SetState({label=d0b6e0f0-1a26-4458-9c80-ccc9165d5410}, [requester_id=0], {stream_type=DEVICE_AUDIO_CAPTURE}, {new_state=STATE_OPENING})
[14504:0829/100946.605:VERBOSE1:content\browser\renderer_host\media\media_stream_manager.cc:1519] MSM::HandleAccessRequestResponse([label=d0b6e0f0-1a26-4458-9c80-ccc9165d5410]) => (opening device: [id: default, session_id: 2658F09738210CF3BA10C5BE62703283])
[14504:0829/100946.605:VERBOSE1:content\browser\renderer_host\media\media_stream_manager.cc:1519] MSM::HandleAccessRequestResponse({label=1dfc94ff-a5af-4c57-af8a-20a3b2dbc516}, {request=MEDIA_GENERATE_STREAM}, {result=OK})
[14504:0829/100946.605:VERBOSE1:content\browser\renderer_host\media\media_stream_manager.cc:1519] AIDM::Open({session_id=E6ED93951C782E0AF9E57E97871FB078}, {device=[type: DEVICE_AUDIO_CAPTURE, id: default, group_id: fake_group_audio_input_default, name: Fake Default Audio Input, parameters: [format: FAKE, channel_layout: 3, channels: 2, sample_rate: 44100, frames_per_buffer: 441, effects: NONE, mic_positions: , latency_tag: LatencyUnknown]]})
[14504:0829/100946.605:VERBOSE1:content\browser\renderer_host\media\media_stream_manager.cc:1519] MSM::DR::SetState({label=1dfc94ff-a5af-4c57-af8a-20a3b2dbc516}, [requester_id=1], {stream_type=DEVICE_AUDIO_CAPTURE}, {new_state=STATE_OPENING})
[14504:0829/100946.605:VERBOSE1:content\browser\renderer_host\media\media_stream_manager.cc:1519] MSM::HandleAccessRequestResponse([label=1dfc94ff-a5af-4c57-af8a-20a3b2dbc516]) => (opening device: [id: default, session_id: E6ED93951C782E0AF9E57E97871FB078])
[14504:0829/100946.608:VERBOSE1:content\browser\renderer_host\media\media_stream_manager.cc:1519] AIDM::Opened({session_id=2658F09738210CF3BA10C5BE62703283})
[14504:0829/100946.608:VERBOSE1:content\browser\renderer_host\media\media_stream_manager.cc:1519] MSM::Opened({stream_type=DEVICE_AUDIO_CAPTURE}, {session_id=2658F09738210CF3BA10C5BE62703283})
[14504:0829/100946.608:VERBOSE1:content\browser\renderer_host\media\media_stream_manager.cc:1519] MSM::DR::SetState({label=d0b6e0f0-1a26-4458-9c80-ccc9165d5410}, [requester_id=0], {stream_type=DEVICE_AUDIO_CAPTURE}, {new_state=STATE_DONE})
[14504:0829/100946.608:VERBOSE1:content\browser\renderer_host\media\media_stream_manager.cc:1519] MSM::FinalizeGenerateStreams({label=d0b6e0f0-1a26-4458-9c80-ccc9165d5410}, {requester_id=0}, {request_type=MEDIA_GENERATE_STREAM})
[14504:0829/100946.608:VERBOSE1:content\browser\renderer_host\media\media_stream_manager.cc:1519] MSM::OnStreamStarted({label=d0b6e0f0-1a26-4458-9c80-ccc9165d5410}, {requester_id=0}, {request_type=MEDIA_GENERATE_STREAM})
[14504:0829/100946.608:VERBOSE1:content\browser\renderer_host\media\media_stream_manager.cc:1519] MSM::PanTiltZoomPermissionChecked({label=d0b6e0f0-1a26-4458-9c80-ccc9165d5410}, {requester_id=0}, {request_type=MEDIA_GENERATE_STREAM}, {pan_tilt_zoom_allowed=1})
[14504:0829/100946.609:VERBOSE1:content\browser\renderer_host\media\media_stream_manager.cc:1519] AIDM::Opened({session_id=E6ED93951C782E0AF9E57E97871FB078})
[14504:0829/100946.609:VERBOSE1:content\browser\renderer_host\media\media_stream_manager.cc:1519] MSM::Opened({stream_type=DEVICE_AUDIO_CAPTURE}, {session_id=E6ED93951C782E0AF9E57E97871FB078})
[14504:0829/100946.609:VERBOSE1:content\browser\renderer_host\media\media_stream_manager.cc:1519] MSM::DR::SetState({label=1dfc94ff-a5af-4c57-af8a-20a3b2dbc516}, [requester_id=1], {stream_type=DEVICE_AUDIO_CAPTURE}, {new_state=STATE_DONE})
[14504:0829/100946.611:VERBOSE1:content\browser\renderer_host\media\media_stream_manager.cc:1519] MSM::FinalizeGenerateStreams({label=1dfc94ff-a5af-4c57-af8a-20a3b2dbc516}, {requester_id=1}, {request_type=MEDIA_GENERATE_STREAM})
[14504:0829/100946.611:VERBOSE1:content\browser\renderer_host\media\media_stream_manager.cc:1519] MSM::OnStreamStarted({label=1dfc94ff-a5af-4c57-af8a-20a3b2dbc516}, {requester_id=1}, {request_type=MEDIA_GENERATE_STREAM})
[14504:0829/100946.611:VERBOSE1:content\browser\renderer_host\media\media_stream_manager.cc:1519] MSM::PanTiltZoomPermissionChecked({label=1dfc94ff-a5af-4c57-af8a-20a3b2dbc516}, {requester_id=1}, {request_type=MEDIA_GENERATE_STREAM}, {pan_tilt_zoom_allowed=1})
[14504:0829/100946.618:VERBOSE1:content\browser\renderer_host\media\media_stream_manager.cc:1519] SF::CreateInputStream(device_id=default, params=[format: FAKE, channel_layout: 2, channels: 1, sample_rate: 48000, frames_per_buffer: 480, effects: NONE, mic_positions: , latency_tag: LatencyUnknown])
[14504:0829/100946.618:VERBOSE1:content\browser\renderer_host\media\media_stream_manager.cc:1519] SF::GetNewReferenceSignalProvider()
[14504:0829/100946.618:VERBOSE1:content\browser\renderer_host\media\media_stream_manager.cc:1519] SF::GetNewReferenceSignalProvider: using OutputDeviceMixerManager
[14504:0829/100946.618:VERBOSE1:content\browser\renderer_host\media\media_stream_manager.cc:1519] AISW::InputSyncWriter({shared_memory_segment_count=10}, {params=format: FAKE, channel_layout: 2, channels: 1, sample_rate: 48000, frames_per_buffer: 480, effects: NONE, mic_positions: , latency_tag: LatencyUnknown}) [id=69562662F00799F4C08B9CC6D23E4143]
[14504:0829/100946.618:VERBOSE1:content\browser\renderer_host\media\media_stream_manager.cc:1519] AISW::InputSyncWriter => (shared_memory_segment_size=[1968], audio_bus_memory_size=[1920]) [id=69562662F00799F4C08B9CC6D23E4143]
[14504:0829/100946.618:VERBOSE1:content\browser\renderer_host\media\media_stream_manager.cc:1519] audio::IS::Ctor({device_id=default}, {params=[format: FAKE, channel_layout: 2, channels: 1, sample_rate: 48000, frames_per_buffer: 480, effects: NONE, mic_positions: , latency_tag: LatencyUnknown]}, {enable_agc=1}) [id=AF70588784C42B136ABF5DA12B75836D]
[14504:0829/100946.618:VERBOSE1:content\browser\renderer_host\media\media_stream_manager.cc:1519] AIC::InputController => (delay reporter uses ChromeWideAEC as AEC type) [id=AF70588784C42B136ABF5DA12B75836D]
[14504:0829/100946.618:VERBOSE1:content\browser\renderer_host\media\media_stream_manager.cc:1519] AIC::MaybeSetUpAudioProcessing({processing_config=[aec: yes, ns: yes, gain control: yes, multichannel capture processing: no, loopback aec: no]}, {processing_output_params=[format: FAKE, channel_layout: 2, channels: 1, sample_rate: 48000, frames_per_buffer: 480, effects: NONE, mic_positions: , latency_tag: LatencyUnknown]}, {device_params=[format: PCM_LOW_LATENCY, channel_layout: 3, channels: 2, sample_rate: 48000, frames_per_buffer: 480, effects: NONE, mic_positions: , latency_tag: LatencyUnknown, hw_capabilities: min_frames_per_buffer: 480, max_frames_per_buffer: 480, bitstream_formats:0, require_encapsulation:0, require_audio_offload:0]}) [id=AF70588784C42B136ABF5DA12B75836D]
[14504:0829/100946.618:VERBOSE1:content\browser\renderer_host\media\media_stream_manager.cc:1519] AIC::MaybeSetUpAudioProcessing => (needs WebRTC audio processing: true) [id=AF70588784C42B136ABF5DA12B75836D]
[14504:0829/100946.618:VERBOSE1:content\browser\renderer_host\media\media_stream_manager.cc:1519] AudioProcessor::Create({multi_channel_capture_processing=false, neural_residual_echo_estimator_present=false}) [id=AF70588784C42B136ABF5DA12B75836D]
[14504:0829/100946.618:VERBOSE1:content\browser\renderer_host\media\media_stream_manager.cc:1519] MSAP::AudioProcessor({input_format_=[format: FAKE, channel_layout: 3, channels: 2, sample_rate: 48000, frames_per_buffer: 480, effects: NONE, mic_positions: , latency_tag: LatencyUnknown], output_format_=[format: FAKE, channel_layout: 2, channels: 1, sample_rate: 48000, frames_per_buffer: 480, effects: NONE, mic_positions: , latency_tag: LatencyUnknown], added_aec_delay=[0]}) [this=0x5CB4000EDA40] [id=AF70588784C42B136ABF5DA12B75836D]
[14504:0829/100946.618:VERBOSE1:content\browser\renderer_host\media\media_stream_manager.cc:1519] MSAP::AudioProcessor => (capture FIFO: fifo_output_frames_per_buffer=480) [this=0x5CB4000EDA40] [id=AF70588784C42B136ABF5DA12B75836D]
[14504:0829/100946.618:VERBOSE1:content\browser\renderer_host\media\media_stream_manager.cc:1519] AIC::MaybeSetUpAudioProcessing => (echo cancellation is: enabled) [id=AF70588784C42B136ABF5DA12B75836D]
[14504:0829/100946.618:VERBOSE1:content\browser\renderer_host\media\media_stream_manager.cc:1519] AIC::DoCreate({device_name=Default - Unknown}) [id=AF70588784C42B136ABF5DA12B75836D]
[14504:0829/100946.618:VERBOSE1:content\browser\renderer_host\media\media_stream_manager.cc:1519] AMB::MakeAudioInputStream({device_id=default}, {params=[format: FAKE, channel_layout: 3, channels: 2, sample_rate: 48000, frames_per_buffer: 480, effects: NONE, mic_positions: , latency_tag: LatencyUnknown]}) [id=AF70588784C42B136ABF5DA12B75836D]
[14504:0829/100946.618:VERBOSE1:content\browser\renderer_host\media\media_stream_manager.cc:1519] AMB::MakeAudioInputStream => (number of streams=1) [id=AF70588784C42B136ABF5DA12B75836D]
[14504:0829/100946.618:VERBOSE1:content\browser\renderer_host\media\media_stream_manager.cc:1519] AIC::DoCreate => (power_measurement_is_enabled=0) [id=AF70588784C42B136ABF5DA12B75836D]
[14504:0829/100946.618:VERBOSE1:content\browser\renderer_host\media\media_stream_manager.cc:1519] audio::IS::OnCreated({muted=false}) [id=AF70588784C42B136ABF5DA12B75836D]
[14504:0829/100946.618:VERBOSE1:content\browser\renderer_host\media\media_stream_manager.cc:1519] audio::IS::OnCreated({muted=false}) => (completed, duration=0 ms) [id=AF70588784C42B136ABF5DA12B75836D]
[14504:0829/100946.618:VERBOSE1:content\browser\renderer_host\media\media_stream_manager.cc:1519] audio::IS::Create => (duration=5 ms) [id=AF70588784C42B136ABF5DA12B75836D]
[14504:0829/100946.619:VERBOSE1:content\browser\renderer_host\media\media_stream_manager.cc:1519] MDM::HandleEnumerateDevicesRequest({request_id=5}, {render_process_id=6}, {render_frame_id=1}, {audio_input=true}, {video_input=true}, {audio_output=true}, {request_audio_capabilities=true}, {request_video_capabilities=true})
[14504:0829/100946.619:VERBOSE1:content\browser\renderer_host\media\media_stream_manager.cc:1519] MDM::CheckPermissionsForEnumerateDevices({request_id=5})
[14504:0829/100946.619:VERBOSE1:content\browser\renderer_host\media\media_stream_manager.cc:1519] MDM::OnPermissionsCheckDone({request_id=5}, {has_audio_permission=true}, {has_video_permission=true})
[14504:0829/100946.619:VERBOSE1:content\browser\renderer_host\media\media_stream_manager.cc:1519] MDM::EnumerateAndRankDevices({request_id=5})
[14504:0829/100946.619:VERBOSE1:content\browser\renderer_host\media\media_stream_manager.cc:1519] MDM::EnumerateDevices({request_id=5})
[14504:0829/100946.619:VERBOSE1:content\browser\renderer_host\media\media_stream_manager.cc:1519] MDM::OnDevicesEnumeratedAndRanked({request_id=5}, {has_audio_permission=true}, {has_video_permission=true})
[14504:0829/100946.619:VERBOSE1:content\browser\renderer_host\media\media_stream_manager.cc:1519] MDM::GotAudioInputCapabilities({request_id=5}, {label=[Fake Default Audio Input]}, {is_valid=true}, {sample_rate=44100}, {channels=2}, {latency_ms=10})
[14504:0829/100946.619:VERBOSE1:content\browser\renderer_host\media\media_stream_manager.cc:1519] MDM::GotAudioInputCapabilities({request_id=5}, {label=[Fake Audio Input 1]}, {is_valid=true}, {sample_rate=44100}, {channels=2}, {latency_ms=10})
[14504:0829/100946.619:VERBOSE1:content\browser\renderer_host\media\media_stream_manager.cc:1519] MDM::GotAudioInputCapabilities({request_id=5}, {label=[Fake Audio Input 2]}, {is_valid=true}, {sample_rate=44100}, {channels=2}, {latency_ms=10})
[14504:0829/100946.619:VERBOSE1:content\browser\renderer_host\media\media_stream_manager.cc:1519] MDM::FinalizeDevicesEnumerated({request_id=5}, {audio_count=3}, {video_count=1})
[14504:0829/100946.621:VERBOSE1:content\browser\renderer_host\media\media_stream_manager.cc:1519] RFAOSF::RequestDeviceAuthorization({device_id=}) [process_id=6, frame_id=1]
[14504:0829/100946.623:VERBOSE1:content\browser\renderer_host\media\media_stream_manager.cc:1519] SF::CreateInputStream(device_id=default, params=[format: FAKE, channel_layout: 2, channels: 1, sample_rate: 48000, frames_per_buffer: 480, effects: NONE, mic_positions: , latency_tag: LatencyUnknown])
[14504:0829/100946.623:VERBOSE1:content\browser\renderer_host\media\media_stream_manager.cc:1519] SF::GetNewReferenceSignalProvider()
[14504:0829/100946.623:VERBOSE1:content\browser\renderer_host\media\media_stream_manager.cc:1519] SF::GetNewReferenceSignalProvider: using OutputDeviceMixerManager
[14504:0829/100946.623:VERBOSE1:content\browser\renderer_host\media\media_stream_manager.cc:1519] AISW::InputSyncWriter({shared_memory_segment_count=10}, {params=format: FAKE, channel_layout: 2, channels: 1, sample_rate: 48000, frames_per_buffer: 480, effects: NONE, mic_positions: , latency_tag: LatencyUnknown}) [id=21F09E76FD2A5972B232F921D1065F4E]
[14504:0829/100946.623:VERBOSE1:content\browser\renderer_host\media\media_stream_manager.cc:1519] AISW::InputSyncWriter => (shared_memory_segment_size=[1968], audio_bus_memory_size=[1920]) [id=21F09E76FD2A5972B232F921D1065F4E]
[14504:0829/100946.623:VERBOSE1:content\browser\renderer_host\media\media_stream_manager.cc:1519] audio::IS::Ctor({device_id=default}, {params=[format: FAKE, channel_layout: 2, channels: 1, sample_rate: 48000, frames_per_buffer: 480, effects: NONE, mic_positions: , latency_tag: LatencyUnknown]}, {enable_agc=1}) [id=F4086FB5CA923AC8C4E079E8127370EF]
[14504:0829/100946.624:VERBOSE1:content\browser\renderer_host\media\media_stream_manager.cc:1519] MDM::HandleEnumerateDevicesRequest({request_id=6}, {render_process_id=7}, {render_frame_id=1}, {audio_input=true}, {video_input=true}, {audio_output=true}, {request_audio_capabilities=true}, {request_video_capabilities=true})
[14504:0829/100946.624:VERBOSE1:content\browser\renderer_host\media\media_stream_manager.cc:1519] MDM::CheckPermissionsForEnumerateDevices({request_id=6})
[14504:0829/100946.624:VERBOSE1:content\browser\renderer_host\media\media_stream_manager.cc:1519] MDM::OnPermissionsCheckDone({request_id=6}, {has_audio_permission=true}, {has_video_permission=true})
[14504:0829/100946.624:VERBOSE1:content\browser\renderer_host\media\media_stream_manager.cc:1519] MDM::EnumerateAndRankDevices({request_id=6})
[14504:0829/100946.624:VERBOSE1:content\browser\renderer_host\media\media_stream_manager.cc:1519] MDM::EnumerateDevices({request_id=6})
[14504:0829/100946.624:VERBOSE1:content\browser\renderer_host\media\media_stream_manager.cc:1519] MDM::OnDevicesEnumeratedAndRanked({request_id=6}, {has_audio_permission=true}, {has_video_permission=true})
[14504:0829/100946.624:VERBOSE1:content\browser\renderer_host\media\media_stream_manager.cc:1519] MDM::GotAudioInputCapabilities({request_id=6}, {label=[Fake Default Audio Input]}, {is_valid=true}, {sample_rate=44100}, {channels=2}, {latency_ms=10})
[14504:0829/100946.624:VERBOSE1:content\browser\renderer_host\media\media_stream_manager.cc:1519] MDM::GotAudioInputCapabilities({request_id=6}, {label=[Fake Audio Input 1]}, {is_valid=true}, {sample_rate=44100}, {channels=2}, {latency_ms=10})
[14504:0829/100946.624:VERBOSE1:content\browser\renderer_host\media\media_stream_manager.cc:1519] MDM::GotAudioInputCapabilities({request_id=6}, {label=[Fake Audio Input 2]}, {is_valid=true}, {sample_rate=44100}, {channels=2}, {latency_ms=10})
[14504:0829/100946.624:VERBOSE1:content\browser\renderer_host\media\media_stream_manager.cc:1519] MDM::FinalizeDevicesEnumerated({request_id=6}, {audio_count=3}, {video_count=1})
[14504:0829/100946.626:VERBOSE1:content\browser\renderer_host\media\media_stream_manager.cc:1519] RFAOSF::RequestDeviceAuthorization({device_id=}) [process_id=7, frame_id=1]
[14504:0829/100946.627:VERBOSE1:content\browser\renderer_host\media\media_stream_manager.cc:1519] RFAOSF::AuthorizationCompleted({status=OK}, {params=format: PCM_LOW_LATENCY, channel_layout: 14, channels: 8, sample_rate: 96000, frames_per_buffer: 960, effects: NONE, mic_positions: , latency_tag: LatencyUnknown, hw_capabilities: min_frames_per_buffer: 192, max_frames_per_buffer: 960, bitstream_formats:0, require_encapsulation:0, require_audio_offload:0}, {device_id=default}) [process_id=6, frame_id=1]
[14504:0829/100946.627:VERBOSE1:content\browser\renderer_host\media\media_stream_manager.cc:1519] RFAOSF::AuthorizationCompleted => (authorization time=6 ms) [process_id=6, frame_id=1]
[14504:0829/100946.627:VERBOSE1:content\browser\renderer_host\media\media_stream_manager.cc:1519] AIC::InputController => (delay reporter uses ChromeWideAEC as AEC type) [id=F4086FB5CA923AC8C4E079E8127370EF]
[14504:0829/100946.627:VERBOSE1:content\browser\renderer_host\media\media_stream_manager.cc:1519] AIC::MaybeSetUpAudioProcessing({processing_config=[aec: yes, ns: yes, gain control: yes, multichannel capture processing: no, loopback aec: no]}, {processing_output_params=[format: FAKE, channel_layout: 2, channels: 1, sample_rate: 48000, frames_per_buffer: 480, effects: NONE, mic_positions: , latency_tag: LatencyUnknown]}, {device_params=[format: PCM_LOW_LATENCY, channel_layout: 3, channels: 2, sample_rate: 48000, frames_per_buffer: 480, effects: NONE, mic_positions: , latency_tag: LatencyUnknown, hw_capabilities: min_frames_per_buffer: 480, max_frames_per_buffer: 480, bitstream_formats:0, require_encapsulation:0, require_audio_offload:0]}) [id=F4086FB5CA923AC8C4E079E8127370EF]
[14504:0829/100946.627:VERBOSE1:content\browser\renderer_host\media\media_stream_manager.cc:1519] AIC::MaybeSetUpAudioProcessing => (needs WebRTC audio processing: true) [id=F4086FB5CA923AC8C4E079E8127370EF]
[14504:0829/100946.627:VERBOSE1:content\browser\renderer_host\media\media_stream_manager.cc:1519] AudioProcessor::Create({multi_channel_capture_processing=false, neural_residual_echo_estimator_present=false}) [id=F4086FB5CA923AC8C4E079E8127370EF]
[14504:0829/100946.627:VERBOSE1:content\browser\renderer_host\media\media_stream_manager.cc:1519] MSAP::AudioProcessor({input_format_=[format: FAKE, channel_layout: 3, channels: 2, sample_rate: 48000, frames_per_buffer: 480, effects: NONE, mic_positions: , latency_tag: LatencyUnknown], output_format_=[format: FAKE, channel_layout: 2, channels: 1, sample_rate: 48000, frames_per_buffer: 480, effects: NONE, mic_positions: , latency_tag: LatencyUnknown], added_aec_delay=[0]}) [this=0x5CB4000EDDC0] [id=F4086FB5CA923AC8C4E079E8127370EF]
[14504:0829/100946.627:VERBOSE1:content\browser\renderer_host\media\media_stream_manager.cc:1519] MSAP::AudioProcessor => (capture FIFO: fifo_output_frames_per_buffer=480) [this=0x5CB4000EDDC0] [id=F4086FB5CA923AC8C4E079E8127370EF]
[14504:0829/100946.627:VERBOSE1:content\browser\renderer_host\media\media_stream_manager.cc:1519] AIC::MaybeSetUpAudioProcessing => (echo cancellation is: enabled) [id=F4086FB5CA923AC8C4E079E8127370EF]
[14504:0829/100946.627:VERBOSE1:content\browser\renderer_host\media\media_stream_manager.cc:1519] AIC::DoCreate({device_name=Default - Unknown}) [id=F4086FB5CA923AC8C4E079E8127370EF]
[14504:0829/100946.627:VERBOSE1:content\browser\renderer_host\media\media_stream_manager.cc:1519] AMB::MakeAudioInputStream({device_id=default}, {params=[format: FAKE, channel_layout: 3, channels: 2, sample_rate: 48000, frames_per_buffer: 480, effects: NONE, mic_positions: , latency_tag: LatencyUnknown]}) [id=F4086FB5CA923AC8C4E079E8127370EF]
[14504:0829/100946.627:VERBOSE1:content\browser\renderer_host\media\media_stream_manager.cc:1519] AMB::MakeAudioInputStream => (number of streams=2) [id=F4086FB5CA923AC8C4E079E8127370EF]
[14504:0829/100946.627:VERBOSE1:content\browser\renderer_host\media\media_stream_manager.cc:1519] AIC::DoCreate => (power_measurement_is_enabled=0) [id=F4086FB5CA923AC8C4E079E8127370EF]
[14504:0829/100946.627:VERBOSE1:content\browser\renderer_host\media\media_stream_manager.cc:1519] audio::IS::OnCreated({muted=false}) [id=F4086FB5CA923AC8C4E079E8127370EF]
[14504:0829/100946.627:VERBOSE1:content\browser\renderer_host\media\media_stream_manager.cc:1519] audio::IS::OnCreated({muted=false}) => (completed, duration=0 ms) [id=F4086FB5CA923AC8C4E079E8127370EF]
[14504:0829/100946.627:VERBOSE1:content\browser\renderer_host\media\media_stream_manager.cc:1519] audio::IS::Create => (duration=3 ms) [id=F4086FB5CA923AC8C4E079E8127370EF]
[14504:0829/100946.627:VERBOSE1:content\browser\renderer_host\media\media_stream_manager.cc:1519] audio::IS::Record() [id=AF70588784C42B136ABF5DA12B75836D]
[14504:0829/100946.627:VERBOSE1:content\browser\renderer_host\media\media_stream_manager.cc:1519] AIC::Record [id=AF70588784C42B136ABF5DA12B75836D]
[14504:0829/100946.629:VERBOSE1:content\browser\renderer_host\media\media_stream_manager.cc:1519] OutputTapper: listening to output device:  [id=AF70588784C42B136ABF5DA12B75836D]
[14504:0829/100946.629:VERBOSE1:content\browser\renderer_host\media\media_stream_manager.cc:1519] audio::IS::Record() => (duration=0 ms) [id=AF70588784C42B136ABF5DA12B75836D]
[14504:0829/100946.629:VERBOSE1:content\browser\renderer_host\media\media_stream_manager.cc:1519] audio::IS::SetOutputDeviceForAec({output_device_id=}) [id=AF70588784C42B136ABF5DA12B75836D]
[14504:0829/100946.629:VERBOSE1:content\browser\renderer_host\media\media_stream_manager.cc:1519] AISW::CheckTimeSinceLastWrite => (audio input data received for the first time: delay=10 ms) [id=69562662F00799F4C08B9CC6D23E4143]
[14504:0829/100946.629:VERBOSE1:content\browser\renderer_host\media\media_stream_manager.cc:1519] RFAOSF::RequestDeviceAuthorization({device_id=}) [process_id=6, frame_id=1]
[14504:0829/100946.632:VERBOSE1:content\browser\renderer_host\media\media_stream_manager.cc:1519] RFAOSF::AuthorizationCompleted({status=OK}, {params=format: PCM_LOW_LATENCY, channel_layout: 14, channels: 8, sample_rate: 96000, frames_per_buffer: 960, effects: NONE, mic_positions: , latency_tag: LatencyUnknown, hw_capabilities: min_frames_per_buffer: 192, max_frames_per_buffer: 960, bitstream_formats:0, require_encapsulation:0, require_audio_offload:0}, {device_id=default}) [process_id=7, frame_id=1]
[14504:0829/100946.632:VERBOSE1:content\browser\renderer_host\media\media_stream_manager.cc:1519] RFAOSF::AuthorizationCompleted => (authorization time=6 ms) [process_id=7, frame_id=1]
[14504:0829/100946.633:VERBOSE1:content\browser\renderer_host\media\media_stream_manager.cc:1519] audio::IS::Record() [id=F4086FB5CA923AC8C4E079E8127370EF]
[14504:0829/100946.633:VERBOSE1:content\browser\renderer_host\media\media_stream_manager.cc:1519] AIC::Record [id=F4086FB5CA923AC8C4E079E8127370EF]
[14504:0829/100946.633:VERBOSE1:content\browser\renderer_host\media\media_stream_manager.cc:1519] OutputTapper: listening to output device:  [id=F4086FB5CA923AC8C4E079E8127370EF]
[14504:0829/100946.633:VERBOSE1:content\browser\renderer_host\media\media_stream_manager.cc:1519] audio::IS::Record() => (duration=0 ms) [id=F4086FB5CA923AC8C4E079E8127370EF]
[14504:0829/100946.633:VERBOSE1:content\browser\renderer_host\media\media_stream_manager.cc:1519] audio::IS::SetOutputDeviceForAec({output_device_id=}) [id=F4086FB5CA923AC8C4E079E8127370EF]
[14504:0829/100946.633:VERBOSE1:content\browser\renderer_host\media\media_stream_manager.cc:1519] AIC::ReportIsAlive => (stream is alive) [id=AF70588784C42B136ABF5DA12B75836D]
[14504:0829/100946.633:VERBOSE1:content\browser\renderer_host\media\media_stream_manager.cc:1519] AISW::CheckTimeSinceLastWrite => (audio input data received for the first time: delay=10 ms) [id=21F09E76FD2A5972B232F921D1065F4E]
[14504:0829/100946.633:VERBOSE1:content\browser\renderer_host\media\media_stream_manager.cc:1519] RFAOSF::RequestDeviceAuthorization({device_id=}) [process_id=7, frame_id=1]
[14504:0829/100946.636:VERBOSE1:content\browser\renderer_host\media\media_stream_manager.cc:1519] RFAOSF::AuthorizationCompleted({status=OK}, {params=format: PCM_LOW_LATENCY, channel_layout: 14, channels: 8, sample_rate: 96000, frames_per_buffer: 960, effects: NONE, mic_positions: , latency_tag: LatencyUnknown, hw_capabilities: min_frames_per_buffer: 192, max_frames_per_buffer: 960, bitstream_formats:0, require_encapsulation:0, require_audio_offload:0}, {device_id=default}) [process_id=6, frame_id=1]
[14504:0829/100946.636:VERBOSE1:content\browser\renderer_host\media\media_stream_manager.cc:1519] RFAOSF::AuthorizationCompleted => (authorization time=8 ms) [process_id=6, frame_id=1]
[14504:0829/100946.636:VERBOSE1:content\browser\renderer_host\media\media_stream_manager.cc:1519] AIC::ReportIsAlive => (stream is alive) [id=F4086FB5CA923AC8C4E079E8127370EF]
[14504:0829/100946.641:VERBOSE1:content\browser\renderer_host\media\media_stream_manager.cc:1519] RFAOSF::AuthorizationCompleted({status=OK}, {params=format: PCM_LOW_LATENCY, channel_layout: 14, channels: 8, sample_rate: 96000, frames_per_buffer: 960, effects: NONE, mic_positions: , latency_tag: LatencyUnknown, hw_capabilities: min_frames_per_buffer: 192, max_frames_per_buffer: 960, bitstream_formats:0, require_encapsulation:0, require_audio_offload:0}, {device_id=default}) [process_id=7, frame_id=1]
[14504:0829/100946.641:VERBOSE1:content\browser\renderer_host\media\media_stream_manager.cc:1519] RFAOSF::AuthorizationCompleted => (authorization time=7 ms) [process_id=7, frame_id=1]
[14504:0829/100946.645:VERBOSE1:content\browser\renderer_host\media\media_stream_manager.cc:1519] AMB::MakeAudioOutputStream({device_id={0.0.0.00000000}.{e1abc020-acae-4cca-a51a-4dd20c0ea987}}, {params=[format: PCM_LOW_LATENCY, channel_layout: 14, channels: 8, sample_rate: 96000, frames_per_buffer: 960, effects: NONE, mic_positions: , latency_tag: LatencyUnknown, hw_capabilities: min_frames_per_buffer: 192, max_frames_per_buffer: 960, bitstream_formats:0, require_encapsulation:0, require_audio_offload:0]})
[14504:0829/100946.645:VERBOSE1:content\browser\renderer_host\media\media_stream_manager.cc:1519] WAOS[id=E55E6861B5BBBB26C8216CB8E40386DB]: WASAPIAudioOutputStream({device_name=Unknown}, {params=[format: PCM_LOW_LATENCY, channel_layout: 14, channels: 8, sample_rate: 96000, frames_per_buffer: 960, effects: NONE, mic_positions: , latency_tag: LatencyUnknown, hw_capabilities: min_frames_per_buffer: 192, max_frames_per_buffer: 960, bitstream_formats:0, require_encapsulation:0, require_audio_offload:0]}, {role=Console})
[14504:0829/100946.645:VERBOSE1:content\browser\renderer_host\media\media_stream_manager.cc:1519] AMB::MakeAudioOutputStream => (number of streams=1)
[14504:0829/100946.645:VERBOSE1:content\browser\renderer_host\media\media_stream_manager.cc:1519] WAOS[id=E55E6861B5BBBB26C8216CB8E40386DB]: Open([opened=false])
[14504:0829/100946.645:VERBOSE1:content\browser\renderer_host\media\media_stream_manager.cc:1519] WAOS[id=E55E6861B5BBBB26C8216CB8E40386DB]: SetupWaveFormat => (audio engine format=[wFormatTag: WAVE_FORMAT_EXTENSIBLE (0xFFFE), nChannels: 8, nSamplesPerSec: 96000, nAvgBytesPerSec: 3072000, nBlockAlign: 32, wBitsPerSample: 32, cbSize: 22 [+] wValidBitsPerSample: 32, dwChannelMask: FRONT_LEFT | FRONT_RIGHT | FRONT_CENTER | LOW_FREQUENCY | BACK_LEFT | BACK_RIGHT | SIDE_LEFT | SIDE_RIGHT (8/8), SubFormat: KSDATAFORMAT_SUBTYPE_IEEE_FLOAT])
[14504:0829/100946.647:VERBOSE1:content\browser\renderer_host\media\media_stream_manager.cc:1519] WAOS[id=E55E6861B5BBBB26C8216CB8E40386DB]: SetupWaveFormat => (packet size=[30720 bytes/960 audio frames/10.000 ms])
[14504:0829/100946.653:VERBOSE1:content\browser\renderer_host\media\media_stream_manager.cc:1519] WAOS[id=E55E6861B5BBBB26C8216CB8E40386DB]: Open => (preferred_frames_per_buffer=[960 audio frames])
[14504:0829/100946.654:VERBOSE1:content\browser\renderer_host\media\media_stream_manager.cc:1519] audio::OS::Ctor({audio_manager_name=Windows}, {device_id=default}, {params=[format: PCM_LOW_LATENCY, channel_layout: 3, channels: 2, sample_rate: 96000, frames_per_buffer: 960, effects: NONE, mic_positions: , latency_tag: LatencyInteractive]}) [id=4DD94A74FE2E69A258E566CAA1F88094] [controller_id=8EBE3C99819F5BC28D58DDBBD4C0A47B]
[14504:0829/100946.654:VERBOSE1:content\browser\renderer_host\media\media_stream_manager.cc:1519] AOC::CreateStream([state=empty]) [id=8EBE3C99819F5BC28D58DDBBD4C0A47B]
[14504:0829/100946.654:VERBOSE1:content\browser\renderer_host\media\media_stream_manager.cc:1519] AOC::RecreateStream({reason=INITIAL_STREAM}, {device_name=Default - Unknown}, {params=[format: PCM_LOW_LATENCY, channel_layout: 3, channels: 2, sample_rate: 96000, frames_per_buffer: 960, effects: NONE, mic_positions: , latency_tag: LatencyInteractive]}, [state=empty]) [id=8EBE3C99819F5BC28D58DDBBD4C0A47B]
[14504:0829/100946.654:VERBOSE1:content\browser\renderer_host\media\media_stream_manager.cc:1519] AOC::CreateStream => (state=created) [id=8EBE3C99819F5BC28D58DDBBD4C0A47B]
[14504:0829/100946.654:VERBOSE1:content\browser\renderer_host\media\media_stream_manager.cc:1519] audio::OS::CreateAudioPipe() [id=4DD94A74FE2E69A258E566CAA1F88094] [controller_id=8EBE3C99819F5BC28D58DDBBD4C0A47B]
[14504:0829/100946.654:VERBOSE1:content\browser\renderer_host\media\media_stream_manager.cc:1519] audio::OS::CreateAudioPipe() => (duration=0 ms) [id=4DD94A74FE2E69A258E566CAA1F88094] [controller_id=8EBE3C99819F5BC28D58DDBBD4C0A47B]
[14504:0829/100946.654:VERBOSE1:content\browser\renderer_host\media\media_stream_manager.cc:1519] audio::OS::Create => (duration=13 ms) [id=4DD94A74FE2E69A258E566CAA1F88094] [controller_id=8EBE3C99819F5BC28D58DDBBD4C0A47B]
[14504:0829/100946.654:VERBOSE1:content\browser\renderer_host\media\media_stream_manager.cc:1519] audio::OS::Ctor({audio_manager_name=Windows}, {device_id=default}, {params=[format: PCM_LOW_LATENCY, channel_layout: 3, channels: 2, sample_rate: 96000, frames_per_buffer: 960, effects: NONE, mic_positions: , latency_tag: LatencyInteractive]}) [id=F3D1F70A207BDD27DBAB6C09BE78D666] [controller_id=7896EF219044226B2731BB1B7A4E8373]
[14504:0829/100946.654:VERBOSE1:content\browser\renderer_host\media\media_stream_manager.cc:1519] AOC::CreateStream([state=empty]) [id=7896EF219044226B2731BB1B7A4E8373]
[14504:0829/100946.654:VERBOSE1:content\browser\renderer_host\media\media_stream_manager.cc:1519] AOC::RecreateStream({reason=INITIAL_STREAM}, {device_name=Default - Unknown}, {params=[format: PCM_LOW_LATENCY, channel_layout: 3, channels: 2, sample_rate: 96000, frames_per_buffer: 960, effects: NONE, mic_positions: , latency_tag: LatencyInteractive]}, [state=empty]) [id=7896EF219044226B2731BB1B7A4E8373]
[14504:0829/100946.655:VERBOSE1:content\browser\renderer_host\media\media_stream_manager.cc:1519] AOC::CreateStream => (state=created) [id=7896EF219044226B2731BB1B7A4E8373]
[14504:0829/100946.655:VERBOSE1:content\browser\renderer_host\media\media_stream_manager.cc:1519] audio::OS::CreateAudioPipe() [id=F3D1F70A207BDD27DBAB6C09BE78D666] [controller_id=7896EF219044226B2731BB1B7A4E8373]
[14504:0829/100946.655:VERBOSE1:content\browser\renderer_host\media\media_stream_manager.cc:1519] audio::OS::CreateAudioPipe() => (duration=0 ms) [id=F3D1F70A207BDD27DBAB6C09BE78D666] [controller_id=7896EF219044226B2731BB1B7A4E8373]
[14504:0829/100946.655:VERBOSE1:content\browser\renderer_host\media\media_stream_manager.cc:1519] audio::OS::Create => (duration=0 ms) [id=F3D1F70A207BDD27DBAB6C09BE78D666] [controller_id=7896EF219044226B2731BB1B7A4E8373]
[14504:0829/100946.655:VERBOSE1:content\browser\renderer_host\media\media_stream_manager.cc:1519] WAOS[id=E55E6861B5BBBB26C8216CB8E40386DB]: SetVolume({volume=1.00})
[14504:0829/100946.655:VERBOSE1:content\browser\renderer_host\media\media_stream_manager.cc:1519] WAOS[id=E55E6861B5BBBB26C8216CB8E40386DB]: Start([opened=true, started=false])
[14504:0829/100946.656:VERBOSE1:content\browser\renderer_host\media\media_stream_manager.cc:1519] audio::OS::Play() [id=4DD94A74FE2E69A258E566CAA1F88094] [controller_id=8EBE3C99819F5BC28D58DDBBD4C0A47B]
[14504:0829/100946.656:VERBOSE1:content\browser\renderer_host\media\media_stream_manager.cc:1519] AOC::Play([state=created]) [id=8EBE3C99819F5BC28D58DDBBD4C0A47B]
[14504:0829/100946.656:VERBOSE1:content\browser\renderer_host\media\media_stream_manager.cc:1519] AOC::StartStream => (state=playing) [id=8EBE3C99819F5BC28D58DDBBD4C0A47B]
[14504:0829/100946.656:VERBOSE1:content\browser\renderer_host\media\media_stream_manager.cc:1519] audio::OS::Play() => (duration=0 ms) [id=4DD94A74FE2E69A258E566CAA1F88094] [controller_id=8EBE3C99819F5BC28D58DDBBD4C0A47B]
[14504:0829/100946.656:VERBOSE1:content\browser\renderer_host\media\media_stream_manager.cc:1519] audio::OS::Play() [id=F3D1F70A207BDD27DBAB6C09BE78D666] [controller_id=7896EF219044226B2731BB1B7A4E8373]
[14504:0829/100946.656:VERBOSE1:content\browser\renderer_host\media\media_stream_manager.cc:1519] AOC::Play([state=created]) [id=7896EF219044226B2731BB1B7A4E8373]
[14504:0829/100946.656:VERBOSE1:content\browser\renderer_host\media\media_stream_manager.cc:1519] AOC::StartStream => (state=playing) [id=7896EF219044226B2731BB1B7A4E8373]
[14504:0829/100946.656:VERBOSE1:content\browser\renderer_host\media\media_stream_manager.cc:1519] audio::OS::Play() => (duration=0 ms) [id=F3D1F70A207BDD27DBAB6C09BE78D666] [controller_id=7896EF219044226B2731BB1B7A4E8373]
[14504:0829/100946.697:VERBOSE1:content\browser\renderer_host\media\media_stream_manager.cc:1519] AOC::Close([state=playing]) [id=8EBE3C99819F5BC28D58DDBBD4C0A47B]
[14504:0829/100946.697:VERBOSE1:content\browser\renderer_host\media\media_stream_manager.cc:1519] AOC::StopStream => (duration=0 sec) [id=8EBE3C99819F5BC28D58DDBBD4C0A47B]
[14504:0829/100946.697:VERBOSE1:content\browser\renderer_host\media\media_stream_manager.cc:1519] RFAOSF::RequestDeviceAuthorization({device_id=}) [process_id=6, frame_id=1]
[14504:0829/100946.697:VERBOSE1:content\browser\renderer_host\media\media_stream_manager.cc:1519] AOC::StopStream => (glitches=[duration (ms): 0, count: 0], glitch_percentage=0.000%) [id=8EBE3C99819F5BC28D58DDBBD4C0A47B]
[14504:0829/100946.697:VERBOSE1:content\browser\renderer_host\media\media_stream_manager.cc:1519] AOC::StopStream => (error_during_callback=false) [id=8EBE3C99819F5BC28D58DDBBD4C0A47B]
[14504:0829/100946.697:VERBOSE1:content\browser\renderer_host\media\media_stream_manager.cc:1519] AOC::StopStream => (average audio level=-inf dBFS) [id=8EBE3C99819F5BC28D58DDBBD4C0A47B]
[14504:0829/100946.697:VERBOSE1:content\browser\renderer_host\media\media_stream_manager.cc:1519] AOC::Close => (state=closed) [id=8EBE3C99819F5BC28D58DDBBD4C0A47B]
[14504:0829/100946.697:VERBOSE1:content\browser\renderer_host\media\media_stream_manager.cc:1519] audio::OS::Dtor => (completed, duration=0 ms) [id=4DD94A74FE2E69A258E566CAA1F88094] [controller_id=8EBE3C99819F5BC28D58DDBBD4C0A47B]
[14504:0829/100946.697:VERBOSE1:content\browser\renderer_host\media\media_stream_manager.cc:1519] ASR: number of detected audio glitches: 0 out of 4
[14504:0829/100946.701:VERBOSE1:content\browser\renderer_host\media\media_stream_manager.cc:1519] RFAOSF::AuthorizationCompleted({status=OK}, {params=format: PCM_LOW_LATENCY, channel_layout: 14, channels: 8, sample_rate: 96000, frames_per_buffer: 960, effects: NONE, mic_positions: , latency_tag: LatencyUnknown, hw_capabilities: min_frames_per_buffer: 192, max_frames_per_buffer: 960, bitstream_formats:0, require_encapsulation:0, require_audio_offload:0}, {device_id=default}) [process_id=6, frame_id=1]
[14504:0829/100946.701:VERBOSE1:content\browser\renderer_host\media\media_stream_manager.cc:1519] RFAOSF::AuthorizationCompleted => (authorization time=3 ms) [process_id=6, frame_id=1]
[14504:0829/100946.701:VERBOSE1:content\browser\renderer_host\media\media_stream_manager.cc:1519] audio::OS::Ctor({audio_manager_name=Windows}, {device_id=default}, {params=[format: PCM_LOW_LATENCY, channel_layout: 3, channels: 2, sample_rate: 96000, frames_per_buffer: 960, effects: NONE, mic_positions: , latency_tag: LatencyInteractive]}) [id=2BCAEBDFD57CEE7DD95C78EA4FD77B5C] [controller_id=CF485F09F3B56CE5DD8B12223839B9F7]
[14504:0829/100946.701:VERBOSE1:content\browser\renderer_host\media\media_stream_manager.cc:1519] AOC::CreateStream([state=empty]) [id=CF485F09F3B56CE5DD8B12223839B9F7]
[14504:0829/100946.701:VERBOSE1:content\browser\renderer_host\media\media_stream_manager.cc:1519] AOC::RecreateStream({reason=INITIAL_STREAM}, {device_name=Default - Unknown}, {params=[format: PCM_LOW_LATENCY, channel_layout: 3, channels: 2, sample_rate: 96000, frames_per_buffer: 960, effects: NONE, mic_positions: , latency_tag: LatencyInteractive]}, [state=empty]) [id=CF485F09F3B56CE5DD8B12223839B9F7]
[14504:0829/100946.701:VERBOSE1:content\browser\renderer_host\media\media_stream_manager.cc:1519] AOC::CreateStream => (state=created) [id=CF485F09F3B56CE5DD8B12223839B9F7]
[14504:0829/100946.701:VERBOSE1:content\browser\renderer_host\media\media_stream_manager.cc:1519] audio::OS::CreateAudioPipe() [id=2BCAEBDFD57CEE7DD95C78EA4FD77B5C] [controller_id=CF485F09F3B56CE5DD8B12223839B9F7]
[14504:0829/100946.701:VERBOSE1:content\browser\renderer_host\media\media_stream_manager.cc:1519] audio::OS::CreateAudioPipe() => (duration=0 ms) [id=2BCAEBDFD57CEE7DD95C78EA4FD77B5C] [controller_id=CF485F09F3B56CE5DD8B12223839B9F7]
[14504:0829/100946.701:VERBOSE1:content\browser\renderer_host\media\media_stream_manager.cc:1519] audio::OS::Create => (duration=0 ms) [id=2BCAEBDFD57CEE7DD95C78EA4FD77B5C] [controller_id=CF485F09F3B56CE5DD8B12223839B9F7]
[14504:0829/100946.701:VERBOSE1:content\browser\renderer_host\media\media_stream_manager.cc:1519] audio::OS::Play() [id=2BCAEBDFD57CEE7DD95C78EA4FD77B5C] [controller_id=CF485F09F3B56CE5DD8B12223839B9F7]
[14504:0829/100946.701:VERBOSE1:content\browser\renderer_host\media\media_stream_manager.cc:1519] AOC::Play([state=created]) [id=CF485F09F3B56CE5DD8B12223839B9F7]
[14504:0829/100946.701:VERBOSE1:content\browser\renderer_host\media\media_stream_manager.cc:1519] AOC::StartStream => (state=playing) [id=CF485F09F3B56CE5DD8B12223839B9F7]
[14504:0829/100946.701:VERBOSE1:content\browser\renderer_host\media\media_stream_manager.cc:1519] audio::OS::Play() => (duration=0 ms) [id=2BCAEBDFD57CEE7DD95C78EA4FD77B5C] [controller_id=CF485F09F3B56CE5DD8B12223839B9F7]
[14504:0829/100946.708:VERBOSE1:content\browser\renderer_host\media\media_stream_manager.cc:1519] AOC::Close([state=playing]) [id=7896EF219044226B2731BB1B7A4E8373]
[14504:0829/100946.708:VERBOSE1:content\browser\renderer_host\media\media_stream_manager.cc:1519] AOC::StopStream => (duration=0 sec) [id=7896EF219044226B2731BB1B7A4E8373]
[14504:0829/100946.708:VERBOSE1:content\browser\renderer_host\media\media_stream_manager.cc:1519] AOC::StopStream => (glitches=[duration (ms): 0, count: 0], glitch_percentage=0.000%) [id=7896EF219044226B2731BB1B7A4E8373]
[14504:0829/100946.708:VERBOSE1:content\browser\renderer_host\media\media_stream_manager.cc:1519] AOC::StopStream => (error_during_callback=false) [id=7896EF219044226B2731BB1B7A4E8373]
[14504:0829/100946.708:VERBOSE1:content\browser\renderer_host\media\media_stream_manager.cc:1519] AOC::StopStream => (average audio level=-inf dBFS) [id=7896EF219044226B2731BB1B7A4E8373]
[14504:0829/100946.708:VERBOSE1:content\browser\renderer_host\media\media_stream_manager.cc:1519] AOC::Close => (state=closed) [id=7896EF219044226B2731BB1B7A4E8373]
[14504:0829/100946.708:VERBOSE1:content\browser\renderer_host\media\media_stream_manager.cc:1519] audio::OS::Dtor => (completed, duration=0 ms) [id=F3D1F70A207BDD27DBAB6C09BE78D666] [controller_id=7896EF219044226B2731BB1B7A4E8373]
[14504:0829/100946.708:VERBOSE1:content\browser\renderer_host\media\media_stream_manager.cc:1519] ASR: number of detected audio glitches: 0 out of 5
[14504:0829/100946.708:VERBOSE1:content\browser\renderer_host\media\media_stream_manager.cc:1519] RFAOSF::RequestDeviceAuthorization({device_id=}) [process_id=7, frame_id=1]
[14504:0829/100946.712:VERBOSE1:content\browser\renderer_host\media\media_stream_manager.cc:1519] RFAOSF::AuthorizationCompleted({status=OK}, {params=format: PCM_LOW_LATENCY, channel_layout: 14, channels: 8, sample_rate: 96000, frames_per_buffer: 960, effects: NONE, mic_positions: , latency_tag: LatencyUnknown, hw_capabilities: min_frames_per_buffer: 192, max_frames_per_buffer: 960, bitstream_formats:0, require_encapsulation:0, require_audio_offload:0}, {device_id=default}) [process_id=7, frame_id=1]
[14504:0829/100946.712:VERBOSE1:content\browser\renderer_host\media\media_stream_manager.cc:1519] RFAOSF::AuthorizationCompleted => (authorization time=4 ms) [process_id=7, frame_id=1]
[14504:0829/100946.712:VERBOSE1:content\browser\renderer_host\media\media_stream_manager.cc:1519] RFAOSF::RequestDeviceAuthorization({device_id=}) [process_id=6, frame_id=1]
[14504:0829/100946.712:VERBOSE1:content\browser\renderer_host\media\media_stream_manager.cc:1519] AOC::Close([state=playing]) [id=CF485F09F3B56CE5DD8B12223839B9F7]
[14504:0829/100946.712:VERBOSE1:content\browser\renderer_host\media\media_stream_manager.cc:1519] AOC::StopStream => (duration=0 sec) [id=CF485F09F3B56CE5DD8B12223839B9F7]
[14504:0829/100946.712:VERBOSE1:content\browser\renderer_host\media\media_stream_manager.cc:1519] AOC::StopStream => (glitches=[duration (ms): 0, count: 0], glitch_percentage=0.000%) [id=CF485F09F3B56CE5DD8B12223839B9F7]
[14504:0829/100946.712:VERBOSE1:content\browser\renderer_host\media\media_stream_manager.cc:1519] AOC::StopStream => (error_during_callback=false) [id=CF485F09F3B56CE5DD8B12223839B9F7]
[14504:0829/100946.712:VERBOSE1:content\browser\renderer_host\media\media_stream_manager.cc:1519] AOC::StopStream => (average audio level=-inf dBFS) [id=CF485F09F3B56CE5DD8B12223839B9F7]
[14504:0829/100946.712:VERBOSE1:content\browser\renderer_host\media\media_stream_manager.cc:1519] AOC::Close => (state=closed) [id=CF485F09F3B56CE5DD8B12223839B9F7]
[14504:0829/100946.712:VERBOSE1:content\browser\renderer_host\media\media_stream_manager.cc:1519] audio::OS::Dtor => (completed, duration=0 ms) [id=2BCAEBDFD57CEE7DD95C78EA4FD77B5C] [controller_id=CF485F09F3B56CE5DD8B12223839B9F7]
[14504:0829/100946.712:VERBOSE1:content\browser\renderer_host\media\media_stream_manager.cc:1519] ASR: number of detected audio glitches: 0 out of 1
[14504:0829/100946.712:VERBOSE1:content\browser\renderer_host\media\media_stream_manager.cc:1519] RFAOSF::RequestDeviceAuthorization({device_id=}) [process_id=7, frame_id=1]
[14504:0829/100946.712:VERBOSE1:content\browser\renderer_host\media\media_stream_manager.cc:1519] RFAOSF::RequestDeviceAuthorization({device_id=}) [process_id=6, frame_id=1]
[14504:0829/100946.715:VERBOSE1:content\browser\renderer_host\media\media_stream_manager.cc:1519] RFAOSF::RequestDeviceAuthorization({device_id=}) [process_id=7, frame_id=1]
[14504:0829/100946.717:VERBOSE1:content\browser\renderer_host\media\media_stream_manager.cc:1519] RFAOSF::AuthorizationCompleted({status=OK}, {params=format: PCM_LOW_LATENCY, channel_layout: 14, channels: 8, sample_rate: 96000, frames_per_buffer: 960, effects: NONE, mic_positions: , latency_tag: LatencyUnknown, hw_capabilities: min_frames_per_buffer: 192, max_frames_per_buffer: 960, bitstream_formats:0, require_encapsulation:0, require_audio_offload:0}, {device_id=default}) [process_id=6, frame_id=1]
[14504:0829/100946.717:VERBOSE1:content\browser\renderer_host\media\media_stream_manager.cc:1519] RFAOSF::AuthorizationCompleted => (authorization time=4 ms) [process_id=6, frame_id=1]
[14504:0829/100946.717:VERBOSE1:content\browser\renderer_host\media\media_stream_manager.cc:1519] audio::OS::Ctor({audio_manager_name=Windows}, {device_id=default}, {params=[format: PCM_LOW_LATENCY, channel_layout: 3, channels: 2, sample_rate: 96000, frames_per_buffer: 960, effects: NONE, mic_positions: , latency_tag: LatencyInteractive]}) [id=93AF37D8B906F42299541C4BF788C56C] [controller_id=C3D356F9D9FFC01313B357E4E76B2F82]
[14504:0829/100946.717:VERBOSE1:content\browser\renderer_host\media\media_stream_manager.cc:1519] AOC::CreateStream([state=empty]) [id=C3D356F9D9FFC01313B357E4E76B2F82]
[14504:0829/100946.717:VERBOSE1:content\browser\renderer_host\media\media_stream_manager.cc:1519] AOC::RecreateStream({reason=INITIAL_STREAM}, {device_name=Default - Unknown}, {params=[format: PCM_LOW_LATENCY, channel_layout: 3, channels: 2, sample_rate: 96000, frames_per_buffer: 960, effects: NONE, mic_positions: , latency_tag: LatencyInteractive]}, [state=empty]) [id=C3D356F9D9FFC01313B357E4E76B2F82]
[14504:0829/100946.717:VERBOSE1:content\browser\renderer_host\media\media_stream_manager.cc:1519] AOC::CreateStream => (state=created) [id=C3D356F9D9FFC01313B357E4E76B2F82]
[14504:0829/100946.717:VERBOSE1:content\browser\renderer_host\media\media_stream_manager.cc:1519] audio::OS::CreateAudioPipe() [id=93AF37D8B906F42299541C4BF788C56C] [controller_id=C3D356F9D9FFC01313B357E4E76B2F82]
[14504:0829/100946.717:VERBOSE1:content\browser\renderer_host\media\media_stream_manager.cc:1519] audio::OS::CreateAudioPipe() => (duration=0 ms) [id=93AF37D8B906F42299541C4BF788C56C] [controller_id=C3D356F9D9FFC01313B357E4E76B2F82]
[14504:0829/100946.718:VERBOSE1:content\browser\renderer_host\media\media_stream_manager.cc:1519] audio::OS::Create => (duration=0 ms) [id=93AF37D8B906F42299541C4BF788C56C] [controller_id=C3D356F9D9FFC01313B357E4E76B2F82]
[14504:0829/100946.721:VERBOSE1:content\browser\renderer_host\media\media_stream_manager.cc:1519] RFAOSF::AuthorizationCompleted({status=OK}, {params=format: PCM_LOW_LATENCY, channel_layout: 14, channels: 8, sample_rate: 96000, frames_per_buffer: 960, effects: NONE, mic_positions: , latency_tag: LatencyUnknown, hw_capabilities: min_frames_per_buffer: 192, max_frames_per_buffer: 960, bitstream_formats:0, require_encapsulation:0, require_audio_offload:0}, {device_id=default}) [process_id=7, frame_id=1]
[14504:0829/100946.721:VERBOSE1:content\browser\renderer_host\media\media_stream_manager.cc:1519] RFAOSF::AuthorizationCompleted => (authorization time=8 ms) [process_id=7, frame_id=1]
[14504:0829/100946.724:VERBOSE1:content\browser\renderer_host\media\media_stream_manager.cc:1519] RFAOSF::AuthorizationCompleted({status=OK}, {params=format: PCM_LOW_LATENCY, channel_layout: 14, channels: 8, sample_rate: 96000, frames_per_buffer: 960, effects: NONE, mic_positions: , latency_tag: LatencyUnknown, hw_capabilities: min_frames_per_buffer: 192, max_frames_per_buffer: 960, bitstream_formats:0, require_encapsulation:0, require_audio_offload:0}, {device_id=default}) [process_id=6, frame_id=1]
[14504:0829/100946.724:VERBOSE1:content\browser\renderer_host\media\media_stream_manager.cc:1519] RFAOSF::AuthorizationCompleted => (authorization time=11 ms) [process_id=6, frame_id=1]
[14504:0829/100946.727:VERBOSE1:content\browser\renderer_host\media\media_stream_manager.cc:1519] RFAOSF::AuthorizationCompleted({status=OK}, {params=format: PCM_LOW_LATENCY, channel_layout: 14, channels: 8, sample_rate: 96000, frames_per_buffer: 960, effects: NONE, mic_positions: , latency_tag: LatencyUnknown, hw_capabilities: min_frames_per_buffer: 192, max_frames_per_buffer: 960, bitstream_formats:0, require_encapsulation:0, require_audio_offload:0}, {device_id=default}) [process_id=7, frame_id=1]
[14504:0829/100946.727:VERBOSE1:content\browser\renderer_host\media\media_stream_manager.cc:1519] RFAOSF::AuthorizationCompleted => (authorization time=13 ms) [process_id=7, frame_id=1]
[14504:0829/100946.729:VERBOSE1:content\browser\renderer_host\media\media_stream_manager.cc:1519] AOC::Close([state=created]) [id=C3D356F9D9FFC01313B357E4E76B2F82]
[14504:0829/100946.729:VERBOSE1:content\browser\renderer_host\media\media_stream_manager.cc:1519] AOC::Close => (state=closed) [id=C3D356F9D9FFC01313B357E4E76B2F82]
[14504:0829/100946.729:VERBOSE1:content\browser\renderer_host\media\media_stream_manager.cc:1519] audio::OS::Dtor => (completed, duration=0 ms) [id=93AF37D8B906F42299541C4BF788C56C] [controller_id=C3D356F9D9FFC01313B357E4E76B2F82]
[14504:0829/100946.729:VERBOSE1:content\browser\renderer_host\media\media_stream_manager.cc:1519] ASR: number of detected audio glitches: 0 out of 0
[14504:0829/100946.729:VERBOSE1:content\browser\renderer_host\media\media_stream_manager.cc:1519] audio::OS::Ctor({audio_manager_name=Windows}, {device_id=default}, {params=[format: PCM_LOW_LATENCY, channel_layout: 3, channels: 2, sample_rate: 96000, frames_per_buffer: 960, effects: NONE, mic_positions: , latency_tag: LatencyInteractive]}) [id=1587ED3967B5C48690022EC189D3F540] [controller_id=296D85C860DD199D8AF38C54AF8CBA38]
[14504:0829/100946.729:VERBOSE1:content\browser\renderer_host\media\media_stream_manager.cc:1519] AOC::CreateStream([state=empty]) [id=296D85C860DD199D8AF38C54AF8CBA38]
[14504:0829/100946.729:VERBOSE1:content\browser\renderer_host\media\media_stream_manager.cc:1519] AOC::RecreateStream({reason=INITIAL_STREAM}, {device_name=Default - Unknown}, {params=[format: PCM_LOW_LATENCY, channel_layout: 3, channels: 2, sample_rate: 96000, frames_per_buffer: 960, effects: NONE, mic_positions: , latency_tag: LatencyInteractive]}, [state=empty]) [id=296D85C860DD199D8AF38C54AF8CBA38]
[14504:0829/100946.729:VERBOSE1:content\browser\renderer_host\media\media_stream_manager.cc:1519] AOC::CreateStream => (state=created) [id=296D85C860DD199D8AF38C54AF8CBA38]
[14504:0829/100946.729:VERBOSE1:content\browser\renderer_host\media\media_stream_manager.cc:1519] audio::OS::CreateAudioPipe() [id=1587ED3967B5C48690022EC189D3F540] [controller_id=296D85C860DD199D8AF38C54AF8CBA38]
[14504:0829/100946.729:VERBOSE1:content\browser\renderer_host\media\media_stream_manager.cc:1519] audio::OS::CreateAudioPipe() => (duration=0 ms) [id=1587ED3967B5C48690022EC189D3F540] [controller_id=296D85C860DD199D8AF38C54AF8CBA38]
[14504:0829/100946.729:VERBOSE1:content\browser\renderer_host\media\media_stream_manager.cc:1519] audio::OS::Create => (duration=0 ms) [id=1587ED3967B5C48690022EC189D3F540] [controller_id=296D85C860DD199D8AF38C54AF8CBA38]
[14504:0829/100946.729:VERBOSE1:content\browser\renderer_host\media\media_stream_manager.cc:1519] audio::OS::Ctor({audio_manager_name=Windows}, {device_id=default}, {params=[format: PCM_LOW_LATENCY, channel_layout: 3, channels: 2, sample_rate: 96000, frames_per_buffer: 960, effects: NONE, mic_positions: , latency_tag: LatencyInteractive]}) [id=E02207EE3FBF3B82B0505CA7F43D4F63] [controller_id=8BFE0BDAAA6A399A88F8E4831D420DFB]
[14504:0829/100946.729:VERBOSE1:content\browser\renderer_host\media\media_stream_manager.cc:1519] AOC::CreateStream([state=empty]) [id=8BFE0BDAAA6A399A88F8E4831D420DFB]
[14504:0829/100946.729:VERBOSE1:content\browser\renderer_host\media\media_stream_manager.cc:1519] AOC::RecreateStream({reason=INITIAL_STREAM}, {device_name=Default - Unknown}, {params=[format: PCM_LOW_LATENCY, channel_layout: 3, channels: 2, sample_rate: 96000, frames_per_buffer: 960, effects: NONE, mic_positions: , latency_tag: LatencyInteractive]}, [state=empty]) [id=8BFE0BDAAA6A399A88F8E4831D420DFB]
[14504:0829/100946.729:VERBOSE1:content\browser\renderer_host\media\media_stream_manager.cc:1519] AOC::CreateStream => (state=created) [id=8BFE0BDAAA6A399A88F8E4831D420DFB]
[14504:0829/100946.729:VERBOSE1:content\browser\renderer_host\media\media_stream_manager.cc:1519] audio::OS::CreateAudioPipe() [id=E02207EE3FBF3B82B0505CA7F43D4F63] [controller_id=8BFE0BDAAA6A399A88F8E4831D420DFB]
[14504:0829/100946.729:VERBOSE1:content\browser\renderer_host\media\media_stream_manager.cc:1519] audio::OS::CreateAudioPipe() => (duration=0 ms) [id=E02207EE3FBF3B82B0505CA7F43D4F63] [controller_id=8BFE0BDAAA6A399A88F8E4831D420DFB]
[14504:0829/100946.729:VERBOSE1:content\browser\renderer_host\media\media_stream_manager.cc:1519] audio::OS::Create => (duration=0 ms) [id=E02207EE3FBF3B82B0505CA7F43D4F63] [controller_id=8BFE0BDAAA6A399A88F8E4831D420DFB]
[14504:0829/100946.729:VERBOSE1:content\browser\renderer_host\media\media_stream_manager.cc:1519] audio::OS::Ctor({audio_manager_name=Windows}, {device_id=default}, {params=[format: PCM_LOW_LATENCY, channel_layout: 14, channels: 8, sample_rate: 96000, frames_per_buffer: 960, effects: NONE, mic_positions: , latency_tag: LatencyRtc]}) [id=ACCC2293722D69B1FBC00CCCB1B89330] [controller_id=47D6E8983EA23F11B26F64E8A8B66E3B]
[14504:0829/100946.729:VERBOSE1:content\browser\renderer_host\media\media_stream_manager.cc:1519] AOC::CreateStream([state=empty]) [id=47D6E8983EA23F11B26F64E8A8B66E3B]
[14504:0829/100946.729:VERBOSE1:content\browser\renderer_host\media\media_stream_manager.cc:1519] AOC::RecreateStream({reason=INITIAL_STREAM}, {device_name=Default - Unknown}, {params=[format: PCM_LOW_LATENCY, channel_layout: 14, channels: 8, sample_rate: 96000, frames_per_buffer: 960, effects: NONE, mic_positions: , latency_tag: LatencyRtc]}, [state=empty]) [id=47D6E8983EA23F11B26F64E8A8B66E3B]
[14504:0829/100946.729:VERBOSE1:content\browser\renderer_host\media\media_stream_manager.cc:1519] AOC::CreateStream => (state=created) [id=47D6E8983EA23F11B26F64E8A8B66E3B]
[14504:0829/100946.729:VERBOSE1:content\browser\renderer_host\media\media_stream_manager.cc:1519] audio::OS::CreateAudioPipe() [id=ACCC2293722D69B1FBC00CCCB1B89330] [controller_id=47D6E8983EA23F11B26F64E8A8B66E3B]
[14504:0829/100946.729:VERBOSE1:content\browser\renderer_host\media\media_stream_manager.cc:1519] audio::OS::CreateAudioPipe() => (duration=0 ms) [id=ACCC2293722D69B1FBC00CCCB1B89330] [controller_id=47D6E8983EA23F11B26F64E8A8B66E3B]
[14504:0829/100946.729:VERBOSE1:content\browser\renderer_host\media\media_stream_manager.cc:1519] audio::OS::Create => (duration=0 ms) [id=ACCC2293722D69B1FBC00CCCB1B89330] [controller_id=47D6E8983EA23F11B26F64E8A8B66E3B]
[14504:0829/100946.729:VERBOSE1:content\browser\renderer_host\media\media_stream_manager.cc:1519] audio::OS::Play() [id=1587ED3967B5C48690022EC189D3F540] [controller_id=296D85C860DD199D8AF38C54AF8CBA38]
[14504:0829/100946.729:VERBOSE1:content\browser\renderer_host\media\media_stream_manager.cc:1519] AOC::Play([state=created]) [id=296D85C860DD199D8AF38C54AF8CBA38]
[14504:0829/100946.729:VERBOSE1:content\browser\renderer_host\media\media_stream_manager.cc:1519] AOC::StartStream => (state=playing) [id=296D85C860DD199D8AF38C54AF8CBA38]
[14504:0829/100946.729:VERBOSE1:content\browser\renderer_host\media\media_stream_manager.cc:1519] audio::OS::Play() => (duration=0 ms) [id=1587ED3967B5C48690022EC189D3F540] [controller_id=296D85C860DD199D8AF38C54AF8CBA38]
[14504:0829/100946.729:VERBOSE1:content\browser\renderer_host\media\media_stream_manager.cc:1519] audio::OS::Ctor({audio_manager_name=Windows}, {device_id=default}, {params=[format: PCM_LOW_LATENCY, channel_layout: 14, channels: 8, sample_rate: 96000, frames_per_buffer: 960, effects: NONE, mic_positions: , latency_tag: LatencyRtc]}) [id=2653D4F13137283A4A20B2BB3515D7DB] [controller_id=84256EFD201952165FD59F7F7644569B]
[14504:0829/100946.729:VERBOSE1:content\browser\renderer_host\media\media_stream_manager.cc:1519] AOC::CreateStream([state=empty]) [id=84256EFD201952165FD59F7F7644569B]
[14504:0829/100946.729:VERBOSE1:content\browser\renderer_host\media\media_stream_manager.cc:1519] AOC::RecreateStream({reason=INITIAL_STREAM}, {device_name=Default - Unknown}, {params=[format: PCM_LOW_LATENCY, channel_layout: 14, channels: 8, sample_rate: 96000, frames_per_buffer: 960, effects: NONE, mic_positions: , latency_tag: LatencyRtc]}, [state=empty]) [id=84256EFD201952165FD59F7F7644569B]
[14504:0829/100946.729:VERBOSE1:content\browser\renderer_host\media\media_stream_manager.cc:1519] AOC::CreateStream => (state=created) [id=84256EFD201952165FD59F7F7644569B]
[14504:0829/100946.729:VERBOSE1:content\browser\renderer_host\media\media_stream_manager.cc:1519] audio::OS::CreateAudioPipe() [id=2653D4F13137283A4A20B2BB3515D7DB] [controller_id=84256EFD201952165FD59F7F7644569B]
[14504:0829/100946.729:VERBOSE1:content\browser\renderer_host\media\media_stream_manager.cc:1519] audio::OS::CreateAudioPipe() => (duration=0 ms) [id=2653D4F13137283A4A20B2BB3515D7DB] [controller_id=84256EFD201952165FD59F7F7644569B]
[14504:0829/100946.729:VERBOSE1:content\browser\renderer_host\media\media_stream_manager.cc:1519] audio::OS::Create => (duration=0 ms) [id=2653D4F13137283A4A20B2BB3515D7DB] [controller_id=84256EFD201952165FD59F7F7644569B]
[14504:0829/100946.729:VERBOSE1:content\browser\renderer_host\media\media_stream_manager.cc:1519] audio::OS::Play() [id=E02207EE3FBF3B82B0505CA7F43D4F63] [controller_id=8BFE0BDAAA6A399A88F8E4831D420DFB]
[14504:0829/100946.729:VERBOSE1:content\browser\renderer_host\media\media_stream_manager.cc:1519] AOC::Play([state=created]) [id=8BFE0BDAAA6A399A88F8E4831D420DFB]
[14504:0829/100946.729:VERBOSE1:content\browser\renderer_host\media\media_stream_manager.cc:1519] AOC::StartStream => (state=playing) [id=8BFE0BDAAA6A399A88F8E4831D420DFB]
[14504:0829/100946.729:VERBOSE1:content\browser\renderer_host\media\media_stream_manager.cc:1519] audio::OS::Play() => (duration=0 ms) [id=E02207EE3FBF3B82B0505CA7F43D4F63] [controller_id=8BFE0BDAAA6A399A88F8E4831D420DFB]
[14504:0829/100946.729:VERBOSE1:content\browser\renderer_host\media\media_stream_manager.cc:1519] audio::OS::Play() [id=ACCC2293722D69B1FBC00CCCB1B89330] [controller_id=47D6E8983EA23F11B26F64E8A8B66E3B]
[14504:0829/100946.729:VERBOSE1:content\browser\renderer_host\media\media_stream_manager.cc:1519] AOC::Play([state=created]) [id=47D6E8983EA23F11B26F64E8A8B66E3B]
[14504:0829/100946.729:VERBOSE1:content\browser\renderer_host\media\media_stream_manager.cc:1519] AOC::StartStream => (state=playing) [id=47D6E8983EA23F11B26F64E8A8B66E3B]
[14504:0829/100946.729:VERBOSE1:content\browser\renderer_host\media\media_stream_manager.cc:1519] audio::OS::Play() => (duration=0 ms) [id=ACCC2293722D69B1FBC00CCCB1B89330] [controller_id=47D6E8983EA23F11B26F64E8A8B66E3B]
[14504:0829/100946.729:VERBOSE1:content\browser\renderer_host\media\media_stream_manager.cc:1519] audio::OS::Play() [id=2653D4F13137283A4A20B2BB3515D7DB] [controller_id=84256EFD201952165FD59F7F7644569B]
[14504:0829/100946.729:VERBOSE1:content\browser\renderer_host\media\media_stream_manager.cc:1519] AOC::Play([state=created]) [id=84256EFD201952165FD59F7F7644569B]
[14504:0829/100946.729:VERBOSE1:content\browser\renderer_host\media\media_stream_manager.cc:1519] AOC::StartStream => (state=playing) [id=84256EFD201952165FD59F7F7644569B]
[14504:0829/100946.729:VERBOSE1:content\browser\renderer_host\media\media_stream_manager.cc:1519] audio::OS::Play() => (duration=0 ms) [id=2653D4F13137283A4A20B2BB3515D7DB] [controller_id=84256EFD201952165FD59F7F7644569B]
[stream-benchmark] iniciando 01-performance
[14504:0829/100946.859:WARNING:third_party\webrtc\modules\desktop_capture\win\dxgi_adapter_duplicator.cc:116] Cannot initialize any DxgiOutputDuplicator instance.
[14504:0829/100946.859:WARNING:third_party\webrtc\modules\desktop_capture\win\dxgi_duplicator_controller.cc:286] Failed to initialize DxgiAdapterDuplicator on adapter 1
[14504:0829/100946.861:WARNING:third_party\webrtc\modules\desktop_capture\win\dxgi_duplicator_controller.cc:106] Count of references reaches zero, DxgiDuplicatorController will be unloaded.
[14504:0829/100946.872:INFO:third_party\webrtc\modules\desktop_capture\window_capturer_win.cc:32] DesktopCapturer::CreateRawWindowCapturer creates DesktopCapturer of type WindowCapturerWinGdi
[14504:0829/100946.872:INFO:third_party\webrtc\modules\desktop_capture\window_capturer_win.cc:42] DesktopCapturer::CreateRawWindowCapturer creates DesktopCapturer of type FallbackDesktopCapturerWrapper which has a fallback capturer of type WgcCapturerWin
[14504:0829/100946.872:INFO:third_party\webrtc\modules\desktop_capture\screen_capturer_win.cc:45] DesktopCapturer::CreateRawScreenCapturer creates DesktopCapturer of type ScreenCapturerWinGdi
[14504:0829/100947.021:WARNING:third_party\webrtc\modules\desktop_capture\win\dxgi_adapter_duplicator.cc:116] Cannot initialize any DxgiOutputDuplicator instance.
[14504:0829/100947.021:WARNING:third_party\webrtc\modules\desktop_capture\win\dxgi_duplicator_controller.cc:286] Failed to initialize DxgiAdapterDuplicator on adapter 1
[14504:0829/100947.021:INFO:third_party\webrtc\modules\desktop_capture\screen_capturer_win.cc:30] DesktopCapturer::CreateRawScreenCapturer creates DesktopCapturer of type ScreenCapturerWinDirectx
[14504:0829/100947.030:WARNING:third_party\webrtc\modules\desktop_capture\win\dxgi_duplicator_controller.cc:106] Count of references reaches zero, DxgiDuplicatorController will be unloaded.
[14504:0829/100947.124:INFO:third_party\webrtc\modules\desktop_capture\win\wgc_capture_session.cc:277] WGC capture session is outputing CPU memory.
[14504:0829/100947.337:VERBOSE1:content\browser\renderer_host\media\media_stream_manager.cc:1519] MSM::GenerateStreams({render_process_id=6}, {render_frame_id=1}, {requester_id=2}, {page_request_id=1})
[14504:0829/100947.337:VERBOSE1:content\browser\renderer_host\media\media_stream_manager.cc:1519] MSM::DR::DeviceRequest({label=}, {requesting_process_id=6}, {requesting_frame_id=1}, {requester_id=2}, {request_type=MEDIA_GENERATE_STREAM})
[14504:0829/100947.337:VERBOSE1:content\browser\renderer_host\media\media_stream_manager.cc:1519] MSM::AddRequest([requester_id=2]) => (label=55a0e9c6-25cf-4806-98ca-9ca4cbce19c9)
[14504:0829/100947.337:VERBOSE1:content\browser\renderer_host\media\media_stream_manager.cc:1519] MSM::SetUpRequest([requester_id=2] {label=55a0e9c6-25cf-4806-98ca-9ca4cbce19c9})
[14504:0829/100947.337:VERBOSE1:content\browser\renderer_host\media\media_stream_manager.cc:1519] MSM::DR::SetAudioType({label=55a0e9c6-25cf-4806-98ca-9ca4cbce19c9}, [requester_id=2], {audio_type=NO_SERVICE})
[14504:0829/100947.337:VERBOSE1:content\browser\renderer_host\media\media_stream_manager.cc:1519] MSM::DR::SetVideoType({label=55a0e9c6-25cf-4806-98ca-9ca4cbce19c9}, [requester_id=2], {video_type=GUM_DESKTOP_VIDEO_CAPTURE})
[14504:0829/100947.337:VERBOSE1:content\browser\renderer_host\media\media_stream_manager.cc:1519] MSM::DR::CreateUIRequest({label=55a0e9c6-25cf-4806-98ca-9ca4cbce19c9}, [requester_id=2], {requested_audio_device_id=}, {requested_video_device_id=window:525598:1})
[14504:0829/100947.337:VERBOSE1:content\browser\renderer_host\media\media_stream_manager.cc:1519] MSM::PostRequestToUI({label=55a0e9c6-25cf-4806-98ca-9ca4cbce19c9}
[14504:0829/100947.337:VERBOSE1:content\browser\renderer_host\media\media_stream_manager.cc:1519] MSM::DR::SetState({label=55a0e9c6-25cf-4806-98ca-9ca4cbce19c9}, [requester_id=2], {stream_type=GUM_DESKTOP_VIDEO_CAPTURE}, {new_state=STATE_PENDING_APPROVAL})
[14504:0829/100947.337:VERBOSE1:content\browser\renderer_host\media\media_stream_manager.cc:1519] MSM::HandleAccessRequestResponse({label=55a0e9c6-25cf-4806-98ca-9ca4cbce19c9}, {request=MEDIA_GENERATE_STREAM}, {result=OK})
[14504:0829/100947.337:VERBOSE1:content\browser\renderer_host\media\media_stream_manager.cc:1519] video capture: VideoCaptureManager::Open, device.name = Screen, device.id = window:525598:1, capture_session_id = (A5CE73D2AD27FE38DA15B044A91CF087)
[14504:0829/100947.337:VERBOSE1:content\browser\renderer_host\media\media_stream_manager.cc:1519] MSM::DR::SetState({label=55a0e9c6-25cf-4806-98ca-9ca4cbce19c9}, [requester_id=2], {stream_type=GUM_DESKTOP_VIDEO_CAPTURE}, {new_state=STATE_OPENING})
[14504:0829/100947.337:VERBOSE1:content\browser\renderer_host\media\media_stream_manager.cc:1519] MSM::HandleAccessRequestResponse([label=55a0e9c6-25cf-4806-98ca-9ca4cbce19c9]) => (opening device: [id: window:525598:1, session_id: A5CE73D2AD27FE38DA15B044A91CF087])
[14504:0829/100947.337:VERBOSE1:content\browser\renderer_host\media\media_stream_manager.cc:1519] MSM::DR::SetAudioType({label=55a0e9c6-25cf-4806-98ca-9ca4cbce19c9}, [requester_id=2], {audio_type=NO_SERVICE})
[14504:0829/100947.337:VERBOSE1:content\browser\renderer_host\media\media_stream_manager.cc:1519] MSM::Opened({stream_type=GUM_DESKTOP_VIDEO_CAPTURE}, {session_id=A5CE73D2AD27FE38DA15B044A91CF087})
[14504:0829/100947.337:VERBOSE1:content\browser\renderer_host\media\media_stream_manager.cc:1519] MSM::DR::SetState({label=55a0e9c6-25cf-4806-98ca-9ca4cbce19c9}, [requester_id=2], {stream_type=GUM_DESKTOP_VIDEO_CAPTURE}, {new_state=STATE_DONE})
[14504:0829/100947.337:VERBOSE1:content\browser\renderer_host\media\media_stream_manager.cc:1519] MSM::FinalizeGenerateStreams({label=55a0e9c6-25cf-4806-98ca-9ca4cbce19c9}, {requester_id=2}, {request_type=MEDIA_GENERATE_STREAM})
[14504:0829/100947.338:VERBOSE1:content\browser\renderer_host\media\media_stream_manager.cc:1519] MSM::OnStreamStarted({label=55a0e9c6-25cf-4806-98ca-9ca4cbce19c9}, {requester_id=2}, {request_type=MEDIA_GENERATE_STREAM})
[14504:0829/100947.338:VERBOSE1:content\browser\renderer_host\media\media_stream_manager.cc:1519] MSM::PanTiltZoomPermissionChecked({label=55a0e9c6-25cf-4806-98ca-9ca4cbce19c9}, {requester_id=2}, {request_type=MEDIA_GENERATE_STREAM}, {pan_tilt_zoom_allowed=1})
[14504:0829/100947.338:VERBOSE1:content\browser\renderer_host\media\media_stream_manager.cc:1519] video capture: ConnectClient: session_id = (A5CE73D2AD27FE38DA15B044A91CF087), request: (1280x720)@60.000fps, pixel format: PIXEL_FORMAT_I420
[14504:0829/100947.338:VERBOSE1:content\browser\renderer_host\media\media_stream_manager.cc:1519] video capture: VideoCaptureManager queueing device start for device_id = window:525598:1
[14504:0829/100947.338:VERBOSE1:content\browser\renderer_host\media\media_stream_manager.cc:1519] video capture: VideoCaptureManager::ProcessDeviceStartRequestQueue
[14504:0829/100947.338:VERBOSE1:content\browser\renderer_host\media\media_stream_manager.cc:1519] video capture: VideoCaptureController::CreateAndStartDeviceAsync: serial_id = 0, device_id = window:525598:1
[14504:0829/100947.338:VERBOSE1:content\browser\renderer_host\media\media_stream_manager.cc:1519] video capture: InProcessVideoCaptureDeviceLauncher::LaunchDeviceAsync: Posting start request to device thread for device_id = window:525598:1
[14504:0829/100947.338:VERBOSE1:content\browser\renderer_host\media\media_stream_manager.cc:1519] video capture: VideoCaptureController::AddClient(): id = (A5CE73D2AD27FE38DA15B044A91CF087), session_id = A5CE73D2AD27FE38DA15B044A91CF087, params.requested_format = (1280x720)@60.000fps, pixel format: PIXEL_FORMAT_I420
[14504:0829/100947.338:VERBOSE1:content\browser\renderer_host\media\media_stream_manager.cc:1519] video capture: OnDeviceLaunched
[14504:0829/100947.338:VERBOSE1:content\browser\renderer_host\media\media_stream_manager.cc:1519] video capture: Launching device has succeeded. device_id = window:525598:1
[14504:0829/100947.338:VERBOSE1:content\browser\renderer_host\media\media_stream_manager.cc:1519] video capture: OnNewCaptureVersion({.source = 0, .sub_capture = 0})
[14504:0829/100947.359:VERBOSE1:content\browser\renderer_host\media\media_stream_manager.cc:1519] video capture: OnStarted
[14504:0829/100947.360:VERBOSE1:content\browser\renderer_host\media\media_stream_manager.cc:1519] video capture: First frame received at VideoCaptureController
[14504:0829/100947.360:VERBOSE1:content\browser\renderer_host\media\media_stream_manager.cc:1519] video capture: VideoCaptureImpl changing state to VIDEO_CAPTURE_STATE_STARTED
[14504:0829/100947.360:VERBOSE1:content\browser\renderer_host\media\media_stream_manager.cc:1519] video capture: LocalVideoCapturerSource::OnStateUpdate signaling to consumer that source is now running.
[14504:0829/100947.360:VERBOSE1:content\browser\renderer_host\media\media_stream_manager.cc:1519] video capture: MediaStreamVideoCapturerSource sending OnStartDone
[14504:0829/100947.360:VERBOSE1:content\browser\renderer_host\media\media_stream_manager.cc:1519] video capture: MediaStreamVideoSource changing state to STARTED
[14504:0829/100947.360:VERBOSE1:content\browser\renderer_host\media\media_stream_manager.cc:1519] video capture: MediaStreamVideoSource invoking callback indicating result of starting track.
[14504:0829/100947.360:VERBOSE1:content\browser\renderer_host\media\media_stream_manager.cc:1519] video capture: First frame received for this VideoCaptureImpl instance
[14504:0829/100947.363:VERBOSE1:content\browser\renderer_host\media\media_stream_manager.cc:1519] RFAOSF::RequestDeviceAuthorization({device_id=}) [process_id=6, frame_id=1]
[14504:0829/100947.363:VERBOSE1:content\browser\renderer_host\media\media_stream_manager.cc:1519] RFAOSF::RequestDeviceAuthorization({device_id=}) [process_id=7, frame_id=1]
[14504:0829/100947.366:VERBOSE1:content\browser\renderer_host\media\media_stream_manager.cc:1519] RFAOSF::AuthorizationCompleted({status=OK}, {params=format: PCM_LOW_LATENCY, channel_layout: 14, channels: 8, sample_rate: 96000, frames_per_buffer: 960, effects: NONE, mic_positions: , latency_tag: LatencyUnknown, hw_capabilities: min_frames_per_buffer: 192, max_frames_per_buffer: 960, bitstream_formats:0, require_encapsulation:0, require_audio_offload:0}, {device_id=default}) [process_id=6, frame_id=1]
[14504:0829/100947.366:VERBOSE1:content\browser\renderer_host\media\media_stream_manager.cc:1519] RFAOSF::AuthorizationCompleted => (authorization time=3 ms) [process_id=6, frame_id=1]
[14504:0829/100947.368:VERBOSE1:content\browser\renderer_host\media\media_stream_manager.cc:1519] RFAOSF::RequestDeviceAuthorization({device_id=}) [process_id=7, frame_id=1]
[14504:0829/100947.369:VERBOSE1:content\browser\renderer_host\media\media_stream_manager.cc:1519] RFAOSF::AuthorizationCompleted({status=OK}, {params=format: PCM_LOW_LATENCY, channel_layout: 14, channels: 8, sample_rate: 96000, frames_per_buffer: 960, effects: NONE, mic_positions: , latency_tag: LatencyUnknown, hw_capabilities: min_frames_per_buffer: 192, max_frames_per_buffer: 960, bitstream_formats:0, require_encapsulation:0, require_audio_offload:0}, {device_id=default}) [process_id=7, frame_id=1]
[14504:0829/100947.369:VERBOSE1:content\browser\renderer_host\media\media_stream_manager.cc:1519] RFAOSF::AuthorizationCompleted => (authorization time=6 ms) [process_id=7, frame_id=1]
[14504:0829/100947.371:VERBOSE1:content\browser\renderer_host\media\media_stream_manager.cc:1519] ASR: No room in socket buffer.
[14504:0829/100947.372:VERBOSE1:content\browser\renderer_host\media\media_stream_manager.cc:1519] video capture: Frame dropped with reason code 23.
[14504:0829/100947.374:VERBOSE1:content\browser\renderer_host\media\media_stream_manager.cc:1519] RFAOSF::AuthorizationCompleted({status=OK}, {params=format: PCM_LOW_LATENCY, channel_layout: 14, channels: 8, sample_rate: 96000, frames_per_buffer: 960, effects: NONE, mic_positions: , latency_tag: LatencyUnknown, hw_capabilities: min_frames_per_buffer: 192, max_frames_per_buffer: 960, bitstream_formats:0, require_encapsulation:0, require_audio_offload:0}, {device_id=default}) [process_id=7, frame_id=1]
[14504:0829/100947.374:VERBOSE1:content\browser\renderer_host\media\media_stream_manager.cc:1519] RFAOSF::AuthorizationCompleted => (authorization time=6 ms) [process_id=7, frame_id=1]
[14504:0829/100947.374:VERBOSE1:content\browser\renderer_host\media\media_stream_manager.cc:1519] audio::OS::Ctor({audio_manager_name=Windows}, {device_id=default}, {params=[format: PCM_LOW_LATENCY, channel_layout: 3, channels: 2, sample_rate: 96000, frames_per_buffer: 960, effects: NONE, mic_positions: , latency_tag: LatencyInteractive]}) [id=1EBBFE01500D9F4443978F5AAA41C8E1] [controller_id=59D8C65D9AA45886C77B21DF76122A63]
[14504:0829/100947.374:VERBOSE1:content\browser\renderer_host\media\media_stream_manager.cc:1519] AOC::CreateStream([state=empty]) [id=59D8C65D9AA45886C77B21DF76122A63]
[14504:0829/100947.374:VERBOSE1:content\browser\renderer_host\media\media_stream_manager.cc:1519] AOC::RecreateStream({reason=INITIAL_STREAM}, {device_name=Default - Unknown}, {params=[format: PCM_LOW_LATENCY, channel_layout: 3, channels: 2, sample_rate: 96000, frames_per_buffer: 960, effects: NONE, mic_positions: , latency_tag: LatencyInteractive]}, [state=empty]) [id=59D8C65D9AA45886C77B21DF76122A63]
[14504:0829/100947.374:VERBOSE1:content\browser\renderer_host\media\media_stream_manager.cc:1519] AOC::CreateStream => (state=created) [id=59D8C65D9AA45886C77B21DF76122A63]
[14504:0829/100947.374:VERBOSE1:content\browser\renderer_host\media\media_stream_manager.cc:1519] audio::OS::CreateAudioPipe() [id=1EBBFE01500D9F4443978F5AAA41C8E1] [controller_id=59D8C65D9AA45886C77B21DF76122A63]
[14504:0829/100947.374:VERBOSE1:content\browser\renderer_host\media\media_stream_manager.cc:1519] audio::OS::CreateAudioPipe() => (duration=0 ms) [id=1EBBFE01500D9F4443978F5AAA41C8E1] [controller_id=59D8C65D9AA45886C77B21DF76122A63]
[14504:0829/100947.374:VERBOSE1:content\browser\renderer_host\media\media_stream_manager.cc:1519] audio::OS::Create => (duration=0 ms) [id=1EBBFE01500D9F4443978F5AAA41C8E1] [controller_id=59D8C65D9AA45886C77B21DF76122A63]
[14504:0829/100947.375:VERBOSE1:content\browser\renderer_host\media\media_stream_manager.cc:1519] AOC::Close([state=playing]) [id=8BFE0BDAAA6A399A88F8E4831D420DFB]
[14504:0829/100947.375:VERBOSE1:content\browser\renderer_host\media\media_stream_manager.cc:1519] AOC::StopStream => (duration=0 sec) [id=8BFE0BDAAA6A399A88F8E4831D420DFB]
[14504:0829/100947.375:VERBOSE1:content\browser\renderer_host\media\media_stream_manager.cc:1519] AOC::StopStream => (glitches=[duration (ms): 0, count: 0], glitch_percentage=0.000%) [id=8BFE0BDAAA6A399A88F8E4831D420DFB]
[14504:0829/100947.375:VERBOSE1:content\browser\renderer_host\media\media_stream_manager.cc:1519] AOC::StopStream => (error_during_callback=false) [id=8BFE0BDAAA6A399A88F8E4831D420DFB]
[14504:0829/100947.375:VERBOSE1:content\browser\renderer_host\media\media_stream_manager.cc:1519] AOC::StopStream => (average audio level=-inf dBFS) [id=8BFE0BDAAA6A399A88F8E4831D420DFB]
[14504:0829/100947.375:VERBOSE1:content\browser\renderer_host\media\media_stream_manager.cc:1519] AOC::Close => (state=closed) [id=8BFE0BDAAA6A399A88F8E4831D420DFB]
[14504:0829/100947.375:VERBOSE1:content\browser\renderer_host\media\media_stream_manager.cc:1519] audio::OS::Dtor => (completed, duration=0 ms) [id=E02207EE3FBF3B82B0505CA7F43D4F63] [controller_id=8BFE0BDAAA6A399A88F8E4831D420DFB]
[14504:0829/100947.375:VERBOSE1:content\browser\renderer_host\media\media_stream_manager.cc:1519] ASR: number of detected audio glitches: 0 out of 64
[14504:0829/100947.375:VERBOSE1:content\browser\renderer_host\media\media_stream_manager.cc:1519] audio::OS::Ctor({audio_manager_name=Windows}, {device_id=default}, {params=[format: PCM_LOW_LATENCY, channel_layout: 3, channels: 2, sample_rate: 96000, frames_per_buffer: 960, effects: NONE, mic_positions: , latency_tag: LatencyInteractive]}) [id=A50D15A0EBEEFDE1AAE24D4EDDFB9DF0] [controller_id=B604EED82EC3124EC109D3C072CC4D40]
[14504:0829/100947.375:VERBOSE1:content\browser\renderer_host\media\media_stream_manager.cc:1519] AOC::CreateStream([state=empty]) [id=B604EED82EC3124EC109D3C072CC4D40]
[14504:0829/100947.375:VERBOSE1:content\browser\renderer_host\media\media_stream_manager.cc:1519] AOC::RecreateStream({reason=INITIAL_STREAM}, {device_name=Default - Unknown}, {params=[format: PCM_LOW_LATENCY, channel_layout: 3, channels: 2, sample_rate: 96000, frames_per_buffer: 960, effects: NONE, mic_positions: , latency_tag: LatencyInteractive]}, [state=empty]) [id=B604EED82EC3124EC109D3C072CC4D40]
[14504:0829/100947.375:VERBOSE1:content\browser\renderer_host\media\media_stream_manager.cc:1519] AOC::CreateStream => (state=created) [id=B604EED82EC3124EC109D3C072CC4D40]
[14504:0829/100947.375:VERBOSE1:content\browser\renderer_host\media\media_stream_manager.cc:1519] audio::OS::CreateAudioPipe() [id=A50D15A0EBEEFDE1AAE24D4EDDFB9DF0] [controller_id=B604EED82EC3124EC109D3C072CC4D40]
[14504:0829/100947.375:VERBOSE1:content\browser\renderer_host\media\media_stream_manager.cc:1519] audio::OS::CreateAudioPipe() => (duration=0 ms) [id=A50D15A0EBEEFDE1AAE24D4EDDFB9DF0] [controller_id=B604EED82EC3124EC109D3C072CC4D40]
[14504:0829/100947.375:VERBOSE1:content\browser\renderer_host\media\media_stream_manager.cc:1519] audio::OS::Create => (duration=0 ms) [id=A50D15A0EBEEFDE1AAE24D4EDDFB9DF0] [controller_id=B604EED82EC3124EC109D3C072CC4D40]
[14504:0829/100947.375:VERBOSE1:content\browser\renderer_host\media\media_stream_manager.cc:1519] audio::OS::Play() [id=1EBBFE01500D9F4443978F5AAA41C8E1] [controller_id=59D8C65D9AA45886C77B21DF76122A63]
[14504:0829/100947.375:VERBOSE1:content\browser\renderer_host\media\media_stream_manager.cc:1519] AOC::Play([state=created]) [id=59D8C65D9AA45886C77B21DF76122A63]
[14504:0829/100947.375:VERBOSE1:content\browser\renderer_host\media\media_stream_manager.cc:1519] AOC::StartStream => (state=playing) [id=59D8C65D9AA45886C77B21DF76122A63]
[14504:0829/100947.375:VERBOSE1:content\browser\renderer_host\media\media_stream_manager.cc:1519] audio::OS::Play() => (duration=0 ms) [id=1EBBFE01500D9F4443978F5AAA41C8E1] [controller_id=59D8C65D9AA45886C77B21DF76122A63]
[14504:0829/100947.375:VERBOSE1:content\browser\renderer_host\media\media_stream_manager.cc:1519] audio::OS::Ctor({audio_manager_name=Windows}, {device_id=default}, {params=[format: PCM_LOW_LATENCY, channel_layout: 3, channels: 2, sample_rate: 96000, frames_per_buffer: 960, effects: NONE, mic_positions: , latency_tag: LatencyInteractive]}) [id=E6FEB71105B2DC1DF0B71B18479A93C6] [controller_id=20BED99F734ECD088CC77AB3455885A7]
[14504:0829/100947.375:VERBOSE1:content\browser\renderer_host\media\media_stream_manager.cc:1519] AOC::CreateStream([state=empty]) [id=20BED99F734ECD088CC77AB3455885A7]
[14504:0829/100947.375:VERBOSE1:content\browser\renderer_host\media\media_stream_manager.cc:1519] AOC::RecreateStream({reason=INITIAL_STREAM}, {device_name=Default - Unknown}, {params=[format: PCM_LOW_LATENCY, channel_layout: 3, channels: 2, sample_rate: 96000, frames_per_buffer: 960, effects: NONE, mic_positions: , latency_tag: LatencyInteractive]}, [state=empty]) [id=20BED99F734ECD088CC77AB3455885A7]
[14504:0829/100947.375:VERBOSE1:content\browser\renderer_host\media\media_stream_manager.cc:1519] AOC::CreateStream => (state=created) [id=20BED99F734ECD088CC77AB3455885A7]
[14504:0829/100947.375:VERBOSE1:content\browser\renderer_host\media\media_stream_manager.cc:1519] audio::OS::CreateAudioPipe() [id=E6FEB71105B2DC1DF0B71B18479A93C6] [controller_id=20BED99F734ECD088CC77AB3455885A7]
[14504:0829/100947.375:VERBOSE1:content\browser\renderer_host\media\media_stream_manager.cc:1519] audio::OS::CreateAudioPipe() => (duration=0 ms) [id=E6FEB71105B2DC1DF0B71B18479A93C6] [controller_id=20BED99F734ECD088CC77AB3455885A7]
[14504:0829/100947.375:VERBOSE1:content\browser\renderer_host\media\media_stream_manager.cc:1519] audio::OS::Create => (duration=0 ms) [id=E6FEB71105B2DC1DF0B71B18479A93C6] [controller_id=20BED99F734ECD088CC77AB3455885A7]
[14504:0829/100947.375:VERBOSE1:content\browser\renderer_host\media\media_stream_manager.cc:1519] audio::OS::Play() [id=A50D15A0EBEEFDE1AAE24D4EDDFB9DF0] [controller_id=B604EED82EC3124EC109D3C072CC4D40]
[14504:0829/100947.375:VERBOSE1:content\browser\renderer_host\media\media_stream_manager.cc:1519] AOC::Play([state=created]) [id=B604EED82EC3124EC109D3C072CC4D40]
[14504:0829/100947.375:VERBOSE1:content\browser\renderer_host\media\media_stream_manager.cc:1519] AOC::StartStream => (state=playing) [id=B604EED82EC3124EC109D3C072CC4D40]
[14504:0829/100947.375:VERBOSE1:content\browser\renderer_host\media\media_stream_manager.cc:1519] audio::OS::Play() => (duration=0 ms) [id=A50D15A0EBEEFDE1AAE24D4EDDFB9DF0] [controller_id=B604EED82EC3124EC109D3C072CC4D40]
[14504:0829/100947.375:VERBOSE1:content\browser\renderer_host\media\media_stream_manager.cc:1519] audio::OS::Play() [id=E6FEB71105B2DC1DF0B71B18479A93C6] [controller_id=20BED99F734ECD088CC77AB3455885A7]
[14504:0829/100947.375:VERBOSE1:content\browser\renderer_host\media\media_stream_manager.cc:1519] AOC::Play([state=created]) [id=20BED99F734ECD088CC77AB3455885A7]
[14504:0829/100947.375:VERBOSE1:content\browser\renderer_host\media\media_stream_manager.cc:1519] AOC::StartStream => (state=playing) [id=20BED99F734ECD088CC77AB3455885A7]
[14504:0829/100947.375:VERBOSE1:content\browser\renderer_host\media\media_stream_manager.cc:1519] audio::OS::Play() => (duration=0 ms) [id=E6FEB71105B2DC1DF0B71B18479A93C6] [controller_id=20BED99F734ECD088CC77AB3455885A7]
[14504:0829/100947.384:VERBOSE1:content\browser\renderer_host\media\media_stream_manager.cc:1519] AOC::Close([state=playing]) [id=20BED99F734ECD088CC77AB3455885A7]
[14504:0829/100947.384:VERBOSE1:content\browser\renderer_host\media\media_stream_manager.cc:1519] AOC::StopStream => (duration=0 sec) [id=20BED99F734ECD088CC77AB3455885A7]
[14504:0829/100947.384:VERBOSE1:content\browser\renderer_host\media\media_stream_manager.cc:1519] AOC::StopStream => (glitches=[duration (ms): 0, count: 0], glitch_percentage=0.000%) [id=20BED99F734ECD088CC77AB3455885A7]
[14504:0829/100947.384:VERBOSE1:content\browser\renderer_host\media\media_stream_manager.cc:1519] AOC::StopStream => (error_during_callback=false) [id=20BED99F734ECD088CC77AB3455885A7]
[14504:0829/100947.384:VERBOSE1:content\browser\renderer_host\media\media_stream_manager.cc:1519] AOC::StopStream => (average audio level=-inf dBFS) [id=20BED99F734ECD088CC77AB3455885A7]
[14504:0829/100947.384:VERBOSE1:content\browser\renderer_host\media\media_stream_manager.cc:1519] AOC::Close => (state=closed) [id=20BED99F734ECD088CC77AB3455885A7]
[14504:0829/100947.384:VERBOSE1:content\browser\renderer_host\media\media_stream_manager.cc:1519] audio::OS::Dtor => (completed, duration=0 ms) [id=E6FEB71105B2DC1DF0B71B18479A93C6] [controller_id=20BED99F734ECD088CC77AB3455885A7]
[14504:0829/100947.384:VERBOSE1:content\browser\renderer_host\media\media_stream_manager.cc:1519] ASR: number of detected audio glitches: 0 out of 1
[14504:0829/100947.384:VERBOSE1:content\browser\renderer_host\media\media_stream_manager.cc:1519] AOC::Close([state=playing]) [id=84256EFD201952165FD59F7F7644569B]
[14504:0829/100947.384:VERBOSE1:content\browser\renderer_host\media\media_stream_manager.cc:1519] AOC::StopStream => (duration=0 sec) [id=84256EFD201952165FD59F7F7644569B]
[14504:0829/100947.384:VERBOSE1:content\browser\renderer_host\media\media_stream_manager.cc:1519] AOC::StopStream => (glitches=[duration (ms): 0, count: 0], glitch_percentage=0.000%) [id=84256EFD201952165FD59F7F7644569B]
[14504:0829/100947.384:VERBOSE1:content\browser\renderer_host\media\media_stream_manager.cc:1519] AOC::StopStream => (error_during_callback=false) [id=84256EFD201952165FD59F7F7644569B]
[14504:0829/100947.384:VERBOSE1:content\browser\renderer_host\media\media_stream_manager.cc:1519] AOC::StopStream => (average audio level=-90.33 dBFS) [id=84256EFD201952165FD59F7F7644569B]
[14504:0829/100947.384:VERBOSE1:content\browser\renderer_host\media\media_stream_manager.cc:1519] AOC::Close => (state=closed) [id=84256EFD201952165FD59F7F7644569B]
[14504:0829/100947.384:VERBOSE1:content\browser\renderer_host\media\media_stream_manager.cc:1519] audio::OS::Dtor => (completed, duration=0 ms) [id=2653D4F13137283A4A20B2BB3515D7DB] [controller_id=84256EFD201952165FD59F7F7644569B]
[14504:0829/100947.384:VERBOSE1:content\browser\renderer_host\media\media_stream_manager.cc:1519] ASR: number of detected audio glitches: 0 out of 65
[14504:0829/100947.384:VERBOSE1:content\browser\renderer_host\media\media_stream_manager.cc:1519] RFAOSF::RequestDeviceAuthorization({device_id=}) [process_id=7, frame_id=1]
[14504:0829/100947.385:VERBOSE1:content\browser\renderer_host\media\media_stream_manager.cc:1519] RFAOSF::RequestDeviceAuthorization({device_id=}) [process_id=7, frame_id=1]
[14504:0829/100947.388:VERBOSE1:content\browser\renderer_host\media\media_stream_manager.cc:1519] RFAOSF::AuthorizationCompleted({status=OK}, {params=format: PCM_LOW_LATENCY, channel_layout: 14, channels: 8, sample_rate: 96000, frames_per_buffer: 960, effects: NONE, mic_positions: , latency_tag: LatencyUnknown, hw_capabilities: min_frames_per_buffer: 192, max_frames_per_buffer: 960, bitstream_formats:0, require_encapsulation:0, require_audio_offload:0}, {device_id=default}) [process_id=7, frame_id=1]
[14504:0829/100947.388:VERBOSE1:content\browser\renderer_host\media\media_stream_manager.cc:1519] RFAOSF::AuthorizationCompleted => (authorization time=4 ms) [process_id=7, frame_id=1]
[14504:0829/100947.392:VERBOSE1:content\browser\renderer_host\media\media_stream_manager.cc:1519] RFAOSF::AuthorizationCompleted({status=OK}, {params=format: PCM_LOW_LATENCY, channel_layout: 14, channels: 8, sample_rate: 96000, frames_per_buffer: 960, effects: NONE, mic_positions: , latency_tag: LatencyUnknown, hw_capabilities: min_frames_per_buffer: 192, max_frames_per_buffer: 960, bitstream_formats:0, require_encapsulation:0, require_audio_offload:0}, {device_id=default}) [process_id=7, frame_id=1]
[14504:0829/100947.393:VERBOSE1:content\browser\renderer_host\media\media_stream_manager.cc:1519] RFAOSF::AuthorizationCompleted => (authorization time=6 ms) [process_id=7, frame_id=1]
[14504:0829/100947.393:VERBOSE1:content\browser\renderer_host\media\media_stream_manager.cc:1519] audio::OS::Ctor({audio_manager_name=Windows}, {device_id=default}, {params=[format: PCM_LOW_LATENCY, channel_layout: 3, channels: 2, sample_rate: 96000, frames_per_buffer: 960, effects: NONE, mic_positions: , latency_tag: LatencyInteractive]}) [id=A947F912F81A7DCD9A0F88AA89225CCD] [controller_id=4A9C2FD0B25D7E57B0C78266345CA301]
[14504:0829/100947.393:VERBOSE1:content\browser\renderer_host\media\media_stream_manager.cc:1519] AOC::CreateStream([state=empty]) [id=4A9C2FD0B25D7E57B0C78266345CA301]
[14504:0829/100947.393:VERBOSE1:content\browser\renderer_host\media\media_stream_manager.cc:1519] AOC::RecreateStream({reason=INITIAL_STREAM}, {device_name=Default - Unknown}, {params=[format: PCM_LOW_LATENCY, channel_layout: 3, channels: 2, sample_rate: 96000, frames_per_buffer: 960, effects: NONE, mic_positions: , latency_tag: LatencyInteractive]}, [state=empty]) [id=4A9C2FD0B25D7E57B0C78266345CA301]
[14504:0829/100947.393:VERBOSE1:content\browser\renderer_host\media\media_stream_manager.cc:1519] AOC::CreateStream => (state=created) [id=4A9C2FD0B25D7E57B0C78266345CA301]
[14504:0829/100947.393:VERBOSE1:content\browser\renderer_host\media\media_stream_manager.cc:1519] audio::OS::CreateAudioPipe() [id=A947F912F81A7DCD9A0F88AA89225CCD] [controller_id=4A9C2FD0B25D7E57B0C78266345CA301]
[14504:0829/100947.393:VERBOSE1:content\browser\renderer_host\media\media_stream_manager.cc:1519] audio::OS::CreateAudioPipe() => (duration=0 ms) [id=A947F912F81A7DCD9A0F88AA89225CCD] [controller_id=4A9C2FD0B25D7E57B0C78266345CA301]
[14504:0829/100947.393:VERBOSE1:content\browser\renderer_host\media\media_stream_manager.cc:1519] audio::OS::Create => (duration=0 ms) [id=A947F912F81A7DCD9A0F88AA89225CCD] [controller_id=4A9C2FD0B25D7E57B0C78266345CA301]
[14504:0829/100947.393:VERBOSE1:content\browser\renderer_host\media\media_stream_manager.cc:1519] audio::OS::Ctor({audio_manager_name=Windows}, {device_id=default}, {params=[format: PCM_LOW_LATENCY, channel_layout: 14, channels: 8, sample_rate: 96000, frames_per_buffer: 960, effects: NONE, mic_positions: , latency_tag: LatencyRtc]}) [id=226941FD0FFCEA622E716C385CA60BC1] [controller_id=1E945EA428A7280ECC55F9C461DA6384]
[14504:0829/100947.393:VERBOSE1:content\browser\renderer_host\media\media_stream_manager.cc:1519] AOC::CreateStream([state=empty]) [id=1E945EA428A7280ECC55F9C461DA6384]
[14504:0829/100947.393:VERBOSE1:content\browser\renderer_host\media\media_stream_manager.cc:1519] AOC::RecreateStream({reason=INITIAL_STREAM}, {device_name=Default - Unknown}, {params=[format: PCM_LOW_LATENCY, channel_layout: 14, channels: 8, sample_rate: 96000, frames_per_buffer: 960, effects: NONE, mic_positions: , latency_tag: LatencyRtc]}, [state=empty]) [id=1E945EA428A7280ECC55F9C461DA6384]
[14504:0829/100947.393:VERBOSE1:content\browser\renderer_host\media\media_stream_manager.cc:1519] AOC::CreateStream => (state=created) [id=1E945EA428A7280ECC55F9C461DA6384]
[14504:0829/100947.393:VERBOSE1:content\browser\renderer_host\media\media_stream_manager.cc:1519] audio::OS::CreateAudioPipe() [id=226941FD0FFCEA622E716C385CA60BC1] [controller_id=1E945EA428A7280ECC55F9C461DA6384]
[14504:0829/100947.393:VERBOSE1:content\browser\renderer_host\media\media_stream_manager.cc:1519] audio::OS::CreateAudioPipe() => (duration=0 ms) [id=226941FD0FFCEA622E716C385CA60BC1] [controller_id=1E945EA428A7280ECC55F9C461DA6384]
[14504:0829/100947.393:VERBOSE1:content\browser\renderer_host\media\media_stream_manager.cc:1519] audio::OS::Create => (duration=0 ms) [id=226941FD0FFCEA622E716C385CA60BC1] [controller_id=1E945EA428A7280ECC55F9C461DA6384]
[14504:0829/100947.393:VERBOSE1:content\browser\renderer_host\media\media_stream_manager.cc:1519] audio::OS::Play() [id=A947F912F81A7DCD9A0F88AA89225CCD] [controller_id=4A9C2FD0B25D7E57B0C78266345CA301]
[14504:0829/100947.393:VERBOSE1:content\browser\renderer_host\media\media_stream_manager.cc:1519] AOC::Play([state=created]) [id=4A9C2FD0B25D7E57B0C78266345CA301]
[14504:0829/100947.393:VERBOSE1:content\browser\renderer_host\media\media_stream_manager.cc:1519] AOC::StartStream => (state=playing) [id=4A9C2FD0B25D7E57B0C78266345CA301]
[14504:0829/100947.393:VERBOSE1:content\browser\renderer_host\media\media_stream_manager.cc:1519] audio::OS::Play() => (duration=0 ms) [id=A947F912F81A7DCD9A0F88AA89225CCD] [controller_id=4A9C2FD0B25D7E57B0C78266345CA301]
[14504:0829/100947.393:VERBOSE1:content\browser\renderer_host\media\media_stream_manager.cc:1519] audio::OS::Play() [id=226941FD0FFCEA622E716C385CA60BC1] [controller_id=1E945EA428A7280ECC55F9C461DA6384]
[14504:0829/100947.393:VERBOSE1:content\browser\renderer_host\media\media_stream_manager.cc:1519] AOC::Play([state=created]) [id=1E945EA428A7280ECC55F9C461DA6384]
[14504:0829/100947.393:VERBOSE1:content\browser\renderer_host\media\media_stream_manager.cc:1519] AOC::StartStream => (state=playing) [id=1E945EA428A7280ECC55F9C461DA6384]
[14504:0829/100947.393:VERBOSE1:content\browser\renderer_host\media\media_stream_manager.cc:1519] audio::OS::Play() => (duration=0 ms) [id=226941FD0FFCEA622E716C385CA60BC1] [controller_id=1E945EA428A7280ECC55F9C461DA6384]
[14504:0829/100947.399:VERBOSE1:content\browser\renderer_host\media\media_stream_manager.cc:1519] AOC::Close([state=playing]) [id=296D85C860DD199D8AF38C54AF8CBA38]
[14504:0829/100947.399:VERBOSE1:content\browser\renderer_host\media\media_stream_manager.cc:1519] AOC::StopStream => (duration=0 sec) [id=296D85C860DD199D8AF38C54AF8CBA38]
[14504:0829/100947.399:VERBOSE1:content\browser\renderer_host\media\media_stream_manager.cc:1519] AOC::StopStream => (glitches=[duration (ms): 0, count: 0], glitch_percentage=0.000%) [id=296D85C860DD199D8AF38C54AF8CBA38]
[14504:0829/100947.399:VERBOSE1:content\browser\renderer_host\media\media_stream_manager.cc:1519] AOC::StopStream => (error_during_callback=false) [id=296D85C860DD199D8AF38C54AF8CBA38]
[14504:0829/100947.399:VERBOSE1:content\browser\renderer_host\media\media_stream_manager.cc:1519] AOC::StopStream => (average audio level=-inf dBFS) [id=296D85C860DD199D8AF38C54AF8CBA38]
[14504:0829/100947.399:VERBOSE1:content\browser\renderer_host\media\media_stream_manager.cc:1519] AOC::Close => (state=closed) [id=296D85C860DD199D8AF38C54AF8CBA38]
[14504:0829/100947.399:VERBOSE1:content\browser\renderer_host\media\media_stream_manager.cc:1519] audio::OS::Dtor => (completed, duration=0 ms) [id=1587ED3967B5C48690022EC189D3F540] [controller_id=296D85C860DD199D8AF38C54AF8CBA38]
[14504:0829/100947.399:VERBOSE1:content\browser\renderer_host\media\media_stream_manager.cc:1519] ASR: number of detected audio glitches: 0 out of 68
[14504:0829/100947.399:VERBOSE1:content\browser\renderer_host\media\media_stream_manager.cc:1519] AOC::Close([state=playing]) [id=47D6E8983EA23F11B26F64E8A8B66E3B]
[14504:0829/100947.399:VERBOSE1:content\browser\renderer_host\media\media_stream_manager.cc:1519] AOC::StopStream => (duration=0 sec) [id=47D6E8983EA23F11B26F64E8A8B66E3B]
[14504:0829/100947.399:VERBOSE1:content\browser\renderer_host\media\media_stream_manager.cc:1519] AOC::StopStream => (glitches=[duration (ms): 0, count: 0], glitch_percentage=0.000%) [id=47D6E8983EA23F11B26F64E8A8B66E3B]
[14504:0829/100947.399:VERBOSE1:content\browser\renderer_host\media\media_stream_manager.cc:1519] AOC::StopStream => (error_during_callback=false) [id=47D6E8983EA23F11B26F64E8A8B66E3B]
[14504:0829/100947.399:VERBOSE1:content\browser\renderer_host\media\media_stream_manager.cc:1519] AOC::StopStream => (average audio level=-90.33 dBFS) [id=47D6E8983EA23F11B26F64E8A8B66E3B]
[14504:0829/100947.399:VERBOSE1:content\browser\renderer_host\media\media_stream_manager.cc:1519] AOC::Close => (state=closed) [id=47D6E8983EA23F11B26F64E8A8B66E3B]
[14504:0829/100947.399:VERBOSE1:content\browser\renderer_host\media\media_stream_manager.cc:1519] audio::OS::Dtor => (completed, duration=0 ms) [id=ACCC2293722D69B1FBC00CCCB1B89330] [controller_id=47D6E8983EA23F11B26F64E8A8B66E3B]
[14504:0829/100947.399:VERBOSE1:content\browser\renderer_host\media\media_stream_manager.cc:1519] ASR: number of detected audio glitches: 0 out of 67
[14504:0829/100947.399:VERBOSE1:content\browser\renderer_host\media\media_stream_manager.cc:1519] RFAOSF::RequestDeviceAuthorization({device_id=}) [process_id=6, frame_id=1]
[14504:0829/100947.401:VERBOSE1:content\browser\renderer_host\media\media_stream_manager.cc:1519] RFAOSF::RequestDeviceAuthorization({device_id=}) [process_id=6, frame_id=1]
[14504:0829/100947.404:VERBOSE1:content\browser\renderer_host\media\media_stream_manager.cc:1519] RFAOSF::AuthorizationCompleted({status=OK}, {params=format: PCM_LOW_LATENCY, channel_layout: 14, channels: 8, sample_rate: 96000, frames_per_buffer: 960, effects: NONE, mic_positions: , latency_tag: LatencyUnknown, hw_capabilities: min_frames_per_buffer: 192, max_frames_per_buffer: 960, bitstream_formats:0, require_encapsulation:0, require_audio_offload:0}, {device_id=default}) [process_id=6, frame_id=1]
[14504:0829/100947.404:VERBOSE1:content\browser\renderer_host\media\media_stream_manager.cc:1519] RFAOSF::AuthorizationCompleted => (authorization time=3 ms) [process_id=6, frame_id=1]
[14504:0829/100947.407:VERBOSE1:content\browser\renderer_host\media\media_stream_manager.cc:1519] RFAOSF::AuthorizationCompleted({status=OK}, {params=format: PCM_LOW_LATENCY, channel_layout: 14, channels: 8, sample_rate: 96000, frames_per_buffer: 960, effects: NONE, mic_positions: , latency_tag: LatencyUnknown, hw_capabilities: min_frames_per_buffer: 192, max_frames_per_buffer: 960, bitstream_formats:0, require_encapsulation:0, require_audio_offload:0}, {device_id=default}) [process_id=6, frame_id=1]
[14504:0829/100947.407:VERBOSE1:content\browser\renderer_host\media\media_stream_manager.cc:1519] RFAOSF::AuthorizationCompleted => (authorization time=6 ms) [process_id=6, frame_id=1]
[14504:0829/100947.407:VERBOSE1:content\browser\renderer_host\media\media_stream_manager.cc:1519] audio::OS::Ctor({audio_manager_name=Windows}, {device_id=default}, {params=[format: PCM_LOW_LATENCY, channel_layout: 3, channels: 2, sample_rate: 96000, frames_per_buffer: 960, effects: NONE, mic_positions: , latency_tag: LatencyInteractive]}) [id=5D426D42100E88B6A3A082E8FE488BF6] [controller_id=EFE7BCA039D0A09F9254F4303A050C4F]
[14504:0829/100947.407:VERBOSE1:content\browser\renderer_host\media\media_stream_manager.cc:1519] AOC::CreateStream([state=empty]) [id=EFE7BCA039D0A09F9254F4303A050C4F]
[14504:0829/100947.407:VERBOSE1:content\browser\renderer_host\media\media_stream_manager.cc:1519] AOC::RecreateStream({reason=INITIAL_STREAM}, {device_name=Default - Unknown}, {params=[format: PCM_LOW_LATENCY, channel_layout: 3, channels: 2, sample_rate: 96000, frames_per_buffer: 960, effects: NONE, mic_positions: , latency_tag: LatencyInteractive]}, [state=empty]) [id=EFE7BCA039D0A09F9254F4303A050C4F]
[14504:0829/100947.408:VERBOSE1:content\browser\renderer_host\media\media_stream_manager.cc:1519] AOC::CreateStream => (state=created) [id=EFE7BCA039D0A09F9254F4303A050C4F]
[14504:0829/100947.408:VERBOSE1:content\browser\renderer_host\media\media_stream_manager.cc:1519] audio::OS::CreateAudioPipe() [id=5D426D42100E88B6A3A082E8FE488BF6] [controller_id=EFE7BCA039D0A09F9254F4303A050C4F]
[14504:0829/100947.408:VERBOSE1:content\browser\renderer_host\media\media_stream_manager.cc:1519] audio::OS::CreateAudioPipe() => (duration=0 ms) [id=5D426D42100E88B6A3A082E8FE488BF6] [controller_id=EFE7BCA039D0A09F9254F4303A050C4F]
[14504:0829/100947.408:VERBOSE1:content\browser\renderer_host\media\media_stream_manager.cc:1519] audio::OS::Create => (duration=0 ms) [id=5D426D42100E88B6A3A082E8FE488BF6] [controller_id=EFE7BCA039D0A09F9254F4303A050C4F]
[14504:0829/100947.408:VERBOSE1:content\browser\renderer_host\media\media_stream_manager.cc:1519] audio::OS::Ctor({audio_manager_name=Windows}, {device_id=default}, {params=[format: PCM_LOW_LATENCY, channel_layout: 14, channels: 8, sample_rate: 96000, frames_per_buffer: 960, effects: NONE, mic_positions: , latency_tag: LatencyRtc]}) [id=875CB88B6ED0B31A5D86934B66444FC2] [controller_id=2C394CCB05BDAFA316A38C3BE7BAA357]
[14504:0829/100947.408:VERBOSE1:content\browser\renderer_host\media\media_stream_manager.cc:1519] AOC::CreateStream([state=empty]) [id=2C394CCB05BDAFA316A38C3BE7BAA357]
[14504:0829/100947.408:VERBOSE1:content\browser\renderer_host\media\media_stream_manager.cc:1519] AOC::RecreateStream({reason=INITIAL_STREAM}, {device_name=Default - Unknown}, {params=[format: PCM_LOW_LATENCY, channel_layout: 14, channels: 8, sample_rate: 96000, frames_per_buffer: 960, effects: NONE, mic_positions: , latency_tag: LatencyRtc]}, [state=empty]) [id=2C394CCB05BDAFA316A38C3BE7BAA357]
[14504:0829/100947.408:VERBOSE1:content\browser\renderer_host\media\media_stream_manager.cc:1519] AOC::CreateStream => (state=created) [id=2C394CCB05BDAFA316A38C3BE7BAA357]
[14504:0829/100947.408:VERBOSE1:content\browser\renderer_host\media\media_stream_manager.cc:1519] audio::OS::CreateAudioPipe() [id=875CB88B6ED0B31A5D86934B66444FC2] [controller_id=2C394CCB05BDAFA316A38C3BE7BAA357]
[14504:0829/100947.408:VERBOSE1:content\browser\renderer_host\media\media_stream_manager.cc:1519] audio::OS::CreateAudioPipe() => (duration=0 ms) [id=875CB88B6ED0B31A5D86934B66444FC2] [controller_id=2C394CCB05BDAFA316A38C3BE7BAA357]
[14504:0829/100947.408:VERBOSE1:content\browser\renderer_host\media\media_stream_manager.cc:1519] audio::OS::Create => (duration=0 ms) [id=875CB88B6ED0B31A5D86934B66444FC2] [controller_id=2C394CCB05BDAFA316A38C3BE7BAA357]
[14504:0829/100947.408:VERBOSE1:content\browser\renderer_host\media\media_stream_manager.cc:1519] audio::OS::Play() [id=5D426D42100E88B6A3A082E8FE488BF6] [controller_id=EFE7BCA039D0A09F9254F4303A050C4F]
[14504:0829/100947.408:VERBOSE1:content\browser\renderer_host\media\media_stream_manager.cc:1519] AOC::Play([state=created]) [id=EFE7BCA039D0A09F9254F4303A050C4F]
[14504:0829/100947.408:VERBOSE1:content\browser\renderer_host\media\media_stream_manager.cc:1519] AOC::StartStream => (state=playing) [id=EFE7BCA039D0A09F9254F4303A050C4F]
[14504:0829/100947.408:VERBOSE1:content\browser\renderer_host\media\media_stream_manager.cc:1519] audio::OS::Play() => (duration=0 ms) [id=5D426D42100E88B6A3A082E8FE488BF6] [controller_id=EFE7BCA039D0A09F9254F4303A050C4F]
[14504:0829/100947.408:VERBOSE1:content\browser\renderer_host\media\media_stream_manager.cc:1519] audio::OS::Play() [id=875CB88B6ED0B31A5D86934B66444FC2] [controller_id=2C394CCB05BDAFA316A38C3BE7BAA357]
[14504:0829/100947.408:VERBOSE1:content\browser\renderer_host\media\media_stream_manager.cc:1519] AOC::Play([state=created]) [id=2C394CCB05BDAFA316A38C3BE7BAA357]
[14504:0829/100947.408:VERBOSE1:content\browser\renderer_host\media\media_stream_manager.cc:1519] AOC::StartStream => (state=playing) [id=2C394CCB05BDAFA316A38C3BE7BAA357]
[14504:0829/100947.408:VERBOSE1:content\browser\renderer_host\media\media_stream_manager.cc:1519] audio::OS::Play() => (duration=0 ms) [id=875CB88B6ED0B31A5D86934B66444FC2] [controller_id=2C394CCB05BDAFA316A38C3BE7BAA357]
[stream-benchmark] aquecendo por 1000 ms
[stream-benchmark] qualidade visual indisponível para esta fonte
[14504:0829/100952.248:VERBOSE1:content\browser\renderer_host\media\media_stream_manager.cc:1519] video capture: VideoCaptureImpl changing state to VIDEO_CAPTURE_STATE_STOPPING
[14504:0829/100952.248:VERBOSE1:content\browser\renderer_host\media\media_stream_manager.cc:1519] video capture: VideoCaptureController::RemoveClient: id = (A5CE73D2AD27FE38DA15B044A91CF087)
[14504:0829/100952.248:VERBOSE1:content\browser\renderer_host\media\media_stream_manager.cc:1519] video capture: DisconnectClient: session_id = (A5CE73D2AD27FE38DA15B044A91CF087)
[14504:0829/100952.248:VERBOSE1:content\browser\renderer_host\media\media_stream_manager.cc:1519] video capture: VideoCaptureManager stopping device (stream_type = GUM_DESKTOP_VIDEO_CAPTURE, device_id = window:525598:1)
[14504:0829/100952.248:VERBOSE1:content\browser\renderer_host\media\media_stream_manager.cc:1519] video capture: VideoCaptureController::ReleaseDeviceAsync: serial_id = 0, device_id = window:525598:1
[14504:0829/100952.248:VERBOSE1:content\browser\renderer_host\media\media_stream_manager.cc:1519] MSM::StopStreamDevice({render_process_id=6}, {render_frame_id=1}, {requester_id=2}, {device_id=window:525598:1}, {session_id=A5CE73D2AD27FE38DA15B044A91CF087})
[14504:0829/100952.248:VERBOSE1:content\browser\renderer_host\media\media_stream_manager.cc:1519] MSM::StopDevice({type=GUM_DESKTOP_VIDEO_CAPTURE}, {session_id=A5CE73D2AD27FE38DA15B044A91CF087})
[14504:0829/100952.248:VERBOSE1:content\browser\renderer_host\media\media_stream_manager.cc:1519] MSM::CloseDevice({type=GUM_DESKTOP_VIDEO_CAPTURE}, {session_id=A5CE73D2AD27FE38DA15B044A91CF087})
[14504:0829/100952.248:VERBOSE1:content\browser\renderer_host\media\media_stream_manager.cc:1519] video capture: VideoCaptureManager::Close, capture_session_id = (A5CE73D2AD27FE38DA15B044A91CF087)
[14504:0829/100952.248:VERBOSE1:content\browser\renderer_host\media\media_stream_manager.cc:1519] MSM::DR::SetState({label=55a0e9c6-25cf-4806-98ca-9ca4cbce19c9}, [requester_id=2], {stream_type=GUM_DESKTOP_VIDEO_CAPTURE}, {new_state=STATE_CLOSING})
[14504:0829/100952.248:VERBOSE1:content\browser\renderer_host\media\media_stream_manager.cc:1519] MSM::DeleteRequest([label=55a0e9c6-25cf-4806-98ca-9ca4cbce19c9])
[14504:0829/100952.248:VERBOSE1:content\browser\renderer_host\media\media_stream_manager.cc:1519] MSM::Closed({stream_type=GUM_DESKTOP_VIDEO_CAPTURE}, {session_id=A5CE73D2AD27FE38DA15B044A91CF087})
[14504:0829/100952.251:VERBOSE1:content\browser\renderer_host\media\media_stream_manager.cc:1519] RFAOSF::RequestDeviceAuthorization({device_id=}) [process_id=7, frame_id=1]
[14504:0829/100952.251:VERBOSE1:content\browser\renderer_host\media\media_stream_manager.cc:1519] AOC::Close([state=playing]) [id=4A9C2FD0B25D7E57B0C78266345CA301]
[14504:0829/100952.251:VERBOSE1:content\browser\renderer_host\media\media_stream_manager.cc:1519] AOC::StopStream => (duration=4 sec) [id=4A9C2FD0B25D7E57B0C78266345CA301]
[14504:0829/100952.251:VERBOSE1:content\browser\renderer_host\media\media_stream_manager.cc:1519] AOC::StopStream => (glitches=[duration (ms): 0, count: 0], glitch_percentage=0.000%) [id=4A9C2FD0B25D7E57B0C78266345CA301]
[14504:0829/100952.251:VERBOSE1:content\browser\renderer_host\media\media_stream_manager.cc:1519] AOC::StopStream => (error_during_callback=false) [id=4A9C2FD0B25D7E57B0C78266345CA301]
[14504:0829/100952.251:VERBOSE1:content\browser\renderer_host\media\media_stream_manager.cc:1519] AOC::StopStream => (average audio level=-inf dBFS) [id=4A9C2FD0B25D7E57B0C78266345CA301]
[14504:0829/100952.251:VERBOSE1:content\browser\renderer_host\media\media_stream_manager.cc:1519] AOC::Close => (state=closed) [id=4A9C2FD0B25D7E57B0C78266345CA301]
[14504:0829/100952.251:VERBOSE1:content\browser\renderer_host\media\media_stream_manager.cc:1519] audio::OS::Dtor => (completed, duration=0 ms) [id=A947F912F81A7DCD9A0F88AA89225CCD] [controller_id=4A9C2FD0B25D7E57B0C78266345CA301]
[14504:0829/100952.251:VERBOSE1:content\browser\renderer_host\media\media_stream_manager.cc:1519] ASR: number of detected audio glitches: 0 out of 486
[14504:0829/100952.255:VERBOSE1:content\browser\renderer_host\media\media_stream_manager.cc:1519] RFAOSF::AuthorizationCompleted({status=OK}, {params=format: PCM_LOW_LATENCY, channel_layout: 14, channels: 8, sample_rate: 96000, frames_per_buffer: 960, effects: NONE, mic_positions: , latency_tag: LatencyUnknown, hw_capabilities: min_frames_per_buffer: 192, max_frames_per_buffer: 960, bitstream_formats:0, require_encapsulation:0, require_audio_offload:0}, {device_id=default}) [process_id=7, frame_id=1]
[14504:0829/100952.255:VERBOSE1:content\browser\renderer_host\media\media_stream_manager.cc:1519] RFAOSF::AuthorizationCompleted => (authorization time=4 ms) [process_id=7, frame_id=1]
[14504:0829/100952.255:VERBOSE1:content\browser\renderer_host\media\media_stream_manager.cc:1519] RFAOSF::RequestDeviceAuthorization({device_id=}) [process_id=7, frame_id=1]
[14504:0829/100952.258:VERBOSE1:content\browser\renderer_host\media\media_stream_manager.cc:1519] RFAOSF::AuthorizationCompleted({status=OK}, {params=format: PCM_LOW_LATENCY, channel_layout: 14, channels: 8, sample_rate: 96000, frames_per_buffer: 960, effects: NONE, mic_positions: , latency_tag: LatencyUnknown, hw_capabilities: min_frames_per_buffer: 192, max_frames_per_buffer: 960, bitstream_formats:0, require_encapsulation:0, require_audio_offload:0}, {device_id=default}) [process_id=7, frame_id=1]
[14504:0829/100952.258:VERBOSE1:content\browser\renderer_host\media\media_stream_manager.cc:1519] RFAOSF::AuthorizationCompleted => (authorization time=3 ms) [process_id=7, frame_id=1]
[14504:0829/100952.258:VERBOSE1:content\browser\renderer_host\media\media_stream_manager.cc:1519] audio::OS::Ctor({audio_manager_name=Windows}, {device_id=default}, {params=[format: PCM_LOW_LATENCY, channel_layout: 3, channels: 2, sample_rate: 96000, frames_per_buffer: 960, effects: NONE, mic_positions: , latency_tag: LatencyInteractive]}) [id=8E7438663082E40207F96D6E3593CCBE] [controller_id=F5298FA2F726373733F720EF4896A7E1]
[14504:0829/100952.258:VERBOSE1:content\browser\renderer_host\media\media_stream_manager.cc:1519] AOC::CreateStream([state=empty]) [id=F5298FA2F726373733F720EF4896A7E1]
[14504:0829/100952.258:VERBOSE1:content\browser\renderer_host\media\media_stream_manager.cc:1519] AOC::RecreateStream({reason=INITIAL_STREAM}, {device_name=Default - Unknown}, {params=[format: PCM_LOW_LATENCY, channel_layout: 3, channels: 2, sample_rate: 96000, frames_per_buffer: 960, effects: NONE, mic_positions: , latency_tag: LatencyInteractive]}, [state=empty]) [id=F5298FA2F726373733F720EF4896A7E1]
[14504:0829/100952.258:VERBOSE1:content\browser\renderer_host\media\media_stream_manager.cc:1519] AOC::CreateStream => (state=created) [id=F5298FA2F726373733F720EF4896A7E1]
[14504:0829/100952.258:VERBOSE1:content\browser\renderer_host\media\media_stream_manager.cc:1519] audio::OS::CreateAudioPipe() [id=8E7438663082E40207F96D6E3593CCBE] [controller_id=F5298FA2F726373733F720EF4896A7E1]
[14504:0829/100952.258:VERBOSE1:content\browser\renderer_host\media\media_stream_manager.cc:1519] audio::OS::CreateAudioPipe() => (duration=0 ms) [id=8E7438663082E40207F96D6E3593CCBE] [controller_id=F5298FA2F726373733F720EF4896A7E1]
[14504:0829/100952.258:VERBOSE1:content\browser\renderer_host\media\media_stream_manager.cc:1519] audio::OS::Create => (duration=0 ms) [id=8E7438663082E40207F96D6E3593CCBE] [controller_id=F5298FA2F726373733F720EF4896A7E1]
[14504:0829/100952.259:VERBOSE1:content\browser\renderer_host\media\media_stream_manager.cc:1519] audio::OS::Play() [id=8E7438663082E40207F96D6E3593CCBE] [controller_id=F5298FA2F726373733F720EF4896A7E1]
[14504:0829/100952.259:VERBOSE1:content\browser\renderer_host\media\media_stream_manager.cc:1519] AOC::Play([state=created]) [id=F5298FA2F726373733F720EF4896A7E1]
[14504:0829/100952.259:VERBOSE1:content\browser\renderer_host\media\media_stream_manager.cc:1519] AOC::StartStream => (state=playing) [id=F5298FA2F726373733F720EF4896A7E1]
[14504:0829/100952.259:VERBOSE1:content\browser\renderer_host\media\media_stream_manager.cc:1519] audio::OS::Play() => (duration=0 ms) [id=8E7438663082E40207F96D6E3593CCBE] [controller_id=F5298FA2F726373733F720EF4896A7E1]
[14504:0829/100952.377:VERBOSE1:content\browser\renderer_host\media\media_stream_manager.cc:1519] AOC::WedgeCheck => (stream is alive) [id=59D8C65D9AA45886C77B21DF76122A63]
[14504:0829/100952.377:VERBOSE1:content\browser\renderer_host\media\media_stream_manager.cc:1519] AOC::WedgeCheck => (stream is alive) [id=B604EED82EC3124EC109D3C072CC4D40]
[14504:0829/100952.394:VERBOSE1:content\browser\renderer_host\media\media_stream_manager.cc:1519] AOC::WedgeCheck => (stream is alive) [id=1E945EA428A7280ECC55F9C461DA6384]
[14504:0829/100952.409:VERBOSE1:content\browser\renderer_host\media\media_stream_manager.cc:1519] AOC::WedgeCheck => (stream is alive) [id=EFE7BCA039D0A09F9254F4303A050C4F]
[14504:0829/100952.409:VERBOSE1:content\browser\renderer_host\media\media_stream_manager.cc:1519] AOC::WedgeCheck => (stream is alive) [id=2C394CCB05BDAFA316A38C3BE7BAA357]
[stream-benchmark] 01-performance: apresentado 2.79 FPS, encode 3.33 FPS, perda 0.00%, bitrate CV 0.698, SSIM n/a, CPU 4.8%, GPU n/a%, validade sender-receiver-resolution-mismatch
[stream-benchmark] relatório salvo em C:\Projects\discord p2p\artifacts\probe-m150-c-window-default.json
{
  "schemaVersion": 5,
  "benchmark": "jump-screen-share-loopback",
  "config": {
    "warmupMs": 1000,
    "durationMs": 3000,
    "repeats": 1,
    "viewers": 1,
    "sampleMs": 250,
    "resourceSampleMs": 1000,
    "sourceFps": 60,
    "sourceWidth": 1920,
    "sourceHeight": 1080,
    "sourceSeed": 1247104336,
    "gpuLoad": 0,
    "qualitySamples": 0,
    "qualityWidth": 1920,
    "qualityHeight": 1080,
    "qualitySettleMs": 750,
    "externalSource": false,
    "externalSourceMode": "ffplay",
    "captureType": "window",
    "disableFeatures": "",
    "enableFeatures": "",
    "preferredSoftwareCodec": "",
    "nvidiaSmiEnabled": false,
    "networkEmulation": {
      "packetLossPercent": 0,
      "packetQueueLength": 0,
      "packetReordering": false,
      "latencyMs": 0,
      "downloadKbps": 0,
      "uploadKbps": 0,
      "enabled": false
    },
    "profiles": [
      "performance"
    ],
    "outputPath": "C:\\Projects\\discord p2p\\artifacts\\probe-m150-c-window-default.json",
    "pretty": true,
    "stdout": true,
    "sfuEnabled": true,
    "expectSfu": false
  },
  "environment": {
    "generatedAt": "2026-08-29T13:09:52.758Z",
    "git": {
      "commit": "5d290024c0b854d236eb1f770033333b5dcb9929",
      "status": "M electron/main.cjs\n M tests/screen-share-benchmark.e2e.cjs\n?? electron/media-runtime-config.cjs\n?? tests/media-runtime-config.e2e.cjs\n?? tests/media-runtime-config.test.cjs",
      "sourceSha256": {
        "electron/main.cjs": "4646ba3c30911278b7cb1dd6027b2d4fdd5a6219650511e2ea19811b3db3937d",
        "src/hooks/useScreenShare.js": "1191be41a8ca7845182526ecf8b3531d103a4f41aa08637be046d09e3eeac3d7",
        "src/media/screenShareProfiles.js": "9dda3e555fdb00167e227748ab2ed8359db500af60627e2ce71e719dd30b9bb7",
        "src/media/screenShareTelemetry.js": "0ffc6116cb2874abfbb21a5fd70ec13d0e4422ba83c5050841586ff45075ea72",
        "src/webrtc/usePeerMesh.js": "6469e5ba7c3cd9e68f4f29558bda07e3f1d78aff2531b49c5766b8f26d5f998a",
        "tests/screen-share-benchmark.e2e.cjs": "29d90605837b0d72b5ccfaa553d7ca659b045481a86a1e83db94df141b93b0d5",
        "tests/fixtures/motion-source.html": "a5d4f15b248f3a2ef622da89ee19ce8a7dd0e0f7f4d081bb50e8167cba29f25a"
      }
    },
    "runtime": {
      "node": "24.18.1",
      "acorn": "8.16.0",
      "ada": "3.4.4",
      "amaro": "1.1.9",
      "ares": "1.34.6",
      "brotli": "1.2.0",
      "cldr": "48.0",
      "icu": "78.2",
      "llhttp": "9.4.3",
      "merve": "1.2.2",
      "modules": "148",
      "napi": "10",
      "nbytes": "0.1.4",
      "ncrypto": "0.0.1",
      "nghttp2": "1.69.0",
      "nghttp3": "",
      "ngtcp2": "",
      "openssl": "0.0.0",
      "simdjson": "4.6.4",
      "simdutf": "7.7.0",
      "sqlite": "3.53.1",
      "tz": "2025c",
      "undici": "7.29.0",
      "unicode": "17.0",
      "uv": "1.52.1",
      "uvwasi": "0.0.23",
      "v8": "15.0.245.28-electron.0",
      "zlib": "1.3.2.1-motley",
      "zstd": "1.6.0",
      "electron": "43.4.1",
      "chrome": "150.0.7871.224"
    },
    "chromiumSwitches": {
      "disableFeatures": "AllowWgcScreenCapturer",
      "enableFeatures": "",
      "argv": [
        "C:\\Projects\\discord p2p\\node_modules\\electron\\dist\\electron.exe",
        "--enable-logging=stderr",
        "--v=1",
        "--trace-startup=disabled-by-default-video_and_image_capture,webrtc,media,gpu",
        "--trace-startup-file=C:\\Projects\\discord p2p\\artifacts\\probe-m150-c-window-default.trace.json",
        "tests/screen-share-benchmark.e2e.cjs"
      ]
    },
    "platform": {
      "platform": "win32",
      "arch": "x64",
      "osType": "Windows_NT",
      "osRelease": "10.0.26200",
      "osVersion": "Windows 11 Pro",
      "cpu": "AMD Ryzen 7 5700X 8-Core Processor             ",
      "logicalCpuCount": 16,
      "totalMemoryBytes": 34305277952
    },
    "electronGpu": {
      "hardwareAcceleration": true,
      "featureStatus": {
        "2d_canvas": "enabled",
        "direct_rendering_display_compositor": "disabled_off_ok",
        "gpu_compositing": "enabled",
        "multiple_raster_threads": "enabled_on",
        "opengl": "enabled_on",
        "rasterization": "enabled",
        "raw_draw": "disabled_off_ok",
        "skia_graphite": "disabled_off",
        "trees_in_viz": "disabled_off",
        "video_decode": "enabled",
        "video_encode": "enabled",
        "webgl": "enabled",
        "webgpu": "enabled",
        "webnn": "disabled_off"
      },
      "info": {
        "auxAttributes": {
          "amdSwitchable": false,
          "canSupportThreadedTextureMailbox": false,
          "directMLFeatureLevel": "Not supported",
          "dx12FeatureLevel": "Not supported",
          "glImplementationParts": "(gl=none,angle=none)",
          "glResetNotificationStrategy": 0,
          "inProcessGpu": true,
          "initializationTime": 0,
          "isAsan": false,
          "isClangCoverage": false,
          "jpegDecodeAcceleratorSupported": false,
          "optimus": false,
          "overlayInfo": {
            "bgra8OverlaySupport": "NONE",
            "directComposition": false,
            "nv12OverlaySupport": "NONE",
            "p010OverlaySupport": "NONE",
            "rgb10a2OverlaySupport": "NONE",
            "supportsOverlays": false,
            "yuy2OverlaySupport": "NONE"
          },
          "passthroughCmdDecoder": false,
          "sandboxed": false,
          "skiaBackendType": "None",
          "subpixelFontRendering": true,
          "supportsD3dSharedImages": false,
          "supportsDirectML": false,
          "supportsDx12": false,
          "supportsVulkan": false,
          "targetCpuBits": 64,
          "visibilityCallbackCallCount": 0,
          "vulkanVersion": "Not supported"
        },
        "gpuDevice": [
          {
            "active": false,
            "deviceId": 9476,
            "deviceString": "NVIDIA GeForce RTX 3060",
            "driverVersion": "32.0.15.9636",
            "gpuPreference": 0,
            "revision": 161,
            "subSysId": 964498530,
            "vendorId": 4318
          },
          {
            "active": false,
            "deviceId": 140,
            "deviceString": "Microsoft Basic Render Driver",
            "driverVersion": "10.0.26100.8972",
            "gpuPreference": 0,
            "revision": 0,
            "subSysId": 0,
            "vendorId": 5140
          }
        ]
      }
    },
    "resourceTelemetry": {
      "appGetAppMetrics": true,
      "processGetCPUUsage": true,
      "processGetProcessMemoryInfo": true,
      "processGetSystemMemoryInfo": true,
      "nvidiaSmi": {
        "enabled": false,
        "detected": false,
        "available": false,
        "path": "",
        "successfulSamples": 0,
        "failedSamples": 0,
        "lastError": null
      }
    },
    "externalSource": null,
    "captureBackend": {
      "wgcScreenCapturerDisabled": true,
      "confirmedByTrace": false,
      "note": "The switch expresses preference; Chromium may use an internal fallback unless a trace confirms the capturer."
    },
    "isolation": {
      "receiver": "visible-on-noncaptured-or-window-safe-display",
      "loopbackSameMachine": true
    },
    "networkEmulation": {
      "requested": false,
      "active": false,
      "target": null,
      "mode": null,
      "ruleIds": [],
      "fallbackReason": null,
      "error": null
    },
    "displays": [
      {
        "id": 2036301598,
        "bounds": {
          "x": 0,
          "y": 0,
          "width": 2560,
          "height": 1440
        },
        "workArea": {
          "x": 0,
          "y": 0,
          "width": 2560,
          "height": 1392
        },
        "scaleFactor": 1,
        "displayFrequency": 165,
        "colorDepth": 24
      }
    ],
    "fixtureSource": {
      "id": "window:525598:1",
      "name": "JUMP_BENCH_MOTION_SOURCE_14504",
      "type": "window",
      "displayId": "",
      "selectionValidation": "exact-window-title"
    }
  },
  "runs": [
    {
      "runId": "01-performance",
      "repeat": 1,
      "orderIndex": 0,
      "profile": "performance",
      "captureSource": {
        "id": "window:525598:1",
        "name": "JUMP_BENCH_MOTION_SOURCE_14504",
        "type": "window",
        "displayId": "",
        "selectionValidation": "exact-window-title"
      },
      "validity": {
        "validForPerformance": false,
        "validForVisualQuality": false,
        "reasons": [
          "sender-receiver-resolution-mismatch"
        ],
        "warnings": [
          "sender-bitrate-oscillation",
          "sender-pacer-delay",
          "visual-quality-unavailable:disabled"
        ],
        "stratum": {
          "transportMode": "mesh",
          "codec": "video/H264",
          "encoder": "MediaFoundationVideoEncodeAccelerator (NVIDIA H.264 Encoder MFT)",
          "resolution": "960x540",
          "adaptationScale": 1.3333333333333333
        },
        "stratumKey": "{\"transportMode\":\"mesh\",\"codec\":\"video/H264\",\"encoder\":\"MediaFoundationVideoEncodeAccelerator (NVIDIA H.264 Encoder MFT)\",\"resolution\":\"960x540\",\"adaptationScale\":1.3333333333333333}"
      },
      "startedAt": "2026-08-29T13:09:49.238Z",
      "endedAt": "2026-08-29T13:09:52.247Z",
      "sourceStart": {
        "targetFps": 60,
        "seed": 1247104336,
        "epochMs": 3713.199999999255,
        "nowMs": 3713.699999999255,
        "frameId": -1,
        "drawnFrames": 0,
        "skippedSlots": 0,
        "lastDrawMs": 0,
        "width": 1920,
        "height": 1080,
        "gpuLoad": 0,
        "gpuLoadActive": false,
        "gpuLoadError": "",
        "frozen": false
      },
      "sourceEnd": {
        "targetFps": 60,
        "seed": 1247104336,
        "epochMs": 3713.199999999255,
        "nowMs": 6714.799999998882,
        "frameId": 179,
        "drawnFrames": 180,
        "skippedSlots": 0,
        "lastDrawMs": 6697,
        "width": 1920,
        "height": 1080,
        "gpuLoad": 0,
        "gpuLoadActive": false,
        "gpuLoadError": "",
        "frozen": false
      },
      "senderSamples": [
        {
          "benchmarkElapsedMs": 0.0021000000006097252,
          "collectedAt": 1788008989240.6,
          "role": "sender",
          "transportMode": "mesh",
          "peerId": "53e42b6c",
          "connectionState": "connected",
          "iceConnectionState": "connected",
          "signalingState": "stable",
          "track": {
            "id": "4ae5360a-f658-43e0-bcfb-3594d68a9c6c",
            "label": "Screen",
            "enabled": true,
            "muted": false,
            "readyState": "live",
            "settings": {
              "aspectRatio": 1.7777777777777777,
              "deviceId": "window:525598:1",
              "frameRate": 60,
              "height": 720,
              "resizeMode": "crop-and-scale",
              "screenPixelRatio": 1,
              "width": 1280
            },
            "constraints": {
              "frameRate": {
                "max": 60,
                "ideal": 60
              },
              "height": {
                "max": 720,
                "ideal": 720
              },
              "width": {
                "max": 1280,
                "ideal": 1280
              }
            }
          },
          "senderParameters": {
            "degradationPreference": "maintain-resolution",
            "transactionId": "e14504e5-b297-4268-81f3-3be6fb92fd4e",
            "encodings": [
              {
                "active": true,
                "maxBitrate": 236903,
                "maxFramerate": 60,
                "scaleResolutionDownBy": 1,
                "priority": "high",
                "networkPriority": "high"
              }
            ]
          },
          "adaptation": {
            "profileId": "performance",
            "level": 0,
            "temporalLevel": 0,
            "poorSamples": 0,
            "stableSamples": 0,
            "sourceSamples": 0,
            "networkSamples": 2,
            "sampleCount": 2,
            "cooldownSamples": 0,
            "scale": 1,
            "frameRate": 60,
            "reason": "startup-observation",
            "targetFps": 60,
            "measuredFps": 4.000896034007616,
            "captureFps": 65.34796855545774,
            "encodedFps": 4.000896034007616,
            "encoderDeliveryRatio": 0.0666816005667936,
            "bottleneck": "network",
            "sourceLimited": false,
            "networkPressure": true,
            "capacityPressure": true,
            "transportPressure": true,
            "packetLossPressure": false,
            "retransmissionPressure": false,
            "pacerPressure": true,
            "discardedPacketPressure": false,
            "packetLossRatio": 0,
            "retransmissionRatio": 0,
            "averagePacketSendDelayMs": 251.08235616438355,
            "packetsDiscardedOnSend": 0,
            "pressureSamplesRequired": 2,
            "networkSustained": true,
            "networkHeadroomRatio": 0.096972,
            "requiredBitrate": 8000000,
            "recoveryRequiredBitrate": 8000000,
            "networkRecoveryHeadroomRatio": 0.096972,
            "networkRecoveryReady": true,
            "projectedRecoveryEncodeMs": 3,
            "encoderRecoveryReady": true,
            "encoderTrial": null,
            "downscaleEffectiveness": {
              "status": "idle",
              "samplesObserved": 0,
              "samplesRequired": 3,
              "requiredDeliveryGain": 0.08,
              "requiredEncodeCostReductionRatio": 0.15
            },
            "averageEncodeTimeMs": 3,
            "fpsEma": 5.471226007485813,
            "encodeEma": 3,
            "effectiveWidth": 1280,
            "effectiveHeight": 720,
            "temporalChanged": false,
            "softwareEncoder": false,
            "encoderImplementation": "MediaFoundationVideoEncodeAccelerator (NVIDIA H.264 Encoder MFT)",
            "trackId": "4ae5360a-f658-43e0-bcfb-3594d68a9c6c"
          },
          "videoCodecPolicyKey": "hardware-or-unknown",
          "videoMutationCounts": {
            "total": 2,
            "structural": 1,
            "bitrate": 2,
            "active": 0,
            "track": 1
          },
          "lastVideoMutation": {
            "sequence": 2,
            "type": "adapt",
            "timestampMs": 1788008987548,
            "peerId": "53e42b6c",
            "structural": false,
            "bitrate": true,
            "active": false,
            "trackChanged": false,
            "before": {
              "trackId": "4ae5360a-f658-43e0-bcfb-3594d68a9c6c",
              "degradationPreference": "maintain-resolution",
              "encodings": [
                {
                  "active": true,
                  "maxBitrate": 8000000,
                  "maxFramerate": 60,
                  "scaleResolutionDownBy": 1,
                  "scalabilityMode": null
                }
              ]
            },
            "after": {
              "trackId": "4ae5360a-f658-43e0-bcfb-3594d68a9c6c",
              "degradationPreference": "maintain-resolution",
              "encodings": [
                {
                  "active": true,
                  "maxBitrate": 236903,
                  "maxFramerate": 60,
                  "scaleResolutionDownBy": 1,
                  "scalabilityMode": null
                }
              ]
            },
            "countersBeforeNextSample": {
              "keyFramesEncoded": 0,
              "hugeFramesSent": 0,
              "nackCount": 0,
              "pliCount": 0,
              "firCount": 0,
              "bytesSent": 0
            },
            "profileId": "performance",
            "adaptationReason": "network-observation",
            "adaptationLevel": 0,
            "temporalLevel": 0
          },
          "jitterBufferTarget": null,
          "topology": {
            "sfuViewerCount": 0,
            "sfuConsumerCount": 0,
            "meshScreenSenders": 1,
            "meshActiveScreenSenders": 1,
            "meshViaSfuCount": 0,
            "meshBytesSentTotal": 74763,
            "publisherUploadBytes": 74763
          },
          "reports": {
            "source": {
              "id": "SV2",
              "timestamp": 1788008989239.84,
              "trackIdentifier": "4ae5360a-f658-43e0-bcfb-3594d68a9c6c",
              "kind": "video",
              "width": 1280,
              "height": 720,
              "frames": 111,
              "framesPerSecond": 60
            },
            "outbound": {
              "id": "OT01V2590553353",
              "timestamp": 1788008989239.84,
              "ssrc": 2590553353,
              "kind": "video",
              "mid": "1",
              "active": true,
              "codecId": "COT01_103_level-asymmetry-allowed=1;packetization-mode=1;profile-level-id=42001f",
              "mediaSourceId": "SV2",
              "remoteId": "RIV2590553353",
              "transportId": "T01",
              "bytesSent": 74763,
              "headerBytesSent": 3718,
              "packetsSent": 80,
              "retransmittedBytesSent": 0,
              "retransmittedPacketsSent": 0,
              "framesEncoded": 7,
              "framesSent": 7,
              "hugeFramesSent": 7,
              "keyFramesEncoded": 1,
              "framesPerSecond": 3,
              "frameWidth": 1280,
              "frameHeight": 720,
              "qpSum": 345,
              "totalEncodeTime": 0.021,
              "totalEncodedBytesTarget": 0,
              "totalPacketSendDelay": 18.413736999999998,
              "targetBitrate": 196667,
              "qualityLimitationReason": "none",
              "qualityLimitationDurations": {
                "bandwidth": 0,
                "cpu": 0,
                "none": 1.865,
                "other": 0
              },
              "qualityLimitationResolutionChanges": 0,
              "nackCount": 0,
              "firCount": 0,
              "pliCount": 0,
              "encoderImplementation": "MediaFoundationVideoEncodeAccelerator (NVIDIA H.264 Encoder MFT)",
              "powerEfficientEncoder": true
            },
            "remoteInbound": {
              "id": "RIV2590553353",
              "timestamp": 1788008988639.92,
              "ssrc": 2590553353,
              "kind": "video",
              "codecId": "COT01_103_level-asymmetry-allowed=1;packetization-mode=1;profile-level-id=42001f",
              "localId": "OT01V2590553353",
              "transportId": "T01",
              "packetsLost": 0,
              "jitter": 0.058032999999999994,
              "roundTripTime": 0.001,
              "totalRoundTripTime": 0.001,
              "roundTripTimeMeasurements": 1,
              "fractionLost": 0
            },
            "inbound": null,
            "remoteOutbound": null,
            "codec": {
              "id": "COT01_103_level-asymmetry-allowed=1;packetization-mode=1;profile-level-id=42001f",
              "timestamp": 1788008989239.84,
              "payloadType": 103,
              "mimeType": "video/H264",
              "clockRate": 90000,
              "sdpFmtpLine": "level-asymmetry-allowed=1;packetization-mode=1;profile-level-id=42001f"
            },
            "transport": {
              "id": "T01",
              "timestamp": 1788008989239.84,
              "bytesSent": 96461,
              "bytesReceived": 15677,
              "packetsSent": 264,
              "packetsReceived": 183,
              "selectedCandidatePairId": "CPTh1TRkvi_0riKEWlc",
              "dtlsState": "connected",
              "iceRole": "controlling"
            },
            "candidatePair": {
              "id": "CPTh1TRkvi_0riKEWlc",
              "timestamp": 1788008989239.84,
              "state": "succeeded",
              "nominated": true,
              "writable": true,
              "bytesSent": 91409,
              "bytesReceived": 11871,
              "currentRoundTripTime": 0,
              "totalRoundTripTime": 0.002,
              "responsesReceived": 5,
              "availableOutgoingBitrate": 775776,
              "requestsReceived": 5,
              "requestsSent": 5,
              "localCandidateId": "ITh1TRkvi",
              "remoteCandidateId": "I0riKEWlc",
              "packetsDiscardedOnSend": 0,
              "bytesDiscardedOnSend": 0
            },
            "localCandidate": {
              "id": "ITh1TRkvi",
              "timestamp": 1788008989239.84,
              "candidateType": "host",
              "protocol": "udp",
              "networkType": "ethernet",
              "address": "fdfd::1ab2:41f1",
              "port": 65249,
              "priority": 2122199807
            },
            "remoteCandidate": {
              "id": "I0riKEWlc",
              "timestamp": 1788008989239.84,
              "candidateType": "host",
              "protocol": "udp",
              "address": "fdfd::1ab2:41f1",
              "port": 63005,
              "priority": 2122199807
            }
          }
        },
        {
          "benchmarkElapsedMs": 264.0024000000003,
          "collectedAt": 1788008989504.7002,
          "role": "sender",
          "transportMode": "mesh",
          "peerId": "53e42b6c",
          "connectionState": "connected",
          "iceConnectionState": "connected",
          "signalingState": "stable",
          "track": {
            "id": "4ae5360a-f658-43e0-bcfb-3594d68a9c6c",
            "label": "Screen",
            "enabled": true,
            "muted": false,
            "readyState": "live",
            "settings": {
              "aspectRatio": 1.7777777777777777,
              "deviceId": "window:525598:1",
              "frameRate": 60,
              "height": 720,
              "resizeMode": "crop-and-scale",
              "screenPixelRatio": 1,
              "width": 1280
            },
            "constraints": {
              "frameRate": {
                "max": 60,
                "ideal": 60
              },
              "height": {
                "max": 720,
                "ideal": 720
              },
              "width": {
                "max": 1280,
                "ideal": 1280
              }
            }
          },
          "senderParameters": {
            "degradationPreference": "maintain-resolution",
            "transactionId": "d805fa1f-0873-4729-a5d5-d23e08fb0663",
            "encodings": [
              {
                "active": true,
                "maxBitrate": 236903,
                "maxFramerate": 60,
                "scaleResolutionDownBy": 1,
                "priority": "high",
                "networkPriority": "high"
              }
            ]
          },
          "adaptation": {
            "profileId": "performance",
            "level": 0,
            "temporalLevel": 0,
            "poorSamples": 0,
            "stableSamples": 0,
            "sourceSamples": 0,
            "networkSamples": 2,
            "sampleCount": 2,
            "cooldownSamples": 0,
            "scale": 1,
            "frameRate": 60,
            "reason": "startup-observation",
            "targetFps": 60,
            "measuredFps": 4.000896034007616,
            "captureFps": 65.34796855545774,
            "encodedFps": 4.000896034007616,
            "encoderDeliveryRatio": 0.0666816005667936,
            "bottleneck": "network",
            "sourceLimited": false,
            "networkPressure": true,
            "capacityPressure": true,
            "transportPressure": true,
            "packetLossPressure": false,
            "retransmissionPressure": false,
            "pacerPressure": true,
            "discardedPacketPressure": false,
            "packetLossRatio": 0,
            "retransmissionRatio": 0,
            "averagePacketSendDelayMs": 251.08235616438355,
            "packetsDiscardedOnSend": 0,
            "pressureSamplesRequired": 2,
            "networkSustained": true,
            "networkHeadroomRatio": 0.096972,
            "requiredBitrate": 8000000,
            "recoveryRequiredBitrate": 8000000,
            "networkRecoveryHeadroomRatio": 0.096972,
            "networkRecoveryReady": true,
            "projectedRecoveryEncodeMs": 3,
            "encoderRecoveryReady": true,
            "encoderTrial": null,
            "downscaleEffectiveness": {
              "status": "idle",
              "samplesObserved": 0,
              "samplesRequired": 3,
              "requiredDeliveryGain": 0.08,
              "requiredEncodeCostReductionRatio": 0.15
            },
            "averageEncodeTimeMs": 3,
            "fpsEma": 5.471226007485813,
            "encodeEma": 3,
            "effectiveWidth": 1280,
            "effectiveHeight": 720,
            "temporalChanged": false,
            "softwareEncoder": false,
            "encoderImplementation": "MediaFoundationVideoEncodeAccelerator (NVIDIA H.264 Encoder MFT)",
            "trackId": "4ae5360a-f658-43e0-bcfb-3594d68a9c6c"
          },
          "videoCodecPolicyKey": "hardware-or-unknown",
          "videoMutationCounts": {
            "total": 2,
            "structural": 1,
            "bitrate": 2,
            "active": 0,
            "track": 1
          },
          "lastVideoMutation": {
            "sequence": 2,
            "type": "adapt",
            "timestampMs": 1788008987548,
            "peerId": "53e42b6c",
            "structural": false,
            "bitrate": true,
            "active": false,
            "trackChanged": false,
            "before": {
              "trackId": "4ae5360a-f658-43e0-bcfb-3594d68a9c6c",
              "degradationPreference": "maintain-resolution",
              "encodings": [
                {
                  "active": true,
                  "maxBitrate": 8000000,
                  "maxFramerate": 60,
                  "scaleResolutionDownBy": 1,
                  "scalabilityMode": null
                }
              ]
            },
            "after": {
              "trackId": "4ae5360a-f658-43e0-bcfb-3594d68a9c6c",
              "degradationPreference": "maintain-resolution",
              "encodings": [
                {
                  "active": true,
                  "maxBitrate": 236903,
                  "maxFramerate": 60,
                  "scaleResolutionDownBy": 1,
                  "scalabilityMode": null
                }
              ]
            },
            "countersBeforeNextSample": {
              "keyFramesEncoded": 0,
              "hugeFramesSent": 0,
              "nackCount": 0,
              "pliCount": 0,
              "firCount": 0,
              "bytesSent": 0
            },
            "profileId": "performance",
            "adaptationReason": "network-observation",
            "adaptationLevel": 0,
            "temporalLevel": 0
          },
          "jitterBufferTarget": null,
          "topology": {
            "sfuViewerCount": 0,
            "sfuConsumerCount": 0,
            "meshScreenSenders": 1,
            "meshActiveScreenSenders": 1,
            "meshViaSfuCount": 0,
            "meshBytesSentTotal": 77049,
            "publisherUploadBytes": 77049
          },
          "reports": {
            "source": {
              "id": "SV2",
              "timestamp": 1788008989503.92,
              "trackIdentifier": "4ae5360a-f658-43e0-bcfb-3594d68a9c6c",
              "kind": "video",
              "width": 1280,
              "height": 720,
              "frames": 127,
              "framesPerSecond": 60
            },
            "outbound": {
              "id": "OT01V2590553353",
              "timestamp": 1788008989503.92,
              "ssrc": 2590553353,
              "kind": "video",
              "mid": "1",
              "active": true,
              "codecId": "COT01_103_level-asymmetry-allowed=1;packetization-mode=1;profile-level-id=42001f",
              "mediaSourceId": "SV2",
              "remoteId": "RIV2590553353",
              "transportId": "T01",
              "bytesSent": 77049,
              "headerBytesSent": 3782,
              "packetsSent": 82,
              "retransmittedBytesSent": 0,
              "retransmittedPacketsSent": 0,
              "framesEncoded": 7,
              "framesSent": 7,
              "hugeFramesSent": 7,
              "keyFramesEncoded": 1,
              "framesPerSecond": 2,
              "frameWidth": 1280,
              "frameHeight": 720,
              "qpSum": 345,
              "totalEncodeTime": 0.021,
              "totalEncodedBytesTarget": 0,
              "totalPacketSendDelay": 18.538957,
              "targetBitrate": 196667,
              "qualityLimitationReason": "none",
              "qualityLimitationDurations": {
                "bandwidth": 0,
                "cpu": 0,
                "none": 2.129,
                "other": 0
              },
              "qualityLimitationResolutionChanges": 0,
              "nackCount": 0,
              "firCount": 0,
              "pliCount": 0,
              "encoderImplementation": "MediaFoundationVideoEncodeAccelerator (NVIDIA H.264 Encoder MFT)",
              "powerEfficientEncoder": true
            },
            "remoteInbound": {
              "id": "RIV2590553353",
              "timestamp": 1788008988639.92,
              "ssrc": 2590553353,
              "kind": "video",
              "codecId": "COT01_103_level-asymmetry-allowed=1;packetization-mode=1;profile-level-id=42001f",
              "localId": "OT01V2590553353",
              "transportId": "T01",
              "packetsLost": 0,
              "jitter": 0.058032999999999994,
              "roundTripTime": 0.001,
              "totalRoundTripTime": 0.001,
              "roundTripTimeMeasurements": 1,
              "fractionLost": 0
            },
            "inbound": null,
            "remoteOutbound": null,
            "codec": {
              "id": "COT01_103_level-asymmetry-allowed=1;packetization-mode=1;profile-level-id=42001f",
              "timestamp": 1788008989503.92,
              "payloadType": 103,
              "mimeType": "video/H264",
              "clockRate": 90000,
              "sdpFmtpLine": "level-asymmetry-allowed=1;packetization-mode=1;profile-level-id=42001f"
            },
            "transport": {
              "id": "T01",
              "timestamp": 1788008989503.92,
              "bytesSent": 100546,
              "bytesReceived": 17466,
              "packetsSent": 283,
              "packetsReceived": 201,
              "selectedCandidatePairId": "CPTh1TRkvi_0riKEWlc",
              "dtlsState": "connected",
              "iceRole": "controlling"
            },
            "candidatePair": {
              "id": "CPTh1TRkvi_0riKEWlc",
              "timestamp": 1788008989503.92,
              "state": "succeeded",
              "nominated": true,
              "writable": true,
              "bytesSent": 95494,
              "bytesReceived": 13660,
              "currentRoundTripTime": 0,
              "totalRoundTripTime": 0.002,
              "responsesReceived": 5,
              "availableOutgoingBitrate": 775776,
              "requestsReceived": 5,
              "requestsSent": 5,
              "localCandidateId": "ITh1TRkvi",
              "remoteCandidateId": "I0riKEWlc",
              "packetsDiscardedOnSend": 0,
              "bytesDiscardedOnSend": 0
            },
            "localCandidate": {
              "id": "ITh1TRkvi",
              "timestamp": 1788008989503.92,
              "candidateType": "host",
              "protocol": "udp",
              "networkType": "ethernet",
              "address": "fdfd::1ab2:41f1",
              "port": 65249,
              "priority": 2122199807
            },
            "remoteCandidate": {
              "id": "I0riKEWlc",
              "timestamp": 1788008989503.92,
              "candidateType": "host",
              "protocol": "udp",
              "address": "fdfd::1ab2:41f1",
              "port": 63005,
              "priority": 2122199807
            }
          }
        },
        {
          "benchmarkElapsedMs": 499.39090000000033,
          "collectedAt": 1788008989740.1,
          "role": "sender",
          "transportMode": "mesh",
          "peerId": "53e42b6c",
          "connectionState": "connected",
          "iceConnectionState": "connected",
          "signalingState": "stable",
          "track": {
            "id": "4ae5360a-f658-43e0-bcfb-3594d68a9c6c",
            "label": "Screen",
            "enabled": true,
            "muted": false,
            "readyState": "live",
            "settings": {
              "aspectRatio": 1.7777777777777777,
              "deviceId": "window:525598:1",
              "frameRate": 60,
              "height": 720,
              "resizeMode": "crop-and-scale",
              "screenPixelRatio": 1,
              "width": 1280
            },
            "constraints": {
              "frameRate": {
                "max": 60,
                "ideal": 60
              },
              "height": {
                "max": 720,
                "ideal": 720
              },
              "width": {
                "max": 1280,
                "ideal": 1280
              }
            }
          },
          "senderParameters": {
            "degradationPreference": "maintain-resolution",
            "transactionId": "0b9d5539-40bb-4e40-b8e6-e898e73e0f41",
            "encodings": [
              {
                "active": true,
                "maxBitrate": 236903,
                "maxFramerate": 60,
                "scaleResolutionDownBy": 1,
                "priority": "high",
                "networkPriority": "high"
              }
            ]
          },
          "adaptation": {
            "profileId": "performance",
            "level": 0,
            "temporalLevel": 0,
            "poorSamples": 0,
            "stableSamples": 0,
            "sourceSamples": 0,
            "networkSamples": 2,
            "sampleCount": 2,
            "cooldownSamples": 0,
            "scale": 1,
            "frameRate": 60,
            "reason": "startup-observation",
            "targetFps": 60,
            "measuredFps": 4.000896034007616,
            "captureFps": 65.34796855545774,
            "encodedFps": 4.000896034007616,
            "encoderDeliveryRatio": 0.0666816005667936,
            "bottleneck": "network",
            "sourceLimited": false,
            "networkPressure": true,
            "capacityPressure": true,
            "transportPressure": true,
            "packetLossPressure": false,
            "retransmissionPressure": false,
            "pacerPressure": true,
            "discardedPacketPressure": false,
            "packetLossRatio": 0,
            "retransmissionRatio": 0,
            "averagePacketSendDelayMs": 251.08235616438355,
            "packetsDiscardedOnSend": 0,
            "pressureSamplesRequired": 2,
            "networkSustained": true,
            "networkHeadroomRatio": 0.096972,
            "requiredBitrate": 8000000,
            "recoveryRequiredBitrate": 8000000,
            "networkRecoveryHeadroomRatio": 0.096972,
            "networkRecoveryReady": true,
            "projectedRecoveryEncodeMs": 3,
            "encoderRecoveryReady": true,
            "encoderTrial": null,
            "downscaleEffectiveness": {
              "status": "idle",
              "samplesObserved": 0,
              "samplesRequired": 3,
              "requiredDeliveryGain": 0.08,
              "requiredEncodeCostReductionRatio": 0.15
            },
            "averageEncodeTimeMs": 3,
            "fpsEma": 5.471226007485813,
            "encodeEma": 3,
            "effectiveWidth": 1280,
            "effectiveHeight": 720,
            "temporalChanged": false,
            "softwareEncoder": false,
            "encoderImplementation": "MediaFoundationVideoEncodeAccelerator (NVIDIA H.264 Encoder MFT)",
            "trackId": "4ae5360a-f658-43e0-bcfb-3594d68a9c6c"
          },
          "videoCodecPolicyKey": "hardware-or-unknown",
          "videoMutationCounts": {
            "total": 2,
            "structural": 1,
            "bitrate": 2,
            "active": 0,
            "track": 1
          },
          "lastVideoMutation": {
            "sequence": 2,
            "type": "adapt",
            "timestampMs": 1788008987548,
            "peerId": "53e42b6c",
            "structural": false,
            "bitrate": true,
            "active": false,
            "trackChanged": false,
            "before": {
              "trackId": "4ae5360a-f658-43e0-bcfb-3594d68a9c6c",
              "degradationPreference": "maintain-resolution",
              "encodings": [
                {
                  "active": true,
                  "maxBitrate": 8000000,
                  "maxFramerate": 60,
                  "scaleResolutionDownBy": 1,
                  "scalabilityMode": null
                }
              ]
            },
            "after": {
              "trackId": "4ae5360a-f658-43e0-bcfb-3594d68a9c6c",
              "degradationPreference": "maintain-resolution",
              "encodings": [
                {
                  "active": true,
                  "maxBitrate": 236903,
                  "maxFramerate": 60,
                  "scaleResolutionDownBy": 1,
                  "scalabilityMode": null
                }
              ]
            },
            "countersBeforeNextSample": {
              "keyFramesEncoded": 0,
              "hugeFramesSent": 0,
              "nackCount": 0,
              "pliCount": 0,
              "firCount": 0,
              "bytesSent": 0
            },
            "profileId": "performance",
            "adaptationReason": "network-observation",
            "adaptationLevel": 0,
            "temporalLevel": 0
          },
          "jitterBufferTarget": null,
          "topology": {
            "sfuViewerCount": 0,
            "sfuConsumerCount": 0,
            "meshScreenSenders": 1,
            "meshActiveScreenSenders": 1,
            "meshViaSfuCount": 0,
            "meshBytesSentTotal": 86050,
            "publisherUploadBytes": 86050
          },
          "reports": {
            "source": {
              "id": "SV2",
              "timestamp": 1788008989739.347,
              "trackIdentifier": "4ae5360a-f658-43e0-bcfb-3594d68a9c6c",
              "kind": "video",
              "width": 1280,
              "height": 720,
              "frames": 141,
              "framesPerSecond": 60
            },
            "outbound": {
              "id": "OT01V2590553353",
              "timestamp": 1788008989739.347,
              "ssrc": 2590553353,
              "kind": "video",
              "mid": "1",
              "active": true,
              "codecId": "COT01_103_level-asymmetry-allowed=1;packetization-mode=1;profile-level-id=42001f",
              "mediaSourceId": "SV2",
              "remoteId": "RIV2590553353",
              "transportId": "T01",
              "bytesSent": 86050,
              "headerBytesSent": 4014,
              "packetsSent": 91,
              "retransmittedBytesSent": 0,
              "retransmittedPacketsSent": 0,
              "framesEncoded": 8,
              "framesSent": 8,
              "hugeFramesSent": 8,
              "keyFramesEncoded": 1,
              "framesPerSecond": 3,
              "frameWidth": 1280,
              "frameHeight": 720,
              "qpSum": 396,
              "totalEncodeTime": 0.024,
              "totalEncodedBytesTarget": 0,
              "totalPacketSendDelay": 18.744505999999998,
              "targetBitrate": 196667,
              "qualityLimitationReason": "none",
              "qualityLimitationDurations": {
                "bandwidth": 0,
                "cpu": 0,
                "none": 2.365,
                "other": 0
              },
              "qualityLimitationResolutionChanges": 0,
              "nackCount": 0,
              "firCount": 0,
              "pliCount": 0,
              "encoderImplementation": "MediaFoundationVideoEncodeAccelerator (NVIDIA H.264 Encoder MFT)",
              "powerEfficientEncoder": true
            },
            "remoteInbound": {
              "id": "RIV2590553353",
              "timestamp": 1788008988639.92,
              "ssrc": 2590553353,
              "kind": "video",
              "codecId": "COT01_103_level-asymmetry-allowed=1;packetization-mode=1;profile-level-id=42001f",
              "localId": "OT01V2590553353",
              "transportId": "T01",
              "packetsLost": 0,
              "jitter": 0.058032999999999994,
              "roundTripTime": 0.001,
              "totalRoundTripTime": 0.001,
              "roundTripTimeMeasurements": 1,
              "fractionLost": 0
            },
            "inbound": null,
            "remoteOutbound": null,
            "codec": {
              "id": "COT01_103_level-asymmetry-allowed=1;packetization-mode=1;profile-level-id=42001f",
              "timestamp": 1788008989739.347,
              "payloadType": 103,
              "mimeType": "video/H264",
              "clockRate": 90000,
              "sdpFmtpLine": "level-asymmetry-allowed=1;packetization-mode=1;profile-level-id=42001f"
            },
            "transport": {
              "id": "T01",
              "timestamp": 1788008989739.347,
              "bytesSent": 111492,
              "bytesReceived": 18951,
              "packetsSent": 309,
              "packetsReceived": 216,
              "selectedCandidatePairId": "CPTh1TRkvi_0riKEWlc",
              "dtlsState": "connected",
              "iceRole": "controlling"
            },
            "candidatePair": {
              "id": "CPTh1TRkvi_0riKEWlc",
              "timestamp": 1788008989739.347,
              "state": "succeeded",
              "nominated": true,
              "writable": true,
              "bytesSent": 106440,
              "bytesReceived": 15145,
              "currentRoundTripTime": 0,
              "totalRoundTripTime": 0.002,
              "responsesReceived": 5,
              "availableOutgoingBitrate": 775776,
              "requestsReceived": 5,
              "requestsSent": 5,
              "localCandidateId": "ITh1TRkvi",
              "remoteCandidateId": "I0riKEWlc",
              "packetsDiscardedOnSend": 0,
              "bytesDiscardedOnSend": 0
            },
            "localCandidate": {
              "id": "ITh1TRkvi",
              "timestamp": 1788008989739.347,
              "candidateType": "host",
              "protocol": "udp",
              "networkType": "ethernet",
              "address": "fdfd::1ab2:41f1",
              "port": 65249,
              "priority": 2122199807
            },
            "remoteCandidate": {
              "id": "I0riKEWlc",
              "timestamp": 1788008989739.347,
              "candidateType": "host",
              "protocol": "udp",
              "address": "fdfd::1ab2:41f1",
              "port": 63005,
              "priority": 2122199807
            }
          }
        },
        {
          "benchmarkElapsedMs": 754.2979000000005,
          "collectedAt": 1788008989995,
          "role": "sender",
          "transportMode": "mesh",
          "peerId": "53e42b6c",
          "connectionState": "connected",
          "iceConnectionState": "connected",
          "signalingState": "stable",
          "track": {
            "id": "4ae5360a-f658-43e0-bcfb-3594d68a9c6c",
            "label": "Screen",
            "enabled": true,
            "muted": false,
            "readyState": "live",
            "settings": {
              "aspectRatio": 1.7777777777777777,
              "deviceId": "window:525598:1",
              "frameRate": 60,
              "height": 720,
              "resizeMode": "crop-and-scale",
              "screenPixelRatio": 1,
              "width": 1280
            },
            "constraints": {
              "frameRate": {
                "max": 60,
                "ideal": 60
              },
              "height": {
                "max": 720,
                "ideal": 720
              },
              "width": {
                "max": 1280,
                "ideal": 1280
              }
            }
          },
          "senderParameters": {
            "degradationPreference": "maintain-resolution",
            "transactionId": "ed077554-e169-4028-baff-5045c336908d",
            "encodings": [
              {
                "active": true,
                "maxBitrate": 236903,
                "maxFramerate": 60,
                "scaleResolutionDownBy": 1,
                "priority": "high",
                "networkPriority": "high"
              }
            ]
          },
          "adaptation": {
            "profileId": "performance",
            "level": 0,
            "temporalLevel": 0,
            "poorSamples": 0,
            "stableSamples": 0,
            "sourceSamples": 0,
            "networkSamples": 2,
            "sampleCount": 2,
            "cooldownSamples": 0,
            "scale": 1,
            "frameRate": 60,
            "reason": "startup-observation",
            "targetFps": 60,
            "measuredFps": 4.000896034007616,
            "captureFps": 65.34796855545774,
            "encodedFps": 4.000896034007616,
            "encoderDeliveryRatio": 0.0666816005667936,
            "bottleneck": "network",
            "sourceLimited": false,
            "networkPressure": true,
            "capacityPressure": true,
            "transportPressure": true,
            "packetLossPressure": false,
            "retransmissionPressure": false,
            "pacerPressure": true,
            "discardedPacketPressure": false,
            "packetLossRatio": 0,
            "retransmissionRatio": 0,
            "averagePacketSendDelayMs": 251.08235616438355,
            "packetsDiscardedOnSend": 0,
            "pressureSamplesRequired": 2,
            "networkSustained": true,
            "networkHeadroomRatio": 0.096972,
            "requiredBitrate": 8000000,
            "recoveryRequiredBitrate": 8000000,
            "networkRecoveryHeadroomRatio": 0.096972,
            "networkRecoveryReady": true,
            "projectedRecoveryEncodeMs": 3,
            "encoderRecoveryReady": true,
            "encoderTrial": null,
            "downscaleEffectiveness": {
              "status": "idle",
              "samplesObserved": 0,
              "samplesRequired": 3,
              "requiredDeliveryGain": 0.08,
              "requiredEncodeCostReductionRatio": 0.15
            },
            "averageEncodeTimeMs": 3,
            "fpsEma": 5.471226007485813,
            "encodeEma": 3,
            "effectiveWidth": 1280,
            "effectiveHeight": 720,
            "temporalChanged": false,
            "softwareEncoder": false,
            "encoderImplementation": "MediaFoundationVideoEncodeAccelerator (NVIDIA H.264 Encoder MFT)",
            "trackId": "4ae5360a-f658-43e0-bcfb-3594d68a9c6c"
          },
          "videoCodecPolicyKey": "hardware-or-unknown",
          "videoMutationCounts": {
            "total": 2,
            "structural": 1,
            "bitrate": 2,
            "active": 0,
            "track": 1
          },
          "lastVideoMutation": {
            "sequence": 2,
            "type": "adapt",
            "timestampMs": 1788008987548,
            "peerId": "53e42b6c",
            "structural": false,
            "bitrate": true,
            "active": false,
            "trackChanged": false,
            "before": {
              "trackId": "4ae5360a-f658-43e0-bcfb-3594d68a9c6c",
              "degradationPreference": "maintain-resolution",
              "encodings": [
                {
                  "active": true,
                  "maxBitrate": 8000000,
                  "maxFramerate": 60,
                  "scaleResolutionDownBy": 1,
                  "scalabilityMode": null
                }
              ]
            },
            "after": {
              "trackId": "4ae5360a-f658-43e0-bcfb-3594d68a9c6c",
              "degradationPreference": "maintain-resolution",
              "encodings": [
                {
                  "active": true,
                  "maxBitrate": 236903,
                  "maxFramerate": 60,
                  "scaleResolutionDownBy": 1,
                  "scalabilityMode": null
                }
              ]
            },
            "countersBeforeNextSample": {
              "keyFramesEncoded": 0,
              "hugeFramesSent": 0,
              "nackCount": 0,
              "pliCount": 0,
              "firCount": 0,
              "bytesSent": 0
            },
            "profileId": "performance",
            "adaptationReason": "network-observation",
            "adaptationLevel": 0,
            "temporalLevel": 0
          },
          "jitterBufferTarget": null,
          "topology": {
            "sfuViewerCount": 0,
            "sfuConsumerCount": 0,
            "meshScreenSenders": 1,
            "meshActiveScreenSenders": 1,
            "meshViaSfuCount": 0,
            "meshBytesSentTotal": 95170,
            "publisherUploadBytes": 95170
          },
          "reports": {
            "source": {
              "id": "SV2",
              "timestamp": 1788008989994.187,
              "trackIdentifier": "4ae5360a-f658-43e0-bcfb-3594d68a9c6c",
              "kind": "video",
              "width": 1280,
              "height": 720,
              "frames": 156,
              "framesPerSecond": 60
            },
            "outbound": {
              "id": "OT01V2590553353",
              "timestamp": 1788008989994.187,
              "ssrc": 2590553353,
              "kind": "video",
              "mid": "1",
              "active": true,
              "codecId": "COT01_103_level-asymmetry-allowed=1;packetization-mode=1;profile-level-id=42001f",
              "mediaSourceId": "SV2",
              "remoteId": "RIV2590553353",
              "transportId": "T01",
              "bytesSent": 95170,
              "headerBytesSent": 4246,
              "packetsSent": 100,
              "retransmittedBytesSent": 0,
              "retransmittedPacketsSent": 0,
              "framesEncoded": 9,
              "framesSent": 9,
              "hugeFramesSent": 9,
              "keyFramesEncoded": 1,
              "framesPerSecond": 3,
              "frameWidth": 1280,
              "frameHeight": 720,
              "qpSum": 447,
              "totalEncodeTime": 0.027,
              "totalEncodedBytesTarget": 0,
              "totalPacketSendDelay": 18.959834,
              "targetBitrate": 196667,
              "qualityLimitationReason": "none",
              "qualityLimitationDurations": {
                "bandwidth": 0,
                "cpu": 0,
                "none": 2.619,
                "other": 0
              },
              "qualityLimitationResolutionChanges": 0,
              "nackCount": 0,
              "firCount": 0,
              "pliCount": 0,
              "encoderImplementation": "MediaFoundationVideoEncodeAccelerator (NVIDIA H.264 Encoder MFT)",
              "powerEfficientEncoder": true
            },
            "remoteInbound": {
              "id": "RIV2590553353",
              "timestamp": 1788008989843.979,
              "ssrc": 2590553353,
              "kind": "video",
              "codecId": "COT01_103_level-asymmetry-allowed=1;packetization-mode=1;profile-level-id=42001f",
              "localId": "OT01V2590553353",
              "transportId": "T01",
              "packetsLost": 0,
              "jitter": 0.060821999999999994,
              "roundTripTime": 0.001,
              "totalRoundTripTime": 0.002,
              "roundTripTimeMeasurements": 2,
              "fractionLost": 0
            },
            "inbound": null,
            "remoteOutbound": null,
            "codec": {
              "id": "COT01_103_level-asymmetry-allowed=1;packetization-mode=1;profile-level-id=42001f",
              "timestamp": 1788008989994.187,
              "payloadType": 103,
              "mimeType": "video/H264",
              "clockRate": 90000,
              "sdpFmtpLine": "level-asymmetry-allowed=1;packetization-mode=1;profile-level-id=42001f"
            },
            "transport": {
              "id": "T01",
              "timestamp": 1788008989994.187,
              "bytesSent": 122144,
              "bytesReceived": 20740,
              "packetsSent": 335,
              "packetsReceived": 234,
              "selectedCandidatePairId": "CPTh1TRkvi_0riKEWlc",
              "dtlsState": "connected",
              "iceRole": "controlling"
            },
            "candidatePair": {
              "id": "CPTh1TRkvi_0riKEWlc",
              "timestamp": 1788008989994.187,
              "state": "succeeded",
              "nominated": true,
              "writable": true,
              "bytesSent": 117092,
              "bytesReceived": 16934,
              "currentRoundTripTime": 0,
              "totalRoundTripTime": 0.002,
              "responsesReceived": 5,
              "availableOutgoingBitrate": 775776,
              "requestsReceived": 5,
              "requestsSent": 5,
              "localCandidateId": "ITh1TRkvi",
              "remoteCandidateId": "I0riKEWlc",
              "packetsDiscardedOnSend": 0,
              "bytesDiscardedOnSend": 0
            },
            "localCandidate": {
              "id": "ITh1TRkvi",
              "timestamp": 1788008989994.187,
              "candidateType": "host",
              "protocol": "udp",
              "networkType": "ethernet",
              "address": "fdfd::1ab2:41f1",
              "port": 65249,
              "priority": 2122199807
            },
            "remoteCandidate": {
              "id": "I0riKEWlc",
              "timestamp": 1788008989994.187,
              "candidateType": "host",
              "protocol": "udp",
              "address": "fdfd::1ab2:41f1",
              "port": 63005,
              "priority": 2122199807
            }
          }
        },
        {
          "benchmarkElapsedMs": 1005.8546999999999,
          "collectedAt": 1788008990247.1,
          "role": "sender",
          "transportMode": "mesh",
          "peerId": "53e42b6c",
          "connectionState": "connected",
          "iceConnectionState": "connected",
          "signalingState": "stable",
          "track": {
            "id": "4ae5360a-f658-43e0-bcfb-3594d68a9c6c",
            "label": "Screen",
            "enabled": true,
            "muted": false,
            "readyState": "live",
            "settings": {
              "aspectRatio": 1.7777777777777777,
              "deviceId": "window:525598:1",
              "frameRate": 60,
              "height": 720,
              "resizeMode": "crop-and-scale",
              "screenPixelRatio": 1,
              "width": 1280
            },
            "constraints": {
              "frameRate": {
                "max": 60,
                "ideal": 60
              },
              "height": {
                "max": 720,
                "ideal": 720
              },
              "width": {
                "max": 1280,
                "ideal": 1280
              }
            }
          },
          "senderParameters": {
            "degradationPreference": "maintain-resolution",
            "transactionId": "de375efa-f100-4326-816c-b2acb7b63663",
            "encodings": [
              {
                "active": true,
                "maxBitrate": 236903,
                "maxFramerate": 60,
                "scaleResolutionDownBy": 1,
                "priority": "high",
                "networkPriority": "high"
              }
            ]
          },
          "adaptation": {
            "profileId": "performance",
            "level": 0,
            "temporalLevel": 0,
            "poorSamples": 0,
            "stableSamples": 0,
            "sourceSamples": 0,
            "networkSamples": 2,
            "sampleCount": 2,
            "cooldownSamples": 0,
            "scale": 1,
            "frameRate": 60,
            "reason": "startup-observation",
            "targetFps": 60,
            "measuredFps": 4.000896034007616,
            "captureFps": 65.34796855545774,
            "encodedFps": 4.000896034007616,
            "encoderDeliveryRatio": 0.0666816005667936,
            "bottleneck": "network",
            "sourceLimited": false,
            "networkPressure": true,
            "capacityPressure": true,
            "transportPressure": true,
            "packetLossPressure": false,
            "retransmissionPressure": false,
            "pacerPressure": true,
            "discardedPacketPressure": false,
            "packetLossRatio": 0,
            "retransmissionRatio": 0,
            "averagePacketSendDelayMs": 251.08235616438355,
            "packetsDiscardedOnSend": 0,
            "pressureSamplesRequired": 2,
            "networkSustained": true,
            "networkHeadroomRatio": 0.096972,
            "requiredBitrate": 8000000,
            "recoveryRequiredBitrate": 8000000,
            "networkRecoveryHeadroomRatio": 0.096972,
            "networkRecoveryReady": true,
            "projectedRecoveryEncodeMs": 3,
            "encoderRecoveryReady": true,
            "encoderTrial": null,
            "downscaleEffectiveness": {
              "status": "idle",
              "samplesObserved": 0,
              "samplesRequired": 3,
              "requiredDeliveryGain": 0.08,
              "requiredEncodeCostReductionRatio": 0.15
            },
            "averageEncodeTimeMs": 3,
            "fpsEma": 5.471226007485813,
            "encodeEma": 3,
            "effectiveWidth": 1280,
            "effectiveHeight": 720,
            "temporalChanged": false,
            "softwareEncoder": false,
            "encoderImplementation": "MediaFoundationVideoEncodeAccelerator (NVIDIA H.264 Encoder MFT)",
            "trackId": "4ae5360a-f658-43e0-bcfb-3594d68a9c6c"
          },
          "videoCodecPolicyKey": "hardware-or-unknown",
          "videoMutationCounts": {
            "total": 2,
            "structural": 1,
            "bitrate": 2,
            "active": 0,
            "track": 1
          },
          "lastVideoMutation": {
            "sequence": 2,
            "type": "adapt",
            "timestampMs": 1788008987548,
            "peerId": "53e42b6c",
            "structural": false,
            "bitrate": true,
            "active": false,
            "trackChanged": false,
            "before": {
              "trackId": "4ae5360a-f658-43e0-bcfb-3594d68a9c6c",
              "degradationPreference": "maintain-resolution",
              "encodings": [
                {
                  "active": true,
                  "maxBitrate": 8000000,
                  "maxFramerate": 60,
                  "scaleResolutionDownBy": 1,
                  "scalabilityMode": null
                }
              ]
            },
            "after": {
              "trackId": "4ae5360a-f658-43e0-bcfb-3594d68a9c6c",
              "degradationPreference": "maintain-resolution",
              "encodings": [
                {
                  "active": true,
                  "maxBitrate": 236903,
                  "maxFramerate": 60,
                  "scaleResolutionDownBy": 1,
                  "scalabilityMode": null
                }
              ]
            },
            "countersBeforeNextSample": {
              "keyFramesEncoded": 0,
              "hugeFramesSent": 0,
              "nackCount": 0,
              "pliCount": 0,
              "firCount": 0,
              "bytesSent": 0
            },
            "profileId": "performance",
            "adaptationReason": "network-observation",
            "adaptationLevel": 0,
            "temporalLevel": 0
          },
          "jitterBufferTarget": null,
          "topology": {
            "sfuViewerCount": 0,
            "sfuConsumerCount": 0,
            "meshScreenSenders": 1,
            "meshActiveScreenSenders": 1,
            "meshViaSfuCount": 0,
            "meshBytesSentTotal": 95170,
            "publisherUploadBytes": 95170
          },
          "reports": {
            "source": {
              "id": "SV2",
              "timestamp": 1788008990246.366,
              "trackIdentifier": "4ae5360a-f658-43e0-bcfb-3594d68a9c6c",
              "kind": "video",
              "width": 1280,
              "height": 720,
              "frames": 171,
              "framesPerSecond": 60
            },
            "outbound": {
              "id": "OT01V2590553353",
              "timestamp": 1788008990246.366,
              "ssrc": 2590553353,
              "kind": "video",
              "mid": "1",
              "active": true,
              "codecId": "COT01_103_level-asymmetry-allowed=1;packetization-mode=1;profile-level-id=42001f",
              "mediaSourceId": "SV2",
              "remoteId": "RIV2590553353",
              "transportId": "T01",
              "bytesSent": 95170,
              "headerBytesSent": 4246,
              "packetsSent": 100,
              "retransmittedBytesSent": 0,
              "retransmittedPacketsSent": 0,
              "framesEncoded": 9,
              "framesSent": 9,
              "hugeFramesSent": 9,
              "keyFramesEncoded": 1,
              "framesPerSecond": 2,
              "frameWidth": 1280,
              "frameHeight": 720,
              "qpSum": 447,
              "totalEncodeTime": 0.027,
              "totalEncodedBytesTarget": 0,
              "totalPacketSendDelay": 18.959834,
              "targetBitrate": 196667,
              "qualityLimitationReason": "none",
              "qualityLimitationDurations": {
                "bandwidth": 0,
                "cpu": 0,
                "none": 2.872,
                "other": 0
              },
              "qualityLimitationResolutionChanges": 0,
              "nackCount": 0,
              "firCount": 0,
              "pliCount": 0,
              "encoderImplementation": "MediaFoundationVideoEncodeAccelerator (NVIDIA H.264 Encoder MFT)",
              "powerEfficientEncoder": true
            },
            "remoteInbound": {
              "id": "RIV2590553353",
              "timestamp": 1788008989843.979,
              "ssrc": 2590553353,
              "kind": "video",
              "codecId": "COT01_103_level-asymmetry-allowed=1;packetization-mode=1;profile-level-id=42001f",
              "localId": "OT01V2590553353",
              "transportId": "T01",
              "packetsLost": 0,
              "jitter": 0.060821999999999994,
              "roundTripTime": 0.001,
              "totalRoundTripTime": 0.002,
              "roundTripTimeMeasurements": 2,
              "fractionLost": 0
            },
            "inbound": null,
            "remoteOutbound": null,
            "codec": {
              "id": "COT01_103_level-asymmetry-allowed=1;packetization-mode=1;profile-level-id=42001f",
              "timestamp": 1788008990246.366,
              "payloadType": 103,
              "mimeType": "video/H264",
              "clockRate": 90000,
              "sdpFmtpLine": "level-asymmetry-allowed=1;packetization-mode=1;profile-level-id=42001f"
            },
            "transport": {
              "id": "T01",
              "timestamp": 1788008990246.366,
              "bytesSent": 123534,
              "bytesReceived": 22457,
              "packetsSent": 352,
              "packetsReceived": 251,
              "selectedCandidatePairId": "CPTh1TRkvi_0riKEWlc",
              "dtlsState": "connected",
              "iceRole": "controlling"
            },
            "candidatePair": {
              "id": "CPTh1TRkvi_0riKEWlc",
              "timestamp": 1788008990246.366,
              "state": "succeeded",
              "nominated": true,
              "writable": true,
              "bytesSent": 118482,
              "bytesReceived": 18651,
              "currentRoundTripTime": 0,
              "totalRoundTripTime": 0.002,
              "responsesReceived": 5,
              "availableOutgoingBitrate": 775776,
              "requestsReceived": 5,
              "requestsSent": 5,
              "localCandidateId": "ITh1TRkvi",
              "remoteCandidateId": "I0riKEWlc",
              "packetsDiscardedOnSend": 0,
              "bytesDiscardedOnSend": 0
            },
            "localCandidate": {
              "id": "ITh1TRkvi",
              "timestamp": 1788008990246.366,
              "candidateType": "host",
              "protocol": "udp",
              "networkType": "ethernet",
              "address": "fdfd::1ab2:41f1",
              "port": 65249,
              "priority": 2122199807
            },
            "remoteCandidate": {
              "id": "I0riKEWlc",
              "timestamp": 1788008990246.366,
              "candidateType": "host",
              "protocol": "udp",
              "address": "fdfd::1ab2:41f1",
              "port": 63005,
              "priority": 2122199807
            }
          }
        },
        {
          "benchmarkElapsedMs": 1255.4943000000003,
          "collectedAt": 1788008990496.6,
          "role": "sender",
          "transportMode": "mesh",
          "peerId": "53e42b6c",
          "connectionState": "connected",
          "iceConnectionState": "connected",
          "signalingState": "stable",
          "track": {
            "id": "4ae5360a-f658-43e0-bcfb-3594d68a9c6c",
            "label": "Screen",
            "enabled": true,
            "muted": false,
            "readyState": "live",
            "settings": {
              "aspectRatio": 1.7777777777777777,
              "deviceId": "window:525598:1",
              "frameRate": 60,
              "height": 720,
              "resizeMode": "crop-and-scale",
              "screenPixelRatio": 1,
              "width": 1280
            },
            "constraints": {
              "frameRate": {
                "max": 60,
                "ideal": 60
              },
              "height": {
                "max": 720,
                "ideal": 720
              },
              "width": {
                "max": 1280,
                "ideal": 1280
              }
            }
          },
          "senderParameters": {
            "degradationPreference": "maintain-resolution",
            "transactionId": "2e721947-ea59-4083-8996-33dba0d3d15b",
            "encodings": [
              {
                "active": true,
                "maxBitrate": 236903,
                "maxFramerate": 60,
                "scaleResolutionDownBy": 1,
                "priority": "high",
                "networkPriority": "high"
              }
            ]
          },
          "adaptation": {
            "profileId": "performance",
            "level": 0,
            "temporalLevel": 0,
            "poorSamples": 0,
            "stableSamples": 0,
            "sourceSamples": 0,
            "networkSamples": 2,
            "sampleCount": 2,
            "cooldownSamples": 0,
            "scale": 1,
            "frameRate": 60,
            "reason": "startup-observation",
            "targetFps": 60,
            "measuredFps": 4.000896034007616,
            "captureFps": 65.34796855545774,
            "encodedFps": 4.000896034007616,
            "encoderDeliveryRatio": 0.0666816005667936,
            "bottleneck": "network",
            "sourceLimited": false,
            "networkPressure": true,
            "capacityPressure": true,
            "transportPressure": true,
            "packetLossPressure": false,
            "retransmissionPressure": false,
            "pacerPressure": true,
            "discardedPacketPressure": false,
            "packetLossRatio": 0,
            "retransmissionRatio": 0,
            "averagePacketSendDelayMs": 251.08235616438355,
            "packetsDiscardedOnSend": 0,
            "pressureSamplesRequired": 2,
            "networkSustained": true,
            "networkHeadroomRatio": 0.096972,
            "requiredBitrate": 8000000,
            "recoveryRequiredBitrate": 8000000,
            "networkRecoveryHeadroomRatio": 0.096972,
            "networkRecoveryReady": true,
            "projectedRecoveryEncodeMs": 3,
            "encoderRecoveryReady": true,
            "encoderTrial": null,
            "downscaleEffectiveness": {
              "status": "idle",
              "samplesObserved": 0,
              "samplesRequired": 3,
              "requiredDeliveryGain": 0.08,
              "requiredEncodeCostReductionRatio": 0.15
            },
            "averageEncodeTimeMs": 3,
            "fpsEma": 5.471226007485813,
            "encodeEma": 3,
            "effectiveWidth": 1280,
            "effectiveHeight": 720,
            "temporalChanged": false,
            "softwareEncoder": false,
            "encoderImplementation": "MediaFoundationVideoEncodeAccelerator (NVIDIA H.264 Encoder MFT)",
            "trackId": "4ae5360a-f658-43e0-bcfb-3594d68a9c6c"
          },
          "videoCodecPolicyKey": "hardware-or-unknown",
          "videoMutationCounts": {
            "total": 2,
            "structural": 1,
            "bitrate": 2,
            "active": 0,
            "track": 1
          },
          "lastVideoMutation": {
            "sequence": 2,
            "type": "adapt",
            "timestampMs": 1788008987548,
            "peerId": "53e42b6c",
            "structural": false,
            "bitrate": true,
            "active": false,
            "trackChanged": false,
            "before": {
              "trackId": "4ae5360a-f658-43e0-bcfb-3594d68a9c6c",
              "degradationPreference": "maintain-resolution",
              "encodings": [
                {
                  "active": true,
                  "maxBitrate": 8000000,
                  "maxFramerate": 60,
                  "scaleResolutionDownBy": 1,
                  "scalabilityMode": null
                }
              ]
            },
            "after": {
              "trackId": "4ae5360a-f658-43e0-bcfb-3594d68a9c6c",
              "degradationPreference": "maintain-resolution",
              "encodings": [
                {
                  "active": true,
                  "maxBitrate": 236903,
                  "maxFramerate": 60,
                  "scaleResolutionDownBy": 1,
                  "scalabilityMode": null
                }
              ]
            },
            "countersBeforeNextSample": {
              "keyFramesEncoded": 0,
              "hugeFramesSent": 0,
              "nackCount": 0,
              "pliCount": 0,
              "firCount": 0,
              "bytesSent": 0
            },
            "profileId": "performance",
            "adaptationReason": "network-observation",
            "adaptationLevel": 0,
            "temporalLevel": 0
          },
          "jitterBufferTarget": null,
          "topology": {
            "sfuViewerCount": 0,
            "sfuConsumerCount": 0,
            "meshScreenSenders": 1,
            "meshActiveScreenSenders": 1,
            "meshViaSfuCount": 0,
            "meshBytesSentTotal": 103607,
            "publisherUploadBytes": 103607
          },
          "reports": {
            "source": {
              "id": "SV2",
              "timestamp": 1788008990495.446,
              "trackIdentifier": "4ae5360a-f658-43e0-bcfb-3594d68a9c6c",
              "kind": "video",
              "width": 1280,
              "height": 720,
              "frames": 187,
              "framesPerSecond": 61
            },
            "outbound": {
              "id": "OT01V2590553353",
              "timestamp": 1788008990495.446,
              "ssrc": 2590553353,
              "kind": "video",
              "mid": "1",
              "active": true,
              "codecId": "COT01_103_level-asymmetry-allowed=1;packetization-mode=1;profile-level-id=42001f",
              "mediaSourceId": "SV2",
              "remoteId": "RIV2590553353",
              "transportId": "T01",
              "bytesSent": 103607,
              "headerBytesSent": 4478,
              "packetsSent": 109,
              "retransmittedBytesSent": 0,
              "retransmittedPacketsSent": 0,
              "framesEncoded": 10,
              "framesSent": 10,
              "hugeFramesSent": 10,
              "keyFramesEncoded": 1,
              "framesPerSecond": 3,
              "frameWidth": 1280,
              "frameHeight": 720,
              "qpSum": 498,
              "totalEncodeTime": 0.03,
              "totalEncodedBytesTarget": 0,
              "totalPacketSendDelay": 19.151467,
              "targetBitrate": 196667,
              "qualityLimitationReason": "none",
              "qualityLimitationDurations": {
                "bandwidth": 0,
                "cpu": 0,
                "none": 3.121,
                "other": 0
              },
              "qualityLimitationResolutionChanges": 0,
              "nackCount": 0,
              "firCount": 0,
              "pliCount": 0,
              "encoderImplementation": "MediaFoundationVideoEncodeAccelerator (NVIDIA H.264 Encoder MFT)",
              "powerEfficientEncoder": true
            },
            "remoteInbound": {
              "id": "RIV2590553353",
              "timestamp": 1788008990468.442,
              "ssrc": 2590553353,
              "kind": "video",
              "codecId": "COT01_103_level-asymmetry-allowed=1;packetization-mode=1;profile-level-id=42001f",
              "localId": "OT01V2590553353",
              "transportId": "T01",
              "packetsLost": 0,
              "jitter": 0.061966,
              "roundTripTime": 0.001,
              "totalRoundTripTime": 0.003,
              "roundTripTimeMeasurements": 3,
              "fractionLost": 0
            },
            "inbound": null,
            "remoteOutbound": null,
            "codec": {
              "id": "COT01_103_level-asymmetry-allowed=1;packetization-mode=1;profile-level-id=42001f",
              "timestamp": 1788008990495.446,
              "payloadType": 103,
              "mimeType": "video/H264",
              "clockRate": 90000,
              "sdpFmtpLine": "level-asymmetry-allowed=1;packetization-mode=1;profile-level-id=42001f"
            },
            "transport": {
              "id": "T01",
              "timestamp": 1788008990495.446,
              "bytesSent": 133465,
              "bytesReceived": 24068,
              "packetsSent": 377,
              "packetsReceived": 268,
              "selectedCandidatePairId": "CPTh1TRkvi_0riKEWlc",
              "dtlsState": "connected",
              "iceRole": "controlling"
            },
            "candidatePair": {
              "id": "CPTh1TRkvi_0riKEWlc",
              "timestamp": 1788008990495.446,
              "state": "succeeded",
              "nominated": true,
              "writable": true,
              "bytesSent": 128413,
              "bytesReceived": 20262,
              "currentRoundTripTime": 0,
              "totalRoundTripTime": 0.002,
              "responsesReceived": 5,
              "availableOutgoingBitrate": 775776,
              "requestsReceived": 5,
              "requestsSent": 5,
              "localCandidateId": "ITh1TRkvi",
              "remoteCandidateId": "I0riKEWlc",
              "packetsDiscardedOnSend": 0,
              "bytesDiscardedOnSend": 0
            },
            "localCandidate": {
              "id": "ITh1TRkvi",
              "timestamp": 1788008990495.446,
              "candidateType": "host",
              "protocol": "udp",
              "networkType": "ethernet",
              "address": "fdfd::1ab2:41f1",
              "port": 65249,
              "priority": 2122199807
            },
            "remoteCandidate": {
              "id": "I0riKEWlc",
              "timestamp": 1788008990495.446,
              "candidateType": "host",
              "protocol": "udp",
              "address": "fdfd::1ab2:41f1",
              "port": 63005,
              "priority": 2122199807
            }
          }
        },
        {
          "benchmarkElapsedMs": 1511.1612999999998,
          "collectedAt": 1788008990751.9001,
          "role": "sender",
          "transportMode": "mesh",
          "peerId": "53e42b6c",
          "connectionState": "connected",
          "iceConnectionState": "connected",
          "signalingState": "stable",
          "track": {
            "id": "4ae5360a-f658-43e0-bcfb-3594d68a9c6c",
            "label": "Screen",
            "enabled": true,
            "muted": false,
            "readyState": "live",
            "settings": {
              "aspectRatio": 1.7777777777777777,
              "deviceId": "window:525598:1",
              "frameRate": 60,
              "height": 720,
              "resizeMode": "crop-and-scale",
              "screenPixelRatio": 1,
              "width": 1280
            },
            "constraints": {
              "frameRate": {
                "max": 60,
                "ideal": 60
              },
              "height": {
                "max": 720,
                "ideal": 720
              },
              "width": {
                "max": 1280,
                "ideal": 1280
              }
            }
          },
          "senderParameters": {
            "degradationPreference": "maintain-resolution",
            "transactionId": "5b6f5fa5-b401-4e06-bfb3-9b1198251058",
            "encodings": [
              {
                "active": true,
                "maxBitrate": 236903,
                "maxFramerate": 60,
                "scaleResolutionDownBy": 1,
                "priority": "high",
                "networkPriority": "high"
              }
            ]
          },
          "adaptation": {
            "profileId": "performance",
            "level": 0,
            "temporalLevel": 0,
            "poorSamples": 0,
            "stableSamples": 0,
            "sourceSamples": 0,
            "networkSamples": 3,
            "sampleCount": 3,
            "cooldownSamples": 0,
            "scale": 1,
            "frameRate": 60,
            "reason": "startup-observation",
            "targetFps": 60,
            "measuredFps": 2.657708148477382,
            "captureFps": 60.46286037786044,
            "encodedFps": 2.657708148477382,
            "encoderDeliveryRatio": 0.04429513580795637,
            "bottleneck": "network",
            "sourceLimited": false,
            "networkPressure": true,
            "capacityPressure": true,
            "transportPressure": true,
            "packetLossPressure": false,
            "retransmissionPressure": false,
            "pacerPressure": true,
            "discardedPacketPressure": false,
            "packetLossRatio": 0,
            "retransmissionRatio": 0,
            "averagePacketSendDelayMs": 22.845972222222265,
            "packetsDiscardedOnSend": 0,
            "pressureSamplesRequired": 2,
            "networkSustained": true,
            "networkHeadroomRatio": 0.096972,
            "requiredBitrate": 8000000,
            "recoveryRequiredBitrate": 8000000,
            "networkRecoveryHeadroomRatio": 0.096972,
            "networkRecoveryReady": true,
            "projectedRecoveryEncodeMs": 3,
            "encoderRecoveryReady": true,
            "encoderTrial": null,
            "downscaleEffectiveness": {
              "status": "idle",
              "samplesObserved": 0,
              "samplesRequired": 3,
              "requiredDeliveryGain": 0.08,
              "requiredEncodeCostReductionRatio": 0.15
            },
            "averageEncodeTimeMs": 3,
            "fpsEma": 4.289548506702271,
            "encodeEma": 3,
            "effectiveWidth": 1280,
            "effectiveHeight": 720,
            "temporalChanged": false,
            "softwareEncoder": false,
            "encoderImplementation": "MediaFoundationVideoEncodeAccelerator (NVIDIA H.264 Encoder MFT)",
            "trackId": "4ae5360a-f658-43e0-bcfb-3594d68a9c6c"
          },
          "videoCodecPolicyKey": "hardware-or-unknown",
          "videoMutationCounts": {
            "total": 2,
            "structural": 1,
            "bitrate": 2,
            "active": 0,
            "track": 1
          },
          "lastVideoMutation": {
            "sequence": 2,
            "type": "adapt",
            "timestampMs": 1788008987548,
            "peerId": "53e42b6c",
            "structural": false,
            "bitrate": true,
            "active": false,
            "trackChanged": false,
            "before": {
              "trackId": "4ae5360a-f658-43e0-bcfb-3594d68a9c6c",
              "degradationPreference": "maintain-resolution",
              "encodings": [
                {
                  "active": true,
                  "maxBitrate": 8000000,
                  "maxFramerate": 60,
                  "scaleResolutionDownBy": 1,
                  "scalabilityMode": null
                }
              ]
            },
            "after": {
              "trackId": "4ae5360a-f658-43e0-bcfb-3594d68a9c6c",
              "degradationPreference": "maintain-resolution",
              "encodings": [
                {
                  "active": true,
                  "maxBitrate": 236903,
                  "maxFramerate": 60,
                  "scaleResolutionDownBy": 1,
                  "scalabilityMode": null
                }
              ]
            },
            "countersBeforeNextSample": {
              "keyFramesEncoded": 0,
              "hugeFramesSent": 0,
              "nackCount": 0,
              "pliCount": 0,
              "firCount": 0,
              "bytesSent": 0
            },
            "profileId": "performance",
            "adaptationReason": "network-observation",
            "adaptationLevel": 0,
            "temporalLevel": 0
          },
          "jitterBufferTarget": null,
          "topology": {
            "sfuViewerCount": 0,
            "sfuConsumerCount": 0,
            "meshScreenSenders": 1,
            "meshActiveScreenSenders": 1,
            "meshViaSfuCount": 0,
            "meshBytesSentTotal": 112397,
            "publisherUploadBytes": 112397
          },
          "reports": {
            "source": {
              "id": "SV2",
              "timestamp": 1788008990751.125,
              "trackIdentifier": "4ae5360a-f658-43e0-bcfb-3594d68a9c6c",
              "kind": "video",
              "width": 1280,
              "height": 720,
              "frames": 201,
              "framesPerSecond": 60
            },
            "outbound": {
              "id": "OT01V2590553353",
              "timestamp": 1788008990751.125,
              "ssrc": 2590553353,
              "kind": "video",
              "mid": "1",
              "active": true,
              "codecId": "COT01_103_level-asymmetry-allowed=1;packetization-mode=1;profile-level-id=42001f",
              "mediaSourceId": "SV2",
              "remoteId": "RIV2590553353",
              "transportId": "T01",
              "bytesSent": 112397,
              "headerBytesSent": 4710,
              "packetsSent": 118,
              "retransmittedBytesSent": 0,
              "retransmittedPacketsSent": 0,
              "framesEncoded": 11,
              "framesSent": 11,
              "hugeFramesSent": 11,
              "keyFramesEncoded": 1,
              "framesPerSecond": 3,
              "frameWidth": 1280,
              "frameHeight": 720,
              "qpSum": 549,
              "totalEncodeTime": 0.033,
              "totalEncodedBytesTarget": 0,
              "totalPacketSendDelay": 19.36054,
              "targetBitrate": 196667,
              "qualityLimitationReason": "none",
              "qualityLimitationDurations": {
                "bandwidth": 0,
                "cpu": 0,
                "none": 3.376,
                "other": 0
              },
              "qualityLimitationResolutionChanges": 0,
              "nackCount": 0,
              "firCount": 0,
              "pliCount": 0,
              "encoderImplementation": "MediaFoundationVideoEncodeAccelerator (NVIDIA H.264 Encoder MFT)",
              "powerEfficientEncoder": true
            },
            "remoteInbound": {
              "id": "RIV2590553353",
              "timestamp": 1788008990468.442,
              "ssrc": 2590553353,
              "kind": "video",
              "codecId": "COT01_103_level-asymmetry-allowed=1;packetization-mode=1;profile-level-id=42001f",
              "localId": "OT01V2590553353",
              "transportId": "T01",
              "packetsLost": 0,
              "jitter": 0.061966,
              "roundTripTime": 0.001,
              "totalRoundTripTime": 0.003,
              "roundTripTimeMeasurements": 3,
              "fractionLost": 0
            },
            "inbound": null,
            "remoteOutbound": null,
            "codec": {
              "id": "COT01_103_level-asymmetry-allowed=1;packetization-mode=1;profile-level-id=42001f",
              "timestamp": 1788008990751.125,
              "payloadType": 103,
              "mimeType": "video/H264",
              "clockRate": 90000,
              "sdpFmtpLine": "level-asymmetry-allowed=1;packetization-mode=1;profile-level-id=42001f"
            },
            "transport": {
              "id": "T01",
              "timestamp": 1788008990751.125,
              "bytesSent": 143755,
              "bytesReceived": 25365,
              "packetsSent": 403,
              "packetsReceived": 285,
              "selectedCandidatePairId": "CPTh1TRkvi_0riKEWlc",
              "dtlsState": "connected",
              "iceRole": "controlling"
            },
            "candidatePair": {
              "id": "CPTh1TRkvi_0riKEWlc",
              "timestamp": 1788008990751.125,
              "state": "succeeded",
              "nominated": true,
              "writable": true,
              "bytesSent": 138703,
              "bytesReceived": 21559,
              "currentRoundTripTime": 0,
              "totalRoundTripTime": 0.002,
              "responsesReceived": 5,
              "availableOutgoingBitrate": 775776,
              "requestsReceived": 5,
              "requestsSent": 5,
              "localCandidateId": "ITh1TRkvi",
              "remoteCandidateId": "I0riKEWlc",
              "packetsDiscardedOnSend": 0,
              "bytesDiscardedOnSend": 0
            },
            "localCandidate": {
              "id": "ITh1TRkvi",
              "timestamp": 1788008990751.125,
              "candidateType": "host",
              "protocol": "udp",
              "networkType": "ethernet",
              "address": "fdfd::1ab2:41f1",
              "port": 65249,
              "priority": 2122199807
            },
            "remoteCandidate": {
              "id": "I0riKEWlc",
              "timestamp": 1788008990751.125,
              "candidateType": "host",
              "protocol": "udp",
              "address": "fdfd::1ab2:41f1",
              "port": 63005,
              "priority": 2122199807
            }
          }
        },
        {
          "benchmarkElapsedMs": 1751.4890000000005,
          "collectedAt": 1788008990992.2002,
          "role": "sender",
          "transportMode": "mesh",
          "peerId": "53e42b6c",
          "connectionState": "connected",
          "iceConnectionState": "connected",
          "signalingState": "stable",
          "track": {
            "id": "4ae5360a-f658-43e0-bcfb-3594d68a9c6c",
            "label": "Screen",
            "enabled": true,
            "muted": false,
            "readyState": "live",
            "settings": {
              "aspectRatio": 1.7777777777777777,
              "deviceId": "window:525598:1",
              "frameRate": 60,
              "height": 720,
              "resizeMode": "crop-and-scale",
              "screenPixelRatio": 1,
              "width": 1280
            },
            "constraints": {
              "frameRate": {
                "max": 60,
                "ideal": 60
              },
              "height": {
                "max": 720,
                "ideal": 720
              },
              "width": {
                "max": 1280,
                "ideal": 1280
              }
            }
          },
          "senderParameters": {
            "degradationPreference": "maintain-resolution",
            "transactionId": "cc14b673-dc6c-421b-9797-814c17e4ed4c",
            "encodings": [
              {
                "active": true,
                "maxBitrate": 236903,
                "maxFramerate": 60,
                "scaleResolutionDownBy": 1,
                "priority": "high",
                "networkPriority": "high"
              }
            ]
          },
          "adaptation": {
            "profileId": "performance",
            "level": 0,
            "temporalLevel": 0,
            "poorSamples": 0,
            "stableSamples": 0,
            "sourceSamples": 0,
            "networkSamples": 3,
            "sampleCount": 3,
            "cooldownSamples": 0,
            "scale": 1,
            "frameRate": 60,
            "reason": "startup-observation",
            "targetFps": 60,
            "measuredFps": 2.657708148477382,
            "captureFps": 60.46286037786044,
            "encodedFps": 2.657708148477382,
            "encoderDeliveryRatio": 0.04429513580795637,
            "bottleneck": "network",
            "sourceLimited": false,
            "networkPressure": true,
            "capacityPressure": true,
            "transportPressure": true,
            "packetLossPressure": false,
            "retransmissionPressure": false,
            "pacerPressure": true,
            "discardedPacketPressure": false,
            "packetLossRatio": 0,
            "retransmissionRatio": 0,
            "averagePacketSendDelayMs": 22.845972222222265,
            "packetsDiscardedOnSend": 0,
            "pressureSamplesRequired": 2,
            "networkSustained": true,
            "networkHeadroomRatio": 0.096972,
            "requiredBitrate": 8000000,
            "recoveryRequiredBitrate": 8000000,
            "networkRecoveryHeadroomRatio": 0.096972,
            "networkRecoveryReady": true,
            "projectedRecoveryEncodeMs": 3,
            "encoderRecoveryReady": true,
            "encoderTrial": null,
            "downscaleEffectiveness": {
              "status": "idle",
              "samplesObserved": 0,
              "samplesRequired": 3,
              "requiredDeliveryGain": 0.08,
              "requiredEncodeCostReductionRatio": 0.15
            },
            "averageEncodeTimeMs": 3,
            "fpsEma": 4.289548506702271,
            "encodeEma": 3,
            "effectiveWidth": 1280,
            "effectiveHeight": 720,
            "temporalChanged": false,
            "softwareEncoder": false,
            "encoderImplementation": "MediaFoundationVideoEncodeAccelerator (NVIDIA H.264 Encoder MFT)",
            "trackId": "4ae5360a-f658-43e0-bcfb-3594d68a9c6c"
          },
          "videoCodecPolicyKey": "hardware-or-unknown",
          "videoMutationCounts": {
            "total": 2,
            "structural": 1,
            "bitrate": 2,
            "active": 0,
            "track": 1
          },
          "lastVideoMutation": {
            "sequence": 2,
            "type": "adapt",
            "timestampMs": 1788008987548,
            "peerId": "53e42b6c",
            "structural": false,
            "bitrate": true,
            "active": false,
            "trackChanged": false,
            "before": {
              "trackId": "4ae5360a-f658-43e0-bcfb-3594d68a9c6c",
              "degradationPreference": "maintain-resolution",
              "encodings": [
                {
                  "active": true,
                  "maxBitrate": 8000000,
                  "maxFramerate": 60,
                  "scaleResolutionDownBy": 1,
                  "scalabilityMode": null
                }
              ]
            },
            "after": {
              "trackId": "4ae5360a-f658-43e0-bcfb-3594d68a9c6c",
              "degradationPreference": "maintain-resolution",
              "encodings": [
                {
                  "active": true,
                  "maxBitrate": 236903,
                  "maxFramerate": 60,
                  "scaleResolutionDownBy": 1,
                  "scalabilityMode": null
                }
              ]
            },
            "countersBeforeNextSample": {
              "keyFramesEncoded": 0,
              "hugeFramesSent": 0,
              "nackCount": 0,
              "pliCount": 0,
              "firCount": 0,
              "bytesSent": 0
            },
            "profileId": "performance",
            "adaptationReason": "network-observation",
            "adaptationLevel": 0,
            "temporalLevel": 0
          },
          "jitterBufferTarget": null,
          "topology": {
            "sfuViewerCount": 0,
            "sfuConsumerCount": 0,
            "meshScreenSenders": 1,
            "meshActiveScreenSenders": 1,
            "meshViaSfuCount": 0,
            "meshBytesSentTotal": 112397,
            "publisherUploadBytes": 112397
          },
          "reports": {
            "source": {
              "id": "SV2",
              "timestamp": 1788008990991.414,
              "trackIdentifier": "4ae5360a-f658-43e0-bcfb-3594d68a9c6c",
              "kind": "video",
              "width": 1280,
              "height": 720,
              "frames": 215,
              "framesPerSecond": 59
            },
            "outbound": {
              "id": "OT01V2590553353",
              "timestamp": 1788008990991.414,
              "ssrc": 2590553353,
              "kind": "video",
              "mid": "1",
              "active": true,
              "codecId": "COT01_103_level-asymmetry-allowed=1;packetization-mode=1;profile-level-id=42001f",
              "mediaSourceId": "SV2",
              "remoteId": "RIV2590553353",
              "transportId": "T01",
              "bytesSent": 112397,
              "headerBytesSent": 4710,
              "packetsSent": 118,
              "retransmittedBytesSent": 0,
              "retransmittedPacketsSent": 0,
              "framesEncoded": 11,
              "framesSent": 11,
              "hugeFramesSent": 11,
              "keyFramesEncoded": 1,
              "framesPerSecond": 2,
              "frameWidth": 1280,
              "frameHeight": 720,
              "qpSum": 549,
              "totalEncodeTime": 0.033,
              "totalEncodedBytesTarget": 0,
              "totalPacketSendDelay": 19.36054,
              "targetBitrate": 196667,
              "qualityLimitationReason": "none",
              "qualityLimitationDurations": {
                "bandwidth": 0,
                "cpu": 0,
                "none": 3.617,
                "other": 0
              },
              "qualityLimitationResolutionChanges": 0,
              "nackCount": 0,
              "firCount": 0,
              "pliCount": 0,
              "encoderImplementation": "MediaFoundationVideoEncodeAccelerator (NVIDIA H.264 Encoder MFT)",
              "powerEfficientEncoder": true
            },
            "remoteInbound": {
              "id": "RIV2590553353",
              "timestamp": 1788008990468.442,
              "ssrc": 2590553353,
              "kind": "video",
              "codecId": "COT01_103_level-asymmetry-allowed=1;packetization-mode=1;profile-level-id=42001f",
              "localId": "OT01V2590553353",
              "transportId": "T01",
              "packetsLost": 0,
              "jitter": 0.061966,
              "roundTripTime": 0.001,
              "totalRoundTripTime": 0.003,
              "roundTripTimeMeasurements": 3,
              "fractionLost": 0
            },
            "inbound": null,
            "remoteOutbound": null,
            "codec": {
              "id": "COT01_103_level-asymmetry-allowed=1;packetization-mode=1;profile-level-id=42001f",
              "timestamp": 1788008990991.414,
              "payloadType": 103,
              "mimeType": "video/H264",
              "clockRate": 90000,
              "sdpFmtpLine": "level-asymmetry-allowed=1;packetization-mode=1;profile-level-id=42001f"
            },
            "transport": {
              "id": "T01",
              "timestamp": 1788008990991.414,
              "bytesSent": 144956,
              "bytesReceived": 26919,
              "packetsSent": 419,
              "packetsReceived": 300,
              "selectedCandidatePairId": "CPTh1TRkvi_0riKEWlc",
              "dtlsState": "connected",
              "iceRole": "controlling"
            },
            "candidatePair": {
              "id": "CPTh1TRkvi_0riKEWlc",
              "timestamp": 1788008990991.414,
              "state": "succeeded",
              "nominated": true,
              "writable": true,
              "bytesSent": 139904,
              "bytesReceived": 23113,
              "currentRoundTripTime": 0,
              "totalRoundTripTime": 0.002,
              "responsesReceived": 5,
              "availableOutgoingBitrate": 775776,
              "requestsReceived": 5,
              "requestsSent": 5,
              "localCandidateId": "ITh1TRkvi",
              "remoteCandidateId": "I0riKEWlc",
              "packetsDiscardedOnSend": 0,
              "bytesDiscardedOnSend": 0
            },
            "localCandidate": {
              "id": "ITh1TRkvi",
              "timestamp": 1788008990991.414,
              "candidateType": "host",
              "protocol": "udp",
              "networkType": "ethernet",
              "address": "fdfd::1ab2:41f1",
              "port": 65249,
              "priority": 2122199807
            },
            "remoteCandidate": {
              "id": "I0riKEWlc",
              "timestamp": 1788008990991.414,
              "candidateType": "host",
              "protocol": "udp",
              "address": "fdfd::1ab2:41f1",
              "port": 63005,
              "priority": 2122199807
            }
          }
        },
        {
          "benchmarkElapsedMs": 2008.0046000000002,
          "collectedAt": 1788008991249.4001,
          "role": "sender",
          "transportMode": "mesh",
          "peerId": "53e42b6c",
          "connectionState": "connected",
          "iceConnectionState": "connected",
          "signalingState": "stable",
          "track": {
            "id": "4ae5360a-f658-43e0-bcfb-3594d68a9c6c",
            "label": "Screen",
            "enabled": true,
            "muted": false,
            "readyState": "live",
            "settings": {
              "aspectRatio": 1.7777777777777777,
              "deviceId": "window:525598:1",
              "frameRate": 60,
              "height": 720,
              "resizeMode": "crop-and-scale",
              "screenPixelRatio": 1,
              "width": 1280
            },
            "constraints": {
              "frameRate": {
                "max": 60,
                "ideal": 60
              },
              "height": {
                "max": 720,
                "ideal": 720
              },
              "width": {
                "max": 1280,
                "ideal": 1280
              }
            }
          },
          "senderParameters": {
            "degradationPreference": "maintain-resolution",
            "transactionId": "00ae3e85-52ae-4fbb-adb0-964ba72cd666",
            "encodings": [
              {
                "active": true,
                "maxBitrate": 236903,
                "maxFramerate": 60,
                "scaleResolutionDownBy": 1,
                "priority": "high",
                "networkPriority": "high"
              }
            ]
          },
          "adaptation": {
            "profileId": "performance",
            "level": 0,
            "temporalLevel": 0,
            "poorSamples": 0,
            "stableSamples": 0,
            "sourceSamples": 0,
            "networkSamples": 3,
            "sampleCount": 3,
            "cooldownSamples": 0,
            "scale": 1,
            "frameRate": 60,
            "reason": "startup-observation",
            "targetFps": 60,
            "measuredFps": 2.657708148477382,
            "captureFps": 60.46286037786044,
            "encodedFps": 2.657708148477382,
            "encoderDeliveryRatio": 0.04429513580795637,
            "bottleneck": "network",
            "sourceLimited": false,
            "networkPressure": true,
            "capacityPressure": true,
            "transportPressure": true,
            "packetLossPressure": false,
            "retransmissionPressure": false,
            "pacerPressure": true,
            "discardedPacketPressure": false,
            "packetLossRatio": 0,
            "retransmissionRatio": 0,
            "averagePacketSendDelayMs": 22.845972222222265,
            "packetsDiscardedOnSend": 0,
            "pressureSamplesRequired": 2,
            "networkSustained": true,
            "networkHeadroomRatio": 0.096972,
            "requiredBitrate": 8000000,
            "recoveryRequiredBitrate": 8000000,
            "networkRecoveryHeadroomRatio": 0.096972,
            "networkRecoveryReady": true,
            "projectedRecoveryEncodeMs": 3,
            "encoderRecoveryReady": true,
            "encoderTrial": null,
            "downscaleEffectiveness": {
              "status": "idle",
              "samplesObserved": 0,
              "samplesRequired": 3,
              "requiredDeliveryGain": 0.08,
              "requiredEncodeCostReductionRatio": 0.15
            },
            "averageEncodeTimeMs": 3,
            "fpsEma": 4.289548506702271,
            "encodeEma": 3,
            "effectiveWidth": 1280,
            "effectiveHeight": 720,
            "temporalChanged": false,
            "softwareEncoder": false,
            "encoderImplementation": "MediaFoundationVideoEncodeAccelerator (NVIDIA H.264 Encoder MFT)",
            "trackId": "4ae5360a-f658-43e0-bcfb-3594d68a9c6c"
          },
          "videoCodecPolicyKey": "hardware-or-unknown",
          "videoMutationCounts": {
            "total": 2,
            "structural": 1,
            "bitrate": 2,
            "active": 0,
            "track": 1
          },
          "lastVideoMutation": {
            "sequence": 2,
            "type": "adapt",
            "timestampMs": 1788008987548,
            "peerId": "53e42b6c",
            "structural": false,
            "bitrate": true,
            "active": false,
            "trackChanged": false,
            "before": {
              "trackId": "4ae5360a-f658-43e0-bcfb-3594d68a9c6c",
              "degradationPreference": "maintain-resolution",
              "encodings": [
                {
                  "active": true,
                  "maxBitrate": 8000000,
                  "maxFramerate": 60,
                  "scaleResolutionDownBy": 1,
                  "scalabilityMode": null
                }
              ]
            },
            "after": {
              "trackId": "4ae5360a-f658-43e0-bcfb-3594d68a9c6c",
              "degradationPreference": "maintain-resolution",
              "encodings": [
                {
                  "active": true,
                  "maxBitrate": 236903,
                  "maxFramerate": 60,
                  "scaleResolutionDownBy": 1,
                  "scalabilityMode": null
                }
              ]
            },
            "countersBeforeNextSample": {
              "keyFramesEncoded": 0,
              "hugeFramesSent": 0,
              "nackCount": 0,
              "pliCount": 0,
              "firCount": 0,
              "bytesSent": 0
            },
            "profileId": "performance",
            "adaptationReason": "network-observation",
            "adaptationLevel": 0,
            "temporalLevel": 0
          },
          "jitterBufferTarget": null,
          "topology": {
            "sfuViewerCount": 0,
            "sfuConsumerCount": 0,
            "meshScreenSenders": 1,
            "meshActiveScreenSenders": 1,
            "meshViaSfuCount": 0,
            "meshBytesSentTotal": 120508,
            "publisherUploadBytes": 120508
          },
          "reports": {
            "source": {
              "id": "SV2",
              "timestamp": 1788008991248.299,
              "trackIdentifier": "4ae5360a-f658-43e0-bcfb-3594d68a9c6c",
              "kind": "video",
              "width": 1280,
              "height": 720,
              "frames": 231,
              "framesPerSecond": 60
            },
            "outbound": {
              "id": "OT01V2590553353",
              "timestamp": 1788008991248.299,
              "ssrc": 2590553353,
              "kind": "video",
              "mid": "1",
              "active": true,
              "codecId": "COT01_103_level-asymmetry-allowed=1;packetization-mode=1;profile-level-id=42001f",
              "mediaSourceId": "SV2",
              "remoteId": "RIV2590553353",
              "transportId": "T01",
              "bytesSent": 120508,
              "headerBytesSent": 4918,
              "packetsSent": 126,
              "retransmittedBytesSent": 0,
              "retransmittedPacketsSent": 0,
              "framesEncoded": 12,
              "framesSent": 12,
              "hugeFramesSent": 12,
              "keyFramesEncoded": 1,
              "framesPerSecond": 3,
              "frameWidth": 1280,
              "frameHeight": 720,
              "qpSum": 600,
              "totalEncodeTime": 0.037,
              "totalEncodedBytesTarget": 0,
              "totalPacketSendDelay": 19.510521,
              "targetBitrate": 196667,
              "qualityLimitationReason": "none",
              "qualityLimitationDurations": {
                "bandwidth": 0,
                "cpu": 0,
                "none": 3.874,
                "other": 0
              },
              "qualityLimitationResolutionChanges": 0,
              "nackCount": 0,
              "firCount": 0,
              "pliCount": 0,
              "encoderImplementation": "MediaFoundationVideoEncodeAccelerator (NVIDIA H.264 Encoder MFT)",
              "powerEfficientEncoder": true
            },
            "remoteInbound": {
              "id": "RIV2590553353",
              "timestamp": 1788008990468.442,
              "ssrc": 2590553353,
              "kind": "video",
              "codecId": "COT01_103_level-asymmetry-allowed=1;packetization-mode=1;profile-level-id=42001f",
              "localId": "OT01V2590553353",
              "transportId": "T01",
              "packetsLost": 0,
              "jitter": 0.061966,
              "roundTripTime": 0.001,
              "totalRoundTripTime": 0.003,
              "roundTripTimeMeasurements": 3,
              "fractionLost": 0
            },
            "inbound": null,
            "remoteOutbound": null,
            "codec": {
              "id": "COT01_103_level-asymmetry-allowed=1;packetization-mode=1;profile-level-id=42001f",
              "timestamp": 1788008991248.299,
              "payloadType": 103,
              "mimeType": "video/H264",
              "clockRate": 90000,
              "sdpFmtpLine": "level-asymmetry-allowed=1;packetization-mode=1;profile-level-id=42001f"
            },
            "transport": {
              "id": "T01",
              "timestamp": 1788008991248.299,
              "bytesSent": 154814,
              "bytesReceived": 28583,
              "packetsSent": 445,
              "packetsReceived": 317,
              "selectedCandidatePairId": "CPTh1TRkvi_0riKEWlc",
              "dtlsState": "connected",
              "iceRole": "controlling"
            },
            "candidatePair": {
              "id": "CPTh1TRkvi_0riKEWlc",
              "timestamp": 1788008991248.299,
              "state": "succeeded",
              "nominated": true,
              "writable": true,
              "bytesSent": 149762,
              "bytesReceived": 24777,
              "currentRoundTripTime": 0,
              "totalRoundTripTime": 0.002,
              "responsesReceived": 5,
              "availableOutgoingBitrate": 775776,
              "requestsReceived": 5,
              "requestsSent": 5,
              "localCandidateId": "ITh1TRkvi",
              "remoteCandidateId": "I0riKEWlc",
              "packetsDiscardedOnSend": 0,
              "bytesDiscardedOnSend": 0
            },
            "localCandidate": {
              "id": "ITh1TRkvi",
              "timestamp": 1788008991248.299,
              "candidateType": "host",
              "protocol": "udp",
              "networkType": "ethernet",
              "address": "fdfd::1ab2:41f1",
              "port": 65249,
              "priority": 2122199807
            },
            "remoteCandidate": {
              "id": "I0riKEWlc",
              "timestamp": 1788008991248.299,
              "candidateType": "host",
              "protocol": "udp",
              "address": "fdfd::1ab2:41f1",
              "port": 63005,
              "priority": 2122199807
            }
          }
        },
        {
          "benchmarkElapsedMs": 2261.7583000000004,
          "collectedAt": 1788008991502.5,
          "role": "sender",
          "transportMode": "mesh",
          "peerId": "53e42b6c",
          "connectionState": "connected",
          "iceConnectionState": "connected",
          "signalingState": "stable",
          "track": {
            "id": "4ae5360a-f658-43e0-bcfb-3594d68a9c6c",
            "label": "Screen",
            "enabled": true,
            "muted": false,
            "readyState": "live",
            "settings": {
              "aspectRatio": 1.7777777777777777,
              "deviceId": "window:525598:1",
              "frameRate": 60,
              "height": 720,
              "resizeMode": "crop-and-scale",
              "screenPixelRatio": 1,
              "width": 1280
            },
            "constraints": {
              "frameRate": {
                "max": 60,
                "ideal": 60
              },
              "height": {
                "max": 720,
                "ideal": 720
              },
              "width": {
                "max": 1280,
                "ideal": 1280
              }
            }
          },
          "senderParameters": {
            "degradationPreference": "maintain-resolution",
            "transactionId": "41028223-8ece-493c-b5f4-b8cb59af431c",
            "encodings": [
              {
                "active": true,
                "maxBitrate": 236903,
                "maxFramerate": 60,
                "scaleResolutionDownBy": 1,
                "priority": "high",
                "networkPriority": "high"
              }
            ]
          },
          "adaptation": {
            "profileId": "performance",
            "level": 0,
            "temporalLevel": 0,
            "poorSamples": 0,
            "stableSamples": 0,
            "sourceSamples": 0,
            "networkSamples": 3,
            "sampleCount": 3,
            "cooldownSamples": 0,
            "scale": 1,
            "frameRate": 60,
            "reason": "startup-observation",
            "targetFps": 60,
            "measuredFps": 2.657708148477382,
            "captureFps": 60.46286037786044,
            "encodedFps": 2.657708148477382,
            "encoderDeliveryRatio": 0.04429513580795637,
            "bottleneck": "network",
            "sourceLimited": false,
            "networkPressure": true,
            "capacityPressure": true,
            "transportPressure": true,
            "packetLossPressure": false,
            "retransmissionPressure": false,
            "pacerPressure": true,
            "discardedPacketPressure": false,
            "packetLossRatio": 0,
            "retransmissionRatio": 0,
            "averagePacketSendDelayMs": 22.845972222222265,
            "packetsDiscardedOnSend": 0,
            "pressureSamplesRequired": 2,
            "networkSustained": true,
            "networkHeadroomRatio": 0.096972,
            "requiredBitrate": 8000000,
            "recoveryRequiredBitrate": 8000000,
            "networkRecoveryHeadroomRatio": 0.096972,
            "networkRecoveryReady": true,
            "projectedRecoveryEncodeMs": 3,
            "encoderRecoveryReady": true,
            "encoderTrial": null,
            "downscaleEffectiveness": {
              "status": "idle",
              "samplesObserved": 0,
              "samplesRequired": 3,
              "requiredDeliveryGain": 0.08,
              "requiredEncodeCostReductionRatio": 0.15
            },
            "averageEncodeTimeMs": 3,
            "fpsEma": 4.289548506702271,
            "encodeEma": 3,
            "effectiveWidth": 1280,
            "effectiveHeight": 720,
            "temporalChanged": false,
            "softwareEncoder": false,
            "encoderImplementation": "MediaFoundationVideoEncodeAccelerator (NVIDIA H.264 Encoder MFT)",
            "trackId": "4ae5360a-f658-43e0-bcfb-3594d68a9c6c"
          },
          "videoCodecPolicyKey": "hardware-or-unknown",
          "videoMutationCounts": {
            "total": 2,
            "structural": 1,
            "bitrate": 2,
            "active": 0,
            "track": 1
          },
          "lastVideoMutation": {
            "sequence": 2,
            "type": "adapt",
            "timestampMs": 1788008987548,
            "peerId": "53e42b6c",
            "structural": false,
            "bitrate": true,
            "active": false,
            "trackChanged": false,
            "before": {
              "trackId": "4ae5360a-f658-43e0-bcfb-3594d68a9c6c",
              "degradationPreference": "maintain-resolution",
              "encodings": [
                {
                  "active": true,
                  "maxBitrate": 8000000,
                  "maxFramerate": 60,
                  "scaleResolutionDownBy": 1,
                  "scalabilityMode": null
                }
              ]
            },
            "after": {
              "trackId": "4ae5360a-f658-43e0-bcfb-3594d68a9c6c",
              "degradationPreference": "maintain-resolution",
              "encodings": [
                {
                  "active": true,
                  "maxBitrate": 236903,
                  "maxFramerate": 60,
                  "scaleResolutionDownBy": 1,
                  "scalabilityMode": null
                }
              ]
            },
            "countersBeforeNextSample": {
              "keyFramesEncoded": 0,
              "hugeFramesSent": 0,
              "nackCount": 0,
              "pliCount": 0,
              "firCount": 0,
              "bytesSent": 0
            },
            "profileId": "performance",
            "adaptationReason": "network-observation",
            "adaptationLevel": 0,
            "temporalLevel": 0
          },
          "jitterBufferTarget": null,
          "topology": {
            "sfuViewerCount": 0,
            "sfuConsumerCount": 0,
            "meshScreenSenders": 1,
            "meshActiveScreenSenders": 1,
            "meshViaSfuCount": 0,
            "meshBytesSentTotal": 130232,
            "publisherUploadBytes": 130232
          },
          "reports": {
            "source": {
              "id": "SV2",
              "timestamp": 1788008991501.667,
              "trackIdentifier": "4ae5360a-f658-43e0-bcfb-3594d68a9c6c",
              "kind": "video",
              "width": 1280,
              "height": 720,
              "frames": 246,
              "framesPerSecond": 59
            },
            "outbound": {
              "id": "OT01V2590553353",
              "timestamp": 1788008991501.667,
              "ssrc": 2590553353,
              "kind": "video",
              "mid": "1",
              "active": true,
              "codecId": "COT01_103_level-asymmetry-allowed=1;packetization-mode=1;profile-level-id=42001f",
              "mediaSourceId": "SV2",
              "remoteId": "RIV2590553353",
              "transportId": "T01",
              "bytesSent": 130232,
              "headerBytesSent": 5174,
              "packetsSent": 136,
              "retransmittedBytesSent": 0,
              "retransmittedPacketsSent": 0,
              "framesEncoded": 13,
              "framesSent": 13,
              "hugeFramesSent": 13,
              "keyFramesEncoded": 1,
              "framesPerSecond": 3,
              "frameWidth": 1280,
              "frameHeight": 720,
              "qpSum": 651,
              "totalEncodeTime": 0.04,
              "totalEncodedBytesTarget": 0,
              "totalPacketSendDelay": 19.781117,
              "targetBitrate": 196667,
              "qualityLimitationReason": "none",
              "qualityLimitationDurations": {
                "bandwidth": 0,
                "cpu": 0,
                "none": 4.127,
                "other": 0
              },
              "qualityLimitationResolutionChanges": 0,
              "nackCount": 0,
              "firCount": 0,
              "pliCount": 0,
              "encoderImplementation": "MediaFoundationVideoEncodeAccelerator (NVIDIA H.264 Encoder MFT)",
              "powerEfficientEncoder": true
            },
            "remoteInbound": {
              "id": "RIV2590553353",
              "timestamp": 1788008990468.442,
              "ssrc": 2590553353,
              "kind": "video",
              "codecId": "COT01_103_level-asymmetry-allowed=1;packetization-mode=1;profile-level-id=42001f",
              "localId": "OT01V2590553353",
              "transportId": "T01",
              "packetsLost": 0,
              "jitter": 0.061966,
              "roundTripTime": 0.001,
              "totalRoundTripTime": 0.003,
              "roundTripTimeMeasurements": 3,
              "fractionLost": 0
            },
            "inbound": null,
            "remoteOutbound": null,
            "codec": {
              "id": "COT01_103_level-asymmetry-allowed=1;packetization-mode=1;profile-level-id=42001f",
              "timestamp": 1788008991501.667,
              "payloadType": 103,
              "mimeType": "video/H264",
              "clockRate": 90000,
              "sdpFmtpLine": "level-asymmetry-allowed=1;packetization-mode=1;profile-level-id=42001f"
            },
            "transport": {
              "id": "T01",
              "timestamp": 1788008991501.667,
              "bytesSent": 166061,
              "bytesReceived": 30348,
              "packetsSent": 471,
              "packetsReceived": 335,
              "selectedCandidatePairId": "CPTh1TRkvi_0riKEWlc",
              "dtlsState": "connected",
              "iceRole": "controlling"
            },
            "candidatePair": {
              "id": "CPTh1TRkvi_0riKEWlc",
              "timestamp": 1788008991501.667,
              "state": "succeeded",
              "nominated": true,
              "writable": true,
              "bytesSent": 161009,
              "bytesReceived": 26542,
              "currentRoundTripTime": 0,
              "totalRoundTripTime": 0.002,
              "responsesReceived": 5,
              "availableOutgoingBitrate": 775776,
              "requestsReceived": 5,
              "requestsSent": 5,
              "localCandidateId": "ITh1TRkvi",
              "remoteCandidateId": "I0riKEWlc",
              "packetsDiscardedOnSend": 0,
              "bytesDiscardedOnSend": 0
            },
            "localCandidate": {
              "id": "ITh1TRkvi",
              "timestamp": 1788008991501.667,
              "candidateType": "host",
              "protocol": "udp",
              "networkType": "ethernet",
              "address": "fdfd::1ab2:41f1",
              "port": 65249,
              "priority": 2122199807
            },
            "remoteCandidate": {
              "id": "I0riKEWlc",
              "timestamp": 1788008991501.667,
              "candidateType": "host",
              "protocol": "udp",
              "address": "fdfd::1ab2:41f1",
              "port": 63005,
              "priority": 2122199807
            }
          }
        },
        {
          "benchmarkElapsedMs": 2498.5960000000005,
          "collectedAt": 1788008991739.2002,
          "role": "sender",
          "transportMode": "mesh",
          "peerId": "53e42b6c",
          "connectionState": "connected",
          "iceConnectionState": "connected",
          "signalingState": "stable",
          "track": {
            "id": "4ae5360a-f658-43e0-bcfb-3594d68a9c6c",
            "label": "Screen",
            "enabled": true,
            "muted": false,
            "readyState": "live",
            "settings": {
              "aspectRatio": 1.7777777777777777,
              "deviceId": "window:525598:1",
              "frameRate": 60,
              "height": 720,
              "resizeMode": "crop-and-scale",
              "screenPixelRatio": 1,
              "width": 1280
            },
            "constraints": {
              "frameRate": {
                "max": 60,
                "ideal": 60
              },
              "height": {
                "max": 720,
                "ideal": 720
              },
              "width": {
                "max": 1280,
                "ideal": 1280
              }
            }
          },
          "senderParameters": {
            "degradationPreference": "maintain-resolution",
            "transactionId": "35c897c5-22f5-4dcf-8602-6083b179e354",
            "encodings": [
              {
                "active": true,
                "maxBitrate": 236903,
                "maxFramerate": 60,
                "scaleResolutionDownBy": 1,
                "priority": "high",
                "networkPriority": "high"
              }
            ]
          },
          "adaptation": {
            "profileId": "performance",
            "level": 0,
            "temporalLevel": 0,
            "poorSamples": 0,
            "stableSamples": 0,
            "sourceSamples": 0,
            "networkSamples": 3,
            "sampleCount": 3,
            "cooldownSamples": 0,
            "scale": 1,
            "frameRate": 60,
            "reason": "startup-observation",
            "targetFps": 60,
            "measuredFps": 2.657708148477382,
            "captureFps": 60.46286037786044,
            "encodedFps": 2.657708148477382,
            "encoderDeliveryRatio": 0.04429513580795637,
            "bottleneck": "network",
            "sourceLimited": false,
            "networkPressure": true,
            "capacityPressure": true,
            "transportPressure": true,
            "packetLossPressure": false,
            "retransmissionPressure": false,
            "pacerPressure": true,
            "discardedPacketPressure": false,
            "packetLossRatio": 0,
            "retransmissionRatio": 0,
            "averagePacketSendDelayMs": 22.845972222222265,
            "packetsDiscardedOnSend": 0,
            "pressureSamplesRequired": 2,
            "networkSustained": true,
            "networkHeadroomRatio": 0.096972,
            "requiredBitrate": 8000000,
            "recoveryRequiredBitrate": 8000000,
            "networkRecoveryHeadroomRatio": 0.096972,
            "networkRecoveryReady": true,
            "projectedRecoveryEncodeMs": 3,
            "encoderRecoveryReady": true,
            "encoderTrial": null,
            "downscaleEffectiveness": {
              "status": "idle",
              "samplesObserved": 0,
              "samplesRequired": 3,
              "requiredDeliveryGain": 0.08,
              "requiredEncodeCostReductionRatio": 0.15
            },
            "averageEncodeTimeMs": 3,
            "fpsEma": 4.289548506702271,
            "encodeEma": 3,
            "effectiveWidth": 1280,
            "effectiveHeight": 720,
            "temporalChanged": false,
            "softwareEncoder": false,
            "encoderImplementation": "MediaFoundationVideoEncodeAccelerator (NVIDIA H.264 Encoder MFT)",
            "trackId": "4ae5360a-f658-43e0-bcfb-3594d68a9c6c"
          },
          "videoCodecPolicyKey": "hardware-or-unknown",
          "videoMutationCounts": {
            "total": 2,
            "structural": 1,
            "bitrate": 2,
            "active": 0,
            "track": 1
          },
          "lastVideoMutation": {
            "sequence": 2,
            "type": "adapt",
            "timestampMs": 1788008987548,
            "peerId": "53e42b6c",
            "structural": false,
            "bitrate": true,
            "active": false,
            "trackChanged": false,
            "before": {
              "trackId": "4ae5360a-f658-43e0-bcfb-3594d68a9c6c",
              "degradationPreference": "maintain-resolution",
              "encodings": [
                {
                  "active": true,
                  "maxBitrate": 8000000,
                  "maxFramerate": 60,
                  "scaleResolutionDownBy": 1,
                  "scalabilityMode": null
                }
              ]
            },
            "after": {
              "trackId": "4ae5360a-f658-43e0-bcfb-3594d68a9c6c",
              "degradationPreference": "maintain-resolution",
              "encodings": [
                {
                  "active": true,
                  "maxBitrate": 236903,
                  "maxFramerate": 60,
                  "scaleResolutionDownBy": 1,
                  "scalabilityMode": null
                }
              ]
            },
            "countersBeforeNextSample": {
              "keyFramesEncoded": 0,
              "hugeFramesSent": 0,
              "nackCount": 0,
              "pliCount": 0,
              "firCount": 0,
              "bytesSent": 0
            },
            "profileId": "performance",
            "adaptationReason": "network-observation",
            "adaptationLevel": 0,
            "temporalLevel": 0
          },
          "jitterBufferTarget": null,
          "topology": {
            "sfuViewerCount": 0,
            "sfuConsumerCount": 0,
            "meshScreenSenders": 1,
            "meshActiveScreenSenders": 1,
            "meshViaSfuCount": 0,
            "meshBytesSentTotal": 134724,
            "publisherUploadBytes": 134724
          },
          "reports": {
            "source": {
              "id": "SV2",
              "timestamp": 1788008991738.492,
              "trackIdentifier": "4ae5360a-f658-43e0-bcfb-3594d68a9c6c",
              "kind": "video",
              "width": 1280,
              "height": 720,
              "frames": 260,
              "framesPerSecond": 60
            },
            "outbound": {
              "id": "OT01V2590553353",
              "timestamp": 1788008991738.492,
              "ssrc": 2590553353,
              "kind": "video",
              "mid": "1",
              "active": true,
              "codecId": "COT01_103_level-asymmetry-allowed=1;packetization-mode=1;profile-level-id=42001f",
              "mediaSourceId": "SV2",
              "remoteId": "RIV2590553353",
              "transportId": "T01",
              "bytesSent": 134724,
              "headerBytesSent": 5294,
              "packetsSent": 141,
              "retransmittedBytesSent": 0,
              "retransmittedPacketsSent": 0,
              "framesEncoded": 14,
              "framesSent": 14,
              "hugeFramesSent": 14,
              "keyFramesEncoded": 1,
              "framesPerSecond": 3,
              "frameWidth": 1280,
              "frameHeight": 720,
              "qpSum": 702,
              "totalEncodeTime": 0.044,
              "totalEncodedBytesTarget": 0,
              "totalPacketSendDelay": 19.781119,
              "targetBitrate": 196667,
              "qualityLimitationReason": "none",
              "qualityLimitationDurations": {
                "bandwidth": 0,
                "cpu": 0,
                "none": 4.364,
                "other": 0
              },
              "qualityLimitationResolutionChanges": 0,
              "nackCount": 0,
              "firCount": 0,
              "pliCount": 0,
              "encoderImplementation": "MediaFoundationVideoEncodeAccelerator (NVIDIA H.264 Encoder MFT)",
              "powerEfficientEncoder": true
            },
            "remoteInbound": {
              "id": "RIV2590553353",
              "timestamp": 1788008991640.612,
              "ssrc": 2590553353,
              "kind": "video",
              "codecId": "COT01_103_level-asymmetry-allowed=1;packetization-mode=1;profile-level-id=42001f",
              "localId": "OT01V2590553353",
              "transportId": "T01",
              "packetsLost": 0,
              "jitter": 0.062555,
              "roundTripTime": 0.001,
              "totalRoundTripTime": 0.004,
              "roundTripTimeMeasurements": 4,
              "fractionLost": 0
            },
            "inbound": null,
            "remoteOutbound": null,
            "codec": {
              "id": "COT01_103_level-asymmetry-allowed=1;packetization-mode=1;profile-level-id=42001f",
              "timestamp": 1788008991738.492,
              "payloadType": 103,
              "mimeType": "video/H264",
              "clockRate": 90000,
              "sdpFmtpLine": "level-asymmetry-allowed=1;packetization-mode=1;profile-level-id=42001f"
            },
            "transport": {
              "id": "T01",
              "timestamp": 1788008991738.492,
              "bytesSent": 171993,
              "bytesReceived": 31448,
              "packetsSent": 493,
              "packetsReceived": 350,
              "selectedCandidatePairId": "CPTh1TRkvi_0riKEWlc",
              "dtlsState": "connected",
              "iceRole": "controlling"
            },
            "candidatePair": {
              "id": "CPTh1TRkvi_0riKEWlc",
              "timestamp": 1788008991738.492,
              "state": "succeeded",
              "nominated": true,
              "writable": true,
              "bytesSent": 166941,
              "bytesReceived": 27642,
              "currentRoundTripTime": 0,
              "totalRoundTripTime": 0.002,
              "responsesReceived": 5,
              "availableOutgoingBitrate": 775776,
              "requestsReceived": 5,
              "requestsSent": 5,
              "localCandidateId": "ITh1TRkvi",
              "remoteCandidateId": "I0riKEWlc",
              "packetsDiscardedOnSend": 0,
              "bytesDiscardedOnSend": 0
            },
            "localCandidate": {
              "id": "ITh1TRkvi",
              "timestamp": 1788008991738.492,
              "candidateType": "host",
              "protocol": "udp",
              "networkType": "ethernet",
              "address": "fdfd::1ab2:41f1",
              "port": 65249,
              "priority": 2122199807
            },
            "remoteCandidate": {
              "id": "I0riKEWlc",
              "timestamp": 1788008991738.492,
              "candidateType": "host",
              "protocol": "udp",
              "address": "fdfd::1ab2:41f1",
              "port": 63005,
              "priority": 2122199807
            }
          }
        },
        {
          "benchmarkElapsedMs": 2750.1062,
          "collectedAt": 1788008991990.7002,
          "role": "sender",
          "transportMode": "mesh",
          "peerId": "53e42b6c",
          "connectionState": "connected",
          "iceConnectionState": "connected",
          "signalingState": "stable",
          "track": {
            "id": "4ae5360a-f658-43e0-bcfb-3594d68a9c6c",
            "label": "Screen",
            "enabled": true,
            "muted": false,
            "readyState": "live",
            "settings": {
              "aspectRatio": 1.7777777777777777,
              "deviceId": "window:525598:1",
              "frameRate": 60,
              "height": 720,
              "resizeMode": "crop-and-scale",
              "screenPixelRatio": 1,
              "width": 1280
            },
            "constraints": {
              "frameRate": {
                "max": 60,
                "ideal": 60
              },
              "height": {
                "max": 720,
                "ideal": 720
              },
              "width": {
                "max": 1280,
                "ideal": 1280
              }
            }
          },
          "senderParameters": {
            "degradationPreference": "maintain-resolution",
            "transactionId": "e79a1b1e-eb31-44bf-a5e9-69cf256e9ffd",
            "encodings": [
              {
                "active": true,
                "maxBitrate": 236903,
                "maxFramerate": 60,
                "scaleResolutionDownBy": 1,
                "priority": "high",
                "networkPriority": "high"
              }
            ]
          },
          "adaptation": {
            "profileId": "performance",
            "level": 0,
            "temporalLevel": 0,
            "poorSamples": 0,
            "stableSamples": 0,
            "sourceSamples": 0,
            "networkSamples": 3,
            "sampleCount": 3,
            "cooldownSamples": 0,
            "scale": 1,
            "frameRate": 60,
            "reason": "startup-observation",
            "targetFps": 60,
            "measuredFps": 2.657708148477382,
            "captureFps": 60.46286037786044,
            "encodedFps": 2.657708148477382,
            "encoderDeliveryRatio": 0.04429513580795637,
            "bottleneck": "network",
            "sourceLimited": false,
            "networkPressure": true,
            "capacityPressure": true,
            "transportPressure": true,
            "packetLossPressure": false,
            "retransmissionPressure": false,
            "pacerPressure": true,
            "discardedPacketPressure": false,
            "packetLossRatio": 0,
            "retransmissionRatio": 0,
            "averagePacketSendDelayMs": 22.845972222222265,
            "packetsDiscardedOnSend": 0,
            "pressureSamplesRequired": 2,
            "networkSustained": true,
            "networkHeadroomRatio": 0.096972,
            "requiredBitrate": 8000000,
            "recoveryRequiredBitrate": 8000000,
            "networkRecoveryHeadroomRatio": 0.096972,
            "networkRecoveryReady": true,
            "projectedRecoveryEncodeMs": 3,
            "encoderRecoveryReady": true,
            "encoderTrial": null,
            "downscaleEffectiveness": {
              "status": "idle",
              "samplesObserved": 0,
              "samplesRequired": 3,
              "requiredDeliveryGain": 0.08,
              "requiredEncodeCostReductionRatio": 0.15
            },
            "averageEncodeTimeMs": 3,
            "fpsEma": 4.289548506702271,
            "encodeEma": 3,
            "effectiveWidth": 1280,
            "effectiveHeight": 720,
            "temporalChanged": false,
            "softwareEncoder": false,
            "encoderImplementation": "MediaFoundationVideoEncodeAccelerator (NVIDIA H.264 Encoder MFT)",
            "trackId": "4ae5360a-f658-43e0-bcfb-3594d68a9c6c"
          },
          "videoCodecPolicyKey": "hardware-or-unknown",
          "videoMutationCounts": {
            "total": 2,
            "structural": 1,
            "bitrate": 2,
            "active": 0,
            "track": 1
          },
          "lastVideoMutation": {
            "sequence": 2,
            "type": "adapt",
            "timestampMs": 1788008987548,
            "peerId": "53e42b6c",
            "structural": false,
            "bitrate": true,
            "active": false,
            "trackChanged": false,
            "before": {
              "trackId": "4ae5360a-f658-43e0-bcfb-3594d68a9c6c",
              "degradationPreference": "maintain-resolution",
              "encodings": [
                {
                  "active": true,
                  "maxBitrate": 8000000,
                  "maxFramerate": 60,
                  "scaleResolutionDownBy": 1,
                  "scalabilityMode": null
                }
              ]
            },
            "after": {
              "trackId": "4ae5360a-f658-43e0-bcfb-3594d68a9c6c",
              "degradationPreference": "maintain-resolution",
              "encodings": [
                {
                  "active": true,
                  "maxBitrate": 236903,
                  "maxFramerate": 60,
                  "scaleResolutionDownBy": 1,
                  "scalabilityMode": null
                }
              ]
            },
            "countersBeforeNextSample": {
              "keyFramesEncoded": 0,
              "hugeFramesSent": 0,
              "nackCount": 0,
              "pliCount": 0,
              "firCount": 0,
              "bytesSent": 0
            },
            "profileId": "performance",
            "adaptationReason": "network-observation",
            "adaptationLevel": 0,
            "temporalLevel": 0
          },
          "jitterBufferTarget": null,
          "topology": {
            "sfuViewerCount": 0,
            "sfuConsumerCount": 0,
            "meshScreenSenders": 1,
            "meshActiveScreenSenders": 1,
            "meshViaSfuCount": 0,
            "meshBytesSentTotal": 139200,
            "publisherUploadBytes": 139200
          },
          "reports": {
            "source": {
              "id": "SV2",
              "timestamp": 1788008991990.031,
              "trackIdentifier": "4ae5360a-f658-43e0-bcfb-3594d68a9c6c",
              "kind": "video",
              "width": 1280,
              "height": 720,
              "frames": 275,
              "framesPerSecond": 60
            },
            "outbound": {
              "id": "OT01V2590553353",
              "timestamp": 1788008991990.031,
              "ssrc": 2590553353,
              "kind": "video",
              "mid": "1",
              "active": true,
              "codecId": "COT01_103_level-asymmetry-allowed=1;packetization-mode=1;profile-level-id=42001f",
              "mediaSourceId": "SV2",
              "remoteId": "RIV2590553353",
              "transportId": "T01",
              "bytesSent": 139200,
              "headerBytesSent": 5406,
              "packetsSent": 145,
              "retransmittedBytesSent": 0,
              "retransmittedPacketsSent": 0,
              "framesEncoded": 14,
              "framesSent": 14,
              "hugeFramesSent": 14,
              "keyFramesEncoded": 1,
              "framesPerSecond": 3,
              "frameWidth": 1280,
              "frameHeight": 720,
              "qpSum": 702,
              "totalEncodeTime": 0.044,
              "totalEncodedBytesTarget": 0,
              "totalPacketSendDelay": 19.974489,
              "targetBitrate": 196667,
              "qualityLimitationReason": "none",
              "qualityLimitationDurations": {
                "bandwidth": 0,
                "cpu": 0,
                "none": 4.615,
                "other": 0
              },
              "qualityLimitationResolutionChanges": 0,
              "nackCount": 0,
              "firCount": 0,
              "pliCount": 0,
              "encoderImplementation": "MediaFoundationVideoEncodeAccelerator (NVIDIA H.264 Encoder MFT)",
              "powerEfficientEncoder": true
            },
            "remoteInbound": {
              "id": "RIV2590553353",
              "timestamp": 1788008991640.612,
              "ssrc": 2590553353,
              "kind": "video",
              "codecId": "COT01_103_level-asymmetry-allowed=1;packetization-mode=1;profile-level-id=42001f",
              "localId": "OT01V2590553353",
              "transportId": "T01",
              "packetsLost": 0,
              "jitter": 0.062555,
              "roundTripTime": 0.001,
              "totalRoundTripTime": 0.004,
              "roundTripTimeMeasurements": 4,
              "fractionLost": 0
            },
            "inbound": null,
            "remoteOutbound": null,
            "codec": {
              "id": "COT01_103_level-asymmetry-allowed=1;packetization-mode=1;profile-level-id=42001f",
              "timestamp": 1788008991990.031,
              "payloadType": 103,
              "mimeType": "video/H264",
              "clockRate": 90000,
              "sdpFmtpLine": "level-asymmetry-allowed=1;packetization-mode=1;profile-level-id=42001f"
            },
            "transport": {
              "id": "T01",
              "timestamp": 1788008991990.031,
              "bytesSent": 177801,
              "bytesReceived": 32622,
              "packetsSent": 514,
              "packetsReceived": 367,
              "selectedCandidatePairId": "CPTh1TRkvi_0riKEWlc",
              "dtlsState": "connected",
              "iceRole": "controlling"
            },
            "candidatePair": {
              "id": "CPTh1TRkvi_0riKEWlc",
              "timestamp": 1788008991990.031,
              "state": "succeeded",
              "nominated": true,
              "writable": true,
              "bytesSent": 172749,
              "bytesReceived": 28816,
              "currentRoundTripTime": 0,
              "totalRoundTripTime": 0.002,
              "responsesReceived": 6,
              "availableOutgoingBitrate": 775776,
              "requestsReceived": 6,
              "requestsSent": 6,
              "localCandidateId": "ITh1TRkvi",
              "remoteCandidateId": "I0riKEWlc",
              "packetsDiscardedOnSend": 0,
              "bytesDiscardedOnSend": 0
            },
            "localCandidate": {
              "id": "ITh1TRkvi",
              "timestamp": 1788008991990.031,
              "candidateType": "host",
              "protocol": "udp",
              "networkType": "ethernet",
              "address": "fdfd::1ab2:41f1",
              "port": 65249,
              "priority": 2122199807
            },
            "remoteCandidate": {
              "id": "I0riKEWlc",
              "timestamp": 1788008991990.031,
              "candidateType": "host",
              "protocol": "udp",
              "address": "fdfd::1ab2:41f1",
              "port": 63005,
              "priority": 2122199807
            }
          }
        },
        {
          "benchmarkElapsedMs": 2999.3935,
          "collectedAt": 1788008992240.1,
          "role": "sender",
          "transportMode": "mesh",
          "peerId": "53e42b6c",
          "connectionState": "connected",
          "iceConnectionState": "connected",
          "signalingState": "stable",
          "track": {
            "id": "4ae5360a-f658-43e0-bcfb-3594d68a9c6c",
            "label": "Screen",
            "enabled": true,
            "muted": false,
            "readyState": "live",
            "settings": {
              "aspectRatio": 1.7777777777777777,
              "deviceId": "window:525598:1",
              "frameRate": 60,
              "height": 720,
              "resizeMode": "crop-and-scale",
              "screenPixelRatio": 1,
              "width": 1280
            },
            "constraints": {
              "frameRate": {
                "max": 60,
                "ideal": 60
              },
              "height": {
                "max": 720,
                "ideal": 720
              },
              "width": {
                "max": 1280,
                "ideal": 1280
              }
            }
          },
          "senderParameters": {
            "degradationPreference": "maintain-resolution",
            "transactionId": "62e62852-b142-4c1d-a517-d20392525757",
            "encodings": [
              {
                "active": true,
                "maxBitrate": 331664,
                "maxFramerate": 60,
                "scaleResolutionDownBy": 1.3333333333333333,
                "priority": "high",
                "networkPriority": "high"
              }
            ]
          },
          "adaptation": {
            "profileId": "performance",
            "level": 1,
            "temporalLevel": 0,
            "poorSamples": 0,
            "stableSamples": 0,
            "sourceSamples": 0,
            "networkSamples": 0,
            "sampleCount": 4,
            "cooldownSamples": 2,
            "scale": 1.3333333333333333,
            "frameRate": 60,
            "reason": "network-spatial-downshift",
            "targetFps": 60,
            "measuredFps": 2.6743510732172164,
            "captureFps": 58.835723610778764,
            "encodedFps": 2.6743510732172164,
            "encoderDeliveryRatio": 0.045454545454545456,
            "bottleneck": "network",
            "sourceLimited": false,
            "networkPressure": true,
            "capacityPressure": true,
            "transportPressure": true,
            "packetLossPressure": false,
            "retransmissionPressure": false,
            "pacerPressure": true,
            "discardedPacketPressure": false,
            "packetLossRatio": 0,
            "retransmissionRatio": 0,
            "averagePacketSendDelayMs": 22.86172222222217,
            "packetsDiscardedOnSend": 0,
            "pressureSamplesRequired": 2,
            "networkSustained": true,
            "networkHeadroomRatio": 0.096972,
            "requiredBitrate": 8000000,
            "recoveryRequiredBitrate": 8000000,
            "networkRecoveryHeadroomRatio": 0.096972,
            "networkRecoveryReady": true,
            "projectedRecoveryEncodeMs": 3.2099999999999995,
            "encoderRecoveryReady": true,
            "encoderTrial": null,
            "downscaleEffectiveness": {
              "status": "idle",
              "samplesObserved": 0,
              "samplesRequired": 3,
              "requiredDeliveryGain": 0.08,
              "requiredEncodeCostReductionRatio": 0.15
            },
            "averageEncodeTimeMs": 3.4999999999999996,
            "fpsEma": 3.611165584638548,
            "encodeEma": 3.2099999999999995,
            "effectiveWidth": 960,
            "effectiveHeight": 540,
            "temporalChanged": false,
            "softwareEncoder": false,
            "encoderImplementation": "MediaFoundationVideoEncodeAccelerator (NVIDIA H.264 Encoder MFT)",
            "trackId": "4ae5360a-f658-43e0-bcfb-3594d68a9c6c"
          },
          "videoCodecPolicyKey": "hardware-or-unknown",
          "videoMutationCounts": {
            "total": 3,
            "structural": 2,
            "bitrate": 3,
            "active": 0,
            "track": 1
          },
          "lastVideoMutation": {
            "sequence": 3,
            "type": "adapt",
            "timestampMs": 1788008992048,
            "peerId": "53e42b6c",
            "structural": true,
            "bitrate": true,
            "active": false,
            "trackChanged": false,
            "before": {
              "trackId": "4ae5360a-f658-43e0-bcfb-3594d68a9c6c",
              "degradationPreference": "maintain-resolution",
              "encodings": [
                {
                  "active": true,
                  "maxBitrate": 236903,
                  "maxFramerate": 60,
                  "scaleResolutionDownBy": 1,
                  "scalabilityMode": null
                }
              ]
            },
            "after": {
              "trackId": "4ae5360a-f658-43e0-bcfb-3594d68a9c6c",
              "degradationPreference": "maintain-resolution",
              "encodings": [
                {
                  "active": true,
                  "maxBitrate": 331664,
                  "maxFramerate": 60,
                  "scaleResolutionDownBy": 1.3333333333333333,
                  "scalabilityMode": null
                }
              ]
            },
            "countersBeforeNextSample": {
              "keyFramesEncoded": 1,
              "hugeFramesSent": 14,
              "nackCount": 0,
              "pliCount": 0,
              "firCount": 0,
              "bytesSent": 139200
            },
            "profileId": "performance",
            "adaptationReason": "network-spatial-downshift",
            "adaptationLevel": 1,
            "temporalLevel": 0
          },
          "jitterBufferTarget": null,
          "topology": {
            "sfuViewerCount": 0,
            "sfuConsumerCount": 0,
            "meshScreenSenders": 1,
            "meshActiveScreenSenders": 1,
            "meshViaSfuCount": 0,
            "meshBytesSentTotal": 157110,
            "publisherUploadBytes": 157110
          },
          "reports": {
            "source": {
              "id": "SV2",
              "timestamp": 1788008992239.326,
              "trackIdentifier": "4ae5360a-f658-43e0-bcfb-3594d68a9c6c",
              "kind": "video",
              "width": 1280,
              "height": 720,
              "frames": 290,
              "framesPerSecond": 60
            },
            "outbound": {
              "id": "OT01V2590553353",
              "timestamp": 1788008992239.326,
              "ssrc": 2590553353,
              "kind": "video",
              "mid": "1",
              "active": true,
              "codecId": "COT01_103_level-asymmetry-allowed=1;packetization-mode=1;profile-level-id=42001f",
              "mediaSourceId": "SV2",
              "remoteId": "RIV2590553353",
              "transportId": "T01",
              "bytesSent": 157110,
              "headerBytesSent": 5934,
              "packetsSent": 165,
              "retransmittedBytesSent": 0,
              "retransmittedPacketsSent": 0,
              "framesEncoded": 17,
              "framesSent": 17,
              "hugeFramesSent": 17,
              "keyFramesEncoded": 2,
              "framesPerSecond": 5,
              "frameWidth": 960,
              "frameHeight": 540,
              "qpSum": 855,
              "totalEncodeTime": 0.057,
              "totalEncodedBytesTarget": 0,
              "totalPacketSendDelay": 20.824403,
              "targetBitrate": 275833,
              "qualityLimitationReason": "none",
              "qualityLimitationDurations": {
                "bandwidth": 0,
                "cpu": 0,
                "none": 4.865,
                "other": 0
              },
              "qualityLimitationResolutionChanges": 0,
              "nackCount": 0,
              "firCount": 0,
              "pliCount": 0,
              "encoderImplementation": "MediaFoundationVideoEncodeAccelerator (NVIDIA H.264 Encoder MFT)",
              "powerEfficientEncoder": true
            },
            "remoteInbound": {
              "id": "RIV2590553353",
              "timestamp": 1788008991640.612,
              "ssrc": 2590553353,
              "kind": "video",
              "codecId": "COT01_103_level-asymmetry-allowed=1;packetization-mode=1;profile-level-id=42001f",
              "localId": "OT01V2590553353",
              "transportId": "T01",
              "packetsLost": 0,
              "jitter": 0.062555,
              "roundTripTime": 0.001,
              "totalRoundTripTime": 0.004,
              "roundTripTimeMeasurements": 4,
              "fractionLost": 0
            },
            "inbound": {
              "id": "IT01V1544835354",
              "timestamp": 1788008992239.326,
              "ssrc": 1544835354,
              "kind": "video",
              "mid": "1",
              "transportId": "T01",
              "bytesReceived": 0,
              "headerBytesReceived": 849,
              "packetsReceived": 3,
              "packetsLost": 0,
              "jitter": 0,
              "framesReceived": 0,
              "framesDecoded": 0,
              "framesDropped": 0,
              "keyFramesDecoded": 0,
              "totalDecodeTime": 0,
              "totalProcessingDelay": 0,
              "totalInterFrameDelay": 0,
              "totalSquaredInterFrameDelay": 0,
              "freezeCount": 0,
              "totalFreezesDuration": 0,
              "pauseCount": 0,
              "totalPausesDuration": 0,
              "jitterBufferDelay": 0,
              "jitterBufferTargetDelay": 0,
              "jitterBufferMinimumDelay": 0,
              "jitterBufferEmittedCount": 0,
              "nackCount": 0,
              "firCount": 0,
              "pliCount": 0,
              "framesAssembledFromMultiplePackets": 0,
              "totalAssemblyTime": 0,
              "retransmittedBytesReceived": 0
            },
            "remoteOutbound": null,
            "codec": {
              "id": "COT01_103_level-asymmetry-allowed=1;packetization-mode=1;profile-level-id=42001f",
              "timestamp": 1788008992239.326,
              "payloadType": 103,
              "mimeType": "video/H264",
              "clockRate": 90000,
              "sdpFmtpLine": "level-asymmetry-allowed=1;packetization-mode=1;profile-level-id=42001f"
            },
            "transport": {
              "id": "T01",
              "timestamp": 1788008992239.326,
              "bytesSent": 197732,
              "bytesReceived": 34638,
              "packetsSent": 550,
              "packetsReceived": 386,
              "selectedCandidatePairId": "CPTh1TRkvi_0riKEWlc",
              "dtlsState": "connected",
              "iceRole": "controlling"
            },
            "candidatePair": {
              "id": "CPTh1TRkvi_0riKEWlc",
              "timestamp": 1788008992239.326,
              "state": "succeeded",
              "nominated": true,
              "writable": true,
              "bytesSent": 192680,
              "bytesReceived": 30832,
              "currentRoundTripTime": 0,
              "totalRoundTripTime": 0.002,
              "responsesReceived": 6,
              "availableOutgoingBitrate": 775776,
              "requestsReceived": 6,
              "requestsSent": 6,
              "localCandidateId": "ITh1TRkvi",
              "remoteCandidateId": "I0riKEWlc",
              "packetsDiscardedOnSend": 0,
              "bytesDiscardedOnSend": 0
            },
            "localCandidate": {
              "id": "ITh1TRkvi",
              "timestamp": 1788008992239.326,
              "candidateType": "host",
              "protocol": "udp",
              "networkType": "ethernet",
              "address": "fdfd::1ab2:41f1",
              "port": 65249,
              "priority": 2122199807
            },
            "remoteCandidate": {
              "id": "I0riKEWlc",
              "timestamp": 1788008992239.326,
              "candidateType": "host",
              "protocol": "udp",
              "address": "fdfd::1ab2:41f1",
              "port": 63005,
              "priority": 2122199807
            }
          }
        }
      ],
      "receiverSamples": [
        {
          "benchmarkElapsedMs": 0.0021000000006097252,
          "collectedAt": 1788008989240.2,
          "role": "receiver",
          "transportMode": "mesh",
          "peerId": "d24f3cb7",
          "connectionState": "connected",
          "iceConnectionState": "connected",
          "signalingState": "stable",
          "track": {
            "id": "926c5fdb-1bfd-46bc-8f04-b5aaac171d16",
            "label": "remote video",
            "enabled": true,
            "muted": false,
            "readyState": "live",
            "settings": {
              "aspectRatio": 1.7777777777777777,
              "deviceId": "926c5fdb-1bfd-46bc-8f04-b5aaac171d16",
              "frameRate": 30,
              "height": 720,
              "resizeMode": "none",
              "width": 1280
            },
            "constraints": {}
          },
          "senderParameters": null,
          "adaptation": null,
          "videoCodecPolicyKey": "hardware-or-unknown",
          "videoMutationCounts": null,
          "lastVideoMutation": null,
          "jitterBufferTarget": 340,
          "topology": {
            "sfuViewerCount": 0,
            "sfuConsumerCount": 0,
            "meshScreenSenders": 0,
            "meshActiveScreenSenders": 0,
            "meshViaSfuCount": 0,
            "meshBytesSentTotal": 0,
            "publisherUploadBytes": null
          },
          "reports": {
            "source": null,
            "outbound": {
              "id": "OT01V1544835354",
              "timestamp": 1788008989196.126,
              "ssrc": 1544835354,
              "kind": "video",
              "mid": "1",
              "active": true,
              "codecId": "COT01_103_level-asymmetry-allowed=1;packetization-mode=1;profile-level-id=42001f",
              "mediaSourceId": "SV0",
              "transportId": "T01",
              "bytesSent": 0,
              "headerBytesSent": 0,
              "packetsSent": 0,
              "retransmittedBytesSent": 0,
              "retransmittedPacketsSent": 0,
              "framesEncoded": 0,
              "framesSent": 0,
              "hugeFramesSent": 0,
              "keyFramesEncoded": 0,
              "totalEncodeTime": 0,
              "totalEncodedBytesTarget": 0,
              "totalPacketSendDelay": 0,
              "qualityLimitationReason": "none",
              "qualityLimitationDurations": {
                "bandwidth": 0,
                "cpu": 0,
                "none": 2.492,
                "other": 0
              },
              "qualityLimitationResolutionChanges": 0,
              "nackCount": 0,
              "firCount": 0,
              "pliCount": 0
            },
            "remoteInbound": null,
            "inbound": {
              "id": "IT01V2590553353",
              "timestamp": 1788008989196.126,
              "ssrc": 2590553353,
              "kind": "video",
              "mid": "1",
              "codecId": "CIT01_103_level-asymmetry-allowed=1;packetization-mode=1;profile-level-id=42001f",
              "remoteId": "ROV2590553353",
              "transportId": "T01",
              "bytesReceived": 72461,
              "headerBytesReceived": 3670,
              "packetsReceived": 78,
              "packetsLost": 0,
              "jitter": 0.06,
              "framesReceived": 6,
              "framesDecoded": 6,
              "framesDropped": 0,
              "keyFramesDecoded": 1,
              "framesPerSecond": 5,
              "frameWidth": 1280,
              "frameHeight": 720,
              "totalDecodeTime": 0.022262,
              "totalProcessingDelay": 1.676485,
              "totalInterFrameDelay": 0.786,
              "totalSquaredInterFrameDelay": 0.144994,
              "freezeCount": 0,
              "totalFreezesDuration": 0,
              "pauseCount": 0,
              "totalPausesDuration": 0,
              "jitterBufferDelay": 1.648504,
              "jitterBufferTargetDelay": 0.7799999999999999,
              "jitterBufferMinimumDelay": 0.206596,
              "jitterBufferEmittedCount": 6,
              "nackCount": 0,
              "firCount": 0,
              "pliCount": 0,
              "decoderImplementation": "ExternalDecoder (D3D11VideoDecoder)",
              "powerEfficientDecoder": true,
              "framesAssembledFromMultiplePackets": 6,
              "totalAssemblyTime": 0.9986889999999999,
              "retransmittedBytesReceived": 0
            },
            "remoteOutbound": {
              "id": "ROV2590553353",
              "timestamp": 1788008988859.861,
              "ssrc": 2590553353,
              "kind": "video",
              "codecId": "CIT01_103_level-asymmetry-allowed=1;packetization-mode=1;profile-level-id=42001f",
              "localId": "IT01V2590553353",
              "transportId": "T01",
              "bytesSent": 65774,
              "packetsSent": 71,
              "remoteTimestamp": 1788008988858.329,
              "reportsSent": 2,
              "totalRoundTripTime": 0
            },
            "codec": {
              "id": "CIT01_103_level-asymmetry-allowed=1;packetization-mode=1;profile-level-id=42001f",
              "timestamp": 1788008989196.126,
              "payloadType": 103,
              "mimeType": "video/H264",
              "clockRate": 90000,
              "sdpFmtpLine": "level-asymmetry-allowed=1;packetization-mode=1;profile-level-id=42001f"
            },
            "transport": {
              "id": "T01",
              "timestamp": 1788008989196.126,
              "bytesSent": 15378,
              "bytesReceived": 93775,
              "packetsSent": 179,
              "packetsReceived": 257,
              "selectedCandidatePairId": "CPlMQ7uE59_W4X6d2W8",
              "dtlsState": "connected",
              "iceRole": "controlled"
            },
            "candidatePair": {
              "id": "CPlMQ7uE59_W4X6d2W8",
              "timestamp": 1788008989196.126,
              "state": "succeeded",
              "nominated": true,
              "writable": true,
              "bytesSent": 11572,
              "bytesReceived": 88723,
              "currentRoundTripTime": 0,
              "totalRoundTripTime": 0.002,
              "responsesReceived": 5,
              "availableOutgoingBitrate": 303895,
              "requestsReceived": 5,
              "requestsSent": 5,
              "localCandidateId": "IlMQ7uE59",
              "remoteCandidateId": "IW4X6d2W8",
              "packetsDiscardedOnSend": 0,
              "bytesDiscardedOnSend": 0
            },
            "localCandidate": {
              "id": "IlMQ7uE59",
              "timestamp": 1788008989196.126,
              "candidateType": "host",
              "protocol": "udp",
              "networkType": "ethernet",
              "address": "fdfd::1ab2:41f1",
              "port": 63005,
              "priority": 2122199807
            },
            "remoteCandidate": {
              "id": "IW4X6d2W8",
              "timestamp": 1788008989196.126,
              "candidateType": "host",
              "protocol": "udp",
              "address": "fdfd::1ab2:41f1",
              "port": 65249,
              "priority": 2122199807
            }
          }
        },
        {
          "benchmarkElapsedMs": 264.0024000000003,
          "collectedAt": 1788008989504.7,
          "role": "receiver",
          "transportMode": "mesh",
          "peerId": "d24f3cb7",
          "connectionState": "connected",
          "iceConnectionState": "connected",
          "signalingState": "stable",
          "track": {
            "id": "926c5fdb-1bfd-46bc-8f04-b5aaac171d16",
            "label": "remote video",
            "enabled": true,
            "muted": false,
            "readyState": "live",
            "settings": {
              "aspectRatio": 1.7777777777777777,
              "deviceId": "926c5fdb-1bfd-46bc-8f04-b5aaac171d16",
              "frameRate": 12.544829332075324,
              "height": 720,
              "resizeMode": "none",
              "width": 1280
            },
            "constraints": {}
          },
          "senderParameters": null,
          "adaptation": null,
          "videoCodecPolicyKey": "hardware-or-unknown",
          "videoMutationCounts": null,
          "lastVideoMutation": null,
          "jitterBufferTarget": 340,
          "topology": {
            "sfuViewerCount": 0,
            "sfuConsumerCount": 0,
            "meshScreenSenders": 0,
            "meshActiveScreenSenders": 0,
            "meshViaSfuCount": 0,
            "meshBytesSentTotal": 0,
            "publisherUploadBytes": null
          },
          "reports": {
            "source": null,
            "outbound": {
              "id": "OT01V1544835354",
              "timestamp": 1788008989503.923,
              "ssrc": 1544835354,
              "kind": "video",
              "mid": "1",
              "active": true,
              "codecId": "COT01_103_level-asymmetry-allowed=1;packetization-mode=1;profile-level-id=42001f",
              "mediaSourceId": "SV0",
              "transportId": "T01",
              "bytesSent": 0,
              "headerBytesSent": 0,
              "packetsSent": 0,
              "retransmittedBytesSent": 0,
              "retransmittedPacketsSent": 0,
              "framesEncoded": 0,
              "framesSent": 0,
              "hugeFramesSent": 0,
              "keyFramesEncoded": 0,
              "totalEncodeTime": 0,
              "totalEncodedBytesTarget": 0,
              "totalPacketSendDelay": 0,
              "qualityLimitationReason": "none",
              "qualityLimitationDurations": {
                "bandwidth": 0,
                "cpu": 0,
                "none": 2.8,
                "other": 0
              },
              "qualityLimitationResolutionChanges": 0,
              "nackCount": 0,
              "firCount": 0,
              "pliCount": 0
            },
            "remoteInbound": null,
            "inbound": {
              "id": "IT01V2590553353",
              "timestamp": 1788008989503.923,
              "ssrc": 2590553353,
              "kind": "video",
              "mid": "1",
              "codecId": "CIT01_103_level-asymmetry-allowed=1;packetization-mode=1;profile-level-id=42001f",
              "remoteId": "ROV2590553353",
              "transportId": "T01",
              "bytesReceived": 77049,
              "headerBytesReceived": 3782,
              "packetsReceived": 82,
              "packetsLost": 0,
              "jitter": 0.06,
              "framesReceived": 7,
              "framesDecoded": 7,
              "framesDropped": 0,
              "keyFramesDecoded": 1,
              "framesPerSecond": 4,
              "frameWidth": 1280,
              "frameHeight": 720,
              "totalDecodeTime": 0.022795,
              "totalProcessingDelay": 1.961638,
              "totalInterFrameDelay": 1.317,
              "totalSquaredInterFrameDelay": 0.42695500000000003,
              "freezeCount": 0,
              "totalFreezesDuration": 0,
              "pauseCount": 0,
              "totalPausesDuration": 0,
              "jitterBufferDelay": 1.933098,
              "jitterBufferTargetDelay": 1.109,
              "jitterBufferMinimumDelay": 0.206596,
              "jitterBufferEmittedCount": 7,
              "nackCount": 0,
              "firCount": 0,
              "pliCount": 0,
              "decoderImplementation": "ExternalDecoder (D3D11VideoDecoder)",
              "powerEfficientDecoder": true,
              "framesAssembledFromMultiplePackets": 7,
              "totalAssemblyTime": 1.061367,
              "retransmittedBytesReceived": 0
            },
            "remoteOutbound": {
              "id": "ROV2590553353",
              "timestamp": 1788008988859.861,
              "ssrc": 2590553353,
              "kind": "video",
              "codecId": "CIT01_103_level-asymmetry-allowed=1;packetization-mode=1;profile-level-id=42001f",
              "localId": "IT01V2590553353",
              "transportId": "T01",
              "bytesSent": 65774,
              "packetsSent": 71,
              "remoteTimestamp": 1788008988858.329,
              "reportsSent": 2,
              "totalRoundTripTime": 0
            },
            "codec": {
              "id": "CIT01_103_level-asymmetry-allowed=1;packetization-mode=1;profile-level-id=42001f",
              "timestamp": 1788008989503.923,
              "payloadType": 103,
              "mimeType": "video/H264",
              "clockRate": 90000,
              "sdpFmtpLine": "level-asymmetry-allowed=1;packetization-mode=1;profile-level-id=42001f"
            },
            "transport": {
              "id": "T01",
              "timestamp": 1788008989503.923,
              "bytesSent": 17466,
              "bytesReceived": 100546,
              "packetsSent": 201,
              "packetsReceived": 283,
              "selectedCandidatePairId": "CPlMQ7uE59_W4X6d2W8",
              "dtlsState": "connected",
              "iceRole": "controlled"
            },
            "candidatePair": {
              "id": "CPlMQ7uE59_W4X6d2W8",
              "timestamp": 1788008989503.923,
              "state": "succeeded",
              "nominated": true,
              "writable": true,
              "bytesSent": 13660,
              "bytesReceived": 95494,
              "currentRoundTripTime": 0,
              "totalRoundTripTime": 0.002,
              "responsesReceived": 5,
              "availableOutgoingBitrate": 303895,
              "requestsReceived": 5,
              "requestsSent": 5,
              "localCandidateId": "IlMQ7uE59",
              "remoteCandidateId": "IW4X6d2W8",
              "packetsDiscardedOnSend": 0,
              "bytesDiscardedOnSend": 0
            },
            "localCandidate": {
              "id": "IlMQ7uE59",
              "timestamp": 1788008989503.923,
              "candidateType": "host",
              "protocol": "udp",
              "networkType": "ethernet",
              "address": "fdfd::1ab2:41f1",
              "port": 63005,
              "priority": 2122199807
            },
            "remoteCandidate": {
              "id": "IW4X6d2W8",
              "timestamp": 1788008989503.923,
              "candidateType": "host",
              "protocol": "udp",
              "address": "fdfd::1ab2:41f1",
              "port": 65249,
              "priority": 2122199807
            }
          }
        },
        {
          "benchmarkElapsedMs": 499.39090000000033,
          "collectedAt": 1788008989740.1,
          "role": "receiver",
          "transportMode": "mesh",
          "peerId": "d24f3cb7",
          "connectionState": "connected",
          "iceConnectionState": "connected",
          "signalingState": "stable",
          "track": {
            "id": "926c5fdb-1bfd-46bc-8f04-b5aaac171d16",
            "label": "remote video",
            "enabled": true,
            "muted": false,
            "readyState": "live",
            "settings": {
              "aspectRatio": 1.7777777777777777,
              "deviceId": "926c5fdb-1bfd-46bc-8f04-b5aaac171d16",
              "frameRate": 12.544829332075324,
              "height": 720,
              "resizeMode": "none",
              "width": 1280
            },
            "constraints": {}
          },
          "senderParameters": null,
          "adaptation": null,
          "videoCodecPolicyKey": "hardware-or-unknown",
          "videoMutationCounts": null,
          "lastVideoMutation": null,
          "jitterBufferTarget": 340,
          "topology": {
            "sfuViewerCount": 0,
            "sfuConsumerCount": 0,
            "meshScreenSenders": 0,
            "meshActiveScreenSenders": 0,
            "meshViaSfuCount": 0,
            "meshBytesSentTotal": 0,
            "publisherUploadBytes": null
          },
          "reports": {
            "source": null,
            "outbound": {
              "id": "OT01V1544835354",
              "timestamp": 1788008989739.347,
              "ssrc": 1544835354,
              "kind": "video",
              "mid": "1",
              "active": true,
              "codecId": "COT01_103_level-asymmetry-allowed=1;packetization-mode=1;profile-level-id=42001f",
              "mediaSourceId": "SV0",
              "transportId": "T01",
              "bytesSent": 0,
              "headerBytesSent": 0,
              "packetsSent": 0,
              "retransmittedBytesSent": 0,
              "retransmittedPacketsSent": 0,
              "framesEncoded": 0,
              "framesSent": 0,
              "hugeFramesSent": 0,
              "keyFramesEncoded": 0,
              "totalEncodeTime": 0,
              "totalEncodedBytesTarget": 0,
              "totalPacketSendDelay": 0,
              "qualityLimitationReason": "none",
              "qualityLimitationDurations": {
                "bandwidth": 0,
                "cpu": 0,
                "none": 3.036,
                "other": 0
              },
              "qualityLimitationResolutionChanges": 0,
              "nackCount": 0,
              "firCount": 0,
              "pliCount": 0
            },
            "remoteInbound": null,
            "inbound": {
              "id": "IT01V2590553353",
              "timestamp": 1788008989739.347,
              "ssrc": 2590553353,
              "kind": "video",
              "mid": "1",
              "codecId": "CIT01_103_level-asymmetry-allowed=1;packetization-mode=1;profile-level-id=42001f",
              "remoteId": "ROV2590553353",
              "transportId": "T01",
              "bytesReceived": 86050,
              "headerBytesReceived": 4014,
              "packetsReceived": 91,
              "packetsLost": 0,
              "jitter": 0.06,
              "framesReceived": 8,
              "framesDecoded": 7,
              "framesDropped": 0,
              "keyFramesDecoded": 1,
              "framesPerSecond": 2,
              "frameWidth": 1280,
              "frameHeight": 720,
              "totalDecodeTime": 0.022795,
              "totalProcessingDelay": 1.961638,
              "totalInterFrameDelay": 1.317,
              "totalSquaredInterFrameDelay": 0.42695500000000003,
              "freezeCount": 0,
              "totalFreezesDuration": 0,
              "pauseCount": 0,
              "totalPausesDuration": 0,
              "jitterBufferDelay": 1.933098,
              "jitterBufferTargetDelay": 1.109,
              "jitterBufferMinimumDelay": 0.206596,
              "jitterBufferEmittedCount": 7,
              "nackCount": 0,
              "firCount": 0,
              "pliCount": 0,
              "decoderImplementation": "ExternalDecoder (D3D11VideoDecoder)",
              "powerEfficientDecoder": true,
              "framesAssembledFromMultiplePackets": 7,
              "totalAssemblyTime": 1.061367,
              "retransmittedBytesReceived": 0
            },
            "remoteOutbound": {
              "id": "ROV2590553353",
              "timestamp": 1788008989608.613,
              "ssrc": 2590553353,
              "kind": "video",
              "codecId": "CIT01_103_level-asymmetry-allowed=1;packetization-mode=1;profile-level-id=42001f",
              "localId": "IT01V2590553353",
              "transportId": "T01",
              "bytesSent": 84939,
              "packetsSent": 90,
              "remoteTimestamp": 1788008989607.131,
              "reportsSent": 3,
              "totalRoundTripTime": 0
            },
            "codec": {
              "id": "CIT01_103_level-asymmetry-allowed=1;packetization-mode=1;profile-level-id=42001f",
              "timestamp": 1788008989739.347,
              "payloadType": 103,
              "mimeType": "video/H264",
              "clockRate": 90000,
              "sdpFmtpLine": "level-asymmetry-allowed=1;packetization-mode=1;profile-level-id=42001f"
            },
            "transport": {
              "id": "T01",
              "timestamp": 1788008989739.347,
              "bytesSent": 18951,
              "bytesReceived": 111492,
              "packetsSent": 216,
              "packetsReceived": 309,
              "selectedCandidatePairId": "CPlMQ7uE59_W4X6d2W8",
              "dtlsState": "connected",
              "iceRole": "controlled"
            },
            "candidatePair": {
              "id": "CPlMQ7uE59_W4X6d2W8",
              "timestamp": 1788008989739.347,
              "state": "succeeded",
              "nominated": true,
              "writable": true,
              "bytesSent": 15145,
              "bytesReceived": 106440,
              "currentRoundTripTime": 0,
              "totalRoundTripTime": 0.002,
              "responsesReceived": 5,
              "availableOutgoingBitrate": 303895,
              "requestsReceived": 5,
              "requestsSent": 5,
              "localCandidateId": "IlMQ7uE59",
              "remoteCandidateId": "IW4X6d2W8",
              "packetsDiscardedOnSend": 0,
              "bytesDiscardedOnSend": 0
            },
            "localCandidate": {
              "id": "IlMQ7uE59",
              "timestamp": 1788008989739.347,
              "candidateType": "host",
              "protocol": "udp",
              "networkType": "ethernet",
              "address": "fdfd::1ab2:41f1",
              "port": 63005,
              "priority": 2122199807
            },
            "remoteCandidate": {
              "id": "IW4X6d2W8",
              "timestamp": 1788008989739.347,
              "candidateType": "host",
              "protocol": "udp",
              "address": "fdfd::1ab2:41f1",
              "port": 65249,
              "priority": 2122199807
            }
          }
        },
        {
          "benchmarkElapsedMs": 754.2979000000005,
          "collectedAt": 1788008989995,
          "role": "receiver",
          "transportMode": "mesh",
          "peerId": "d24f3cb7",
          "connectionState": "connected",
          "iceConnectionState": "connected",
          "signalingState": "stable",
          "track": {
            "id": "926c5fdb-1bfd-46bc-8f04-b5aaac171d16",
            "label": "remote video",
            "enabled": true,
            "muted": false,
            "readyState": "live",
            "settings": {
              "aspectRatio": 1.7777777777777777,
              "deviceId": "926c5fdb-1bfd-46bc-8f04-b5aaac171d16",
              "frameRate": 12.544829332075324,
              "height": 720,
              "resizeMode": "none",
              "width": 1280
            },
            "constraints": {}
          },
          "senderParameters": null,
          "adaptation": null,
          "videoCodecPolicyKey": "hardware-or-unknown",
          "videoMutationCounts": null,
          "lastVideoMutation": null,
          "jitterBufferTarget": 340,
          "topology": {
            "sfuViewerCount": 0,
            "sfuConsumerCount": 0,
            "meshScreenSenders": 0,
            "meshActiveScreenSenders": 0,
            "meshViaSfuCount": 0,
            "meshBytesSentTotal": 0,
            "publisherUploadBytes": null
          },
          "reports": {
            "source": null,
            "outbound": {
              "id": "OT01V1544835354",
              "timestamp": 1788008989994.191,
              "ssrc": 1544835354,
              "kind": "video",
              "mid": "1",
              "active": true,
              "codecId": "COT01_103_level-asymmetry-allowed=1;packetization-mode=1;profile-level-id=42001f",
              "mediaSourceId": "SV0",
              "transportId": "T01",
              "bytesSent": 0,
              "headerBytesSent": 0,
              "packetsSent": 0,
              "retransmittedBytesSent": 0,
              "retransmittedPacketsSent": 0,
              "framesEncoded": 0,
              "framesSent": 0,
              "hugeFramesSent": 0,
              "keyFramesEncoded": 0,
              "totalEncodeTime": 0,
              "totalEncodedBytesTarget": 0,
              "totalPacketSendDelay": 0,
              "qualityLimitationReason": "none",
              "qualityLimitationDurations": {
                "bandwidth": 0,
                "cpu": 0,
                "none": 3.29,
                "other": 0
              },
              "qualityLimitationResolutionChanges": 0,
              "nackCount": 0,
              "firCount": 0,
              "pliCount": 0
            },
            "remoteInbound": null,
            "inbound": {
              "id": "IT01V2590553353",
              "timestamp": 1788008989994.191,
              "ssrc": 2590553353,
              "kind": "video",
              "mid": "1",
              "codecId": "CIT01_103_level-asymmetry-allowed=1;packetization-mode=1;profile-level-id=42001f",
              "remoteId": "ROV2590553353",
              "transportId": "T01",
              "bytesReceived": 95170,
              "headerBytesReceived": 4246,
              "packetsReceived": 100,
              "packetsLost": 0,
              "jitter": 0.061,
              "framesReceived": 9,
              "framesDecoded": 8,
              "framesDropped": 0,
              "keyFramesDecoded": 1,
              "framesPerSecond": 2,
              "frameWidth": 1280,
              "frameHeight": 720,
              "totalDecodeTime": 0.02325,
              "totalProcessingDelay": 2.235762,
              "totalInterFrameDelay": 1.677,
              "totalSquaredInterFrameDelay": 0.556555,
              "freezeCount": 0,
              "totalFreezesDuration": 0,
              "pauseCount": 0,
              "totalPausesDuration": 0,
              "jitterBufferDelay": 2.206734,
              "jitterBufferTargetDelay": 1.438,
              "jitterBufferMinimumDelay": 0.206596,
              "jitterBufferEmittedCount": 8,
              "nackCount": 0,
              "firCount": 0,
              "pliCount": 0,
              "decoderImplementation": "ExternalDecoder (D3D11VideoDecoder)",
              "powerEfficientDecoder": true,
              "framesAssembledFromMultiplePackets": 8,
              "totalAssemblyTime": 1.133022,
              "retransmittedBytesReceived": 0
            },
            "remoteOutbound": {
              "id": "ROV2590553353",
              "timestamp": 1788008989608.613,
              "ssrc": 2590553353,
              "kind": "video",
              "codecId": "CIT01_103_level-asymmetry-allowed=1;packetization-mode=1;profile-level-id=42001f",
              "localId": "IT01V2590553353",
              "transportId": "T01",
              "bytesSent": 84939,
              "packetsSent": 90,
              "remoteTimestamp": 1788008989607.131,
              "reportsSent": 3,
              "totalRoundTripTime": 0
            },
            "codec": {
              "id": "CIT01_103_level-asymmetry-allowed=1;packetization-mode=1;profile-level-id=42001f",
              "timestamp": 1788008989994.191,
              "payloadType": 103,
              "mimeType": "video/H264",
              "clockRate": 90000,
              "sdpFmtpLine": "level-asymmetry-allowed=1;packetization-mode=1;profile-level-id=42001f"
            },
            "transport": {
              "id": "T01",
              "timestamp": 1788008989994.191,
              "bytesSent": 20740,
              "bytesReceived": 122144,
              "packetsSent": 234,
              "packetsReceived": 335,
              "selectedCandidatePairId": "CPlMQ7uE59_W4X6d2W8",
              "dtlsState": "connected",
              "iceRole": "controlled"
            },
            "candidatePair": {
              "id": "CPlMQ7uE59_W4X6d2W8",
              "timestamp": 1788008989994.191,
              "state": "succeeded",
              "nominated": true,
              "writable": true,
              "bytesSent": 16934,
              "bytesReceived": 117092,
              "currentRoundTripTime": 0,
              "totalRoundTripTime": 0.002,
              "responsesReceived": 5,
              "availableOutgoingBitrate": 303895,
              "requestsReceived": 5,
              "requestsSent": 5,
              "localCandidateId": "IlMQ7uE59",
              "remoteCandidateId": "IW4X6d2W8",
              "packetsDiscardedOnSend": 0,
              "bytesDiscardedOnSend": 0
            },
            "localCandidate": {
              "id": "IlMQ7uE59",
              "timestamp": 1788008989994.191,
              "candidateType": "host",
              "protocol": "udp",
              "networkType": "ethernet",
              "address": "fdfd::1ab2:41f1",
              "port": 63005,
              "priority": 2122199807
            },
            "remoteCandidate": {
              "id": "IW4X6d2W8",
              "timestamp": 1788008989994.191,
              "candidateType": "host",
              "protocol": "udp",
              "address": "fdfd::1ab2:41f1",
              "port": 65249,
              "priority": 2122199807
            }
          }
        },
        {
          "benchmarkElapsedMs": 1005.8546999999999,
          "collectedAt": 1788008990247.2,
          "role": "receiver",
          "transportMode": "mesh",
          "peerId": "d24f3cb7",
          "connectionState": "connected",
          "iceConnectionState": "connected",
          "signalingState": "stable",
          "track": {
            "id": "926c5fdb-1bfd-46bc-8f04-b5aaac171d16",
            "label": "remote video",
            "enabled": true,
            "muted": false,
            "readyState": "live",
            "settings": {
              "aspectRatio": 1.7777777777777777,
              "deviceId": "926c5fdb-1bfd-46bc-8f04-b5aaac171d16",
              "frameRate": 12.544829332075324,
              "height": 720,
              "resizeMode": "none",
              "width": 1280
            },
            "constraints": {}
          },
          "senderParameters": null,
          "adaptation": null,
          "videoCodecPolicyKey": "hardware-or-unknown",
          "videoMutationCounts": null,
          "lastVideoMutation": null,
          "jitterBufferTarget": 340,
          "topology": {
            "sfuViewerCount": 0,
            "sfuConsumerCount": 0,
            "meshScreenSenders": 0,
            "meshActiveScreenSenders": 0,
            "meshViaSfuCount": 0,
            "meshBytesSentTotal": 0,
            "publisherUploadBytes": null
          },
          "reports": {
            "source": null,
            "outbound": {
              "id": "OT01V1544835354",
              "timestamp": 1788008990246.373,
              "ssrc": 1544835354,
              "kind": "video",
              "mid": "1",
              "active": true,
              "codecId": "COT01_103_level-asymmetry-allowed=1;packetization-mode=1;profile-level-id=42001f",
              "mediaSourceId": "SV0",
              "transportId": "T01",
              "bytesSent": 0,
              "headerBytesSent": 0,
              "packetsSent": 0,
              "retransmittedBytesSent": 0,
              "retransmittedPacketsSent": 0,
              "framesEncoded": 0,
              "framesSent": 0,
              "hugeFramesSent": 0,
              "keyFramesEncoded": 0,
              "totalEncodeTime": 0,
              "totalEncodedBytesTarget": 0,
              "totalPacketSendDelay": 0,
              "qualityLimitationReason": "none",
              "qualityLimitationDurations": {
                "bandwidth": 0,
                "cpu": 0,
                "none": 3.543,
                "other": 0
              },
              "qualityLimitationResolutionChanges": 0,
              "nackCount": 0,
              "firCount": 0,
              "pliCount": 0
            },
            "remoteInbound": null,
            "inbound": {
              "id": "IT01V2590553353",
              "timestamp": 1788008990246.373,
              "ssrc": 2590553353,
              "kind": "video",
              "mid": "1",
              "codecId": "CIT01_103_level-asymmetry-allowed=1;packetization-mode=1;profile-level-id=42001f",
              "remoteId": "ROV2590553353",
              "transportId": "T01",
              "bytesReceived": 95170,
              "headerBytesReceived": 4246,
              "packetsReceived": 100,
              "packetsLost": 0,
              "jitter": 0.061,
              "framesReceived": 9,
              "framesDecoded": 9,
              "framesDropped": 0,
              "keyFramesDecoded": 1,
              "framesPerSecond": 3,
              "frameWidth": 1280,
              "frameHeight": 720,
              "totalDecodeTime": 0.023679,
              "totalProcessingDelay": 2.506769,
              "totalInterFrameDelay": 2.037,
              "totalSquaredInterFrameDelay": 0.6861550000000001,
              "freezeCount": 0,
              "totalFreezesDuration": 0,
              "pauseCount": 0,
              "totalPausesDuration": 0,
              "jitterBufferDelay": 2.477286,
              "jitterBufferTargetDelay": 1.767,
              "jitterBufferMinimumDelay": 0.206596,
              "jitterBufferEmittedCount": 9,
              "nackCount": 0,
              "firCount": 0,
              "pliCount": 0,
              "decoderImplementation": "ExternalDecoder (D3D11VideoDecoder)",
              "powerEfficientDecoder": true,
              "framesAssembledFromMultiplePackets": 9,
              "totalAssemblyTime": 1.202191,
              "retransmittedBytesReceived": 0
            },
            "remoteOutbound": {
              "id": "ROV2590553353",
              "timestamp": 1788008989608.613,
              "ssrc": 2590553353,
              "kind": "video",
              "codecId": "CIT01_103_level-asymmetry-allowed=1;packetization-mode=1;profile-level-id=42001f",
              "localId": "IT01V2590553353",
              "transportId": "T01",
              "bytesSent": 84939,
              "packetsSent": 90,
              "remoteTimestamp": 1788008989607.131,
              "reportsSent": 3,
              "totalRoundTripTime": 0
            },
            "codec": {
              "id": "CIT01_103_level-asymmetry-allowed=1;packetization-mode=1;profile-level-id=42001f",
              "timestamp": 1788008990246.373,
              "payloadType": 103,
              "mimeType": "video/H264",
              "clockRate": 90000,
              "sdpFmtpLine": "level-asymmetry-allowed=1;packetization-mode=1;profile-level-id=42001f"
            },
            "transport": {
              "id": "T01",
              "timestamp": 1788008990246.373,
              "bytesSent": 22457,
              "bytesReceived": 123534,
              "packetsSent": 251,
              "packetsReceived": 352,
              "selectedCandidatePairId": "CPlMQ7uE59_W4X6d2W8",
              "dtlsState": "connected",
              "iceRole": "controlled"
            },
            "candidatePair": {
              "id": "CPlMQ7uE59_W4X6d2W8",
              "timestamp": 1788008990246.373,
              "state": "succeeded",
              "nominated": true,
              "writable": true,
              "bytesSent": 18651,
              "bytesReceived": 118482,
              "currentRoundTripTime": 0,
              "totalRoundTripTime": 0.002,
              "responsesReceived": 5,
              "availableOutgoingBitrate": 303895,
              "requestsReceived": 5,
              "requestsSent": 5,
              "localCandidateId": "IlMQ7uE59",
              "remoteCandidateId": "IW4X6d2W8",
              "packetsDiscardedOnSend": 0,
              "bytesDiscardedOnSend": 0
            },
            "localCandidate": {
              "id": "IlMQ7uE59",
              "timestamp": 1788008990246.373,
              "candidateType": "host",
              "protocol": "udp",
              "networkType": "ethernet",
              "address": "fdfd::1ab2:41f1",
              "port": 63005,
              "priority": 2122199807
            },
            "remoteCandidate": {
              "id": "IW4X6d2W8",
              "timestamp": 1788008990246.373,
              "candidateType": "host",
              "protocol": "udp",
              "address": "fdfd::1ab2:41f1",
              "port": 65249,
              "priority": 2122199807
            }
          }
        },
        {
          "benchmarkElapsedMs": 1255.4943000000003,
          "collectedAt": 1788008990496.6,
          "role": "receiver",
          "transportMode": "mesh",
          "peerId": "d24f3cb7",
          "connectionState": "connected",
          "iceConnectionState": "connected",
          "signalingState": "stable",
          "track": {
            "id": "926c5fdb-1bfd-46bc-8f04-b5aaac171d16",
            "label": "remote video",
            "enabled": true,
            "muted": false,
            "readyState": "live",
            "settings": {
              "aspectRatio": 1.7777777777777777,
              "deviceId": "926c5fdb-1bfd-46bc-8f04-b5aaac171d16",
              "frameRate": 12.544829332075324,
              "height": 720,
              "resizeMode": "none",
              "width": 1280
            },
            "constraints": {}
          },
          "senderParameters": null,
          "adaptation": null,
          "videoCodecPolicyKey": "hardware-or-unknown",
          "videoMutationCounts": null,
          "lastVideoMutation": null,
          "jitterBufferTarget": 340,
          "topology": {
            "sfuViewerCount": 0,
            "sfuConsumerCount": 0,
            "meshScreenSenders": 0,
            "meshActiveScreenSenders": 0,
            "meshViaSfuCount": 0,
            "meshBytesSentTotal": 0,
            "publisherUploadBytes": null
          },
          "reports": {
            "source": null,
            "outbound": {
              "id": "OT01V1544835354",
              "timestamp": 1788008990495.45,
              "ssrc": 1544835354,
              "kind": "video",
              "mid": "1",
              "active": true,
              "codecId": "COT01_103_level-asymmetry-allowed=1;packetization-mode=1;profile-level-id=42001f",
              "mediaSourceId": "SV0",
              "transportId": "T01",
              "bytesSent": 0,
              "headerBytesSent": 0,
              "packetsSent": 0,
              "retransmittedBytesSent": 0,
              "retransmittedPacketsSent": 0,
              "framesEncoded": 0,
              "framesSent": 0,
              "hugeFramesSent": 0,
              "keyFramesEncoded": 0,
              "totalEncodeTime": 0,
              "totalEncodedBytesTarget": 0,
              "totalPacketSendDelay": 0,
              "qualityLimitationReason": "none",
              "qualityLimitationDurations": {
                "bandwidth": 0,
                "cpu": 0,
                "none": 3.792,
                "other": 0
              },
              "qualityLimitationResolutionChanges": 0,
              "nackCount": 0,
              "firCount": 0,
              "pliCount": 0
            },
            "remoteInbound": null,
            "inbound": {
              "id": "IT01V2590553353",
              "timestamp": 1788008990495.45,
              "ssrc": 2590553353,
              "kind": "video",
              "mid": "1",
              "codecId": "CIT01_103_level-asymmetry-allowed=1;packetization-mode=1;profile-level-id=42001f",
              "remoteId": "ROV2590553353",
              "transportId": "T01",
              "bytesReceived": 103607,
              "headerBytesReceived": 4478,
              "packetsReceived": 109,
              "packetsLost": 0,
              "jitter": 0.061,
              "framesReceived": 10,
              "framesDecoded": 9,
              "framesDropped": 0,
              "keyFramesDecoded": 1,
              "framesPerSecond": 2,
              "frameWidth": 1280,
              "frameHeight": 720,
              "totalDecodeTime": 0.023679,
              "totalProcessingDelay": 2.506769,
              "totalInterFrameDelay": 2.037,
              "totalSquaredInterFrameDelay": 0.6861550000000001,
              "freezeCount": 0,
              "totalFreezesDuration": 0,
              "pauseCount": 0,
              "totalPausesDuration": 0,
              "jitterBufferDelay": 2.477286,
              "jitterBufferTargetDelay": 1.767,
              "jitterBufferMinimumDelay": 0.206596,
              "jitterBufferEmittedCount": 9,
              "nackCount": 0,
              "firCount": 0,
              "pliCount": 0,
              "decoderImplementation": "ExternalDecoder (D3D11VideoDecoder)",
              "powerEfficientDecoder": true,
              "framesAssembledFromMultiplePackets": 9,
              "totalAssemblyTime": 1.202191,
              "retransmittedBytesReceived": 0
            },
            "remoteOutbound": {
              "id": "ROV2590553353",
              "timestamp": 1788008989608.613,
              "ssrc": 2590553353,
              "kind": "video",
              "codecId": "CIT01_103_level-asymmetry-allowed=1;packetization-mode=1;profile-level-id=42001f",
              "localId": "IT01V2590553353",
              "transportId": "T01",
              "bytesSent": 84939,
              "packetsSent": 90,
              "remoteTimestamp": 1788008989607.131,
              "reportsSent": 3,
              "totalRoundTripTime": 0
            },
            "codec": {
              "id": "CIT01_103_level-asymmetry-allowed=1;packetization-mode=1;profile-level-id=42001f",
              "timestamp": 1788008990495.45,
              "payloadType": 103,
              "mimeType": "video/H264",
              "clockRate": 90000,
              "sdpFmtpLine": "level-asymmetry-allowed=1;packetization-mode=1;profile-level-id=42001f"
            },
            "transport": {
              "id": "T01",
              "timestamp": 1788008990495.45,
              "bytesSent": 24068,
              "bytesReceived": 133465,
              "packetsSent": 268,
              "packetsReceived": 377,
              "selectedCandidatePairId": "CPlMQ7uE59_W4X6d2W8",
              "dtlsState": "connected",
              "iceRole": "controlled"
            },
            "candidatePair": {
              "id": "CPlMQ7uE59_W4X6d2W8",
              "timestamp": 1788008990495.45,
              "state": "succeeded",
              "nominated": true,
              "writable": true,
              "bytesSent": 20262,
              "bytesReceived": 128413,
              "currentRoundTripTime": 0,
              "totalRoundTripTime": 0.002,
              "responsesReceived": 5,
              "availableOutgoingBitrate": 303895,
              "requestsReceived": 5,
              "requestsSent": 5,
              "localCandidateId": "IlMQ7uE59",
              "remoteCandidateId": "IW4X6d2W8",
              "packetsDiscardedOnSend": 0,
              "bytesDiscardedOnSend": 0
            },
            "localCandidate": {
              "id": "IlMQ7uE59",
              "timestamp": 1788008990495.45,
              "candidateType": "host",
              "protocol": "udp",
              "networkType": "ethernet",
              "address": "fdfd::1ab2:41f1",
              "port": 63005,
              "priority": 2122199807
            },
            "remoteCandidate": {
              "id": "IW4X6d2W8",
              "timestamp": 1788008990495.45,
              "candidateType": "host",
              "protocol": "udp",
              "address": "fdfd::1ab2:41f1",
              "port": 65249,
              "priority": 2122199807
            }
          }
        },
        {
          "benchmarkElapsedMs": 1511.1612999999998,
          "collectedAt": 1788008990751.9,
          "role": "receiver",
          "transportMode": "mesh",
          "peerId": "d24f3cb7",
          "connectionState": "connected",
          "iceConnectionState": "connected",
          "signalingState": "stable",
          "track": {
            "id": "926c5fdb-1bfd-46bc-8f04-b5aaac171d16",
            "label": "remote video",
            "enabled": true,
            "muted": false,
            "readyState": "live",
            "settings": {
              "aspectRatio": 1.7777777777777777,
              "deviceId": "926c5fdb-1bfd-46bc-8f04-b5aaac171d16",
              "frameRate": 7.789303324808477,
              "height": 720,
              "resizeMode": "none",
              "width": 1280
            },
            "constraints": {}
          },
          "senderParameters": null,
          "adaptation": null,
          "videoCodecPolicyKey": "hardware-or-unknown",
          "videoMutationCounts": null,
          "lastVideoMutation": null,
          "jitterBufferTarget": 344,
          "topology": {
            "sfuViewerCount": 0,
            "sfuConsumerCount": 0,
            "meshScreenSenders": 0,
            "meshActiveScreenSenders": 0,
            "meshViaSfuCount": 0,
            "meshBytesSentTotal": 0,
            "publisherUploadBytes": null
          },
          "reports": {
            "source": null,
            "outbound": {
              "id": "OT01V1544835354",
              "timestamp": 1788008990751.144,
              "ssrc": 1544835354,
              "kind": "video",
              "mid": "1",
              "active": true,
              "codecId": "COT01_103_level-asymmetry-allowed=1;packetization-mode=1;profile-level-id=42001f",
              "mediaSourceId": "SV0",
              "transportId": "T01",
              "bytesSent": 0,
              "headerBytesSent": 0,
              "packetsSent": 0,
              "retransmittedBytesSent": 0,
              "retransmittedPacketsSent": 0,
              "framesEncoded": 0,
              "framesSent": 0,
              "hugeFramesSent": 0,
              "keyFramesEncoded": 0,
              "totalEncodeTime": 0,
              "totalEncodedBytesTarget": 0,
              "totalPacketSendDelay": 0,
              "qualityLimitationReason": "none",
              "qualityLimitationDurations": {
                "bandwidth": 0,
                "cpu": 0,
                "none": 4.047,
                "other": 0
              },
              "qualityLimitationResolutionChanges": 0,
              "nackCount": 0,
              "firCount": 0,
              "pliCount": 0
            },
            "remoteInbound": null,
            "inbound": {
              "id": "IT01V2590553353",
              "timestamp": 1788008990751.144,
              "ssrc": 2590553353,
              "kind": "video",
              "mid": "1",
              "codecId": "CIT01_103_level-asymmetry-allowed=1;packetization-mode=1;profile-level-id=42001f",
              "remoteId": "ROV2590553353",
              "transportId": "T01",
              "bytesReceived": 112397,
              "headerBytesReceived": 4710,
              "packetsReceived": 118,
              "packetsLost": 0,
              "jitter": 0.061,
              "framesReceived": 11,
              "framesDecoded": 10,
              "framesDropped": 0,
              "keyFramesDecoded": 1,
              "framesPerSecond": 3,
              "frameWidth": 1280,
              "frameHeight": 720,
              "totalDecodeTime": 0.025093999999999998,
              "totalProcessingDelay": 2.766857,
              "totalInterFrameDelay": 2.396,
              "totalSquaredInterFrameDelay": 0.8150360000000001,
              "freezeCount": 0,
              "totalFreezesDuration": 0,
              "pauseCount": 0,
              "totalPausesDuration": 0,
              "jitterBufferDelay": 2.73594,
              "jitterBufferTargetDelay": 2.096,
              "jitterBufferMinimumDelay": 0.206596,
              "jitterBufferEmittedCount": 10,
              "nackCount": 0,
              "firCount": 0,
              "pliCount": 0,
              "decoderImplementation": "ExternalDecoder (D3D11VideoDecoder)",
              "powerEfficientDecoder": true,
              "framesAssembledFromMultiplePackets": 10,
              "totalAssemblyTime": 1.260017,
              "retransmittedBytesReceived": 0
            },
            "remoteOutbound": {
              "id": "ROV2590553353",
              "timestamp": 1788008989608.613,
              "ssrc": 2590553353,
              "kind": "video",
              "codecId": "CIT01_103_level-asymmetry-allowed=1;packetization-mode=1;profile-level-id=42001f",
              "localId": "IT01V2590553353",
              "transportId": "T01",
              "bytesSent": 84939,
              "packetsSent": 90,
              "remoteTimestamp": 1788008989607.131,
              "reportsSent": 3,
              "totalRoundTripTime": 0
            },
            "codec": {
              "id": "CIT01_103_level-asymmetry-allowed=1;packetization-mode=1;profile-level-id=42001f",
              "timestamp": 1788008990751.144,
              "payloadType": 103,
              "mimeType": "video/H264",
              "clockRate": 90000,
              "sdpFmtpLine": "level-asymmetry-allowed=1;packetization-mode=1;profile-level-id=42001f"
            },
            "transport": {
              "id": "T01",
              "timestamp": 1788008990751.144,
              "bytesSent": 25365,
              "bytesReceived": 143755,
              "packetsSent": 285,
              "packetsReceived": 403,
              "selectedCandidatePairId": "CPlMQ7uE59_W4X6d2W8",
              "dtlsState": "connected",
              "iceRole": "controlled"
            },
            "candidatePair": {
              "id": "CPlMQ7uE59_W4X6d2W8",
              "timestamp": 1788008990751.144,
              "state": "succeeded",
              "nominated": true,
              "writable": true,
              "bytesSent": 21559,
              "bytesReceived": 138703,
              "currentRoundTripTime": 0,
              "totalRoundTripTime": 0.002,
              "responsesReceived": 5,
              "availableOutgoingBitrate": 303895,
              "requestsReceived": 5,
              "requestsSent": 5,
              "localCandidateId": "IlMQ7uE59",
              "remoteCandidateId": "IW4X6d2W8",
              "packetsDiscardedOnSend": 0,
              "bytesDiscardedOnSend": 0
            },
            "localCandidate": {
              "id": "IlMQ7uE59",
              "timestamp": 1788008990751.144,
              "candidateType": "host",
              "protocol": "udp",
              "networkType": "ethernet",
              "address": "fdfd::1ab2:41f1",
              "port": 63005,
              "priority": 2122199807
            },
            "remoteCandidate": {
              "id": "IW4X6d2W8",
              "timestamp": 1788008990751.144,
              "candidateType": "host",
              "protocol": "udp",
              "address": "fdfd::1ab2:41f1",
              "port": 65249,
              "priority": 2122199807
            }
          }
        },
        {
          "benchmarkElapsedMs": 1751.4890000000005,
          "collectedAt": 1788008990992.3,
          "role": "receiver",
          "transportMode": "mesh",
          "peerId": "d24f3cb7",
          "connectionState": "connected",
          "iceConnectionState": "connected",
          "signalingState": "stable",
          "track": {
            "id": "926c5fdb-1bfd-46bc-8f04-b5aaac171d16",
            "label": "remote video",
            "enabled": true,
            "muted": false,
            "readyState": "live",
            "settings": {
              "aspectRatio": 1.7777777777777777,
              "deviceId": "926c5fdb-1bfd-46bc-8f04-b5aaac171d16",
              "frameRate": 7.789303324808477,
              "height": 720,
              "resizeMode": "none",
              "width": 1280
            },
            "constraints": {}
          },
          "senderParameters": null,
          "adaptation": null,
          "videoCodecPolicyKey": "hardware-or-unknown",
          "videoMutationCounts": null,
          "lastVideoMutation": null,
          "jitterBufferTarget": 344,
          "topology": {
            "sfuViewerCount": 0,
            "sfuConsumerCount": 0,
            "meshScreenSenders": 0,
            "meshActiveScreenSenders": 0,
            "meshViaSfuCount": 0,
            "meshBytesSentTotal": 0,
            "publisherUploadBytes": null
          },
          "reports": {
            "source": null,
            "outbound": {
              "id": "OT01V1544835354",
              "timestamp": 1788008990991.425,
              "ssrc": 1544835354,
              "kind": "video",
              "mid": "1",
              "active": true,
              "codecId": "COT01_103_level-asymmetry-allowed=1;packetization-mode=1;profile-level-id=42001f",
              "mediaSourceId": "SV0",
              "transportId": "T01",
              "bytesSent": 0,
              "headerBytesSent": 0,
              "packetsSent": 0,
              "retransmittedBytesSent": 0,
              "retransmittedPacketsSent": 0,
              "framesEncoded": 0,
              "framesSent": 0,
              "hugeFramesSent": 0,
              "keyFramesEncoded": 0,
              "totalEncodeTime": 0,
              "totalEncodedBytesTarget": 0,
              "totalPacketSendDelay": 0,
              "qualityLimitationReason": "none",
              "qualityLimitationDurations": {
                "bandwidth": 0,
                "cpu": 0,
                "none": 4.288,
                "other": 0
              },
              "qualityLimitationResolutionChanges": 0,
              "nackCount": 0,
              "firCount": 0,
              "pliCount": 0
            },
            "remoteInbound": null,
            "inbound": {
              "id": "IT01V2590553353",
              "timestamp": 1788008990991.425,
              "ssrc": 2590553353,
              "kind": "video",
              "mid": "1",
              "codecId": "CIT01_103_level-asymmetry-allowed=1;packetization-mode=1;profile-level-id=42001f",
              "remoteId": "ROV2590553353",
              "transportId": "T01",
              "bytesReceived": 112397,
              "headerBytesReceived": 4710,
              "packetsReceived": 118,
              "packetsLost": 0,
              "jitter": 0.061,
              "framesReceived": 11,
              "framesDecoded": 11,
              "framesDropped": 0,
              "keyFramesDecoded": 1,
              "framesPerSecond": 3,
              "frameWidth": 1280,
              "frameHeight": 720,
              "totalDecodeTime": 0.025526999999999998,
              "totalProcessingDelay": 3.0240299999999998,
              "totalInterFrameDelay": 2.739,
              "totalSquaredInterFrameDelay": 0.9326850000000001,
              "freezeCount": 0,
              "totalFreezesDuration": 0,
              "pauseCount": 0,
              "totalPausesDuration": 0,
              "jitterBufferDelay": 2.992653,
              "jitterBufferTargetDelay": 2.429,
              "jitterBufferMinimumDelay": 0.206596,
              "jitterBufferEmittedCount": 11,
              "nackCount": 0,
              "firCount": 0,
              "pliCount": 0,
              "decoderImplementation": "ExternalDecoder (D3D11VideoDecoder)",
              "powerEfficientDecoder": true,
              "framesAssembledFromMultiplePackets": 11,
              "totalAssemblyTime": 1.3327099999999998,
              "retransmittedBytesReceived": 0
            },
            "remoteOutbound": {
              "id": "ROV2590553353",
              "timestamp": 1788008989608.613,
              "ssrc": 2590553353,
              "kind": "video",
              "codecId": "CIT01_103_level-asymmetry-allowed=1;packetization-mode=1;profile-level-id=42001f",
              "localId": "IT01V2590553353",
              "transportId": "T01",
              "bytesSent": 84939,
              "packetsSent": 90,
              "remoteTimestamp": 1788008989607.131,
              "reportsSent": 3,
              "totalRoundTripTime": 0
            },
            "codec": {
              "id": "CIT01_103_level-asymmetry-allowed=1;packetization-mode=1;profile-level-id=42001f",
              "timestamp": 1788008990991.425,
              "payloadType": 103,
              "mimeType": "video/H264",
              "clockRate": 90000,
              "sdpFmtpLine": "level-asymmetry-allowed=1;packetization-mode=1;profile-level-id=42001f"
            },
            "transport": {
              "id": "T01",
              "timestamp": 1788008990991.425,
              "bytesSent": 26919,
              "bytesReceived": 144956,
              "packetsSent": 300,
              "packetsReceived": 419,
              "selectedCandidatePairId": "CPlMQ7uE59_W4X6d2W8",
              "dtlsState": "connected",
              "iceRole": "controlled"
            },
            "candidatePair": {
              "id": "CPlMQ7uE59_W4X6d2W8",
              "timestamp": 1788008990991.425,
              "state": "succeeded",
              "nominated": true,
              "writable": true,
              "bytesSent": 23113,
              "bytesReceived": 139904,
              "currentRoundTripTime": 0,
              "totalRoundTripTime": 0.002,
              "responsesReceived": 5,
              "availableOutgoingBitrate": 303895,
              "requestsReceived": 5,
              "requestsSent": 5,
              "localCandidateId": "IlMQ7uE59",
              "remoteCandidateId": "IW4X6d2W8",
              "packetsDiscardedOnSend": 0,
              "bytesDiscardedOnSend": 0
            },
            "localCandidate": {
              "id": "IlMQ7uE59",
              "timestamp": 1788008990991.425,
              "candidateType": "host",
              "protocol": "udp",
              "networkType": "ethernet",
              "address": "fdfd::1ab2:41f1",
              "port": 63005,
              "priority": 2122199807
            },
            "remoteCandidate": {
              "id": "IW4X6d2W8",
              "timestamp": 1788008990991.425,
              "candidateType": "host",
              "protocol": "udp",
              "address": "fdfd::1ab2:41f1",
              "port": 65249,
              "priority": 2122199807
            }
          }
        },
        {
          "benchmarkElapsedMs": 2008.0046000000002,
          "collectedAt": 1788008991249.3,
          "role": "receiver",
          "transportMode": "mesh",
          "peerId": "d24f3cb7",
          "connectionState": "connected",
          "iceConnectionState": "connected",
          "signalingState": "stable",
          "track": {
            "id": "926c5fdb-1bfd-46bc-8f04-b5aaac171d16",
            "label": "remote video",
            "enabled": true,
            "muted": false,
            "readyState": "live",
            "settings": {
              "aspectRatio": 1.7777777777777777,
              "deviceId": "926c5fdb-1bfd-46bc-8f04-b5aaac171d16",
              "frameRate": 7.789303324808477,
              "height": 720,
              "resizeMode": "none",
              "width": 1280
            },
            "constraints": {}
          },
          "senderParameters": null,
          "adaptation": null,
          "videoCodecPolicyKey": "hardware-or-unknown",
          "videoMutationCounts": null,
          "lastVideoMutation": null,
          "jitterBufferTarget": 344,
          "topology": {
            "sfuViewerCount": 0,
            "sfuConsumerCount": 0,
            "meshScreenSenders": 0,
            "meshActiveScreenSenders": 0,
            "meshViaSfuCount": 0,
            "meshBytesSentTotal": 0,
            "publisherUploadBytes": null
          },
          "reports": {
            "source": null,
            "outbound": {
              "id": "OT01V1544835354",
              "timestamp": 1788008991248.301,
              "ssrc": 1544835354,
              "kind": "video",
              "mid": "1",
              "active": true,
              "codecId": "COT01_103_level-asymmetry-allowed=1;packetization-mode=1;profile-level-id=42001f",
              "mediaSourceId": "SV0",
              "transportId": "T01",
              "bytesSent": 0,
              "headerBytesSent": 0,
              "packetsSent": 0,
              "retransmittedBytesSent": 0,
              "retransmittedPacketsSent": 0,
              "framesEncoded": 0,
              "framesSent": 0,
              "hugeFramesSent": 0,
              "keyFramesEncoded": 0,
              "totalEncodeTime": 0,
              "totalEncodedBytesTarget": 0,
              "totalPacketSendDelay": 0,
              "qualityLimitationReason": "none",
              "qualityLimitationDurations": {
                "bandwidth": 0,
                "cpu": 0,
                "none": 4.545,
                "other": 0
              },
              "qualityLimitationResolutionChanges": 0,
              "nackCount": 0,
              "firCount": 0,
              "pliCount": 0
            },
            "remoteInbound": null,
            "inbound": {
              "id": "IT01V2590553353",
              "timestamp": 1788008991248.301,
              "ssrc": 2590553353,
              "kind": "video",
              "mid": "1",
              "codecId": "CIT01_103_level-asymmetry-allowed=1;packetization-mode=1;profile-level-id=42001f",
              "remoteId": "ROV2590553353",
              "transportId": "T01",
              "bytesReceived": 120508,
              "headerBytesReceived": 4918,
              "packetsReceived": 126,
              "packetsLost": 0,
              "jitter": 0.062,
              "framesReceived": 12,
              "framesDecoded": 11,
              "framesDropped": 0,
              "keyFramesDecoded": 1,
              "framesPerSecond": 2,
              "frameWidth": 1280,
              "frameHeight": 720,
              "totalDecodeTime": 0.025526999999999998,
              "totalProcessingDelay": 3.0240299999999998,
              "totalInterFrameDelay": 2.739,
              "totalSquaredInterFrameDelay": 0.9326850000000001,
              "freezeCount": 0,
              "totalFreezesDuration": 0,
              "pauseCount": 0,
              "totalPausesDuration": 0,
              "jitterBufferDelay": 2.992653,
              "jitterBufferTargetDelay": 2.429,
              "jitterBufferMinimumDelay": 0.206596,
              "jitterBufferEmittedCount": 11,
              "nackCount": 0,
              "firCount": 0,
              "pliCount": 0,
              "decoderImplementation": "ExternalDecoder (D3D11VideoDecoder)",
              "powerEfficientDecoder": true,
              "framesAssembledFromMultiplePackets": 11,
              "totalAssemblyTime": 1.3327099999999998,
              "retransmittedBytesReceived": 0
            },
            "remoteOutbound": {
              "id": "ROV2590553353",
              "timestamp": 1788008991047.639,
              "ssrc": 2590553353,
              "kind": "video",
              "codecId": "CIT01_103_level-asymmetry-allowed=1;packetization-mode=1;profile-level-id=42001f",
              "localId": "IT01V2590553353",
              "transportId": "T01",
              "bytesSent": 119363,
              "packetsSent": 125,
              "remoteTimestamp": 1788008991046.072,
              "reportsSent": 4,
              "totalRoundTripTime": 0
            },
            "codec": {
              "id": "CIT01_103_level-asymmetry-allowed=1;packetization-mode=1;profile-level-id=42001f",
              "timestamp": 1788008991248.301,
              "payloadType": 103,
              "mimeType": "video/H264",
              "clockRate": 90000,
              "sdpFmtpLine": "level-asymmetry-allowed=1;packetization-mode=1;profile-level-id=42001f"
            },
            "transport": {
              "id": "T01",
              "timestamp": 1788008991248.301,
              "bytesSent": 28625,
              "bytesReceived": 154814,
              "packetsSent": 318,
              "packetsReceived": 445,
              "selectedCandidatePairId": "CPlMQ7uE59_W4X6d2W8",
              "dtlsState": "connected",
              "iceRole": "controlled"
            },
            "candidatePair": {
              "id": "CPlMQ7uE59_W4X6d2W8",
              "timestamp": 1788008991248.301,
              "state": "succeeded",
              "nominated": true,
              "writable": true,
              "bytesSent": 24819,
              "bytesReceived": 149762,
              "currentRoundTripTime": 0,
              "totalRoundTripTime": 0.002,
              "responsesReceived": 5,
              "availableOutgoingBitrate": 303895,
              "requestsReceived": 5,
              "requestsSent": 5,
              "localCandidateId": "IlMQ7uE59",
              "remoteCandidateId": "IW4X6d2W8",
              "packetsDiscardedOnSend": 0,
              "bytesDiscardedOnSend": 0
            },
            "localCandidate": {
              "id": "IlMQ7uE59",
              "timestamp": 1788008991248.301,
              "candidateType": "host",
              "protocol": "udp",
              "networkType": "ethernet",
              "address": "fdfd::1ab2:41f1",
              "port": 63005,
              "priority": 2122199807
            },
            "remoteCandidate": {
              "id": "IW4X6d2W8",
              "timestamp": 1788008991248.301,
              "candidateType": "host",
              "protocol": "udp",
              "address": "fdfd::1ab2:41f1",
              "port": 65249,
              "priority": 2122199807
            }
          }
        },
        {
          "benchmarkElapsedMs": 2261.7583000000004,
          "collectedAt": 1788008991502.6,
          "role": "receiver",
          "transportMode": "mesh",
          "peerId": "d24f3cb7",
          "connectionState": "connected",
          "iceConnectionState": "connected",
          "signalingState": "stable",
          "track": {
            "id": "926c5fdb-1bfd-46bc-8f04-b5aaac171d16",
            "label": "remote video",
            "enabled": true,
            "muted": false,
            "readyState": "live",
            "settings": {
              "aspectRatio": 1.7777777777777777,
              "deviceId": "926c5fdb-1bfd-46bc-8f04-b5aaac171d16",
              "frameRate": 7.789303324808477,
              "height": 720,
              "resizeMode": "none",
              "width": 1280
            },
            "constraints": {}
          },
          "senderParameters": null,
          "adaptation": null,
          "videoCodecPolicyKey": "hardware-or-unknown",
          "videoMutationCounts": null,
          "lastVideoMutation": null,
          "jitterBufferTarget": 344,
          "topology": {
            "sfuViewerCount": 0,
            "sfuConsumerCount": 0,
            "meshScreenSenders": 0,
            "meshActiveScreenSenders": 0,
            "meshViaSfuCount": 0,
            "meshBytesSentTotal": 0,
            "publisherUploadBytes": null
          },
          "reports": {
            "source": null,
            "outbound": {
              "id": "OT01V1544835354",
              "timestamp": 1788008991501.828,
              "ssrc": 1544835354,
              "kind": "video",
              "mid": "1",
              "active": true,
              "codecId": "COT01_103_level-asymmetry-allowed=1;packetization-mode=1;profile-level-id=42001f",
              "mediaSourceId": "SV0",
              "transportId": "T01",
              "bytesSent": 0,
              "headerBytesSent": 0,
              "packetsSent": 0,
              "retransmittedBytesSent": 0,
              "retransmittedPacketsSent": 0,
              "framesEncoded": 0,
              "framesSent": 0,
              "hugeFramesSent": 0,
              "keyFramesEncoded": 0,
              "totalEncodeTime": 0,
              "totalEncodedBytesTarget": 0,
              "totalPacketSendDelay": 0,
              "qualityLimitationReason": "none",
              "qualityLimitationDurations": {
                "bandwidth": 0,
                "cpu": 0,
                "none": 4.798,
                "other": 0
              },
              "qualityLimitationResolutionChanges": 0,
              "nackCount": 0,
              "firCount": 0,
              "pliCount": 0
            },
            "remoteInbound": null,
            "inbound": {
              "id": "IT01V2590553353",
              "timestamp": 1788008991501.828,
              "ssrc": 2590553353,
              "kind": "video",
              "mid": "1",
              "codecId": "CIT01_103_level-asymmetry-allowed=1;packetization-mode=1;profile-level-id=42001f",
              "remoteId": "ROV2590553353",
              "transportId": "T01",
              "bytesReceived": 130232,
              "headerBytesReceived": 5174,
              "packetsReceived": 136,
              "packetsLost": 0,
              "jitter": 0.062,
              "framesReceived": 13,
              "framesDecoded": 12,
              "framesDropped": 0,
              "keyFramesDecoded": 1,
              "framesPerSecond": 3,
              "frameWidth": 1280,
              "frameHeight": 720,
              "totalDecodeTime": 0.026035,
              "totalProcessingDelay": 3.28766,
              "totalInterFrameDelay": 3.115,
              "totalSquaredInterFrameDelay": 1.0740610000000002,
              "freezeCount": 0,
              "totalFreezesDuration": 0,
              "pauseCount": 0,
              "totalPausesDuration": 0,
              "jitterBufferDelay": 3.2557479999999996,
              "jitterBufferTargetDelay": 2.762,
              "jitterBufferMinimumDelay": 0.206596,
              "jitterBufferEmittedCount": 12,
              "nackCount": 0,
              "firCount": 0,
              "pliCount": 0,
              "decoderImplementation": "ExternalDecoder (D3D11VideoDecoder)",
              "powerEfficientDecoder": true,
              "framesAssembledFromMultiplePackets": 12,
              "totalAssemblyTime": 1.396757,
              "retransmittedBytesReceived": 0
            },
            "remoteOutbound": {
              "id": "ROV2590553353",
              "timestamp": 1788008991047.639,
              "ssrc": 2590553353,
              "kind": "video",
              "codecId": "CIT01_103_level-asymmetry-allowed=1;packetization-mode=1;profile-level-id=42001f",
              "localId": "IT01V2590553353",
              "transportId": "T01",
              "bytesSent": 119363,
              "packetsSent": 125,
              "remoteTimestamp": 1788008991046.072,
              "reportsSent": 4,
              "totalRoundTripTime": 0
            },
            "codec": {
              "id": "CIT01_103_level-asymmetry-allowed=1;packetization-mode=1;profile-level-id=42001f",
              "timestamp": 1788008991501.828,
              "payloadType": 103,
              "mimeType": "video/H264",
              "clockRate": 90000,
              "sdpFmtpLine": "level-asymmetry-allowed=1;packetization-mode=1;profile-level-id=42001f"
            },
            "transport": {
              "id": "T01",
              "timestamp": 1788008991501.828,
              "bytesSent": 30348,
              "bytesReceived": 166061,
              "packetsSent": 335,
              "packetsReceived": 471,
              "selectedCandidatePairId": "CPlMQ7uE59_W4X6d2W8",
              "dtlsState": "connected",
              "iceRole": "controlled"
            },
            "candidatePair": {
              "id": "CPlMQ7uE59_W4X6d2W8",
              "timestamp": 1788008991501.828,
              "state": "succeeded",
              "nominated": true,
              "writable": true,
              "bytesSent": 26542,
              "bytesReceived": 161009,
              "currentRoundTripTime": 0,
              "totalRoundTripTime": 0.002,
              "responsesReceived": 5,
              "availableOutgoingBitrate": 303895,
              "requestsReceived": 5,
              "requestsSent": 5,
              "localCandidateId": "IlMQ7uE59",
              "remoteCandidateId": "IW4X6d2W8",
              "packetsDiscardedOnSend": 0,
              "bytesDiscardedOnSend": 0
            },
            "localCandidate": {
              "id": "IlMQ7uE59",
              "timestamp": 1788008991501.828,
              "candidateType": "host",
              "protocol": "udp",
              "networkType": "ethernet",
              "address": "fdfd::1ab2:41f1",
              "port": 63005,
              "priority": 2122199807
            },
            "remoteCandidate": {
              "id": "IW4X6d2W8",
              "timestamp": 1788008991501.828,
              "candidateType": "host",
              "protocol": "udp",
              "address": "fdfd::1ab2:41f1",
              "port": 65249,
              "priority": 2122199807
            }
          }
        },
        {
          "benchmarkElapsedMs": 2498.5960000000005,
          "collectedAt": 1788008991739.2,
          "role": "receiver",
          "transportMode": "mesh",
          "peerId": "d24f3cb7",
          "connectionState": "connected",
          "iceConnectionState": "connected",
          "signalingState": "stable",
          "track": {
            "id": "926c5fdb-1bfd-46bc-8f04-b5aaac171d16",
            "label": "remote video",
            "enabled": true,
            "muted": false,
            "readyState": "live",
            "settings": {
              "aspectRatio": 1.7777777777777777,
              "deviceId": "926c5fdb-1bfd-46bc-8f04-b5aaac171d16",
              "frameRate": 5.3801686471378956,
              "height": 720,
              "resizeMode": "none",
              "width": 1280
            },
            "constraints": {}
          },
          "senderParameters": null,
          "adaptation": null,
          "videoCodecPolicyKey": "hardware-or-unknown",
          "videoMutationCounts": null,
          "lastVideoMutation": null,
          "jitterBufferTarget": 344,
          "topology": {
            "sfuViewerCount": 0,
            "sfuConsumerCount": 0,
            "meshScreenSenders": 0,
            "meshActiveScreenSenders": 0,
            "meshViaSfuCount": 0,
            "meshBytesSentTotal": 0,
            "publisherUploadBytes": null
          },
          "reports": {
            "source": null,
            "outbound": {
              "id": "OT01V1544835354",
              "timestamp": 1788008991738.492,
              "ssrc": 1544835354,
              "kind": "video",
              "mid": "1",
              "active": true,
              "codecId": "COT01_103_level-asymmetry-allowed=1;packetization-mode=1;profile-level-id=42001f",
              "mediaSourceId": "SV0",
              "transportId": "T01",
              "bytesSent": 0,
              "headerBytesSent": 0,
              "packetsSent": 0,
              "retransmittedBytesSent": 0,
              "retransmittedPacketsSent": 0,
              "framesEncoded": 0,
              "framesSent": 0,
              "hugeFramesSent": 0,
              "keyFramesEncoded": 0,
              "totalEncodeTime": 0,
              "totalEncodedBytesTarget": 0,
              "totalPacketSendDelay": 0,
              "qualityLimitationReason": "none",
              "qualityLimitationDurations": {
                "bandwidth": 0,
                "cpu": 0,
                "none": 5.035,
                "other": 0
              },
              "qualityLimitationResolutionChanges": 0,
              "nackCount": 0,
              "firCount": 0,
              "pliCount": 0
            },
            "remoteInbound": null,
            "inbound": {
              "id": "IT01V2590553353",
              "timestamp": 1788008991738.492,
              "ssrc": 2590553353,
              "kind": "video",
              "mid": "1",
              "codecId": "CIT01_103_level-asymmetry-allowed=1;packetization-mode=1;profile-level-id=42001f",
              "remoteId": "ROV2590553353",
              "transportId": "T01",
              "bytesReceived": 134724,
              "headerBytesReceived": 5294,
              "packetsReceived": 141,
              "packetsLost": 0,
              "jitter": 0.063,
              "framesReceived": 13,
              "framesDecoded": 13,
              "framesDropped": 0,
              "keyFramesDecoded": 1,
              "framesPerSecond": 3,
              "frameWidth": 1280,
              "frameHeight": 720,
              "totalDecodeTime": 0.026577,
              "totalProcessingDelay": 3.5457889999999996,
              "totalInterFrameDelay": 3.442,
              "totalSquaredInterFrameDelay": 1.1809900000000002,
              "freezeCount": 0,
              "totalFreezesDuration": 0,
              "pauseCount": 0,
              "totalPausesDuration": 0,
              "jitterBufferDelay": 3.513302,
              "jitterBufferTargetDelay": 3.0949999999999998,
              "jitterBufferMinimumDelay": 0.206596,
              "jitterBufferEmittedCount": 13,
              "nackCount": 0,
              "firCount": 0,
              "pliCount": 0,
              "decoderImplementation": "ExternalDecoder (D3D11VideoDecoder)",
              "powerEfficientDecoder": true,
              "framesAssembledFromMultiplePackets": 13,
              "totalAssemblyTime": 1.467295,
              "retransmittedBytesReceived": 0
            },
            "remoteOutbound": {
              "id": "ROV2590553353",
              "timestamp": 1788008991687.583,
              "ssrc": 2590553353,
              "kind": "video",
              "codecId": "CIT01_103_level-asymmetry-allowed=1;packetization-mode=1;profile-level-id=42001f",
              "localId": "IT01V2590553353",
              "transportId": "T01",
              "bytesSent": 130232,
              "packetsSent": 136,
              "remoteTimestamp": 1788008991686.081,
              "reportsSent": 5,
              "totalRoundTripTime": 0
            },
            "codec": {
              "id": "CIT01_103_level-asymmetry-allowed=1;packetization-mode=1;profile-level-id=42001f",
              "timestamp": 1788008991738.492,
              "payloadType": 103,
              "mimeType": "video/H264",
              "clockRate": 90000,
              "sdpFmtpLine": "level-asymmetry-allowed=1;packetization-mode=1;profile-level-id=42001f"
            },
            "transport": {
              "id": "T01",
              "timestamp": 1788008991738.492,
              "bytesSent": 31448,
              "bytesReceived": 171993,
              "packetsSent": 350,
              "packetsReceived": 493,
              "selectedCandidatePairId": "CPlMQ7uE59_W4X6d2W8",
              "dtlsState": "connected",
              "iceRole": "controlled"
            },
            "candidatePair": {
              "id": "CPlMQ7uE59_W4X6d2W8",
              "timestamp": 1788008991738.492,
              "state": "succeeded",
              "nominated": true,
              "writable": true,
              "bytesSent": 27642,
              "bytesReceived": 166941,
              "currentRoundTripTime": 0,
              "totalRoundTripTime": 0.002,
              "responsesReceived": 5,
              "availableOutgoingBitrate": 303895,
              "requestsReceived": 5,
              "requestsSent": 5,
              "localCandidateId": "IlMQ7uE59",
              "remoteCandidateId": "IW4X6d2W8",
              "packetsDiscardedOnSend": 0,
              "bytesDiscardedOnSend": 0
            },
            "localCandidate": {
              "id": "IlMQ7uE59",
              "timestamp": 1788008991738.492,
              "candidateType": "host",
              "protocol": "udp",
              "networkType": "ethernet",
              "address": "fdfd::1ab2:41f1",
              "port": 63005,
              "priority": 2122199807
            },
            "remoteCandidate": {
              "id": "IW4X6d2W8",
              "timestamp": 1788008991738.492,
              "candidateType": "host",
              "protocol": "udp",
              "address": "fdfd::1ab2:41f1",
              "port": 65249,
              "priority": 2122199807
            }
          }
        },
        {
          "benchmarkElapsedMs": 2750.1062,
          "collectedAt": 1788008991990.7,
          "role": "receiver",
          "transportMode": "mesh",
          "peerId": "d24f3cb7",
          "connectionState": "connected",
          "iceConnectionState": "connected",
          "signalingState": "stable",
          "track": {
            "id": "926c5fdb-1bfd-46bc-8f04-b5aaac171d16",
            "label": "remote video",
            "enabled": true,
            "muted": false,
            "readyState": "live",
            "settings": {
              "aspectRatio": 1.7777777777777777,
              "deviceId": "926c5fdb-1bfd-46bc-8f04-b5aaac171d16",
              "frameRate": 5.3801686471378956,
              "height": 720,
              "resizeMode": "none",
              "width": 1280
            },
            "constraints": {}
          },
          "senderParameters": null,
          "adaptation": null,
          "videoCodecPolicyKey": "hardware-or-unknown",
          "videoMutationCounts": null,
          "lastVideoMutation": null,
          "jitterBufferTarget": 344,
          "topology": {
            "sfuViewerCount": 0,
            "sfuConsumerCount": 0,
            "meshScreenSenders": 0,
            "meshActiveScreenSenders": 0,
            "meshViaSfuCount": 0,
            "meshBytesSentTotal": 0,
            "publisherUploadBytes": null
          },
          "reports": {
            "source": null,
            "outbound": {
              "id": "OT01V1544835354",
              "timestamp": 1788008991990.031,
              "ssrc": 1544835354,
              "kind": "video",
              "mid": "1",
              "active": true,
              "codecId": "COT01_103_level-asymmetry-allowed=1;packetization-mode=1;profile-level-id=42001f",
              "mediaSourceId": "SV0",
              "transportId": "T01",
              "bytesSent": 0,
              "headerBytesSent": 0,
              "packetsSent": 0,
              "retransmittedBytesSent": 0,
              "retransmittedPacketsSent": 0,
              "framesEncoded": 0,
              "framesSent": 0,
              "hugeFramesSent": 0,
              "keyFramesEncoded": 0,
              "totalEncodeTime": 0,
              "totalEncodedBytesTarget": 0,
              "totalPacketSendDelay": 0,
              "qualityLimitationReason": "none",
              "qualityLimitationDurations": {
                "bandwidth": 0,
                "cpu": 0,
                "none": 5.286,
                "other": 0
              },
              "qualityLimitationResolutionChanges": 0,
              "nackCount": 0,
              "firCount": 0,
              "pliCount": 0
            },
            "remoteInbound": null,
            "inbound": {
              "id": "IT01V2590553353",
              "timestamp": 1788008991990.031,
              "ssrc": 2590553353,
              "kind": "video",
              "mid": "1",
              "codecId": "CIT01_103_level-asymmetry-allowed=1;packetization-mode=1;profile-level-id=42001f",
              "remoteId": "ROV2590553353",
              "transportId": "T01",
              "bytesReceived": 139200,
              "headerBytesReceived": 5406,
              "packetsReceived": 145,
              "packetsLost": 0,
              "jitter": 0.063,
              "framesReceived": 14,
              "framesDecoded": 14,
              "framesDropped": 0,
              "keyFramesDecoded": 1,
              "framesPerSecond": 3,
              "frameWidth": 1280,
              "frameHeight": 720,
              "totalDecodeTime": 0.027028999999999997,
              "totalProcessingDelay": 3.812935,
              "totalInterFrameDelay": 3.833,
              "totalSquaredInterFrameDelay": 1.3338710000000003,
              "freezeCount": 0,
              "totalFreezesDuration": 0,
              "pauseCount": 0,
              "totalPausesDuration": 0,
              "jitterBufferDelay": 3.779972,
              "jitterBufferTargetDelay": 3.428,
              "jitterBufferMinimumDelay": 0.206596,
              "jitterBufferEmittedCount": 14,
              "nackCount": 0,
              "firCount": 0,
              "pliCount": 0,
              "decoderImplementation": "ExternalDecoder (D3D11VideoDecoder)",
              "powerEfficientDecoder": true,
              "framesAssembledFromMultiplePackets": 14,
              "totalAssemblyTime": 1.535215,
              "retransmittedBytesReceived": 0
            },
            "remoteOutbound": {
              "id": "ROV2590553353",
              "timestamp": 1788008991687.583,
              "ssrc": 2590553353,
              "kind": "video",
              "codecId": "CIT01_103_level-asymmetry-allowed=1;packetization-mode=1;profile-level-id=42001f",
              "localId": "IT01V2590553353",
              "transportId": "T01",
              "bytesSent": 130232,
              "packetsSent": 136,
              "remoteTimestamp": 1788008991686.081,
              "reportsSent": 5,
              "totalRoundTripTime": 0
            },
            "codec": {
              "id": "CIT01_103_level-asymmetry-allowed=1;packetization-mode=1;profile-level-id=42001f",
              "timestamp": 1788008991990.031,
              "payloadType": 103,
              "mimeType": "video/H264",
              "clockRate": 90000,
              "sdpFmtpLine": "level-asymmetry-allowed=1;packetization-mode=1;profile-level-id=42001f"
            },
            "transport": {
              "id": "T01",
              "timestamp": 1788008991990.031,
              "bytesSent": 32622,
              "bytesReceived": 177801,
              "packetsSent": 367,
              "packetsReceived": 514,
              "selectedCandidatePairId": "CPlMQ7uE59_W4X6d2W8",
              "dtlsState": "connected",
              "iceRole": "controlled"
            },
            "candidatePair": {
              "id": "CPlMQ7uE59_W4X6d2W8",
              "timestamp": 1788008991990.031,
              "state": "succeeded",
              "nominated": true,
              "writable": true,
              "bytesSent": 28816,
              "bytesReceived": 172749,
              "currentRoundTripTime": 0,
              "totalRoundTripTime": 0.002,
              "responsesReceived": 6,
              "availableOutgoingBitrate": 303895,
              "requestsReceived": 6,
              "requestsSent": 6,
              "localCandidateId": "IlMQ7uE59",
              "remoteCandidateId": "IW4X6d2W8",
              "packetsDiscardedOnSend": 0,
              "bytesDiscardedOnSend": 0
            },
            "localCandidate": {
              "id": "IlMQ7uE59",
              "timestamp": 1788008991990.031,
              "candidateType": "host",
              "protocol": "udp",
              "networkType": "ethernet",
              "address": "fdfd::1ab2:41f1",
              "port": 63005,
              "priority": 2122199807
            },
            "remoteCandidate": {
              "id": "IW4X6d2W8",
              "timestamp": 1788008991990.031,
              "candidateType": "host",
              "protocol": "udp",
              "address": "fdfd::1ab2:41f1",
              "port": 65249,
              "priority": 2122199807
            }
          }
        },
        {
          "benchmarkElapsedMs": 2999.3935,
          "collectedAt": 1788008992239.8,
          "role": "receiver",
          "transportMode": "mesh",
          "peerId": "d24f3cb7",
          "connectionState": "connected",
          "iceConnectionState": "connected",
          "signalingState": "stable",
          "track": {
            "id": "926c5fdb-1bfd-46bc-8f04-b5aaac171d16",
            "label": "remote video",
            "enabled": true,
            "muted": false,
            "readyState": "live",
            "settings": {
              "aspectRatio": 1.7777777777777777,
              "deviceId": "926c5fdb-1bfd-46bc-8f04-b5aaac171d16",
              "frameRate": 5.3801686471378956,
              "height": 720,
              "resizeMode": "none",
              "width": 1280
            },
            "constraints": {}
          },
          "senderParameters": null,
          "adaptation": null,
          "videoCodecPolicyKey": "hardware-or-unknown",
          "videoMutationCounts": null,
          "lastVideoMutation": null,
          "jitterBufferTarget": 344,
          "topology": {
            "sfuViewerCount": 0,
            "sfuConsumerCount": 0,
            "meshScreenSenders": 0,
            "meshActiveScreenSenders": 0,
            "meshViaSfuCount": 0,
            "meshBytesSentTotal": 0,
            "publisherUploadBytes": null
          },
          "reports": {
            "source": null,
            "outbound": {
              "id": "OT01V1544835354",
              "timestamp": 1788008992197.483,
              "ssrc": 1544835354,
              "kind": "video",
              "mid": "1",
              "active": true,
              "codecId": "COT01_103_level-asymmetry-allowed=1;packetization-mode=1;profile-level-id=42001f",
              "mediaSourceId": "SV0",
              "transportId": "T01",
              "bytesSent": 0,
              "headerBytesSent": 849,
              "packetsSent": 3,
              "retransmittedBytesSent": 0,
              "retransmittedPacketsSent": 0,
              "framesEncoded": 0,
              "framesSent": 0,
              "hugeFramesSent": 0,
              "keyFramesEncoded": 0,
              "totalEncodeTime": 0,
              "totalEncodedBytesTarget": 0,
              "totalPacketSendDelay": 0,
              "qualityLimitationReason": "none",
              "qualityLimitationDurations": {
                "bandwidth": 0,
                "cpu": 0,
                "none": 5.494,
                "other": 0
              },
              "qualityLimitationResolutionChanges": 0,
              "nackCount": 0,
              "firCount": 0,
              "pliCount": 0
            },
            "remoteInbound": null,
            "inbound": {
              "id": "IT01V2590553353",
              "timestamp": 1788008992197.483,
              "ssrc": 2590553353,
              "kind": "video",
              "mid": "1",
              "codecId": "CIT01_103_level-asymmetry-allowed=1;packetization-mode=1;profile-level-id=42001f",
              "remoteId": "ROV2590553353",
              "transportId": "T01",
              "bytesReceived": 153956,
              "headerBytesReceived": 5846,
              "packetsReceived": 162,
              "packetsLost": 0,
              "jitter": 0.06,
              "framesReceived": 16,
              "framesDecoded": 14,
              "framesDropped": 0,
              "keyFramesDecoded": 2,
              "framesPerSecond": 3,
              "frameWidth": 1280,
              "frameHeight": 720,
              "totalDecodeTime": 0.027028999999999997,
              "totalProcessingDelay": 3.812935,
              "totalInterFrameDelay": 3.833,
              "totalSquaredInterFrameDelay": 1.3338710000000003,
              "freezeCount": 0,
              "totalFreezesDuration": 0,
              "pauseCount": 0,
              "totalPausesDuration": 0,
              "jitterBufferDelay": 3.779972,
              "jitterBufferTargetDelay": 3.428,
              "jitterBufferMinimumDelay": 0.206596,
              "jitterBufferEmittedCount": 14,
              "nackCount": 0,
              "firCount": 0,
              "pliCount": 0,
              "decoderImplementation": "ExternalDecoder (D3D11VideoDecoder)",
              "powerEfficientDecoder": true,
              "framesAssembledFromMultiplePackets": 14,
              "totalAssemblyTime": 1.535215,
              "retransmittedBytesReceived": 0
            },
            "remoteOutbound": {
              "id": "ROV2590553353",
              "timestamp": 1788008991687.583,
              "ssrc": 2590553353,
              "kind": "video",
              "codecId": "CIT01_103_level-asymmetry-allowed=1;packetization-mode=1;profile-level-id=42001f",
              "localId": "IT01V2590553353",
              "transportId": "T01",
              "bytesSent": 130232,
              "packetsSent": 136,
              "remoteTimestamp": 1788008991686.081,
              "reportsSent": 5,
              "totalRoundTripTime": 0
            },
            "codec": {
              "id": "CIT01_103_level-asymmetry-allowed=1;packetization-mode=1;profile-level-id=42001f",
              "timestamp": 1788008992197.483,
              "payloadType": 103,
              "mimeType": "video/H264",
              "clockRate": 90000,
              "sdpFmtpLine": "level-asymmetry-allowed=1;packetization-mode=1;profile-level-id=42001f"
            },
            "transport": {
              "id": "T01",
              "timestamp": 1788008992197.483,
              "bytesSent": 34359,
              "bytesReceived": 194222,
              "packetsSent": 383,
              "packetsReceived": 544,
              "selectedCandidatePairId": "CPlMQ7uE59_W4X6d2W8",
              "dtlsState": "connected",
              "iceRole": "controlled"
            },
            "candidatePair": {
              "id": "CPlMQ7uE59_W4X6d2W8",
              "timestamp": 1788008992197.483,
              "state": "succeeded",
              "nominated": true,
              "writable": true,
              "bytesSent": 30553,
              "bytesReceived": 189170,
              "currentRoundTripTime": 0,
              "totalRoundTripTime": 0.002,
              "responsesReceived": 6,
              "availableOutgoingBitrate": 220692,
              "requestsReceived": 6,
              "requestsSent": 6,
              "localCandidateId": "IlMQ7uE59",
              "remoteCandidateId": "IW4X6d2W8",
              "packetsDiscardedOnSend": 0,
              "bytesDiscardedOnSend": 0
            },
            "localCandidate": {
              "id": "IlMQ7uE59",
              "timestamp": 1788008992197.483,
              "candidateType": "host",
              "protocol": "udp",
              "networkType": "ethernet",
              "address": "fdfd::1ab2:41f1",
              "port": 63005,
              "priority": 2122199807
            },
            "remoteCandidate": {
              "id": "IW4X6d2W8",
              "timestamp": 1788008992197.483,
              "candidateType": "host",
              "protocol": "udp",
              "address": "fdfd::1ab2:41f1",
              "port": 65249,
              "priority": 2122199807
            }
          }
        }
      ],
      "renderSamples": [
        {
          "callbackNow": 3476.2,
          "absoluteCallbackTime": 1788008989489.7,
          "expectedDisplayTime": 3476.2,
          "presentationTime": 3470.3,
          "captureTime": null,
          "receiveTime": 3232.2,
          "mediaTime": 1.225,
          "processingDuration": 0.0005,
          "presentedFrames": 7,
          "rtpTimestamp": 1176059651,
          "width": 1280,
          "height": 720,
          "videoWidth": 1280,
          "videoHeight": 720,
          "currentTime": 1.225,
          "readyState": 4
        },
        {
          "callbackNow": 3833.8,
          "absoluteCallbackTime": 1788008989847.3,
          "expectedDisplayTime": 3833.7,
          "presentationTime": 3827.8,
          "captureTime": null,
          "receiveTime": 3612.1,
          "mediaTime": 1.582,
          "processingDuration": 0.0004,
          "presentedFrames": 8,
          "rtpTimestamp": 1176092951,
          "width": 1280,
          "height": 720,
          "videoWidth": 1280,
          "videoHeight": 720,
          "currentTime": 1.582,
          "readyState": 4
        },
        {
          "callbackNow": 4185.3,
          "absoluteCallbackTime": 1788008990198.8,
          "expectedDisplayTime": 4191.4,
          "presentationTime": 4185.4,
          "captureTime": null,
          "receiveTime": 3972.5,
          "mediaTime": 1.937,
          "processingDuration": 0.0004,
          "presentedFrames": 9,
          "rtpTimestamp": 1176125711,
          "width": 1280,
          "height": 720,
          "videoWidth": 1280,
          "videoHeight": 720,
          "currentTime": 1.937,
          "readyState": 4
        },
        {
          "callbackNow": 4676.2,
          "absoluteCallbackTime": 1788008990689.7,
          "expectedDisplayTime": 4670.1,
          "presentationTime": 4670.3,
          "captureTime": null,
          "receiveTime": 4331.4,
          "mediaTime": 2.296,
          "processingDuration": 0.0014,
          "presentedFrames": 10,
          "rtpTimestamp": 1176158921,
          "width": 1280,
          "height": 720,
          "videoWidth": 1280,
          "videoHeight": 720,
          "currentTime": 2.296,
          "readyState": 4
        },
        {
          "callbackNow": 4900.3,
          "absoluteCallbackTime": 1788008990913.8,
          "expectedDisplayTime": 4900.4,
          "presentationTime": 4894.4,
          "captureTime": null,
          "receiveTime": 4692.4,
          "mediaTime": 2.649,
          "processingDuration": 0.0004,
          "presentedFrames": 11,
          "rtpTimestamp": 1176189971,
          "width": 1280,
          "height": 720,
          "videoWidth": 1280,
          "videoHeight": 720,
          "currentTime": 2.649,
          "readyState": 4
        },
        {
          "callbackNow": 5270.1,
          "absoluteCallbackTime": 1788008991283.6,
          "expectedDisplayTime": 5270.1,
          "presentationTime": 5264.1,
          "captureTime": null,
          "receiveTime": 5052.4,
          "mediaTime": 3.016,
          "processingDuration": 0.0005,
          "presentedFrames": 12,
          "rtpTimestamp": 1176223271,
          "width": 1280,
          "height": 720,
          "videoWidth": 1280,
          "videoHeight": 720,
          "currentTime": 3.016,
          "readyState": 4
        },
        {
          "callbackNow": 5603.4,
          "absoluteCallbackTime": 1788008991616.9,
          "expectedDisplayTime": 5603.3,
          "presentationTime": 5597.4,
          "captureTime": null,
          "receiveTime": 5392.4,
          "mediaTime": 3.353,
          "processingDuration": 0.0005,
          "presentedFrames": 13,
          "rtpTimestamp": 1176253331,
          "width": 1280,
          "height": 720,
          "videoWidth": 1280,
          "videoHeight": 720,
          "currentTime": 3.353,
          "readyState": 4
        },
        {
          "callbackNow": 5985.2,
          "absoluteCallbackTime": 1788008991998.7,
          "expectedDisplayTime": 5985.2,
          "presentationTime": 5979.3,
          "captureTime": null,
          "receiveTime": 5771.4,
          "mediaTime": 3.733,
          "processingDuration": 0.0004,
          "presentedFrames": 14,
          "rtpTimestamp": 1176287621,
          "width": 1280,
          "height": 720,
          "videoWidth": 1280,
          "videoHeight": 720,
          "currentTime": 3.733,
          "readyState": 4
        }
      ],
      "resourceSamples": [
        {
          "benchmarkElapsedMs": 1005.8546999999999,
          "collectedAt": 5188.0158,
          "wallTime": "2026-08-29T13:09:50.247Z",
          "electronProcesses": [
            {
              "pid": 14504,
              "role": "main",
              "type": "Browser",
              "name": null,
              "serviceName": null,
              "creationTime": 1788008985039.781,
              "sandboxed": false,
              "integrityLevel": "medium",
              "cpu": {
                "percentCPUUsage": 0.17425806975371955,
                "idleWakeupsPerSecond": 0
              },
              "memoryKiB": {
                "workingSet": 189720,
                "peakWorkingSet": 228200,
                "private": 94780,
                "shared": null
              }
            },
            {
              "pid": 20244,
              "role": "gpu-process",
              "type": "GPU",
              "name": null,
              "serviceName": "GPU",
              "creationTime": 1788008985135.602,
              "sandboxed": true,
              "integrityLevel": "low",
              "cpu": {
                "percentCPUUsage": 1.9194266402921003,
                "idleWakeupsPerSecond": 0
              },
              "memoryKiB": {
                "workingSet": 253496,
                "peakWorkingSet": 256200,
                "private": 242612,
                "shared": null
              }
            },
            {
              "pid": 27532,
              "role": "utility-process",
              "type": "Utility",
              "name": "Network Service",
              "serviceName": "network.mojom.NetworkService",
              "creationTime": 1788008985138.204,
              "sandboxed": false,
              "integrityLevel": "medium",
              "cpu": {
                "percentCPUUsage": 0.10514247696666924,
                "idleWakeupsPerSecond": 0
              },
              "memoryKiB": {
                "workingSet": 111980,
                "peakWorkingSet": 111980,
                "private": 18024,
                "shared": null
              }
            },
            {
              "pid": 31304,
              "role": "utility-process",
              "type": "Utility",
              "name": "Tracing Service",
              "serviceName": "tracing.mojom.TracingService",
              "creationTime": 1788008985173.093,
              "sandboxed": true,
              "integrityLevel": "untrusted",
              "cpu": {
                "percentCPUUsage": 0.010958518264774631,
                "idleWakeupsPerSecond": 0
              },
              "memoryKiB": {
                "workingSet": 103572,
                "peakWorkingSet": 103572,
                "private": 16288,
                "shared": null
              }
            },
            {
              "pid": 29092,
              "role": "fixture-renderer",
              "type": "Tab",
              "name": null,
              "serviceName": null,
              "creationTime": 1788008985532.418,
              "sandboxed": true,
              "integrityLevel": "untrusted",
              "cpu": {
                "percentCPUUsage": 0.6118721449885453,
                "idleWakeupsPerSecond": 0
              },
              "memoryKiB": {
                "workingSet": 135244,
                "peakWorkingSet": 139948,
                "private": 48916,
                "shared": null
              }
            },
            {
              "pid": 19844,
              "role": "sender-renderer",
              "type": "Tab",
              "name": null,
              "serviceName": null,
              "creationTime": 1788008985950.549,
              "sandboxed": true,
              "integrityLevel": "untrusted",
              "cpu": {
                "percentCPUUsage": 0.9427898352001932,
                "idleWakeupsPerSecond": 0
              },
              "memoryKiB": {
                "workingSet": 154756,
                "peakWorkingSet": 155060,
                "private": 70252,
                "shared": null
              }
            },
            {
              "pid": 26180,
              "role": "receiver-renderer",
              "type": "Tab",
              "name": null,
              "serviceName": null,
              "creationTime": 1788008986020.642,
              "sandboxed": true,
              "integrityLevel": "untrusted",
              "cpu": {
                "percentCPUUsage": 0.8006613839115554,
                "idleWakeupsPerSecond": 0
              },
              "memoryKiB": {
                "workingSet": 152800,
                "peakWorkingSet": 152800,
                "private": 70788,
                "shared": null
              }
            },
            {
              "pid": 23868,
              "role": "utility-process",
              "type": "Utility",
              "name": "Audio Service",
              "serviceName": "audio.mojom.AudioService",
              "creationTime": 1788008986054.882,
              "sandboxed": true,
              "integrityLevel": "low",
              "cpu": {
                "percentCPUUsage": 0.3501991414592421,
                "idleWakeupsPerSecond": 0
              },
              "memoryKiB": {
                "workingSet": 111076,
                "peakWorkingSet": 111076,
                "private": 16728,
                "shared": null
              }
            },
            {
              "pid": 27172,
              "role": "utility-process",
              "type": "Utility",
              "name": "Video Capture",
              "serviceName": "video_capture.mojom.VideoCaptureService",
              "creationTime": 1788008986054.63,
              "sandboxed": false,
              "integrityLevel": "medium",
              "cpu": {
                "percentCPUUsage": 0.0048449324605277224,
                "idleWakeupsPerSecond": 0
              },
              "memoryKiB": {
                "workingSet": 130708,
                "peakWorkingSet": 132956,
                "private": 71764,
                "shared": null
              }
            }
          ],
          "mainProcess": {
            "pid": 14504,
            "cpu": {
              "percentCPUUsage": 0.17324409185291098,
              "idleWakeupsPerSecond": 0
            },
            "memoryKiB": {
              "residentSet": 189720,
              "private": 94780,
              "shared": 1628
            },
            "nodeMemoryBytes": {
              "rss": 194273280,
              "heapTotal": 9961472,
              "heapUsed": 6666836,
              "external": 4148169,
              "arrayBuffers": 0
            }
          },
          "systemMemoryKiB": {
            "total": 33501248,
            "free": 17059704,
            "swapTotal": 39268416,
            "swapFree": 16895984
          },
          "nvidia": null
        },
        {
          "benchmarkElapsedMs": 2008.0046000000002,
          "collectedAt": 6190.4817,
          "wallTime": "2026-08-29T13:09:51.249Z",
          "electronProcesses": [
            {
              "pid": 14504,
              "role": "main",
              "type": "Browser",
              "name": null,
              "serviceName": null,
              "creationTime": 1788008985039.781,
              "sandboxed": false,
              "integrityLevel": "medium",
              "cpu": {
                "percentCPUUsage": 0.15772182086692743,
                "idleWakeupsPerSecond": 0
              },
              "memoryKiB": {
                "workingSet": 189756,
                "peakWorkingSet": 228200,
                "private": 94816,
                "shared": null
              }
            },
            {
              "pid": 20244,
              "role": "gpu-process",
              "type": "GPU",
              "name": null,
              "serviceName": "GPU",
              "creationTime": 1788008985135.602,
              "sandboxed": true,
              "integrityLevel": "low",
              "cpu": {
                "percentCPUUsage": 1.834149242531587,
                "idleWakeupsPerSecond": 0
              },
              "memoryKiB": {
                "workingSet": 254620,
                "peakWorkingSet": 257324,
                "private": 232752,
                "shared": null
              }
            },
            {
              "pid": 27532,
              "role": "utility-process",
              "type": "Utility",
              "name": "Network Service",
              "serviceName": "network.mojom.NetworkService",
              "creationTime": 1788008985138.204,
              "sandboxed": false,
              "integrityLevel": "medium",
              "cpu": {
                "percentCPUUsage": 0.10560335795353627,
                "idleWakeupsPerSecond": 0
              },
              "memoryKiB": {
                "workingSet": 111980,
                "peakWorkingSet": 111980,
                "private": 18024,
                "shared": null
              }
            },
            {
              "pid": 31304,
              "role": "utility-process",
              "type": "Utility",
              "name": "Tracing Service",
              "serviceName": "tracing.mojom.TracingService",
              "creationTime": 1788008985173.093,
              "sandboxed": true,
              "integrityLevel": "untrusted",
              "cpu": {
                "percentCPUUsage": 0.0075088110034765045,
                "idleWakeupsPerSecond": 0
              },
              "memoryKiB": {
                "workingSet": 104616,
                "peakWorkingSet": 104616,
                "private": 16296,
                "shared": null
              }
            },
            {
              "pid": 29092,
              "role": "fixture-renderer",
              "type": "Tab",
              "name": null,
              "serviceName": null,
              "creationTime": 1788008985532.418,
              "sandboxed": true,
              "integrityLevel": "untrusted",
              "cpu": {
                "percentCPUUsage": 0.5362075090255589,
                "idleWakeupsPerSecond": 0
              },
              "memoryKiB": {
                "workingSet": 136652,
                "peakWorkingSet": 139948,
                "private": 50320,
                "shared": null
              }
            },
            {
              "pid": 19844,
              "role": "sender-renderer",
              "type": "Tab",
              "name": null,
              "serviceName": null,
              "creationTime": 1788008985950.549,
              "sandboxed": true,
              "integrityLevel": "untrusted",
              "cpu": {
                "percentCPUUsage": 0.972617068536783,
                "idleWakeupsPerSecond": 0
              },
              "memoryKiB": {
                "workingSet": 156036,
                "peakWorkingSet": 156172,
                "private": 70992,
                "shared": null
              }
            },
            {
              "pid": 26180,
              "role": "receiver-renderer",
              "type": "Tab",
              "name": null,
              "serviceName": null,
              "creationTime": 1788008986020.642,
              "sandboxed": true,
              "integrityLevel": "untrusted",
              "cpu": {
                "percentCPUUsage": 0.7683471819889975,
                "idleWakeupsPerSecond": 0
              },
              "memoryKiB": {
                "workingSet": 153992,
                "peakWorkingSet": 153992,
                "private": 71820,
                "shared": null
              }
            },
            {
              "pid": 23868,
              "role": "utility-process",
              "type": "Utility",
              "name": "Audio Service",
              "serviceName": "audio.mojom.AudioService",
              "creationTime": 1788008986054.882,
              "sandboxed": true,
              "integrityLevel": "low",
              "cpu": {
                "percentCPUUsage": 0.3589828536417675,
                "idleWakeupsPerSecond": 0
              },
              "memoryKiB": {
                "workingSet": 111080,
                "peakWorkingSet": 111080,
                "private": 16728,
                "shared": null
              }
            },
            {
              "pid": 27172,
              "role": "utility-process",
              "type": "Utility",
              "name": "Video Capture",
              "serviceName": "video_capture.mojom.VideoCaptureService",
              "creationTime": 1788008986054.63,
              "sandboxed": false,
              "integrityLevel": "medium",
              "cpu": {
                "percentCPUUsage": 0.004459233994655406,
                "idleWakeupsPerSecond": 0
              },
              "memoryKiB": {
                "workingSet": 130708,
                "peakWorkingSet": 132956,
                "private": 71764,
                "shared": null
              }
            }
          ],
          "mainProcess": {
            "pid": 14504,
            "cpu": {
              "percentCPUUsage": 0.15857055613266716,
              "idleWakeupsPerSecond": 0
            },
            "memoryKiB": {
              "residentSet": 189756,
              "private": 94816,
              "shared": 1628
            },
            "nodeMemoryBytes": {
              "rss": 194310144,
              "heapTotal": 9961472,
              "heapUsed": 6752384,
              "external": 4148169,
              "arrayBuffers": 0
            }
          },
          "systemMemoryKiB": {
            "total": 33501248,
            "free": 17058464,
            "swapTotal": 39268416,
            "swapFree": 16903036
          },
          "nvidia": null
        }
      ],
      "summary": {
        "elapsedSeconds": 2.9995,
        "source": {
          "fixtureFps": 59.97800806371742,
          "fixtureFrames": 180,
          "fixtureClockFps": null,
          "fixtureClockFrames": null,
          "frameCountEstimated": false,
          "skippedSlots": 0,
          "captureFps": 59.676612768794804,
          "reportedFpsMedian": 60,
          "capturedFrames": 179,
          "width": 1280,
          "height": 720
        },
        "sender": {
          "transportMode": "mesh",
          "totalUploadBitrateBps": 219628.60476746125,
          "topology": {
            "sfuViewerCount": 0,
            "sfuConsumerCount": 0,
            "meshScreenSenders": 1,
            "meshActiveScreenSenders": 1,
            "meshViaSfuCount": 0,
            "meshBytesSentTotal": 157110,
            "publisherUploadBytes": 157110
          },
          "encodeFps": 3.333888981496916,
          "sendFps": 3.333888981496916,
          "bitrateBps": 219628.60476746125,
          "retransmittedBitrateBps": 0,
          "packetsSent": 85,
          "retransmittedPacketsSent": 0,
          "retransmissionRatio": 0,
          "averageEncodeTimeMs": 3.6000000000000005,
          "averagePacketSendDelayMs": 28.360776470588263,
          "averageQp": 51,
          "framesEncoded": 10,
          "keyFramesEncoded": 1,
          "keyFramesPerMinute": 20.003333888981498,
          "keyFrameRatio": 0.1,
          "hugeFramesSent": 10,
          "nackCount": 0,
          "pliCount": 0,
          "firCount": 0,
          "framesSent": 10,
          "frameWidth": 960,
          "frameHeight": 540,
          "targetBitrate": 275833,
          "availableOutgoingBitrateMedian": 775776,
          "roundTripTimeMsMedian": 0,
          "qualityLimitationReason": "none",
          "encoderImplementation": "MediaFoundationVideoEncodeAccelerator (NVIDIA H.264 Encoder MFT)",
          "powerEfficientEncoder": true,
          "codec": {
            "id": "COT01_103_level-asymmetry-allowed=1;packetization-mode=1;profile-level-id=42001f",
            "timestamp": 1788008992239.326,
            "payloadType": 103,
            "mimeType": "video/H264",
            "clockRate": 90000,
            "sdpFmtpLine": "level-asymmetry-allowed=1;packetization-mode=1;profile-level-id=42001f"
          },
          "codecPolicy": "hardware-or-unknown",
          "adaptation": {
            "profileId": "performance",
            "level": 1,
            "temporalLevel": 0,
            "poorSamples": 0,
            "stableSamples": 0,
            "sourceSamples": 0,
            "networkSamples": 0,
            "sampleCount": 4,
            "cooldownSamples": 2,
            "scale": 1.3333333333333333,
            "frameRate": 60,
            "reason": "network-spatial-downshift",
            "targetFps": 60,
            "measuredFps": 2.6743510732172164,
            "captureFps": 58.835723610778764,
            "encodedFps": 2.6743510732172164,
            "encoderDeliveryRatio": 0.045454545454545456,
            "bottleneck": "network",
            "sourceLimited": false,
            "networkPressure": true,
            "capacityPressure": true,
            "transportPressure": true,
            "packetLossPressure": false,
            "retransmissionPressure": false,
            "pacerPressure": true,
            "discardedPacketPressure": false,
            "packetLossRatio": 0,
            "retransmissionRatio": 0,
            "averagePacketSendDelayMs": 22.86172222222217,
            "packetsDiscardedOnSend": 0,
            "pressureSamplesRequired": 2,
            "networkSustained": true,
            "networkHeadroomRatio": 0.096972,
            "requiredBitrate": 8000000,
            "recoveryRequiredBitrate": 8000000,
            "networkRecoveryHeadroomRatio": 0.096972,
            "networkRecoveryReady": true,
            "projectedRecoveryEncodeMs": 3.2099999999999995,
            "encoderRecoveryReady": true,
            "encoderTrial": null,
            "downscaleEffectiveness": {
              "status": "idle",
              "samplesObserved": 0,
              "samplesRequired": 3,
              "requiredDeliveryGain": 0.08,
              "requiredEncodeCostReductionRatio": 0.15
            },
            "averageEncodeTimeMs": 3.4999999999999996,
            "fpsEma": 3.611165584638548,
            "encodeEma": 3.2099999999999995,
            "effectiveWidth": 960,
            "effectiveHeight": 540,
            "temporalChanged": false,
            "softwareEncoder": false,
            "encoderImplementation": "MediaFoundationVideoEncodeAccelerator (NVIDIA H.264 Encoder MFT)",
            "trackId": "4ae5360a-f658-43e0-bcfb-3594d68a9c6c"
          },
          "settings": {
            "aspectRatio": 1.7777777777777777,
            "deviceId": "window:525598:1",
            "frameRate": 60,
            "height": 720,
            "resizeMode": "crop-and-scale",
            "screenPixelRatio": 1,
            "width": 1280
          },
          "parameters": {
            "degradationPreference": "maintain-resolution",
            "transactionId": "62e62852-b142-4c1d-a517-d20392525757",
            "encodings": [
              {
                "active": true,
                "maxBitrate": 331664,
                "maxFramerate": 60,
                "scaleResolutionDownBy": 1.3333333333333333,
                "priority": "high",
                "networkPriority": "high"
              }
            ]
          },
          "mutations": {
            "total": 1,
            "structural": 1,
            "bitrate": 1,
            "active": 0,
            "track": 0,
            "last": {
              "sequence": 3,
              "type": "adapt",
              "timestampMs": 1788008992048,
              "peerId": "53e42b6c",
              "structural": true,
              "bitrate": true,
              "active": false,
              "trackChanged": false,
              "before": {
                "trackId": "4ae5360a-f658-43e0-bcfb-3594d68a9c6c",
                "degradationPreference": "maintain-resolution",
                "encodings": [
                  {
                    "active": true,
                    "maxBitrate": 236903,
                    "maxFramerate": 60,
                    "scaleResolutionDownBy": 1,
                    "scalabilityMode": null
                  }
                ]
              },
              "after": {
                "trackId": "4ae5360a-f658-43e0-bcfb-3594d68a9c6c",
                "degradationPreference": "maintain-resolution",
                "encodings": [
                  {
                    "active": true,
                    "maxBitrate": 331664,
                    "maxFramerate": 60,
                    "scaleResolutionDownBy": 1.3333333333333333,
                    "scalabilityMode": null
                  }
                ]
              },
              "countersBeforeNextSample": {
                "keyFramesEncoded": 1,
                "hugeFramesSent": 14,
                "nackCount": 0,
                "pliCount": 0,
                "firCount": 0,
                "bytesSent": 139200
              },
              "profileId": "performance",
              "adaptationReason": "network-spatial-downshift",
              "adaptationLevel": 1,
              "temporalLevel": 0
            }
          }
        },
        "receiver": {
          "transportMode": "mesh",
          "receiveFps": 3.3337777285090575,
          "decodeFps": 2.667022182807246,
          "statsRenderFps": null,
          "bitrateBps": 217348.97278787653,
          "averageDecodeTimeMs": 0.5958749999999996,
          "averageProcessingTimeMs": 267.05625,
          "averageJitterBufferMs": 266.4335,
          "averageJitterBufferTargetMs": 331,
          "averageJitterBufferMinimumMs": 0,
          "framesReceived": 10,
          "framesDecoded": 8,
          "keyFramesDecoded": 1,
          "framesRendered": null,
          "framesDropped": 0,
          "frameWidth": 1280,
          "frameHeight": 720,
          "packetsLost": 0,
          "packetsReceived": 84,
          "packetLossRatio": 0,
          "freezeCount": 0,
          "totalFreezesDuration": 0,
          "nackCount": 0,
          "pliCount": 0,
          "firCount": 0,
          "decoderImplementation": "ExternalDecoder (D3D11VideoDecoder)",
          "powerEfficientDecoder": true,
          "jitterBufferTarget": 344,
          "codec": {
            "id": "CIT01_103_level-asymmetry-allowed=1;packetization-mode=1;profile-level-id=42001f",
            "timestamp": 1788008992197.483,
            "payloadType": 103,
            "mimeType": "video/H264",
            "clockRate": 90000,
            "sdpFmtpLine": "level-asymmetry-allowed=1;packetization-mode=1;profile-level-id=42001f"
          },
          "settings": {
            "aspectRatio": 1.7777777777777777,
            "deviceId": "926c5fdb-1bfd-46bc-8f04-b5aaac171d16",
            "frameRate": 5.3801686471378956,
            "height": 720,
            "resizeMode": "none",
            "width": 1280
          }
        },
        "render": {
          "callbackSamples": 8,
          "presentedFrames": 7,
          "presentedFps": 2.7899561578318055,
          "callbackFps": 2.7899561578318055,
          "missedCallbacks": 0,
          "intervalMs": {
            "p50": 357.6999999999998,
            "p95": 449.6600000000003,
            "p99": 472.8920000000006,
            "max": 478.7000000000007
          },
          "captureToCompositorMs": {
            "p50": null,
            "p95": null,
            "p99": null
          },
          "networkMs": {
            "p50": null,
            "p95": null
          },
          "postReceiveMs": {
            "p50": 218.30000000000018,
            "p95": 305.5550000000004
          },
          "processingDurationMs": {
            "p50": 0.45,
            "p95": 1.0849999999999995
          },
          "callbackLatenessMs": {
            "p50": 0,
            "p95": 3.9999999999997695
          },
          "width": 1280,
          "height": 720
        },
        "retention": {
          "encodedPerCaptured": 0.055865921787709494,
          "decodedPerEncoded": 0.8,
          "presentedPerCaptured": 0.03910614525139665
        },
        "transport": {
          "sendBitrateBps": {
            "count": 12,
            "mean": 219639.93881378113,
            "standardDeviation": 153278.87158330964,
            "coefficientOfVariation": 0.6978642974093393,
            "min": 0,
            "p05": 0,
            "p50": 261405.62831344083,
            "p95": 427570.88455521606,
            "max": 574499.0220666404
          },
          "totalUploadBitrateBps": {
            "count": 12,
            "mean": 219639.93881378113,
            "standardDeviation": 153278.87158330964,
            "coefficientOfVariation": 0.6978642974093393,
            "min": 0,
            "p05": 0,
            "p50": 261405.62831344083,
            "p95": 427570.88455521606,
            "max": 574499.0220666404
          },
          "retransmitBitrateBps": {
            "count": 12,
            "mean": 0,
            "standardDeviation": 0,
            "coefficientOfVariation": null,
            "min": 0,
            "p05": 0,
            "p50": 0,
            "p95": 0,
            "max": 0
          },
          "sendFps": {
            "count": 12,
            "mean": 3.3490697874907696,
            "standardDeviation": 3.208298736281779,
            "coefficientOfVariation": 0.9579671191879042,
            "min": 0,
            "p05": 0,
            "p50": 3.9200341466897943,
            "p95": 7.749442865779084,
            "max": 12.028873996370193
          },
          "keyFramesEncoded": {
            "count": 12,
            "mean": 0.3341353887880609,
            "standardDeviation": 1.1082017137895226,
            "coefficientOfVariation": 3.3166247903554,
            "min": 0,
            "p05": 0,
            "p50": 0,
            "p95": 1.8043310994555262,
            "max": 4.009624665456731
          },
          "pliRequests": {
            "count": 12,
            "mean": 0,
            "standardDeviation": 0,
            "coefficientOfVariation": null,
            "min": 0,
            "p05": 0,
            "p50": 0,
            "p95": 0,
            "max": 0
          },
          "firRequests": {
            "count": 12,
            "mean": 0,
            "standardDeviation": 0,
            "coefficientOfVariation": null,
            "min": 0,
            "p05": 0,
            "p50": 0,
            "p95": 0,
            "max": 0
          },
          "receiveBitrateBps": {
            "count": 12,
            "mean": 217060.42616242974,
            "standardDeviation": 130534.14431765418,
            "coefficientOfVariation": 0.6013723764643004,
            "min": 0,
            "p05": 0,
            "p50": 261557.92588286116,
            "p95": 382166.75032689155,
            "max": 473897.8471333335
          },
          "receiveFps": {
            "count": 12,
            "mean": 3.3102065486243255,
            "standardDeviation": 2.2109565843815524,
            "coefficientOfVariation": 0.6679210351089404,
            "min": 0,
            "p05": 0,
            "p50": 3.920036019564291,
            "p95": 5.949452552348918,
            "max": 8.028900906975696
          },
          "packetSendDelayMs": {
            "count": 10,
            "mean": 29.054282500000106,
            "standardDeviation": 16.709663846590768,
            "coefficientOfVariation": 0.5751187917509478,
            "min": 0.00040000000041118255,
            "p05": 8.436651250000248,
            "p50": 23.57783333333351,
            "p95": 56.189625000000404,
            "max": 62.610000000001165
          },
          "packetLossRatio": {
            "count": 10,
            "mean": 0,
            "standardDeviation": 0,
            "coefficientOfVariation": null,
            "min": 0,
            "p05": 0,
            "p50": 0,
            "p95": 0,
            "max": 0
          },
          "availableOutgoingBitrate": {
            "count": 13,
            "mean": 775776,
            "standardDeviation": 0,
            "coefficientOfVariation": 0,
            "min": 775776,
            "p05": 775776,
            "p50": 775776,
            "p95": 775776,
            "max": 775776
          },
          "roundTripTimeMs": {
            "count": 13,
            "mean": 0,
            "standardDeviation": 0,
            "coefficientOfVariation": null,
            "min": 0,
            "p05": 0,
            "p50": 0,
            "p95": 0,
            "max": 0
          },
          "packetsDiscardedOnSend": 0,
          "bytesDiscardedOnSend": 0
        },
        "resources": {
          "sampleCount": 2,
          "scope": {
            "electronProcessTree": "app.getAppMetrics; excludes external Chrome/ffplay and signaling Node process",
            "nvidia": "whole NVIDIA device; includes unrelated processes and the external source"
          },
          "electronProcessTree": {
            "processCount": {
              "count": 2,
              "mean": 9,
              "standardDeviation": 0,
              "coefficientOfVariation": 0,
              "min": 9,
              "p05": 9,
              "p50": 9,
              "p95": 9,
              "max": 9
            },
            "cpuPercentSum": {
              "count": 2,
              "mean": 4.832875111420309,
              "standardDeviation": 0.08727803187701921,
              "coefficientOfVariation": 0.0180592359340669,
              "min": 4.745597079543289,
              "p05": 4.754324882730991,
              "p50": 4.832875111420309,
              "p95": 4.911425340109626,
              "max": 4.920153143297328
            },
            "workingSetMiBSum": {
              "count": 2,
              "mean": 1314.83984375,
              "standardDeviation": 2.97265625,
              "coefficientOfVariation": 0.0022608504481593824,
              "min": 1311.8671875,
              "p05": 1312.164453125,
              "p50": 1314.83984375,
              "p95": 1317.515234375,
              "max": 1317.8125
            },
            "privateMemoryMiBSum": {
              "count": 2,
              "mean": 631.671875,
              "standardDeviation": 3.2421875,
              "coefficientOfVariation": 0.005132708338486655,
              "min": 628.4296875,
              "p05": 628.75390625,
              "p50": 631.671875,
              "p95": 634.58984375,
              "max": 634.9140625
            },
            "systemFreeMemoryMiB": {
              "count": 2,
              "mean": 16659.26171875,
              "standardDeviation": 0.60546875,
              "coefficientOfVariation": 0.0000363442726467611,
              "min": 16658.65625,
              "p05": 16658.716796875,
              "p50": 16659.26171875,
              "p95": 16659.806640625,
              "max": 16659.8671875
            }
          },
          "global": {
            "processCount": {
              "count": 2,
              "mean": 9,
              "standardDeviation": 0,
              "coefficientOfVariation": 0,
              "min": 9,
              "p05": 9,
              "p50": 9,
              "p95": 9,
              "max": 9
            },
            "cpuPercentSum": {
              "count": 2,
              "mean": 4.832875111420309,
              "standardDeviation": 0.08727803187701921,
              "coefficientOfVariation": 0.0180592359340669,
              "min": 4.745597079543289,
              "p05": 4.754324882730991,
              "p50": 4.832875111420309,
              "p95": 4.911425340109626,
              "max": 4.920153143297328
            },
            "workingSetMiBSum": {
              "count": 2,
              "mean": 1314.83984375,
              "standardDeviation": 2.97265625,
              "coefficientOfVariation": 0.0022608504481593824,
              "min": 1311.8671875,
              "p05": 1312.164453125,
              "p50": 1314.83984375,
              "p95": 1317.515234375,
              "max": 1317.8125
            },
            "privateMemoryMiBSum": {
              "count": 2,
              "mean": 631.671875,
              "standardDeviation": 3.2421875,
              "coefficientOfVariation": 0.005132708338486655,
              "min": 628.4296875,
              "p05": 628.75390625,
              "p50": 631.671875,
              "p95": 634.58984375,
              "max": 634.9140625
            },
            "systemFreeMemoryMiB": {
              "count": 2,
              "mean": 16659.26171875,
              "standardDeviation": 0.60546875,
              "coefficientOfVariation": 0.0000363442726467611,
              "min": 16658.65625,
              "p05": 16658.716796875,
              "p50": 16659.26171875,
              "p95": 16659.806640625,
              "max": 16659.8671875
            }
          },
          "mainProcess": {
            "cpuPercent": {
              "count": 2,
              "mean": 0.16590732399278907,
              "standardDeviation": 0.007336767860121912,
              "coefficientOfVariation": 0.04422208546043931,
              "min": 0.15857055613266716,
              "p05": 0.15930423291867934,
              "p50": 0.16590732399278907,
              "p95": 0.1725104150668988,
              "max": 0.17324409185291098
            },
            "idleWakeupsPerSecond": {
              "count": 2,
              "mean": 0,
              "standardDeviation": 0,
              "coefficientOfVariation": null,
              "min": 0,
              "p05": 0,
              "p50": 0,
              "p95": 0,
              "max": 0
            },
            "residentSetMiB": {
              "count": 2,
              "mean": 185.291015625,
              "standardDeviation": 0.017578125,
              "coefficientOfVariation": 0.0000948676596148373,
              "min": 185.2734375,
              "p05": 185.2751953125,
              "p50": 185.291015625,
              "p95": 185.3068359375,
              "max": 185.30859375
            },
            "privateMemoryMiB": {
              "count": 2,
              "mean": 92.576171875,
              "standardDeviation": 0.017578125,
              "coefficientOfVariation": 0.000189877423574337,
              "min": 92.55859375,
              "p05": 92.5603515625,
              "p50": 92.576171875,
              "p95": 92.5919921875,
              "max": 92.59375
            },
            "sharedMemoryMiB": {
              "count": 2,
              "mean": 1.58984375,
              "standardDeviation": 0,
              "coefficientOfVariation": 0,
              "min": 1.58984375,
              "p05": 1.58984375,
              "p50": 1.58984375,
              "p95": 1.58984375,
              "max": 1.58984375
            },
            "rssMiB": {
              "count": 2,
              "mean": 185.291015625,
              "standardDeviation": 0.017578125,
              "coefficientOfVariation": 0.0000948676596148373,
              "min": 185.2734375,
              "p05": 185.2751953125,
              "p50": 185.291015625,
              "p95": 185.3068359375,
              "max": 185.30859375
            },
            "heapUsedMiB": {
              "count": 2,
              "mean": 6.398782730102539,
              "standardDeviation": 0.04079246520996094,
              "coefficientOfVariation": 0.006375035210690338,
              "min": 6.357990264892578,
              "p05": 6.362069511413575,
              "p50": 6.398782730102539,
              "p95": 6.4354959487915036,
              "max": 6.4395751953125
            }
          },
          "byProcess": [
            {
              "pid": 29092,
              "role": "fixture-renderer",
              "type": "Tab",
              "name": null,
              "serviceName": null,
              "cpuPercent": {
                "count": 2,
                "mean": 0.5740398270070521,
                "standardDeviation": 0.03783231798149317,
                "coefficientOfVariation": 0.06590538879287272,
                "min": 0.5362075090255589,
                "p05": 0.5399907408237082,
                "p50": 0.5740398270070521,
                "p95": 0.6080889131903959,
                "max": 0.6118721449885453
              },
              "idleWakeupsPerSecond": {
                "count": 2,
                "mean": 0,
                "standardDeviation": 0,
                "coefficientOfVariation": null,
                "min": 0,
                "p05": 0,
                "p50": 0,
                "p95": 0,
                "max": 0
              },
              "workingSetMiB": {
                "count": 2,
                "mean": 132.76171875,
                "standardDeviation": 0.6875,
                "coefficientOfVariation": 0.0051784505840468415,
                "min": 132.07421875,
                "p05": 132.14296875,
                "p50": 132.76171875,
                "p95": 133.38046875,
                "max": 133.44921875
              },
              "peakWorkingSetMiB": {
                "count": 2,
                "mean": 136.66796875,
                "standardDeviation": 0,
                "coefficientOfVariation": 0,
                "min": 136.66796875,
                "p05": 136.66796875,
                "p50": 136.66796875,
                "p95": 136.66796875,
                "max": 136.66796875
              },
              "privateMemoryMiB": {
                "count": 2,
                "mean": 48.455078125,
                "standardDeviation": 0.685546875,
                "coefficientOfVariation": 0.014148091418436858,
                "min": 47.76953125,
                "p05": 47.8380859375,
                "p50": 48.455078125,
                "p95": 49.0720703125,
                "max": 49.140625
              },
              "sharedMemoryMiB": {
                "count": 0,
                "mean": null,
                "standardDeviation": null,
                "coefficientOfVariation": null,
                "min": null,
                "p05": null,
                "p50": null,
                "p95": null,
                "max": null
              }
            },
            {
              "pid": 20244,
              "role": "gpu-process",
              "type": "GPU",
              "name": null,
              "serviceName": "GPU",
              "cpuPercent": {
                "count": 2,
                "mean": 1.8767879414118438,
                "standardDeviation": 0.04263869888025662,
                "coefficientOfVariation": 0.02271897529785969,
                "min": 1.834149242531587,
                "p05": 1.8384131124196128,
                "p50": 1.8767879414118438,
                "p95": 1.9151627704040746,
                "max": 1.9194266402921003
              },
              "idleWakeupsPerSecond": {
                "count": 2,
                "mean": 0,
                "standardDeviation": 0,
                "coefficientOfVariation": null,
                "min": 0,
                "p05": 0,
                "p50": 0,
                "p95": 0,
                "max": 0
              },
              "workingSetMiB": {
                "count": 2,
                "mean": 248.103515625,
                "standardDeviation": 0.548828125,
                "coefficientOfVariation": 0.002212093301529572,
                "min": 247.5546875,
                "p05": 247.6095703125,
                "p50": 248.103515625,
                "p95": 248.5974609375,
                "max": 248.65234375
              },
              "peakWorkingSetMiB": {
                "count": 2,
                "mean": 250.744140625,
                "standardDeviation": 0.548828125,
                "coefficientOfVariation": 0.002188797407716095,
                "min": 250.1953125,
                "p05": 250.2501953125,
                "p50": 250.744140625,
                "p95": 251.2380859375,
                "max": 251.29296875
              },
              "privateMemoryMiB": {
                "count": 2,
                "mean": 232.111328125,
                "standardDeviation": 4.814453125,
                "coefficientOfVariation": 0.020741999814878703,
                "min": 227.296875,
                "p05": 227.7783203125,
                "p50": 232.111328125,
                "p95": 236.4443359375,
                "max": 236.92578125
              },
              "sharedMemoryMiB": {
                "count": 0,
                "mean": null,
                "standardDeviation": null,
                "coefficientOfVariation": null,
                "min": null,
                "p05": null,
                "p50": null,
                "p95": null,
                "max": null
              }
            },
            {
              "pid": 14504,
              "role": "main",
              "type": "Browser",
              "name": null,
              "serviceName": null,
              "cpuPercent": {
                "count": 2,
                "mean": 0.1659899453103235,
                "standardDeviation": 0.008268124443396058,
                "coefficientOfVariation": 0.049810995647588986,
                "min": 0.15772182086692743,
                "p05": 0.15854863331126703,
                "p50": 0.1659899453103235,
                "p95": 0.17343125730937994,
                "max": 0.17425806975371955
              },
              "idleWakeupsPerSecond": {
                "count": 2,
                "mean": 0,
                "standardDeviation": 0,
                "coefficientOfVariation": null,
                "min": 0,
                "p05": 0,
                "p50": 0,
                "p95": 0,
                "max": 0
              },
              "workingSetMiB": {
                "count": 2,
                "mean": 185.291015625,
                "standardDeviation": 0.017578125,
                "coefficientOfVariation": 0.0000948676596148373,
                "min": 185.2734375,
                "p05": 185.2751953125,
                "p50": 185.291015625,
                "p95": 185.3068359375,
                "max": 185.30859375
              },
              "peakWorkingSetMiB": {
                "count": 2,
                "mean": 222.8515625,
                "standardDeviation": 0,
                "coefficientOfVariation": 0,
                "min": 222.8515625,
                "p05": 222.8515625,
                "p50": 222.8515625,
                "p95": 222.8515625,
                "max": 222.8515625
              },
              "privateMemoryMiB": {
                "count": 2,
                "mean": 92.576171875,
                "standardDeviation": 0.017578125,
                "coefficientOfVariation": 0.000189877423574337,
                "min": 92.55859375,
                "p05": 92.5603515625,
                "p50": 92.576171875,
                "p95": 92.5919921875,
                "max": 92.59375
              },
              "sharedMemoryMiB": {
                "count": 0,
                "mean": null,
                "standardDeviation": null,
                "coefficientOfVariation": null,
                "min": null,
                "p05": null,
                "p50": null,
                "p95": null,
                "max": null
              }
            },
            {
              "pid": 26180,
              "role": "receiver-renderer",
              "type": "Tab",
              "name": null,
              "serviceName": null,
              "cpuPercent": {
                "count": 2,
                "mean": 0.7845042829502764,
                "standardDeviation": 0.016157100961278925,
                "coefficientOfVariation": 0.020595299875887353,
                "min": 0.7683471819889975,
                "p05": 0.7699628920851255,
                "p50": 0.7845042829502764,
                "p95": 0.7990456738154275,
                "max": 0.8006613839115554
              },
              "idleWakeupsPerSecond": {
                "count": 2,
                "mean": 0,
                "standardDeviation": 0,
                "coefficientOfVariation": null,
                "min": 0,
                "p05": 0,
                "p50": 0,
                "p95": 0,
                "max": 0
              },
              "workingSetMiB": {
                "count": 2,
                "mean": 149.80078125,
                "standardDeviation": 0.58203125,
                "coefficientOfVariation": 0.0038853685884899214,
                "min": 149.21875,
                "p05": 149.276953125,
                "p50": 149.80078125,
                "p95": 150.324609375,
                "max": 150.3828125
              },
              "peakWorkingSetMiB": {
                "count": 2,
                "mean": 149.80078125,
                "standardDeviation": 0.58203125,
                "coefficientOfVariation": 0.0038853685884899214,
                "min": 149.21875,
                "p05": 149.276953125,
                "p50": 149.80078125,
                "p95": 150.324609375,
                "max": 150.3828125
              },
              "privateMemoryMiB": {
                "count": 2,
                "mean": 69.6328125,
                "standardDeviation": 0.50390625,
                "coefficientOfVariation": 0.0072366206664422755,
                "min": 69.12890625,
                "p05": 69.179296875,
                "p50": 69.6328125,
                "p95": 70.086328125,
                "max": 70.13671875
              },
              "sharedMemoryMiB": {
                "count": 0,
                "mean": null,
                "standardDeviation": null,
                "coefficientOfVariation": null,
                "min": null,
                "p05": null,
                "p50": null,
                "p95": null,
                "max": null
              }
            },
            {
              "pid": 19844,
              "role": "sender-renderer",
              "type": "Tab",
              "name": null,
              "serviceName": null,
              "cpuPercent": {
                "count": 2,
                "mean": 0.9577034518684882,
                "standardDeviation": 0.014913616668294882,
                "coefficientOfVariation": 0.015572269933034365,
                "min": 0.9427898352001932,
                "p05": 0.9442811968670227,
                "p50": 0.9577034518684882,
                "p95": 0.9711257068699535,
                "max": 0.972617068536783
              },
              "idleWakeupsPerSecond": {
                "count": 2,
                "mean": 0,
                "standardDeviation": 0,
                "coefficientOfVariation": null,
                "min": 0,
                "p05": 0,
                "p50": 0,
                "p95": 0,
                "max": 0
              },
              "workingSetMiB": {
                "count": 2,
                "mean": 151.75390625,
                "standardDeviation": 0.625,
                "coefficientOfVariation": 0.004118510128960849,
                "min": 151.12890625,
                "p05": 151.19140625,
                "p50": 151.75390625,
                "p95": 152.31640625,
                "max": 152.37890625
              },
              "peakWorkingSetMiB": {
                "count": 2,
                "mean": 151.96875,
                "standardDeviation": 0.54296875,
                "coefficientOfVariation": 0.0035728973884433476,
                "min": 151.42578125,
                "p05": 151.480078125,
                "p50": 151.96875,
                "p95": 152.457421875,
                "max": 152.51171875
              },
              "privateMemoryMiB": {
                "count": 2,
                "mean": 68.966796875,
                "standardDeviation": 0.361328125,
                "coefficientOfVariation": 0.005239160601512276,
                "min": 68.60546875,
                "p05": 68.6416015625,
                "p50": 68.966796875,
                "p95": 69.2919921875,
                "max": 69.328125
              },
              "sharedMemoryMiB": {
                "count": 0,
                "mean": null,
                "standardDeviation": null,
                "coefficientOfVariation": null,
                "min": null,
                "p05": null,
                "p50": null,
                "p95": null,
                "max": null
              }
            },
            {
              "pid": 23868,
              "role": "utility-process",
              "type": "Utility",
              "name": "Audio Service",
              "serviceName": "audio.mojom.AudioService",
              "cpuPercent": {
                "count": 2,
                "mean": 0.3545909975505048,
                "standardDeviation": 0.004391856091262719,
                "coefficientOfVariation": 0.012385695411337062,
                "min": 0.3501991414592421,
                "p05": 0.35063832706836834,
                "p50": 0.3545909975505048,
                "p95": 0.35854366803264126,
                "max": 0.3589828536417675
              },
              "idleWakeupsPerSecond": {
                "count": 2,
                "mean": 0,
                "standardDeviation": 0,
                "coefficientOfVariation": null,
                "min": 0,
                "p05": 0,
                "p50": 0,
                "p95": 0,
                "max": 0
              },
              "workingSetMiB": {
                "count": 2,
                "mean": 108.474609375,
                "standardDeviation": 0.001953125,
                "coefficientOfVariation": 0.000018005365598948486,
                "min": 108.47265625,
                "p05": 108.4728515625,
                "p50": 108.474609375,
                "p95": 108.4763671875,
                "max": 108.4765625
              },
              "peakWorkingSetMiB": {
                "count": 2,
                "mean": 108.474609375,
                "standardDeviation": 0.001953125,
                "coefficientOfVariation": 0.000018005365598948486,
                "min": 108.47265625,
                "p05": 108.4728515625,
                "p50": 108.474609375,
                "p95": 108.4763671875,
                "max": 108.4765625
              },
              "privateMemoryMiB": {
                "count": 2,
                "mean": 16.3359375,
                "standardDeviation": 0,
                "coefficientOfVariation": 0,
                "min": 16.3359375,
                "p05": 16.3359375,
                "p50": 16.3359375,
                "p95": 16.3359375,
                "max": 16.3359375
              },
              "sharedMemoryMiB": {
                "count": 0,
                "mean": null,
                "standardDeviation": null,
                "coefficientOfVariation": null,
                "min": null,
                "p05": null,
                "p50": null,
                "p95": null,
                "max": null
              }
            },
            {
              "pid": 27172,
              "role": "utility-process",
              "type": "Utility",
              "name": "Video Capture",
              "serviceName": "video_capture.mojom.VideoCaptureService",
              "cpuPercent": {
                "count": 2,
                "mean": 0.004652083227591564,
                "standardDeviation": 0.00019284923293615835,
                "coefficientOfVariation": 0.04145438151071054,
                "min": 0.004459233994655406,
                "p05": 0.004478518917949021,
                "p50": 0.004652083227591564,
                "p95": 0.004825647537234107,
                "max": 0.0048449324605277224
              },
              "idleWakeupsPerSecond": {
                "count": 2,
                "mean": 0,
                "standardDeviation": 0,
                "coefficientOfVariation": null,
                "min": 0,
                "p05": 0,
                "p50": 0,
                "p95": 0,
                "max": 0
              },
              "workingSetMiB": {
                "count": 2,
                "mean": 127.64453125,
                "standardDeviation": 0,
                "coefficientOfVariation": 0,
                "min": 127.64453125,
                "p05": 127.64453125,
                "p50": 127.64453125,
                "p95": 127.64453125,
                "max": 127.64453125
              },
              "peakWorkingSetMiB": {
                "count": 2,
                "mean": 129.83984375,
                "standardDeviation": 0,
                "coefficientOfVariation": 0,
                "min": 129.83984375,
                "p05": 129.83984375,
                "p50": 129.83984375,
                "p95": 129.83984375,
                "max": 129.83984375
              },
              "privateMemoryMiB": {
                "count": 2,
                "mean": 70.08203125,
                "standardDeviation": 0,
                "coefficientOfVariation": 0,
                "min": 70.08203125,
                "p05": 70.08203125,
                "p50": 70.08203125,
                "p95": 70.08203125,
                "max": 70.08203125
              },
              "sharedMemoryMiB": {
                "count": 0,
                "mean": null,
                "standardDeviation": null,
                "coefficientOfVariation": null,
                "min": null,
                "p05": null,
                "p50": null,
                "p95": null,
                "max": null
              }
            },
            {
              "pid": 27532,
              "role": "utility-process",
              "type": "Utility",
              "name": "Network Service",
              "serviceName": "network.mojom.NetworkService",
              "cpuPercent": {
                "count": 2,
                "mean": 0.10537291746010276,
                "standardDeviation": 0.0002304404934335147,
                "coefficientOfVariation": 0.0021869043677258545,
                "min": 0.10514247696666924,
                "p05": 0.10516552101601259,
                "p50": 0.10537291746010276,
                "p95": 0.10558031390419292,
                "max": 0.10560335795353627
              },
              "idleWakeupsPerSecond": {
                "count": 2,
                "mean": 0,
                "standardDeviation": 0,
                "coefficientOfVariation": null,
                "min": 0,
                "p05": 0,
                "p50": 0,
                "p95": 0,
                "max": 0
              },
              "workingSetMiB": {
                "count": 2,
                "mean": 109.35546875,
                "standardDeviation": 0,
                "coefficientOfVariation": 0,
                "min": 109.35546875,
                "p05": 109.35546875,
                "p50": 109.35546875,
                "p95": 109.35546875,
                "max": 109.35546875
              },
              "peakWorkingSetMiB": {
                "count": 2,
                "mean": 109.35546875,
                "standardDeviation": 0,
                "coefficientOfVariation": 0,
                "min": 109.35546875,
                "p05": 109.35546875,
                "p50": 109.35546875,
                "p95": 109.35546875,
                "max": 109.35546875
              },
              "privateMemoryMiB": {
                "count": 2,
                "mean": 17.6015625,
                "standardDeviation": 0,
                "coefficientOfVariation": 0,
                "min": 17.6015625,
                "p05": 17.6015625,
                "p50": 17.6015625,
                "p95": 17.6015625,
                "max": 17.6015625
              },
              "sharedMemoryMiB": {
                "count": 0,
                "mean": null,
                "standardDeviation": null,
                "coefficientOfVariation": null,
                "min": null,
                "p05": null,
                "p50": null,
                "p95": null,
                "max": null
              }
            },
            {
              "pid": 31304,
              "role": "utility-process",
              "type": "Utility",
              "name": "Tracing Service",
              "serviceName": "tracing.mojom.TracingService",
              "cpuPercent": {
                "count": 2,
                "mean": 0.009233664634125567,
                "standardDeviation": 0.0017248536306490635,
                "coefficientOfVariation": 0.18680054983526137,
                "min": 0.0075088110034765045,
                "p05": 0.007681296366541411,
                "p50": 0.009233664634125567,
                "p95": 0.010786032901709725,
                "max": 0.010958518264774631
              },
              "idleWakeupsPerSecond": {
                "count": 2,
                "mean": 0,
                "standardDeviation": 0,
                "coefficientOfVariation": null,
                "min": 0,
                "p05": 0,
                "p50": 0,
                "p95": 0,
                "max": 0
              },
              "workingSetMiB": {
                "count": 2,
                "mean": 101.654296875,
                "standardDeviation": 0.509765625,
                "coefficientOfVariation": 0.005014698253501643,
                "min": 101.14453125,
                "p05": 101.1955078125,
                "p50": 101.654296875,
                "p95": 102.1130859375,
                "max": 102.1640625
              },
              "peakWorkingSetMiB": {
                "count": 2,
                "mean": 101.654296875,
                "standardDeviation": 0.509765625,
                "coefficientOfVariation": 0.005014698253501643,
                "min": 101.14453125,
                "p05": 101.1955078125,
                "p50": 101.654296875,
                "p95": 102.1130859375,
                "max": 102.1640625
              },
              "privateMemoryMiB": {
                "count": 2,
                "mean": 15.91015625,
                "standardDeviation": 0.00390625,
                "coefficientOfVariation": 0.00024551927326295114,
                "min": 15.90625,
                "p05": 15.906640625,
                "p50": 15.91015625,
                "p95": 15.913671875,
                "max": 15.9140625
              },
              "sharedMemoryMiB": {
                "count": 0,
                "mean": null,
                "standardDeviation": null,
                "coefficientOfVariation": null,
                "min": null,
                "p05": null,
                "p50": null,
                "p95": null,
                "max": null
              }
            }
          ],
          "nvidia": {
            "available": false,
            "gpuUtilizationPercentMax": {
              "count": 0,
              "mean": null,
              "standardDeviation": null,
              "coefficientOfVariation": null,
              "min": null,
              "p05": null,
              "p50": null,
              "p95": null,
              "max": null
            },
            "encoderUtilizationPercentMax": {
              "count": 0,
              "mean": null,
              "standardDeviation": null,
              "coefficientOfVariation": null,
              "min": null,
              "p05": null,
              "p50": null,
              "p95": null,
              "max": null
            },
            "decoderUtilizationPercentMax": {
              "count": 0,
              "mean": null,
              "standardDeviation": null,
              "coefficientOfVariation": null,
              "min": null,
              "p05": null,
              "p50": null,
              "p95": null,
              "max": null
            },
            "memoryUsedMiBSum": {
              "count": 0,
              "mean": null,
              "standardDeviation": null,
              "coefficientOfVariation": null,
              "min": null,
              "p05": null,
              "p50": null,
              "p95": null,
              "max": null
            },
            "powerDrawWattsSum": {
              "count": 0,
              "mean": null,
              "standardDeviation": null,
              "coefficientOfVariation": null,
              "min": null,
              "p05": null,
              "p50": null,
              "p95": null,
              "max": null
            },
            "temperatureCelsiusMax": {
              "count": 0,
              "mean": null,
              "standardDeviation": null,
              "coefficientOfVariation": null,
              "min": null,
              "p05": null,
              "p50": null,
              "p95": null,
              "max": null
            },
            "graphicsClockMHzMax": {
              "count": 0,
              "mean": null,
              "standardDeviation": null,
              "coefficientOfVariation": null,
              "min": null,
              "p05": null,
              "p50": null,
              "p95": null,
              "max": null
            },
            "memoryClockMHzMax": {
              "count": 0,
              "mean": null,
              "standardDeviation": null,
              "coefficientOfVariation": null,
              "min": null,
              "p05": null,
              "p50": null,
              "p95": null,
              "max": null
            },
            "byGpu": []
          }
        },
        "visualQuality": {
          "available": false,
          "valid": false,
          "reason": "disabled"
        }
      }
    }
  ],
  "aggregate": {
    "byProfile": {
      "performance": {
        "runs": 1,
        "validRuns": 0,
        "excludedRuns": 1,
        "comparable": true,
        "selectedStratum": null,
        "strata": [],
        "median": {
          "source.captureFps": null,
          "sender.encodeFps": null,
          "sender.bitrateBps": null,
          "sender.totalUploadBitrateBps": null,
          "sender.retransmissionRatio": null,
          "sender.keyFramesPerMinute": null,
          "sender.keyFrameRatio": null,
          "sender.pliCount": null,
          "sender.firCount": null,
          "sender.mutations.total": null,
          "sender.mutations.structural": null,
          "sender.mutations.bitrate": null,
          "receiver.packetLossRatio": null,
          "transport.sendBitrateBps.coefficientOfVariation": null,
          "transport.packetSendDelayMs.p95": null,
          "transport.packetLossRatio.p95": null,
          "sender.averageEncodeTimeMs": null,
          "receiver.decodeFps": null,
          "receiver.averageJitterBufferMs": null,
          "render.presentedFps": null,
          "render.intervalMs.p95": null,
          "render.captureToCompositorMs.p95": null,
          "visualQuality.ssim.p50": null,
          "visualQuality.psnrDb.p50": null,
          "resources.global.cpuPercentSum.mean": null,
          "resources.global.cpuPercentSum.p95": null,
          "resources.global.privateMemoryMiBSum.p95": null,
          "resources.mainProcess.cpuPercent.mean": null,
          "resources.nvidia.gpuUtilizationPercentMax.mean": null,
          "resources.nvidia.encoderUtilizationPercentMax.mean": null,
          "resources.nvidia.decoderUtilizationPercentMax.mean": null,
          "resources.nvidia.memoryUsedMiBSum.p95": null
        }
      }
    },
    "differential": null
  }
}
[14504:0829/100952.940:VERBOSE1:content\browser\renderer_host\media\media_stream_manager.cc:1519] AOC::Close([state=playing]) [id=59D8C65D9AA45886C77B21DF76122A63]
[14504:0829/100952.940:VERBOSE1:content\browser\renderer_host\media\media_stream_manager.cc:1519] AOC::StopStream => (duration=5 sec) [id=59D8C65D9AA45886C77B21DF76122A63]
[14504:0829/100952.940:VERBOSE1:content\browser\renderer_host\media\media_stream_manager.cc:1519] AOC::StopStream => (glitches=[duration (ms): 0, count: 0], glitch_percentage=0.000%) [id=59D8C65D9AA45886C77B21DF76122A63]
[14504:0829/100952.940:VERBOSE1:content\browser\renderer_host\media\media_stream_manager.cc:1519] AOC::StopStream => (error_during_callback=false) [id=59D8C65D9AA45886C77B21DF76122A63]
[14504:0829/100952.940:VERBOSE1:content\browser\renderer_host\media\media_stream_manager.cc:1519] AOC::StopStream => (average audio level=-inf dBFS) [id=59D8C65D9AA45886C77B21DF76122A63]
[14504:0829/100952.940:VERBOSE1:content\browser\renderer_host\media\media_stream_manager.cc:1519] AOC::Close => (state=closed) [id=59D8C65D9AA45886C77B21DF76122A63]
[14504:0829/100952.940:VERBOSE1:content\browser\renderer_host\media\media_stream_manager.cc:1519] audio::OS::Dtor => (completed, duration=0 ms) [id=1EBBFE01500D9F4443978F5AAA41C8E1] [controller_id=59D8C65D9AA45886C77B21DF76122A63]
[14504:0829/100952.940:VERBOSE1:content\browser\renderer_host\media\media_stream_manager.cc:1519] ASR: number of detected audio glitches: 0 out of 557
[14504:0829/100952.940:VERBOSE1:content\browser\renderer_host\media\media_stream_manager.cc:1519] MSM::StopStreamDevice({render_process_id=6}, {render_frame_id=1}, {requester_id=0}, {device_id=default}, {session_id=2658F09738210CF3BA10C5BE62703283})
[14504:0829/100952.940:VERBOSE1:content\browser\renderer_host\media\media_stream_manager.cc:1519] MSM::StopDevice({type=DEVICE_AUDIO_CAPTURE}, {session_id=2658F09738210CF3BA10C5BE62703283})
[14504:0829/100952.940:VERBOSE1:content\browser\renderer_host\media\media_stream_manager.cc:1519] MSM::CloseDevice({type=DEVICE_AUDIO_CAPTURE}, {session_id=2658F09738210CF3BA10C5BE62703283})
[14504:0829/100952.940:VERBOSE1:content\browser\renderer_host\media\media_stream_manager.cc:1519] AIDM::Close({session_id=2658F09738210CF3BA10C5BE62703283})
[14504:0829/100952.940:VERBOSE1:content\browser\renderer_host\media\media_stream_manager.cc:1519] MSM::DR::SetState({label=d0b6e0f0-1a26-4458-9c80-ccc9165d5410}, [requester_id=0], {stream_type=DEVICE_AUDIO_CAPTURE}, {new_state=STATE_CLOSING})
[14504:0829/100952.940:VERBOSE1:content\browser\renderer_host\media\media_stream_manager.cc:1519] MSM::DeleteRequest([label=d0b6e0f0-1a26-4458-9c80-ccc9165d5410])
[14504:0829/100952.940:VERBOSE1:content\browser\renderer_host\media\media_stream_manager.cc:1519] AIDM::Closed({session_id=2658F09738210CF3BA10C5BE62703283})
[14504:0829/100952.940:VERBOSE1:content\browser\renderer_host\media\media_stream_manager.cc:1519] MSM::Closed({stream_type=DEVICE_AUDIO_CAPTURE}, {session_id=2658F09738210CF3BA10C5BE62703283})
[14504:0829/100952.942:VERBOSE1:content\browser\renderer_host\media\media_stream_manager.cc:1519] AOC::Close([state=playing]) [id=EFE7BCA039D0A09F9254F4303A050C4F]
[14504:0829/100952.942:VERBOSE1:content\browser\renderer_host\media\media_stream_manager.cc:1519] AOC::StopStream => (duration=5 sec) [id=EFE7BCA039D0A09F9254F4303A050C4F]
[14504:0829/100952.942:VERBOSE1:content\browser\renderer_host\media\media_stream_manager.cc:1519] AOC::StopStream => (glitches=[duration (ms): 0, count: 0], glitch_percentage=0.000%) [id=EFE7BCA039D0A09F9254F4303A050C4F]
[14504:0829/100952.942:VERBOSE1:content\browser\renderer_host\media\media_stream_manager.cc:1519] AOC::StopStream => (error_during_callback=false) [id=EFE7BCA039D0A09F9254F4303A050C4F]
[14504:0829/100952.942:VERBOSE1:content\browser\renderer_host\media\media_stream_manager.cc:1519] AOC::StopStream => (average audio level=-inf dBFS) [id=EFE7BCA039D0A09F9254F4303A050C4F]
[14504:0829/100952.942:VERBOSE1:content\browser\renderer_host\media\media_stream_manager.cc:1519] AOC::Close => (state=closed) [id=EFE7BCA039D0A09F9254F4303A050C4F]
[14504:0829/100952.942:VERBOSE1:content\browser\renderer_host\media\media_stream_manager.cc:1519] audio::OS::Dtor => (completed, duration=0 ms) [id=5D426D42100E88B6A3A082E8FE488BF6] [controller_id=EFE7BCA039D0A09F9254F4303A050C4F]
[14504:0829/100952.942:VERBOSE1:content\browser\renderer_host\media\media_stream_manager.cc:1519] ASR: number of detected audio glitches: 0 out of 554
[14504:0829/100952.942:VERBOSE1:content\browser\renderer_host\media\media_stream_manager.cc:1519] AOC::Close([state=playing]) [id=2C394CCB05BDAFA316A38C3BE7BAA357]
[14504:0829/100952.942:VERBOSE1:content\browser\renderer_host\media\media_stream_manager.cc:1519] AOC::StopStream => (duration=5 sec) [id=2C394CCB05BDAFA316A38C3BE7BAA357]
[14504:0829/100952.942:VERBOSE1:content\browser\renderer_host\media\media_stream_manager.cc:1519] AOC::StopStream => (glitches=[duration (ms): 0, count: 0], glitch_percentage=0.000%) [id=2C394CCB05BDAFA316A38C3BE7BAA357]
[14504:0829/100952.942:VERBOSE1:content\browser\renderer_host\media\media_stream_manager.cc:1519] AOC::StopStream => (error_during_callback=false) [id=2C394CCB05BDAFA316A38C3BE7BAA357]
[14504:0829/100952.942:VERBOSE1:content\browser\renderer_host\media\media_stream_manager.cc:1519] AOC::StopStream => (average audio level=-98.97 dBFS) [id=2C394CCB05BDAFA316A38C3BE7BAA357]
[14504:0829/100952.942:VERBOSE1:content\browser\renderer_host\media\media_stream_manager.cc:1519] AOC::Close => (state=closed) [id=2C394CCB05BDAFA316A38C3BE7BAA357]
[14504:0829/100952.942:VERBOSE1:content\browser\renderer_host\media\media_stream_manager.cc:1519] audio::OS::Dtor => (completed, duration=0 ms) [id=875CB88B6ED0B31A5D86934B66444FC2] [controller_id=2C394CCB05BDAFA316A38C3BE7BAA357]
[14504:0829/100952.942:VERBOSE1:content\browser\renderer_host\media\media_stream_manager.cc:1519] ASR: number of detected audio glitches: 0 out of 554
[14504:0829/100952.942:VERBOSE1:content\browser\renderer_host\media\media_stream_manager.cc:1519] OutputTapper: stop listening [id=AF70588784C42B136ABF5DA12B75836D]
[14504:0829/100952.942:VERBOSE1:content\browser\renderer_host\media\media_stream_manager.cc:1519] AIC::~ProcessingFifo() => (total_callbacks=632, total_overruns=0) [id=AF70588784C42B136ABF5DA12B75836D]
[14504:0829/100952.942:VERBOSE1:content\browser\renderer_host\media\media_stream_manager.cc:1519] AIC::Close => (stream duration=6 seconds) [id=AF70588784C42B136ABF5DA12B75836D]
[14504:0829/100952.942:VERBOSE1:content\browser\renderer_host\media\media_stream_manager.cc:1519] audio::IS::Dtor => (completed, duration=0 ms) [id=AF70588784C42B136ABF5DA12B75836D]
[14504:0829/100952.942:VERBOSE1:content\browser\renderer_host\media\media_stream_manager.cc:1519] AIC::Dtor => (duration=6 sec) [id=AF70588784C42B136ABF5DA12B75836D]
[14504:0829/100952.942:VERBOSE1:content\browser\renderer_host\media\media_stream_manager.cc:1519] AIC::Dtor => (glitches=[duration (ms): 0, count: 0], glitch_percentage=0.000%) [id=AF70588784C42B136ABF5DA12B75836D]
[14504:0829/100952.942:VERBOSE1:content\browser\renderer_host\media\media_stream_manager.cc:1519] AISW::~InputGlitchCounter => (number of detected audio glitches: 0 out of 632)  [id=093112DA871208F94797A79194B0864E]
[14504:0829/100952.943:VERBOSE1:content\browser\renderer_host\media\media_stream_manager.cc:1519] AOC::Close([state=playing]) [id=1E945EA428A7280ECC55F9C461DA6384]
[14504:0829/100952.945:VERBOSE1:content\browser\renderer_host\media\media_stream_manager.cc:1519] AOC::StopStream => (duration=5 sec) [id=1E945EA428A7280ECC55F9C461DA6384]
[14504:0829/100952.945:VERBOSE1:content\browser\renderer_host\media\media_stream_manager.cc:1519] AOC::StopStream => (glitches=[duration (ms): 0, count: 0], glitch_percentage=0.000%) [id=1E945EA428A7280ECC55F9C461DA6384]
[14504:0829/100952.945:VERBOSE1:content\browser\renderer_host\media\media_stream_manager.cc:1519] AOC::StopStream => (error_during_callback=false) [id=1E945EA428A7280ECC55F9C461DA6384]
[14504:0829/100952.945:VERBOSE1:content\browser\renderer_host\media\media_stream_manager.cc:1519] AOC::StopStream => (average audio level=-99.09 dBFS) [id=1E945EA428A7280ECC55F9C461DA6384]
[14504:0829/100952.945:VERBOSE1:content\browser\renderer_host\media\media_stream_manager.cc:1519] AOC::Close => (state=closed) [id=1E945EA428A7280ECC55F9C461DA6384]
[14504:0829/100952.945:VERBOSE1:content\browser\renderer_host\media\media_stream_manager.cc:1519] audio::OS::Dtor => (completed, duration=0 ms) [id=226941FD0FFCEA622E716C385CA60BC1] [controller_id=1E945EA428A7280ECC55F9C461DA6384]
[14504:0829/100952.945:VERBOSE1:content\browser\renderer_host\media\media_stream_manager.cc:1519] ASR: number of detected audio glitches: 0 out of 555
[14504:0829/100952.945:VERBOSE1:content\browser\renderer_host\media\media_stream_manager.cc:1519] MSM::StopStreamDevice({render_process_id=7}, {render_frame_id=1}, {requester_id=1}, {device_id=default}, {session_id=E6ED93951C782E0AF9E57E97871FB078})
[14504:0829/100952.945:VERBOSE1:content\browser\renderer_host\media\media_stream_manager.cc:1519] MSM::StopDevice({type=DEVICE_AUDIO_CAPTURE}, {session_id=E6ED93951C782E0AF9E57E97871FB078})
[14504:0829/100952.945:VERBOSE1:content\browser\renderer_host\media\media_stream_manager.cc:1519] MSM::CloseDevice({type=DEVICE_AUDIO_CAPTURE}, {session_id=E6ED93951C782E0AF9E57E97871FB078})
[14504:0829/100952.945:VERBOSE1:content\browser\renderer_host\media\media_stream_manager.cc:1519] AIDM::Close({session_id=E6ED93951C782E0AF9E57E97871FB078})
[14504:0829/100952.945:VERBOSE1:content\browser\renderer_host\media\media_stream_manager.cc:1519] MSM::DR::SetState({label=1dfc94ff-a5af-4c57-af8a-20a3b2dbc516}, [requester_id=1], {stream_type=DEVICE_AUDIO_CAPTURE}, {new_state=STATE_CLOSING})
[14504:0829/100952.945:VERBOSE1:content\browser\renderer_host\media\media_stream_manager.cc:1519] MSM::DeleteRequest([label=1dfc94ff-a5af-4c57-af8a-20a3b2dbc516])
[14504:0829/100952.945:VERBOSE1:content\browser\renderer_host\media\media_stream_manager.cc:1519] AIDM::Closed({session_id=E6ED93951C782E0AF9E57E97871FB078})
[14504:0829/100952.945:VERBOSE1:content\browser\renderer_host\media\media_stream_manager.cc:1519] MSM::Closed({stream_type=DEVICE_AUDIO_CAPTURE}, {session_id=E6ED93951C782E0AF9E57E97871FB078})
[14504:0829/100952.949:VERBOSE1:content\browser\renderer_host\media\media_stream_manager.cc:1519] AOC::Close([state=playing]) [id=F5298FA2F726373733F720EF4896A7E1]
[14504:0829/100952.949:VERBOSE1:content\browser\renderer_host\media\media_stream_manager.cc:1519] AOC::StopStream => (duration=0 sec) [id=F5298FA2F726373733F720EF4896A7E1]
[14504:0829/100952.949:VERBOSE1:content\browser\renderer_host\media\media_stream_manager.cc:1519] AOC::StopStream => (glitches=[duration (ms): 0, count: 0], glitch_percentage=0.000%) [id=F5298FA2F726373733F720EF4896A7E1]
[14504:0829/100952.949:VERBOSE1:content\browser\renderer_host\media\media_stream_manager.cc:1519] AOC::StopStream => (error_during_callback=false) [id=F5298FA2F726373733F720EF4896A7E1]
[14504:0829/100952.949:VERBOSE1:content\browser\renderer_host\media\media_stream_manager.cc:1519] AOC::StopStream => (average audio level=-inf dBFS) [id=F5298FA2F726373733F720EF4896A7E1]
[14504:0829/100952.949:VERBOSE1:content\browser\renderer_host\media\media_stream_manager.cc:1519] AOC::Close => (state=closed) [id=F5298FA2F726373733F720EF4896A7E1]
[14504:0829/100952.949:VERBOSE1:content\browser\renderer_host\media\media_stream_manager.cc:1519] audio::OS::Dtor => (completed, duration=0 ms) [id=8E7438663082E40207F96D6E3593CCBE] [controller_id=F5298FA2F726373733F720EF4896A7E1]
[14504:0829/100952.949:VERBOSE1:content\browser\renderer_host\media\media_stream_manager.cc:1519] ASR: number of detected audio glitches: 0 out of 68
[14504:0829/100952.951:VERBOSE1:content\browser\renderer_host\media\media_stream_manager.cc:1519] AOC::Close([state=playing]) [id=B604EED82EC3124EC109D3C072CC4D40]
[14504:0829/100952.951:VERBOSE1:content\browser\renderer_host\media\media_stream_manager.cc:1519] AOC::StopStream => (duration=5 sec) [id=B604EED82EC3124EC109D3C072CC4D40]
[14504:0829/100952.951:VERBOSE1:content\browser\renderer_host\media\media_stream_manager.cc:1519] AOC::StopStream => (glitches=[duration (ms): 0, count: 0], glitch_percentage=0.000%) [id=B604EED82EC3124EC109D3C072CC4D40]
[14504:0829/100952.951:VERBOSE1:content\browser\renderer_host\media\media_stream_manager.cc:1519] AOC::StopStream => (error_during_callback=false) [id=B604EED82EC3124EC109D3C072CC4D40]
[14504:0829/100952.951:VERBOSE1:content\browser\renderer_host\media\media_stream_manager.cc:1519] AOC::StopStream => (average audio level=-inf dBFS) [id=B604EED82EC3124EC109D3C072CC4D40]
[14504:0829/100952.951:VERBOSE1:content\browser\renderer_host\media\media_stream_manager.cc:1519] AOC::Close => (state=closed) [id=B604EED82EC3124EC109D3C072CC4D40]
[14504:0829/100952.951:VERBOSE1:content\browser\renderer_host\media\media_stream_manager.cc:1519] audio::OS::Dtor => (completed, duration=0 ms) [id=A50D15A0EBEEFDE1AAE24D4EDDFB9DF0] [controller_id=B604EED82EC3124EC109D3C072CC4D40]
[14504:0829/100952.951:VERBOSE1:content\browser\renderer_host\media\media_stream_manager.cc:1519] ASR: number of detected audio glitches: 0 out of 557
[14504:0829/100952.952:VERBOSE1:content\browser\renderer_host\media\media_stream_manager.cc:1519] OutputTapper: stop listening [id=F4086FB5CA923AC8C4E079E8127370EF]
[14504:0829/100952.952:VERBOSE1:content\browser\renderer_host\media\media_stream_manager.cc:1519] AIC::~ProcessingFifo() => (total_callbacks=632, total_overruns=0) [id=F4086FB5CA923AC8C4E079E8127370EF]
[14504:0829/100952.952:VERBOSE1:content\browser\renderer_host\media\media_stream_manager.cc:1519] AIC::Close => (stream duration=6 seconds) [id=F4086FB5CA923AC8C4E079E8127370EF]
[14504:0829/100952.952:VERBOSE1:content\browser\renderer_host\media\media_stream_manager.cc:1519] audio::IS::Dtor => (completed, duration=2 ms) [id=F4086FB5CA923AC8C4E079E8127370EF]
[14504:0829/100952.952:VERBOSE1:content\browser\renderer_host\media\media_stream_manager.cc:1519] AIC::Dtor => (duration=6 sec) [id=F4086FB5CA923AC8C4E079E8127370EF]
[14504:0829/100952.952:VERBOSE1:content\browser\renderer_host\media\media_stream_manager.cc:1519] AIC::Dtor => (glitches=[duration (ms): 0, count: 0], glitch_percentage=0.000%) [id=F4086FB5CA923AC8C4E079E8127370EF]
[14504:0829/100952.952:VERBOSE1:content\browser\renderer_host\media\media_stream_manager.cc:1519] AISW::~InputGlitchCounter => (number of detected audio glitches: 0 out of 632)  [id=81074F7F6B395B6263444DFC255E9142]
[14504:0829/100952.955:VERBOSE1:content\browser\renderer_host\media\media_stream_manager.cc:1519] WAOS[id=E55E6861B5BBBB26C8216CB8E40386DB]: Stop([started=true])
[14504:0829/100952.978:VERBOSE1:content\browser\renderer_host\media\media_stream_manager.cc:1519] WAOS[id=E55E6861B5BBBB26C8216CB8E40386DB]: ReportAndResetStats => (num_glitches_detected=[0], cumulative_audio_lost=[0 ms], largest_glitch=[0 ms])
[14504:0829/100953.052:INFO:services\tracing\public\cpp\startup_tracing_controller.cc:242] Completed startup tracing to C:\Projects\discord p2p\artifacts\probe-m150-c-window-default.trace.json
[14504:0829/100953.086:VERBOSE1:content\browser\renderer_host\media\media_stream_manager.cc:1519] MDM::HandleDevicesChanged({type=AUDIO_INPUT}, {request_id=7})
[14504:0829/100953.086:VERBOSE1:content\browser\renderer_host\media\media_stream_manager.cc:1519] MDM::EnumerateSystemDevices({request_id=7}, {type=AUDIO_INPUT})
[14504:0829/100953.086:VERBOSE1:content\browser\renderer_host\media\media_stream_manager.cc:1519] MDM::DevicesEnumerated({request_id=7}, {type=AUDIO_INPUT}, {labels=[Fake Default Audio Input, Fake Audio Input 1, Fake Audio Input 2]})
[14504:0829/100953.098:VERBOSE1:content\browser\renderer_host\media\media_stream_manager.cc:1519] MDM::HandleDevicesChanged({type=VIDEO_INPUT}, {request_id=8})
[14504:0829/100953.098:VERBOSE1:content\browser\renderer_host\media\media_stream_manager.cc:1519] MDM::EnumerateSystemDevices({request_id=8}, {type=VIDEO_INPUT})
[14504:0829/100953.098:VERBOSE1:content\browser\renderer_host\media\media_stream_manager.cc:1519] video capture: VideoCaptureManager::EnumerateDevices
[14504:0829/100953.098:VERBOSE1:content\browser\renderer_host\media\media_stream_manager.cc:1519] video capture: ServiceVideoCaptureProvider::GetDeviceInfosAsync
[14504:0829/100953.138:VERBOSE1:content\browser\renderer_host\media\media_stream_manager.cc:1519] MDM::StopMonitoring({audio=true}, {video=true})
[14504:0829/100953.175:VERBOSE1:base\metrics\statistics_recorder.cc:631] Collections of all histograms
Histogram: Accessibility.InlineTextBoxes.PresentInUpdate recorded 8 samples, mean = 0.0 (flags = 0x1)
0  --------O                                                                 (8 = 100.0%)
1  ... 

Histogram: Accessibility.ManuallyEnabled recorded 1 samples, mean = 0.0 (flags = 0x1)
0  -O                                                                        (1 = 100.0%)
1  ... 

Histogram: Accessibility.Performance.AXTree.Destroy2 recorded 8 samples, mean = 0.0 (flags = 0x1)
0  --------O                                                                 (8 = 100.0%)
1  ... 

Histogram: Accessibility.Performance.Tree.Unserialize2 recorded 8 samples, mean = 2.1 (flags = 0x1)
0  O                                                                         (0 = 0.0%)
1  ---O                                                                      (3 = 37.5%) {0.0%}
2  ---O                                                                      (3 = 37.5%) {37.5%}
3  -O                                                                        (1 = 12.5%) {75.0%}
4  O                                                                         (0 = 0.0%) {87.5%}
5  -O                                                                        (1 = 12.5%) {87.5%}
7  ... 

Histogram: Accessibility.WinHighContrastTheme recorded 1 samples, mean = 0.0 (flags = 0x1)
0  -O                                                                        (1 = 100.0%)
1  ... 

Histogram: BackForwardCache.History.EntryMatch recorded 3 samples, mean = 0.0 (flags = 0x1)
0  ---O                                                                      (3 = 100.0%)
1  ... 

Histogram: BackForwardCache.NewPageNavHasPotentialMatch recorded 3 samples, mean = 0.0 (flags = 0x1)
0  ---O                                                                      (3 = 100.0%)
1  ... 

Histogram: BackForwardCache.NewPageNavHasPotentialMatchWithNoSubframes recorded 3 samples, mean = 0.0 (flags = 0x1)
0  ---O                                                                      (3 = 100.0%)
1  ... 

Histogram: BrowserRenderProcessHost.Cleanup.DelayReason recorded 6 samples, mean = 4.5 (flags = 0x1)
0  ---O                                                                      (3 = 50.0%)
1  ... 
9  ---O                                                                      (3 = 50.0%) {50.0%}
10 ... 

Histogram: BrowserRenderProcessHost.Cleanup.Total recorded 6 samples, mean = 1.0 (flags = 0x1)
0  O                                                                         (0 = 0.0%)
1  ------O                                                                   (6 = 100.0%) {0.0%}
2  O                                                                         (0 = 0.0%) {100.0%}

Histogram: BrowserRenderProcessHost.MaxOutermostMainFrames recorded 3 samples, mean = 1.0 (flags = 0x1)
0  O                                                                         (0 = 0.0%)
1  ---O                                                                      (3 = 100.0%) {0.0%}
2  ... 

Histogram: BrowserRenderProcessHost.NoSparePresentReason2 recorded 3 samples, mean = 4.7 (flags = 0x1)
0  ... 
3  --O                                                                       (2 = 66.7%) {0.0%}
4  ... 
8  -O                                                                        (1 = 33.3%) {66.7%}
9  ... 

Histogram: BrowserRenderProcessHost.NoSpareRenderer.AllocationSource.NotEnabled recorded 2 samples, mean = 0.0 (flags = 0x1)
0  --O                                                                       (2 = 100.0%)
1  ... 

Histogram: BrowserRenderProcessHost.NoSpareRenderer.AllocationSource.NotYetCreatedFirstLaunch recorded 1 samples, mean = 0.0 (flags = 0x1)
0  -O                                                                        (1 = 100.0%)
1  ... 

Histogram: BrowserRenderProcessHost.SiteInstanceRenderProcessAssignment recorded 3 samples, mean = 3.0 (flags = 0x1)
0  ... 
3  ---O                                                                      (3 = 100.0%) {0.0%}
4  O                                                                         (0 = 0.0%) {100.0%}

Histogram: BrowserRenderProcessHost.SpareProcessMaybeTakeAction recorded 3 samples, mean = 0.0 (flags = 0x1)
0  ---O                                                                      (3 = 100.0%)
1  ... 

Histogram: BrowserRenderProcessHost.SuspendedChild.KernelExecutionRecorded recorded 3 samples, mean = 0.0 (flags = 0x1)
0  ---O                                                                      (3 = 100.0%)
1  ... 

Histogram: BrowserRenderProcessHost.SuspendedChild.UserExecutionRecorded recorded 3 samples, mean = 0.0 (flags = 0x1)
0  ---O                                                                      (3 = 100.0%)
1  ... 

Histogram: Chrome.FontDataService.CreateResult recorded 14 samples, mean = 3.0 (flags = 0x1)
0  ... 
3  --------------O                                                           (14 = 100.0%) {0.0%}
4  ... 

Histogram: Chrome.FontDataService.EmptyPathOnGetFileHandle recorded 14 samples, mean = 0.0 (flags = 0x1)
0  --------------O                                                           (14 = 100.0%)
1  ... 

Histogram: Chrome.FontDataService.FileHandlePathReferencesParent recorded 14 samples, mean = 0.0 (flags = 0x1)
0  --------------O                                                           (14 = 100.0%)
1  ... 

Histogram: Chrome.FontDataService.InvokedIPC recorded 14 samples, mean = 0.4 (flags = 0x1)
0  ------------O                                                             (12 = 85.7%)
1  ... 
3  --O                                                                       (2 = 14.3%) {85.7%}
4  ... 

Histogram: Compositing.Browser.CompositorFrame.Quads recorded 17 samples, mean = 1.4 (flags = 0x1)
0  O                                                                         (0 = 0.0%)
1  ------------O                                                             (12 = 70.6%) {0.0%}
2  ----O                                                                     (4 = 23.5%) {70.6%}
3  -O                                                                        (1 = 5.9%) {94.1%}
4  ... 

Histogram: Compositing.Browser.LayersUpdateTime recorded 19 samples, mean = 30.6 (flags = 0x1)
0    ... 
3    -O                                                                        (1 = 5.3%) {0.0%}
4    -----O                                                                    (5 = 26.3%) {5.3%}
6    -O                                                                        (1 = 5.3%) {31.6%}
8    O                                                                         (0 = 0.0%) {36.8%}
11   --O                                                                       (2 = 10.5%) {36.8%}
15   --O                                                                       (2 = 10.5%) {47.4%}
21   ---O                                                                      (3 = 15.8%) {57.9%}
29   --O                                                                       (2 = 10.5%) {73.7%}
40   --O                                                                       (2 = 10.5%) {84.2%}
55   ... 
203  -O                                                                        (1 = 5.3%) {94.7%}
282  ... 

Histogram: Compositing.ResourcePool.PeakMemoryUsage recorded 3 samples, mean = 0.3 (flags = 0x1)
0  --O                                                                       (2 = 66.7%)
1  -O                                                                        (1 = 33.3%) {66.7%}
2  ... 

Histogram: Compositing.ResourcePool.PeakMemoryUsage.NonZero recorded 1 samples, mean = 1.0 (flags = 0x1)
0  O                                                                         (0 = 0.0%)
1  -O                                                                        (1 = 100.0%) {0.0%}
2  ... 

Histogram: Compositing.ResourcePool.PeakResourceCount recorded 3 samples, mean = 0.3 (flags = 0x1)
0  --O                                                                       (2 = 66.7%)
1  -O                                                                        (1 = 33.3%) {66.7%}
2  ... 

Histogram: Compositing.TileManager.EnoughMemory.Browser recorded 1 samples, mean = 1.0 (flags = 0x1)
0  O                                                                         (0 = 0.0%)
1  -O                                                                        (1 = 100.0%) {0.0%}
2  O                                                                         (0 = 0.0%) {100.0%}

Histogram: Compositing.TileManager.MemoryUsageWhenEnoughMemory.Browser recorded 1 samples, mean = 0.0 (flags = 0x1)
0  -O                                                                        (1 = 100.0%)
1  ... 

Histogram: Compositing.TileManager.RasterTasksDuration recorded 1 samples, mean = 34.0 (flags = 0x1)
0   ... 
33  -O                                                                        (1 = 100.0%) {0.0%}
41  ... 

Histogram: Cookie.FirstPartySets.Browser.DelayedQueriesCount recorded 1 samples, mean = 1.0 (flags = 0x1)
0  O                                                                         (0 = 0.0%)
1  -O                                                                        (1 = 100.0%) {0.0%}
2  ... 

Histogram: Cookie.FirstPartySets.Browser.MostDelayedQueryDelta recorded 1 samples, mean = 33.0 (flags = 0x1)
0   ... 
29  -O                                                                        (1 = 100.0%) {0.0%}
34  ... 

Histogram: Event.UserActivation.TriggerForSticky recorded 3 samples, mean = 1.0 (flags = 0x1)
0  O                                                                         (0 = 0.0%)
1  ---O                                                                      (3 = 100.0%) {0.0%}
2  ... 

Histogram: Extensions.WebRequest.DeclarativeRequestDependentExtensionCount recorded 20 samples, mean = 0.0 (flags = 0x1)
0  --------------------O                                                     (20 = 100.0%)
1  ... 

Histogram: Extensions.WebRequest.ProxyDecision2 recorded 20 samples, mean = 0.0 (flags = 0x1)
0  --------------------O                                                     (20 = 100.0%)
1  ... 

Histogram: Extensions.WebRequest.WebRequestDependentExtensionCount recorded 20 samples, mean = 0.0 (flags = 0x1)
0  --------------------O                                                     (20 = 100.0%)
1  ... 

Histogram: Extensions.WebRequest.WebViewDependentExtensionCount recorded 20 samples, mean = 0.0 (flags = 0x1)
0  --------------------O                                                     (20 = 100.0%)
1  ... 

Histogram: GPU.BlocklistEntriesApplied recorded 2 samples (flags = 0x1)
0    -O                                                                        (1 = 50.0%)
186  -O                                                                        (1 = 50.0%)

Histogram: GPU.BlocklistFeatureTestResults.Accelerated2dCanvas recorded 1 samples, mean = 0.0 (flags = 0x1)
0  -O                                                                        (1 = 100.0%)
1  ... 

Histogram: GPU.BlocklistFeatureTestResults.GpuCompositing recorded 1 samples, mean = 0.0 (flags = 0x1)
0  -O                                                                        (1 = 100.0%)
1  ... 

Histogram: GPU.BlocklistFeatureTestResults.GpuRasterization recorded 1 samples, mean = 0.0 (flags = 0x1)
0  -O                                                                        (1 = 100.0%)
1  ... 

Histogram: GPU.BlocklistFeatureTestResults.Webgl recorded 1 samples, mean = 0.0 (flags = 0x1)
0  -O                                                                        (1 = 100.0%)
1  ... 

Histogram: GPU.BlocklistFeatureTestResults.Webgl2 recorded 1 samples, mean = 0.0 (flags = 0x1)
0  -O                                                                        (1 = 100.0%)
1  ... 

Histogram: GPU.BlocklistFeatureTestResults.Webgpu recorded 1 samples, mean = 2.0 (flags = 0x1)
0  ... 
2  -O                                                                        (1 = 100.0%) {0.0%}
3  ... 

Histogram: GPU.CanvasOopRaster.OopRasterAndGpuAcceleration recorded 1 samples, mean = 0.0 (flags = 0x1)
0  -O                                                                        (1 = 100.0%)
1  ... 

Histogram: GPU.DriverBugTestResultsPerEntry recorded 6 samples (flags = 0x1)
0    -O                                                                        (1 = 16.7%)
17   -O                                                                        (1 = 16.7%)
165  -O                                                                        (1 = 16.7%)
206  -O                                                                        (1 = 16.7%)
256  -O                                                                        (1 = 16.7%)
426  -O                                                                        (1 = 16.7%)

Histogram: GPU.EstablishGpuChannel.Browser.InitAsyncLatency recorded 3 samples, mean = 3.3 (flags = 0x1)
0  ... 
2  -O                                                                        (1 = 33.3%) {0.0%}
3  -O                                                                        (1 = 33.3%) {33.3%}
4  O                                                                         (0 = 0.0%) {66.7%}
5  -O                                                                        (1 = 33.3%) {66.7%}
6  ... 

Histogram: GPU.EstablishGpuChannel.Browser.RegularAsyncLatency recorded 1 samples, mean = 53.0 (flags = 0x1)
0   ... 
52  -O                                                                        (1 = 100.0%) {0.0%}
66  ... 

Histogram: GPU.GPUProcessLaunchTime recorded 1 samples, mean = 41.0 (flags = 0x1)
0   ... 
40  -O                                                                        (1 = 100.0%) {0.0%}
48  ... 

Histogram: GPU.GPUProcessTerminationStatus2 recorded 1 samples, mean = 4.0 (flags = 0x1)
0  ... 
4  -O                                                                        (1 = 100.0%) {0.0%}
5  ... 

Histogram: GPU.ProcessLifetime2 recorded 1 samples, mean = 7.0 (flags = 0x1)
0  ... 
7  -O                                                                        (1 = 100.0%) {0.0%}
9  ... 

Histogram: GPU.ProcessLifetimeEvents.HardwareAccelerated recorded 1 samples, mean = 0.0 (flags = 0x1)
0  -O                                                                        (1 = 100.0%)
1  ... 

Histogram: Graphics.Paint.UI.NormalizedInvalidatedArea recorded 2 samples, mean = 100000.0 (flags = 0x1)
0      ... 
94854  --O                                                                       (2 = 100.0%) {0.0%}
123452 ... 

Histogram: ImportantFile.FileReplaceResult.All recorded 4 samples, mean = 0.2 (flags = 0x1)
0  ---O                                                                      (3 = 75.0%)
1  -O                                                                        (1 = 25.0%) {75.0%}
2  ... 

Histogram: ImportantFile.FileReplaceResult.Local_State recorded 1 samples, mean = 0.0 (flags = 0x1)
0  -O                                                                        (1 = 100.0%)
1  ... 

Histogram: ImportantFile.FileReplaceResult.Preferences recorded 3 samples, mean = 0.3 (flags = 0x1)
0  --O                                                                       (2 = 66.7%)
1  -O                                                                        (1 = 33.3%) {66.7%}
2  ... 

Histogram: ImportantFile.FileReplaceRetryCount recorded 4 samples, mean = 0.2 (flags = 0x1)
0  ---O                                                                      (3 = 75.0%)
1  -O                                                                        (1 = 25.0%) {75.0%}
2  ... 

Histogram: ImportantFile.FileReplaceRetryCount2.All recorded 1 samples, mean = 1.0 (flags = 0x1)
0  O                                                                         (0 = 0.0%)
1  -O                                                                        (1 = 100.0%) {0.0%}
2  ... 

Histogram: ImportantFile.FileReplaceRetryCount2.Preferences recorded 1 samples, mean = 1.0 (flags = 0x1)
0  O                                                                         (0 = 0.0%)
1  -O                                                                        (1 = 100.0%) {0.0%}
2  ... 

Histogram: ImportantFile.SerializationDuration.All recorded 4 samples, mean = 0.0 (flags = 0x1)
0  ----O                                                                     (4 = 100.0%)
1  ... 

Histogram: ImportantFile.SerializationDuration.Local_State recorded 1 samples, mean = 0.0 (flags = 0x1)
0  -O                                                                        (1 = 100.0%)
1  ... 

Histogram: ImportantFile.SerializationDuration.Preferences recorded 3 samples, mean = 0.0 (flags = 0x1)
0  ---O                                                                      (3 = 100.0%)
1  ... 

Histogram: ImportantFile.WriteDuration.All recorded 4 samples, mean = 32.2 (flags = 0x1)
0   ... 
5   -O                                                                        (1 = 25.0%) {0.0%}
6   --O                                                                       (2 = 50.0%) {25.0%}
7   ... 
96  -O                                                                        (1 = 25.0%) {75.0%}
114 ... 

Histogram: ImportantFile.WriteDuration.Local_State recorded 1 samples, mean = 6.0 (flags = 0x1)
0  ... 
6  -O                                                                        (1 = 100.0%) {0.0%}
7  ... 

Histogram: ImportantFile.WriteDuration.Preferences recorded 3 samples, mean = 41.0 (flags = 0x1)
0   ... 
5   -O                                                                        (1 = 33.3%) {0.0%}
6   -O                                                                        (1 = 33.3%) {33.3%}
7   ... 
96  -O                                                                        (1 = 33.3%) {66.7%}
114 ... 

Histogram: IndexedDB.BackendDuration.BeginTransaction.InMemory recorded 18 samples, mean = 0.0 (flags = 0x1)
0  ------------------O                                                       (18 = 100.0%)
1  ... 

Histogram: IndexedDB.BackendDuration.ChangeDatabaseVersion.InMemory recorded 2 samples, mean = 0.0 (flags = 0x1)
0  --O                                                                       (2 = 100.0%)
1  ... 

Histogram: IndexedDB.BackendDuration.CloseBackingStore.InMemory recorded 2 samples, mean = 0.0 (flags = 0x1)
0  --O                                                                       (2 = 100.0%)
1  ... 

Histogram: IndexedDB.BackendDuration.CommitTransaction.InMemory recorded 18 samples, mean = 0.0 (flags = 0x1)
0  ------------------O                                                       (18 = 100.0%)
1  ... 

Histogram: IndexedDB.BackendDuration.CreateDatabase.InMemory recorded 2 samples, mean = 0.0 (flags = 0x1)
0  --O                                                                       (2 = 100.0%)
1  ... 

Histogram: IndexedDB.BackendDuration.CreateIndex.InMemory recorded 2 samples, mean = 0.0 (flags = 0x1)
0  --O                                                                       (2 = 100.0%)
1  ... 

Histogram: IndexedDB.BackendDuration.CreateObjectStore.InMemory recorded 6 samples, mean = 0.0 (flags = 0x1)
0  ------O                                                                   (6 = 100.0%)
1  ... 

Histogram: IndexedDB.BackendDuration.GetAllRecords.InMemory recorded 2 samples, mean = 0.0 (flags = 0x1)
0  --O                                                                       (2 = 100.0%)
1  ... 

Histogram: IndexedDB.BackendDuration.GetRecord.InMemory recorded 4 samples, mean = 0.0 (flags = 0x1)
0  ----O                                                                     (4 = 100.0%)
1  ... 

Histogram: IndexedDB.BackendDuration.OpenCursor.InMemory recorded 2 samples, mean = 0.0 (flags = 0x1)
0  --O                                                                       (2 = 100.0%)
1  ... 

Histogram: IndexedDB.BackendDuration.PutRecord.InMemory recorded 10 samples, mean = 0.0 (flags = 0x1)
0  ----------O                                                               (10 = 100.0%)
1  ... 

Histogram: IndexedDB.BackingStore.BeginTransaction.InMemory recorded 18 samples, mean = 0.0 (flags = 0x1)
0  ------------------O                                                       (18 = 100.0%)
1  ... 

Histogram: IndexedDB.BackingStore.ChangeDatabaseVersion.InMemory recorded 2 samples, mean = 0.0 (flags = 0x1)
0  --O                                                                       (2 = 100.0%)
1  ... 

Histogram: IndexedDB.BackingStore.CommitPhaseOne.InMemory recorded 18 samples, mean = 0.0 (flags = 0x1)
0  ------------------O                                                       (18 = 100.0%)
1  ... 

Histogram: IndexedDB.BackingStore.CommitPhaseTwo.InMemory recorded 18 samples, mean = 0.0 (flags = 0x1)
0  ------------------O                                                       (18 = 100.0%)
1  ... 

Histogram: IndexedDB.BackingStore.CreateIfMissing.InMemory recorded 2 samples, mean = 0.0 (flags = 0x1)
0  --O                                                                       (2 = 100.0%)
1  ... 

Histogram: IndexedDB.BackingStore.CreateIndex.InMemory recorded 2 samples, mean = 0.0 (flags = 0x1)
0  --O                                                                       (2 = 100.0%)
1  ... 

Histogram: IndexedDB.BackingStore.CreateObjectStore.InMemory recorded 6 samples, mean = 0.0 (flags = 0x1)
0  ------O                                                                   (6 = 100.0%)
1  ... 

Histogram: IndexedDB.BackingStore.CreateOrOpenDatabase.InMemory recorded 2 samples, mean = 0.0 (flags = 0x1)
0  --O                                                                       (2 = 100.0%)
1  ... 

Histogram: IndexedDB.BackingStore.GetAllRecords.InMemory recorded 2 samples, mean = 0.0 (flags = 0x1)
0  --O                                                                       (2 = 100.0%)
1  ... 

Histogram: IndexedDB.BackingStore.GetRecord.InMemory recorded 4 samples, mean = 0.0 (flags = 0x1)
0  ----O                                                                     (4 = 100.0%)
1  ... 

Histogram: IndexedDB.BackingStore.OpenCursor.InMemory recorded 2 samples, mean = 0.0 (flags = 0x1)
0  --O                                                                       (2 = 100.0%)
1  ... 

Histogram: IndexedDB.BackingStore.PutRecord.InMemory recorded 10 samples, mean = 0.0 (flags = 0x1)
0  ----------O                                                               (10 = 100.0%)
1  ... 

Histogram: IndexedDB.ContextShutdownDuration2 recorded 1 samples, mean = 0.0 (flags = 0x1)
0  -O                                                                        (1 = 100.0%)
1  ... 

Histogram: IndexedDB.CreateReadOnlyTransaction.NumTransactionsInConnection recorded 6 samples, mean = 1.7 (flags = 0x1)
0  --O                                                                       (2 = 33.3%)
1  --O                                                                       (2 = 33.3%) {33.3%}
2  ... 
4  --O                                                                       (2 = 33.3%) {66.7%}
5  ... 

Histogram: IndexedDB.CreateReadOnlyTransaction.NumTransactionsInDatabase recorded 6 samples, mean = 1.7 (flags = 0x1)
0  --O                                                                       (2 = 33.3%)
1  --O                                                                       (2 = 33.3%) {33.3%}
2  ... 
4  --O                                                                       (2 = 33.3%) {66.7%}
5  ... 

Histogram: IndexedDB.CreateReadWriteTransaction.NumTransactionsInConnection recorded 10 samples, mean = 2.2 (flags = 0x1)
0  --O                                                                       (2 = 20.0%)
1  O                                                                         (0 = 0.0%) {20.0%}
2  ----O                                                                     (4 = 40.0%) {20.0%}
3  --O                                                                       (2 = 20.0%) {60.0%}
4  --O                                                                       (2 = 20.0%) {80.0%}
5  ... 

Histogram: IndexedDB.CreateReadWriteTransaction.NumTransactionsInDatabase recorded 10 samples, mean = 2.2 (flags = 0x1)
0  --O                                                                       (2 = 20.0%)
1  O                                                                         (0 = 0.0%) {20.0%}
2  ----O                                                                     (4 = 40.0%) {20.0%}
3  --O                                                                       (2 = 20.0%) {60.0%}
4  --O                                                                       (2 = 20.0%) {80.0%}
5  ... 

Histogram: IndexedDB.CreateVersionChangeTransaction.NumTransactionsInConnection recorded 2 samples, mean = 0.0 (flags = 0x1)
0  --O                                                                       (2 = 100.0%)
1  ... 

Histogram: IndexedDB.CreateVersionChangeTransaction.NumTransactionsInDatabase recorded 2 samples, mean = 0.0 (flags = 0x1)
0  --O                                                                       (2 = 100.0%)
1  ... 

Histogram: IndexedDB.DatabaseConnectionOpenResult.InMemory recorded 4 samples, mean = 1.0 (flags = 0x1)
0  --O                                                                       (2 = 50.0%)
1  O                                                                         (0 = 0.0%) {50.0%}
2  --O                                                                       (2 = 50.0%) {50.0%}
3  ... 

Histogram: IndexedDB.QuotaCheckTime2.Success recorded 2 samples, mean = 0.0 (flags = 0x1)
0  --O                                                                       (2 = 100.0%)
1  ... 

Histogram: Input.PointerTypePrimary recorded 1 samples, mean = 2.0 (flags = 0x1)
0  ... 
2  -O                                                                        (1 = 100.0%) {0.0%}
3  O                                                                         (0 = 0.0%) {100.0%}

Histogram: Input.PointerTypesAll recorded 1 samples, mean = 2.0 (flags = 0x1)
0  ... 
2  -O                                                                        (1 = 100.0%) {0.0%}
3  ... 

Histogram: LevelDBEnv.DeleteTableBackupFile recorded 0 samples (flags = 0x1)
0 ... 

Histogram: LevelDBEnv.SyncResult recorded 4 samples, mean = 0.0 (flags = 0x1)
0  ----O                                                                     (4 = 100.0%)
1  ... 

Histogram: LevelDBWrapper.CommitDelay recorded 4 samples, mean = 29022.5 (flags = 0x1)
0      ... 
4516   --O                                                                       (2 = 50.0%) {0.0%}
6118   ... 
51267  --O                                                                       (2 = 50.0%) {50.0%}
69459  ... 

Histogram: LocalStorage.DatabaseOnDiskSizeKB recorded 1 samples, mean = 0.0 (flags = 0x1)
0  -O                                                                        (1 = 100.0%)
1000... 

Histogram: MPArch.ChildProcessLaunchFirst recorded 1 samples, mean = 12.0 (flags = 0x1)
0   ... 
12  -O                                                                        (1 = 100.0%) {0.0%}
14  ... 

Histogram: MPArch.ChildProcessLaunchSubsequent recorded 7 samples, mean = 13.4 (flags = 0x1)
0   ... 
10  --O                                                                       (2 = 28.6%) {0.0%}
12  -O                                                                        (1 = 14.3%) {28.6%}
14  ----O                                                                     (4 = 57.1%) {42.9%}
17  ... 

Histogram: MPArch.ChildProcessLauncher.Notify recorded 8 samples, mean = 19.8 (flags = 0x1)
0   ... 
10  -O                                                                        (1 = 12.5%) {0.0%}
12  -O                                                                        (1 = 12.5%) {12.5%}
14  ----O                                                                     (4 = 50.0%) {25.0%}
17  ... 
34  -O                                                                        (1 = 12.5%) {75.0%}
40  -O                                                                        (1 = 12.5%) {87.5%}
48  ... 

Histogram: MPArch.ChildProcessLauncher.PreLaunchDelay recorded 8 samples, mean = 0.0 (flags = 0x1)
0  --------O                                                                 (8 = 100.0%)
1  ... 

Histogram: Media.Audible.ConcurrentTabsTime recorded 10 samples, mean = 310.5 (flags = 0x1)
0    ... 
160  ---O                                                                      (3 = 30.0%) {0.0%}
217  ----O                                                                     (4 = 40.0%) {30.0%}
294  -O                                                                        (1 = 10.0%) {70.0%}
398  -O                                                                        (1 = 10.0%) {80.0%}
539  -O                                                                        (1 = 10.0%) {90.0%}
730  ... 

Histogram: Media.Audible.ConcurrentTabsWhenStarting recorded 19 samples, mean = 0.5 (flags = 0x1)
0  ---------O                                                                (9 = 47.4%)
1  ----------O                                                               (10 = 52.6%) {47.4%}
2  ... 

Histogram: Media.Audible.MaxConcurrentTabsInSession recorded 2 samples, mean = 1.5 (flags = 0x1)
0  O                                                                         (0 = 0.0%)
1  -O                                                                        (1 = 50.0%) {0.0%}
2  -O                                                                        (1 = 50.0%) {50.0%}
3  ... 

Histogram: Media.Audio.OutputDeviceAuthorizationTime recorded 19 samples, mean = 5.8 (flags = 0x1)
0   ... 
3   ----O                                                                     (4 = 21.1%) {0.0%}
4   ----O                                                                     (4 = 21.1%) {21.1%}
5   O                                                                         (0 = 0.0%) {42.1%}
6   ------O                                                                   (6 = 31.6%) {42.1%}
7   -O                                                                        (1 = 5.3%) {73.7%}
8   --O                                                                       (2 = 10.5%) {78.9%}
9   O                                                                         (0 = 0.0%) {89.5%}
11  -O                                                                        (1 = 5.3%) {89.5%}
13  -O                                                                        (1 = 5.3%) {94.7%}
15  ... 

Histogram: Media.MediaDevicesManager.VideoDeviceEnumeration.Result recorded 1 samples, mean = 0.0 (flags = 0x1)
0  -O                                                                        (1 = 100.0%)
1  ... 

Histogram: Media.MediaDevicesManager.VideoDeviceEnumeration.Start recorded 2 samples, mean = 1.0 (flags = 0x1)
0  O                                                                         (0 = 0.0%)
1  --O                                                                       (2 = 100.0%) {0.0%}
2  O                                                                         (0 = 0.0%) {100.0%}

Histogram: Media.Session.ActiveTime recorded 4 samples, mean = 358.2 (flags = 0x1)
0    ... 
294  ---O                                                                      (3 = 75.0%) {0.0%}
398  -O                                                                        (1 = 25.0%) {75.0%}
539  ... 

Histogram: Media.VideoCapture.AspectRatio recorded 1 samples (flags = 0x1)
177  -O                                                                        (1 = 100.0%)

Histogram: Media.VideoCapture.DelayUntilFirstFrame recorded 1 samples, mean = 21.0 (flags = 0x1)
0   ... 
20  -O                                                                        (1 = 100.0%) {0.0%}
24  ... 

Histogram: Media.VideoCapture.FrameRate recorded 1 samples, mean = 60.0 (flags = 0x1)
0   ... 
49  -O                                                                        (1 = 100.0%) {0.0%}
65  ... 

Histogram: Media.VideoCapture.Height recorded 1 samples, mean = 720.0 (flags = 0x1)
0    ... 
590  -O                                                                        (1 = 100.0%) {0.0%}
777  ... 

Histogram: Media.VideoCapture.StreamShared recorded 1 samples, mean = 0.0 (flags = 0x1)
0  -O                                                                        (1 = 100.0%)
1  ... 

Histogram: Media.VideoCapture.Width recorded 1 samples, mean = 1280.0 (flags = 0x1)
0     ... 
1023  -O                                                                        (1 = 100.0%) {0.0%}
1347  ... 

Histogram: Media.VideoEncoder.WebRTC.HW.Area recorded 2 samples, mean = 7200.0 (flags = 0x1)
0     ... 
4053  -O                                                                        (1 = 50.0%) {0.0%}
5338  O                                                                         (0 = 0.0%) {50.0%}
7031  -O                                                                        (1 = 50.0%) {50.0%}
9260  ... 

Histogram: Media.VideoEncoder.WebRTC.HW.Frames recorded 2 samples, mean = 1.0 (flags = 0x1)
0  O                                                                         (0 = 0.0%)
1  --O                                                                       (2 = 100.0%) {0.0%}
2  ... 

Histogram: Media.VideoEncoder.WebRTC.HW.Height recorded 2 samples, mean = 630.0 (flags = 0x1)
0    ... 
533  -O                                                                        (1 = 50.0%) {0.0%}
633  -O                                                                        (1 = 50.0%) {50.0%}
752  ... 

Histogram: Media.VideoEncoder.WebRTC.HW.Profile recorded 2 samples, mean = 0.0 (flags = 0x1)
0  --O                                                                       (2 = 100.0%)
1  ... 

Histogram: Media.VideoEncoder.WebRTC.HW.SVC recorded 2 samples, mean = 0.0 (flags = 0x1)
0  --O                                                                       (2 = 100.0%)
1  ... 

Histogram: Media.VideoEncoder.WebRTC.HW.Status recorded 2 samples, mean = 0.0 (flags = 0x1)
0  --O                                                                       (2 = 100.0%)
1  ... 

Histogram: Media.VideoEncoder.WebRTC.HW.Width recorded 2 samples, mean = 1120.0 (flags = 0x1)
0     ... 
894   -O                                                                        (1 = 50.0%) {0.0%}
1062  O                                                                         (0 = 0.0%) {50.0%}
1262  -O                                                                        (1 = 50.0%) {50.0%}
1500  ... 

Histogram: Memory.CommitAvailableMB recorded 1 samples, mean = 16496.0 (flags = 0x1)
0      ... 
14319  -O                                                                        (1 = 100.0%) {0.0%}
19866  ... 

Histogram: Memory.CommitLimitMB recorded 1 samples, mean = 38348.0 (flags = 0x1)
0      ... 
38240  -O                                                                        (1 = 100.0%) {0.0%}
53055  ... 

Histogram: Memory.CommitPercentageUsed recorded 1 samples, mean = 57.0 (flags = 0x1)
0   ... 
57  -O                                                                        (1 = 100.0%) {0.0%}
58  ... 

Histogram: Memory.Dump.Type.AllDetailLevels recorded 3 samples, mean = 2.0 (flags = 0x1)
0  ... 
2  ---O                                                                      (3 = 100.0%) {0.0%}
3  O                                                                         (0 = 0.0%) {100.0%}

Histogram: Memory.Dump.Type.Background recorded 3 samples, mean = 2.0 (flags = 0x1)
0  ... 
2  ---O                                                                      (3 = 100.0%) {0.0%}
3  O                                                                         (0 = 0.0%) {100.0%}

Histogram: Memory.DumpProvider.Count.AllDetailLevels.AXPlatformNode recorded 3 samples, mean = 1.0 (flags = 0x1)
0  O                                                                         (0 = 0.0%)
1  ---O                                                                      (3 = 100.0%) {0.0%}
2  ... 

Histogram: Memory.DumpProvider.Count.AllDetailLevels.AXPlatformNodeWin recorded 3 samples, mean = 1.0 (flags = 0x1)
0  O                                                                         (0 = 0.0%)
1  ---O                                                                      (3 = 100.0%) {0.0%}
2  ... 

Histogram: Memory.DumpProvider.Count.AllDetailLevels.AllProviders recorded 72 samples, mean = 2.0 (flags = 0x1)
0  O                                                                         (0 = 0.0%)
1  ---------------------------------------O                                  (39 = 54.2%) {0.0%}
2  ---------O                                                                (9 = 12.5%) {54.2%}
3  ------------------O                                                       (18 = 25.0%) {66.7%}
4  O                                                                         (0 = 0.0%) {91.7%}
5  ------O                                                                   (6 = 8.3%) {91.7%}
6  ... 

Histogram: Memory.DumpProvider.Count.AllDetailLevels.BlobStorageContext recorded 3 samples, mean = 3.0 (flags = 0x1)
0  ... 
3  ---O                                                                      (3 = 100.0%) {0.0%}
4  ... 

Histogram: Memory.DumpProvider.Count.AllDetailLevels.BucketContext recorded 3 samples, mean = 2.0 (flags = 0x1)
0  ... 
2  ---O                                                                      (3 = 100.0%) {0.0%}
3  ... 

Histogram: Memory.DumpProvider.Count.AllDetailLevels.ContextProviderCommandBuffer recorded 3 samples, mean = 2.0 (flags = 0x1)
0  ... 
2  ---O                                                                      (3 = 100.0%) {0.0%}
3  ... 

Histogram: Memory.DumpProvider.Count.AllDetailLevels.DiscardableSharedMemoryManager recorded 3 samples, mean = 1.0 (flags = 0x1)
0  O                                                                         (0 = 0.0%)
1  ---O                                                                      (3 = 100.0%) {0.0%}
2  ... 

Histogram: Memory.DumpProvider.Count.AllDetailLevels.FrameEvictionManager recorded 3 samples, mean = 1.0 (flags = 0x1)
0  O                                                                         (0 = 0.0%)
1  ---O                                                                      (3 = 100.0%) {0.0%}
2  ... 

Histogram: Memory.DumpProvider.Count.AllDetailLevels.IPCChannel recorded 3 samples, mean = 1.0 (flags = 0x1)
0  O                                                                         (0 = 0.0%)
1  ---O                                                                      (3 = 100.0%) {0.0%}
2  ... 

Histogram: Memory.DumpProvider.Count.AllDetailLevels.IndexedDBBackingStore recorded 3 samples, mean = 2.0 (flags = 0x1)
0  ... 
2  ---O                                                                      (3 = 100.0%) {0.0%}
3  ... 

Histogram: Memory.DumpProvider.Count.AllDetailLevels.LevelDB recorded 3 samples, mean = 1.0 (flags = 0x1)
0  O                                                                         (0 = 0.0%)
1  ---O                                                                      (3 = 100.0%) {0.0%}
2  ... 

Histogram: Memory.DumpProvider.Count.AllDetailLevels.LocalStorage recorded 3 samples, mean = 3.0 (flags = 0x1)
0  ... 
3  ---O                                                                      (3 = 100.0%) {0.0%}
4  ... 

Histogram: Memory.DumpProvider.Count.AllDetailLevels.Malloc recorded 3 samples, mean = 1.0 (flags = 0x1)
0  O                                                                         (0 = 0.0%)
1  ---O                                                                      (3 = 100.0%) {0.0%}
2  ... 

Histogram: Memory.DumpProvider.Count.AllDetailLevels.MojoLevelDB recorded 3 samples, mean = 5.0 (flags = 0x1)
0  ... 
5  ---O                                                                      (3 = 100.0%) {0.0%}
6  ... 

Histogram: Memory.DumpProvider.Count.AllDetailLevels.PartitionAlloc.AddressSpace recorded 3 samples, mean = 1.0 (flags = 0x1)
0  O                                                                         (0 = 0.0%)
1  ---O                                                                      (3 = 100.0%) {0.0%}
2  ... 

Histogram: Memory.DumpProvider.Count.AllDetailLevels.SessionStorage recorded 3 samples, mean = 3.0 (flags = 0x1)
0  ... 
3  ---O                                                                      (3 = 100.0%) {0.0%}
4  ... 

Histogram: Memory.DumpProvider.Count.AllDetailLevels.SharedMemoryTracker recorded 3 samples, mean = 1.0 (flags = 0x1)
0  O                                                                         (0 = 0.0%)
1  ---O                                                                      (3 = 100.0%) {0.0%}
2  ... 

Histogram: Memory.DumpProvider.Count.AllDetailLevels.Skia recorded 3 samples, mean = 1.0 (flags = 0x1)
0  O                                                                         (0 = 0.0%)
1  ---O                                                                      (3 = 100.0%) {0.0%}
2  ... 

Histogram: Memory.DumpProvider.Count.AllDetailLevels.Sql recorded 3 samples, mean = 1.0 (flags = 0x1)
0  O                                                                         (0 = 0.0%)
1  ---O                                                                      (3 = 100.0%) {0.0%}
2  ... 

Histogram: Memory.DumpProvider.Count.AllDetailLevels.TileManager recorded 3 samples, mean = 3.0 (flags = 0x1)
0  ... 
3  ---O                                                                      (3 = 100.0%) {0.0%}
4  ... 

Histogram: Memory.DumpProvider.Count.AllDetailLevels.V8Isolate recorded 3 samples, mean = 1.0 (flags = 0x1)
0  O                                                                         (0 = 0.0%)
1  ---O                                                                      (3 = 100.0%) {0.0%}
2  ... 

Histogram: Memory.DumpProvider.Count.AllDetailLevels.V8SharedMemory recorded 3 samples, mean = 1.0 (flags = 0x1)
0  O                                                                         (0 = 0.0%)
1  ---O                                                                      (3 = 100.0%) {0.0%}
2  ... 

Histogram: Memory.DumpProvider.Count.AllDetailLevels.cc__GpuImageDecodeCache recorded 3 samples, mean = 3.0 (flags = 0x1)
0  ... 
3  ---O                                                                      (3 = 100.0%) {0.0%}
4  ... 

Histogram: Memory.DumpProvider.Count.AllDetailLevels.cc__ResourcePool recorded 3 samples, mean = 3.0 (flags = 0x1)
0  ... 
3  ---O                                                                      (3 = 100.0%) {0.0%}
4  ... 

Histogram: Memory.DumpProvider.Count.AllDetailLevels.sql__Database recorded 3 samples, mean = 5.0 (flags = 0x1)
0  ... 
5  ---O                                                                      (3 = 100.0%) {0.0%}
6  ... 

Histogram: Memory.DumpProvider.Count.Background.AXPlatformNode recorded 3 samples, mean = 1.0 (flags = 0x1)
0  O                                                                         (0 = 0.0%)
1  ---O                                                                      (3 = 100.0%) {0.0%}
2  ... 

Histogram: Memory.DumpProvider.Count.Background.AXPlatformNodeWin recorded 3 samples, mean = 1.0 (flags = 0x1)
0  O                                                                         (0 = 0.0%)
1  ---O                                                                      (3 = 100.0%) {0.0%}
2  ... 

Histogram: Memory.DumpProvider.Count.Background.AllProviders recorded 72 samples, mean = 2.0 (flags = 0x1)
0  O                                                                         (0 = 0.0%)
1  ---------------------------------------O                                  (39 = 54.2%) {0.0%}
2  ---------O                                                                (9 = 12.5%) {54.2%}
3  ------------------O                                                       (18 = 25.0%) {66.7%}
4  O                                                                         (0 = 0.0%) {91.7%}
5  ------O                                                                   (6 = 8.3%) {91.7%}
6  ... 

Histogram: Memory.DumpProvider.Count.Background.BlobStorageContext recorded 3 samples, mean = 3.0 (flags = 0x1)
0  ... 
3  ---O                                                                      (3 = 100.0%) {0.0%}
4  ... 

Histogram: Memory.DumpProvider.Count.Background.BucketContext recorded 3 samples, mean = 2.0 (flags = 0x1)
0  ... 
2  ---O                                                                      (3 = 100.0%) {0.0%}
3  ... 

Histogram: Memory.DumpProvider.Count.Background.ContextProviderCommandBuffer recorded 3 samples, mean = 2.0 (flags = 0x1)
0  ... 
2  ---O                                                                      (3 = 100.0%) {0.0%}
3  ... 

Histogram: Memory.DumpProvider.Count.Background.DiscardableSharedMemoryManager recorded 3 samples, mean = 1.0 (flags = 0x1)
0  O                                                                         (0 = 0.0%)
1  ---O                                                                      (3 = 100.0%) {0.0%}
2  ... 

Histogram: Memory.DumpProvider.Count.Background.FrameEvictionManager recorded 3 samples, mean = 1.0 (flags = 0x1)
0  O                                                                         (0 = 0.0%)
1  ---O                                                                      (3 = 100.0%) {0.0%}
2  ... 

Histogram: Memory.DumpProvider.Count.Background.IPCChannel recorded 3 samples, mean = 1.0 (flags = 0x1)
0  O                                                                         (0 = 0.0%)
1  ---O                                                                      (3 = 100.0%) {0.0%}
2  ... 

Histogram: Memory.DumpProvider.Count.Background.IndexedDBBackingStore recorded 3 samples, mean = 2.0 (flags = 0x1)
0  ... 
2  ---O                                                                      (3 = 100.0%) {0.0%}
3  ... 

Histogram: Memory.DumpProvider.Count.Background.LevelDB recorded 3 samples, mean = 1.0 (flags = 0x1)
0  O                                                                         (0 = 0.0%)
1  ---O                                                                      (3 = 100.0%) {0.0%}
2  ... 

Histogram: Memory.DumpProvider.Count.Background.LocalStorage recorded 3 samples, mean = 3.0 (flags = 0x1)
0  ... 
3  ---O                                                                      (3 = 100.0%) {0.0%}
4  ... 

Histogram: Memory.DumpProvider.Count.Background.Malloc recorded 3 samples, mean = 1.0 (flags = 0x1)
0  O                                                                         (0 = 0.0%)
1  ---O                                                                      (3 = 100.0%) {0.0%}
2  ... 

Histogram: Memory.DumpProvider.Count.Background.MojoLevelDB recorded 3 samples, mean = 5.0 (flags = 0x1)
0  ... 
5  ---O                                                                      (3 = 100.0%) {0.0%}
6  ... 

Histogram: Memory.DumpProvider.Count.Background.PartitionAlloc.AddressSpace recorded 3 samples, mean = 1.0 (flags = 0x1)
0  O                                                                         (0 = 0.0%)
1  ---O                                                                      (3 = 100.0%) {0.0%}
2  ... 

Histogram: Memory.DumpProvider.Count.Background.SessionStorage recorded 3 samples, mean = 3.0 (flags = 0x1)
0  ... 
3  ---O                                                                      (3 = 100.0%) {0.0%}
4  ... 

Histogram: Memory.DumpProvider.Count.Background.SharedMemoryTracker recorded 3 samples, mean = 1.0 (flags = 0x1)
0  O                                                                         (0 = 0.0%)
1  ---O                                                                      (3 = 100.0%) {0.0%}
2  ... 

Histogram: Memory.DumpProvider.Count.Background.Skia recorded 3 samples, mean = 1.0 (flags = 0x1)
0  O                                                                         (0 = 0.0%)
1  ---O                                                                      (3 = 100.0%) {0.0%}
2  ... 

Histogram: Memory.DumpProvider.Count.Background.Sql recorded 3 samples, mean = 1.0 (flags = 0x1)
0  O                                                                         (0 = 0.0%)
1  ---O                                                                      (3 = 100.0%) {0.0%}
2  ... 

Histogram: Memory.DumpProvider.Count.Background.TileManager recorded 3 samples, mean = 3.0 (flags = 0x1)
0  ... 
3  ---O                                                                      (3 = 100.0%) {0.0%}
4  ... 

Histogram: Memory.DumpProvider.Count.Background.V8Isolate recorded 3 samples, mean = 1.0 (flags = 0x1)
0  O                                                                         (0 = 0.0%)
1  ---O                                                                      (3 = 100.0%) {0.0%}
2  ... 

Histogram: Memory.DumpProvider.Count.Background.V8SharedMemory recorded 3 samples, mean = 1.0 (flags = 0x1)
0  O                                                                         (0 = 0.0%)
1  ---O                                                                      (3 = 100.0%) {0.0%}
2  ... 

Histogram: Memory.DumpProvider.Count.Background.cc__GpuImageDecodeCache recorded 3 samples, mean = 3.0 (flags = 0x1)
0  ... 
3  ---O                                                                      (3 = 100.0%) {0.0%}
4  ... 

Histogram: Memory.DumpProvider.Count.Background.cc__ResourcePool recorded 3 samples, mean = 3.0 (flags = 0x1)
0  ... 
3  ---O                                                                      (3 = 100.0%) {0.0%}
4  ... 

Histogram: Memory.DumpProvider.Count.Background.sql__Database recorded 3 samples, mean = 5.0 (flags = 0x1)
0  ... 
5  ---O                                                                      (3 = 100.0%) {0.0%}
6  ... 

Histogram: Memory.DumpProvider.FinalStatus.AllDetailLevels.AXPlatformNode recorded 3 samples, mean = 5.0 (flags = 0x1)
0  ... 
5  ---O                                                                      (3 = 100.0%) {0.0%}
6  ... 

Histogram: Memory.DumpProvider.FinalStatus.AllDetailLevels.AXPlatformNodeWin recorded 3 samples, mean = 5.0 (flags = 0x1)
0  ... 
5  ---O                                                                      (3 = 100.0%) {0.0%}
6  ... 

Histogram: Memory.DumpProvider.FinalStatus.AllDetailLevels.AllProviders recorded 141 samples, mean = 4.3 (flags = 0x1)
0  ... 
3  -----------------------------------------O                                (51 = 36.2%) {0.0%}
4  O                                                                         (0 = 0.0%) {36.2%}
5  ------------------------------------------------------------------------O (90 = 63.8%) {36.2%}
6  ... 

Histogram: Memory.DumpProvider.FinalStatus.AllDetailLevels.BlobStorageContext recorded 9 samples, mean = 5.0 (flags = 0x1)
0  ... 
5  ---------O                                                                (9 = 100.0%) {0.0%}
6  ... 

Histogram: Memory.DumpProvider.FinalStatus.AllDetailLevels.BucketContext recorded 6 samples, mean = 3.0 (flags = 0x1)
0  ... 
3  ------O                                                                   (6 = 100.0%) {0.0%}
4  ... 

Histogram: Memory.DumpProvider.FinalStatus.AllDetailLevels.ContextProviderCommandBuffer recorded 6 samples, mean = 5.0 (flags = 0x1)
0  ... 
5  ------O                                                                   (6 = 100.0%) {0.0%}
6  ... 

Histogram: Memory.DumpProvider.FinalStatus.AllDetailLevels.DiscardableSharedMemoryManager recorded 3 samples, mean = 5.0 (flags = 0x1)
0  ... 
5  ---O                                                                      (3 = 100.0%) {0.0%}
6  ... 

Histogram: Memory.DumpProvider.FinalStatus.AllDetailLevels.FrameEvictionManager recorded 3 samples, mean = 5.0 (flags = 0x1)
0  ... 
5  ---O                                                                      (3 = 100.0%) {0.0%}
6  ... 

Histogram: Memory.DumpProvider.FinalStatus.AllDetailLevels.IPCChannel recorded 3 samples, mean = 5.0 (flags = 0x1)
0  ... 
5  ---O                                                                      (3 = 100.0%) {0.0%}
6  ... 

Histogram: Memory.DumpProvider.FinalStatus.AllDetailLevels.IndexedDBBackingStore recorded 6 samples, mean = 5.0 (flags = 0x1)
0  ... 
5  ------O                                                                   (6 = 100.0%) {0.0%}
6  ... 

Histogram: Memory.DumpProvider.FinalStatus.AllDetailLevels.LevelDB recorded 3 samples, mean = 5.0 (flags = 0x1)
0  ... 
5  ---O                                                                      (3 = 100.0%) {0.0%}
6  ... 

Histogram: Memory.DumpProvider.FinalStatus.AllDetailLevels.LocalStorage recorded 9 samples, mean = 5.0 (flags = 0x1)
0  ... 
5  ---------O                                                                (9 = 100.0%) {0.0%}
6  ... 

Histogram: Memory.DumpProvider.FinalStatus.AllDetailLevels.Malloc recorded 3 samples, mean = 5.0 (flags = 0x1)
0  ... 
5  ---O                                                                      (3 = 100.0%) {0.0%}
6  ... 

Histogram: Memory.DumpProvider.FinalStatus.AllDetailLevels.MojoLevelDB recorded 15 samples, mean = 5.0 (flags = 0x1)
0  ... 
5  ---------------O                                                          (15 = 100.0%) {0.0%}
6  ... 

Histogram: Memory.DumpProvider.FinalStatus.AllDetailLevels.PartitionAlloc.AddressSpace recorded 3 samples, mean = 5.0 (flags = 0x1)
0  ... 
5  ---O                                                                      (3 = 100.0%) {0.0%}
6  ... 

Histogram: Memory.DumpProvider.FinalStatus.AllDetailLevels.SessionStorage recorded 9 samples, mean = 3.0 (flags = 0x1)
0  ... 
3  ---------O                                                                (9 = 100.0%) {0.0%}
4  ... 

Histogram: Memory.DumpProvider.FinalStatus.AllDetailLevels.SharedMemoryTracker recorded 3 samples, mean = 5.0 (flags = 0x1)
0  ... 
5  ---O                                                                      (3 = 100.0%) {0.0%}
6  ... 

Histogram: Memory.DumpProvider.FinalStatus.AllDetailLevels.Skia recorded 3 samples, mean = 5.0 (flags = 0x1)
0  ... 
5  ---O                                                                      (3 = 100.0%) {0.0%}
6  ... 

Histogram: Memory.DumpProvider.FinalStatus.AllDetailLevels.Sql recorded 3 samples, mean = 5.0 (flags = 0x1)
0  ... 
5  ---O                                                                      (3 = 100.0%) {0.0%}
6  ... 

Histogram: Memory.DumpProvider.FinalStatus.AllDetailLevels.TileManager recorded 9 samples, mean = 3.0 (flags = 0x1)
0  ... 
3  ---------O                                                                (9 = 100.0%) {0.0%}
4  ... 

Histogram: Memory.DumpProvider.FinalStatus.AllDetailLevels.V8Isolate recorded 3 samples, mean = 5.0 (flags = 0x1)
0  ... 
5  ---O                                                                      (3 = 100.0%) {0.0%}
6  ... 

Histogram: Memory.DumpProvider.FinalStatus.AllDetailLevels.V8SharedMemory recorded 3 samples, mean = 3.0 (flags = 0x1)
0  ... 
3  ---O                                                                      (3 = 100.0%) {0.0%}
4  ... 

Histogram: Memory.DumpProvider.FinalStatus.AllDetailLevels.cc__GpuImageDecodeCache recorded 9 samples, mean = 3.0 (flags = 0x1)
0  ... 
3  ---------O                                                                (9 = 100.0%) {0.0%}
4  ... 

Histogram: Memory.DumpProvider.FinalStatus.AllDetailLevels.cc__ResourcePool recorded 9 samples, mean = 5.0 (flags = 0x1)
0  ... 
5  ---------O                                                                (9 = 100.0%) {0.0%}
6  ... 

Histogram: Memory.DumpProvider.FinalStatus.AllDetailLevels.sql__Database recorded 15 samples, mean = 3.0 (flags = 0x1)
0  ... 
3  ---------------O                                                          (15 = 100.0%) {0.0%}
4  ... 

Histogram: Memory.DumpProvider.FinalStatus.Background.AXPlatformNode recorded 3 samples, mean = 5.0 (flags = 0x1)
0  ... 
5  ---O                                                                      (3 = 100.0%) {0.0%}
6  ... 

Histogram: Memory.DumpProvider.FinalStatus.Background.AXPlatformNodeWin recorded 3 samples, mean = 5.0 (flags = 0x1)
0  ... 
5  ---O                                                                      (3 = 100.0%) {0.0%}
6  ... 

Histogram: Memory.DumpProvider.FinalStatus.Background.AllProviders recorded 141 samples, mean = 4.3 (flags = 0x1)
0  ... 
3  -----------------------------------------O                                (51 = 36.2%) {0.0%}
4  O                                                                         (0 = 0.0%) {36.2%}
5  ------------------------------------------------------------------------O (90 = 63.8%) {36.2%}
6  ... 

Histogram: Memory.DumpProvider.FinalStatus.Background.BlobStorageContext recorded 9 samples, mean = 5.0 (flags = 0x1)
0  ... 
5  ---------O                                                                (9 = 100.0%) {0.0%}
6  ... 

Histogram: Memory.DumpProvider.FinalStatus.Background.BucketContext recorded 6 samples, mean = 3.0 (flags = 0x1)
0  ... 
3  ------O                                                                   (6 = 100.0%) {0.0%}
4  ... 

Histogram: Memory.DumpProvider.FinalStatus.Background.ContextProviderCommandBuffer recorded 6 samples, mean = 5.0 (flags = 0x1)
0  ... 
5  ------O                                                                   (6 = 100.0%) {0.0%}
6  ... 

Histogram: Memory.DumpProvider.FinalStatus.Background.DiscardableSharedMemoryManager recorded 3 samples, mean = 5.0 (flags = 0x1)
0  ... 
5  ---O                                                                      (3 = 100.0%) {0.0%}
6  ... 

Histogram: Memory.DumpProvider.FinalStatus.Background.FrameEvictionManager recorded 3 samples, mean = 5.0 (flags = 0x1)
0  ... 
5  ---O                                                                      (3 = 100.0%) {0.0%}
6  ... 

Histogram: Memory.DumpProvider.FinalStatus.Background.IPCChannel recorded 3 samples, mean = 5.0 (flags = 0x1)
0  ... 
5  ---O                                                                      (3 = 100.0%) {0.0%}
6  ... 

Histogram: Memory.DumpProvider.FinalStatus.Background.IndexedDBBackingStore recorded 6 samples, mean = 5.0 (flags = 0x1)
0  ... 
5  ------O                                                                   (6 = 100.0%) {0.0%}
6  ... 

Histogram: Memory.DumpProvider.FinalStatus.Background.LevelDB recorded 3 samples, mean = 5.0 (flags = 0x1)
0  ... 
5  ---O                                                                      (3 = 100.0%) {0.0%}
6  ... 

Histogram: Memory.DumpProvider.FinalStatus.Background.LocalStorage recorded 9 samples, mean = 5.0 (flags = 0x1)
0  ... 
5  ---------O                                                                (9 = 100.0%) {0.0%}
6  ... 

Histogram: Memory.DumpProvider.FinalStatus.Background.Malloc recorded 3 samples, mean = 5.0 (flags = 0x1)
0  ... 
5  ---O                                                                      (3 = 100.0%) {0.0%}
6  ... 

Histogram: Memory.DumpProvider.FinalStatus.Background.MojoLevelDB recorded 15 samples, mean = 5.0 (flags = 0x1)
0  ... 
5  ---------------O                                                          (15 = 100.0%) {0.0%}
6  ... 

Histogram: Memory.DumpProvider.FinalStatus.Background.PartitionAlloc.AddressSpace recorded 3 samples, mean = 5.0 (flags = 0x1)
0  ... 
5  ---O                                                                      (3 = 100.0%) {0.0%}
6  ... 

Histogram: Memory.DumpProvider.FinalStatus.Background.SessionStorage recorded 9 samples, mean = 3.0 (flags = 0x1)
0  ... 
3  ---------O                                                                (9 = 100.0%) {0.0%}
4  ... 

Histogram: Memory.DumpProvider.FinalStatus.Background.SharedMemoryTracker recorded 3 samples, mean = 5.0 (flags = 0x1)
0  ... 
5  ---O                                                                      (3 = 100.0%) {0.0%}
6  ... 

Histogram: Memory.DumpProvider.FinalStatus.Background.Skia recorded 3 samples, mean = 5.0 (flags = 0x1)
0  ... 
5  ---O                                                                      (3 = 100.0%) {0.0%}
6  ... 

Histogram: Memory.DumpProvider.FinalStatus.Background.Sql recorded 3 samples, mean = 5.0 (flags = 0x1)
0  ... 
5  ---O                                                                      (3 = 100.0%) {0.0%}
6  ... 

Histogram: Memory.DumpProvider.FinalStatus.Background.TileManager recorded 9 samples, mean = 3.0 (flags = 0x1)
0  ... 
3  ---------O                                                                (9 = 100.0%) {0.0%}
4  ... 

Histogram: Memory.DumpProvider.FinalStatus.Background.V8Isolate recorded 3 samples, mean = 5.0 (flags = 0x1)
0  ... 
5  ---O                                                                      (3 = 100.0%) {0.0%}
6  ... 

Histogram: Memory.DumpProvider.FinalStatus.Background.V8SharedMemory recorded 3 samples, mean = 3.0 (flags = 0x1)
0  ... 
3  ---O                                                                      (3 = 100.0%) {0.0%}
4  ... 

Histogram: Memory.DumpProvider.FinalStatus.Background.cc__GpuImageDecodeCache recorded 9 samples, mean = 3.0 (flags = 0x1)
0  ... 
3  ---------O                                                                (9 = 100.0%) {0.0%}
4  ... 

Histogram: Memory.DumpProvider.FinalStatus.Background.cc__ResourcePool recorded 9 samples, mean = 5.0 (flags = 0x1)
0  ... 
5  ---------O                                                                (9 = 100.0%) {0.0%}
6  ... 

Histogram: Memory.DumpProvider.FinalStatus.Background.sql__Database recorded 15 samples, mean = 3.0 (flags = 0x1)
0  ... 
3  ---------------O                                                          (15 = 100.0%) {0.0%}
4  ... 

Histogram: Memory.DumpProvider.FollowingProviders.AllDetailLevels.AXPlatformNode recorded 3 samples, mean = 0.0 (flags = 0x1)
0  ---O                                                                      (3 = 100.0%)
1  ... 

Histogram: Memory.DumpProvider.FollowingProviders.AllDetailLevels.AXPlatformNodeWin recorded 3 samples, mean = 1.0 (flags = 0x1)
0  O                                                                         (0 = 0.0%)
1  ---O                                                                      (3 = 100.0%) {0.0%}
2  ... 

Histogram: Memory.DumpProvider.FollowingProviders.AllDetailLevels.AllProviders recorded 141 samples, mean = 5.1 (flags = 0x1)
0   ---------------------------O                                              (27 = 19.1%)
1   ---------------O                                                          (15 = 10.6%) {19.1%}
2   ------------O                                                             (12 = 8.5%) {29.8%}
3   ---------O                                                                (9 = 6.4%) {38.3%}
4   ---------O                                                                (9 = 6.4%) {44.7%}
5   ---------O                                                                (9 = 6.4%) {51.1%}
6   ------------------O                                                       (18 = 12.8%) {57.4%}
8   ---------------O                                                          (15 = 10.6%) {70.2%}
10  ------------------O                                                       (18 = 12.8%) {80.9%}
13  ---------O                                                                (9 = 6.4%) {93.6%}
16  ... 

Histogram: Memory.DumpProvider.FollowingProviders.AllDetailLevels.BlobStorageContext recorded 9 samples, mean = 5.0 (flags = 0x1)
0  ... 
4  ---O                                                                      (3 = 33.3%) {0.0%}
5  ---O                                                                      (3 = 33.3%) {33.3%}
6  ---O                                                                      (3 = 33.3%) {66.7%}
8  ... 

Histogram: Memory.DumpProvider.FollowingProviders.AllDetailLevels.BucketContext recorded 6 samples, mean = 1.5 (flags = 0x1)
0  O                                                                         (0 = 0.0%)
1  ---O                                                                      (3 = 50.0%) {0.0%}
2  ---O                                                                      (3 = 50.0%) {50.0%}
3  ... 

Histogram: Memory.DumpProvider.FollowingProviders.AllDetailLevels.ContextProviderCommandBuffer recorded 6 samples, mean = 9.5 (flags = 0x1)
0   ... 
8   ---O                                                                      (3 = 50.0%) {0.0%}
10  ---O                                                                      (3 = 50.0%) {50.0%}
13  ... 

Histogram: Memory.DumpProvider.FollowingProviders.AllDetailLevels.DiscardableSharedMemoryManager recorded 3 samples, mean = 15.0 (flags = 0x1)
0   ... 
13  ---O                                                                      (3 = 100.0%) {0.0%}
16  ... 

Histogram: Memory.DumpProvider.FollowingProviders.AllDetailLevels.FrameEvictionManager recorded 3 samples, mean = 8.0 (flags = 0x1)
0  ... 
8  ---O                                                                      (3 = 100.0%) {0.0%}
10 ... 

Histogram: Memory.DumpProvider.FollowingProviders.AllDetailLevels.IPCChannel recorded 3 samples, mean = 0.0 (flags = 0x1)
0  ---O                                                                      (3 = 100.0%)
1  ... 

Histogram: Memory.DumpProvider.FollowingProviders.AllDetailLevels.IndexedDBBackingStore recorded 6 samples, mean = 0.5 (flags = 0x1)
0  ---O                                                                      (3 = 50.0%)
1  ---O                                                                      (3 = 50.0%) {50.0%}
2  ... 

Histogram: Memory.DumpProvider.FollowingProviders.AllDetailLevels.LevelDB recorded 3 samples, mean = 7.0 (flags = 0x1)
0  ... 
6  ---O                                                                      (3 = 100.0%) {0.0%}
8  ... 

Histogram: Memory.DumpProvider.FollowingProviders.AllDetailLevels.LocalStorage recorded 9 samples, mean = 3.0 (flags = 0x1)
0  ---O                                                                      (3 = 33.3%)
1  ---O                                                                      (3 = 33.3%) {33.3%}
2  ... 
8  ---O                                                                      (3 = 33.3%) {66.7%}
10 ... 

Histogram: Memory.DumpProvider.FollowingProviders.AllDetailLevels.Malloc recorded 3 samples, mean = 11.0 (flags = 0x1)
0   ... 
10  ---O                                                                      (3 = 100.0%) {0.0%}
13  ... 

Histogram: Memory.DumpProvider.FollowingProviders.AllDetailLevels.MojoLevelDB recorded 15 samples, mean = 0.0 (flags = 0x1)
0  ---------------O                                                          (15 = 100.0%)
1  ... 

Histogram: Memory.DumpProvider.FollowingProviders.AllDetailLevels.PartitionAlloc.AddressSpace recorded 3 samples, mean = 1.0 (flags = 0x1)
0  O                                                                         (0 = 0.0%)
1  ---O                                                                      (3 = 100.0%) {0.0%}
2  ... 

Histogram: Memory.DumpProvider.FollowingProviders.AllDetailLevels.SessionStorage recorded 9 samples, mean = 4.0 (flags = 0x1)
0  ... 
2  ---O                                                                      (3 = 33.3%) {0.0%}
3  ---O                                                                      (3 = 33.3%) {33.3%}
4  ... 
6  ---O                                                                      (3 = 33.3%) {66.7%}
8  ... 

Histogram: Memory.DumpProvider.FollowingProviders.AllDetailLevels.SharedMemoryTracker recorded 3 samples, mean = 12.0 (flags = 0x1)
0   ... 
10  ---O                                                                      (3 = 100.0%) {0.0%}
13  ... 

Histogram: Memory.DumpProvider.FollowingProviders.AllDetailLevels.Skia recorded 3 samples, mean = 8.0 (flags = 0x1)
0  ... 
8  ---O                                                                      (3 = 100.0%) {0.0%}
10 ... 

Histogram: Memory.DumpProvider.FollowingProviders.AllDetailLevels.Sql recorded 3 samples, mean = 9.0 (flags = 0x1)
0  ... 
8  ---O                                                                      (3 = 100.0%) {0.0%}
10 ... 

Histogram: Memory.DumpProvider.FollowingProviders.AllDetailLevels.TileManager recorded 9 samples, mean = 12.0 (flags = 0x1)
0   ... 
10  ------O                                                                   (6 = 66.7%) {0.0%}
13  ---O                                                                      (3 = 33.3%) {66.7%}
16  ... 

Histogram: Memory.DumpProvider.FollowingProviders.AllDetailLevels.V8Isolate recorded 3 samples, mean = 14.0 (flags = 0x1)
0   ... 
13  ---O                                                                      (3 = 100.0%) {0.0%}
16  ... 

Histogram: Memory.DumpProvider.FollowingProviders.AllDetailLevels.V8SharedMemory recorded 3 samples, mean = 10.0 (flags = 0x1)
0   ... 
10  ---O                                                                      (3 = 100.0%) {0.0%}
13  ... 

Histogram: Memory.DumpProvider.FollowingProviders.AllDetailLevels.cc__GpuImageDecodeCache recorded 9 samples, mean = 5.0 (flags = 0x1)
0  ... 
4  ---O                                                                      (3 = 33.3%) {0.0%}
5  ---O                                                                      (3 = 33.3%) {33.3%}
6  ---O                                                                      (3 = 33.3%) {66.7%}
8  ... 

Histogram: Memory.DumpProvider.FollowingProviders.AllDetailLevels.cc__ResourcePool recorded 9 samples, mean = 4.0 (flags = 0x1)
0  ... 
2  ---O                                                                      (3 = 33.3%) {0.0%}
3  ---O                                                                      (3 = 33.3%) {33.3%}
4  ... 
6  ---O                                                                      (3 = 33.3%) {66.7%}
8  ... 

Histogram: Memory.DumpProvider.FollowingProviders.AllDetailLevels.sql__Database recorded 15 samples, mean = 4.0 (flags = 0x1)
0  ... 
2  ---O                                                                      (3 = 20.0%) {0.0%}
3  ---O                                                                      (3 = 20.0%) {20.0%}
4  ---O                                                                      (3 = 20.0%) {40.0%}
5  ---O                                                                      (3 = 20.0%) {60.0%}
6  ---O                                                                      (3 = 20.0%) {80.0%}
8  ... 

Histogram: Memory.DumpProvider.FollowingProviders.Background.AXPlatformNode recorded 3 samples, mean = 0.0 (flags = 0x1)
0  ---O                                                                      (3 = 100.0%)
1  ... 

Histogram: Memory.DumpProvider.FollowingProviders.Background.AXPlatformNodeWin recorded 3 samples, mean = 1.0 (flags = 0x1)
0  O                                                                         (0 = 0.0%)
1  ---O                                                                      (3 = 100.0%) {0.0%}
2  ... 

Histogram: Memory.DumpProvider.FollowingProviders.Background.AllProviders recorded 141 samples, mean = 5.1 (flags = 0x1)
0   ---------------------------O                                              (27 = 19.1%)
1   ---------------O                                                          (15 = 10.6%) {19.1%}
2   ------------O                                                             (12 = 8.5%) {29.8%}
3   ---------O                                                                (9 = 6.4%) {38.3%}
4   ---------O                                                                (9 = 6.4%) {44.7%}
5   ---------O                                                                (9 = 6.4%) {51.1%}
6   ------------------O                                                       (18 = 12.8%) {57.4%}
8   ---------------O                                                          (15 = 10.6%) {70.2%}
10  ------------------O                                                       (18 = 12.8%) {80.9%}
13  ---------O                                                                (9 = 6.4%) {93.6%}
16  ... 

Histogram: Memory.DumpProvider.FollowingProviders.Background.BlobStorageContext recorded 9 samples, mean = 5.0 (flags = 0x1)
0  ... 
4  ---O                                                                      (3 = 33.3%) {0.0%}
5  ---O                                                                      (3 = 33.3%) {33.3%}
6  ---O                                                                      (3 = 33.3%) {66.7%}
8  ... 

Histogram: Memory.DumpProvider.FollowingProviders.Background.BucketContext recorded 6 samples, mean = 1.5 (flags = 0x1)
0  O                                                                         (0 = 0.0%)
1  ---O                                                                      (3 = 50.0%) {0.0%}
2  ---O                                                                      (3 = 50.0%) {50.0%}
3  ... 

Histogram: Memory.DumpProvider.FollowingProviders.Background.ContextProviderCommandBuffer recorded 6 samples, mean = 9.5 (flags = 0x1)
0   ... 
8   ---O                                                                      (3 = 50.0%) {0.0%}
10  ---O                                                                      (3 = 50.0%) {50.0%}
13  ... 

Histogram: Memory.DumpProvider.FollowingProviders.Background.DiscardableSharedMemoryManager recorded 3 samples, mean = 15.0 (flags = 0x1)
0   ... 
13  ---O                                                                      (3 = 100.0%) {0.0%}
16  ... 

Histogram: Memory.DumpProvider.FollowingProviders.Background.FrameEvictionManager recorded 3 samples, mean = 8.0 (flags = 0x1)
0  ... 
8  ---O                                                                      (3 = 100.0%) {0.0%}
10 ... 

Histogram: Memory.DumpProvider.FollowingProviders.Background.IPCChannel recorded 3 samples, mean = 0.0 (flags = 0x1)
0  ---O                                                                      (3 = 100.0%)
1  ... 

Histogram: Memory.DumpProvider.FollowingProviders.Background.IndexedDBBackingStore recorded 6 samples, mean = 0.5 (flags = 0x1)
0  ---O                                                                      (3 = 50.0%)
1  ---O                                                                      (3 = 50.0%) {50.0%}
2  ... 

Histogram: Memory.DumpProvider.FollowingProviders.Background.LevelDB recorded 3 samples, mean = 7.0 (flags = 0x1)
0  ... 
6  ---O                                                                      (3 = 100.0%) {0.0%}
8  ... 

Histogram: Memory.DumpProvider.FollowingProviders.Background.LocalStorage recorded 9 samples, mean = 3.0 (flags = 0x1)
0  ---O                                                                      (3 = 33.3%)
1  ---O                                                                      (3 = 33.3%) {33.3%}
2  ... 
8  ---O                                                                      (3 = 33.3%) {66.7%}
10 ... 

Histogram: Memory.DumpProvider.FollowingProviders.Background.Malloc recorded 3 samples, mean = 11.0 (flags = 0x1)
0   ... 
10  ---O                                                                      (3 = 100.0%) {0.0%}
13  ... 

Histogram: Memory.DumpProvider.FollowingProviders.Background.MojoLevelDB recorded 15 samples, mean = 0.0 (flags = 0x1)
0  ---------------O                                                          (15 = 100.0%)
1  ... 

Histogram: Memory.DumpProvider.FollowingProviders.Background.PartitionAlloc.AddressSpace recorded 3 samples, mean = 1.0 (flags = 0x1)
0  O                                                                         (0 = 0.0%)
1  ---O                                                                      (3 = 100.0%) {0.0%}
2  ... 

Histogram: Memory.DumpProvider.FollowingProviders.Background.SessionStorage recorded 9 samples, mean = 4.0 (flags = 0x1)
0  ... 
2  ---O                                                                      (3 = 33.3%) {0.0%}
3  ---O                                                                      (3 = 33.3%) {33.3%}
4  ... 
6  ---O                                                                      (3 = 33.3%) {66.7%}
8  ... 

Histogram: Memory.DumpProvider.FollowingProviders.Background.SharedMemoryTracker recorded 3 samples, mean = 12.0 (flags = 0x1)
0   ... 
10  ---O                                                                      (3 = 100.0%) {0.0%}
13  ... 

Histogram: Memory.DumpProvider.FollowingProviders.Background.Skia recorded 3 samples, mean = 8.0 (flags = 0x1)
0  ... 
8  ---O                                                                      (3 = 100.0%) {0.0%}
10 ... 

Histogram: Memory.DumpProvider.FollowingProviders.Background.Sql recorded 3 samples, mean = 9.0 (flags = 0x1)
0  ... 
8  ---O                                                                      (3 = 100.0%) {0.0%}
10 ... 

Histogram: Memory.DumpProvider.FollowingProviders.Background.TileManager recorded 9 samples, mean = 12.0 (flags = 0x1)
0   ... 
10  ------O                                                                   (6 = 66.7%) {0.0%}
13  ---O                                                                      (3 = 33.3%) {66.7%}
16  ... 

Histogram: Memory.DumpProvider.FollowingProviders.Background.V8Isolate recorded 3 samples, mean = 14.0 (flags = 0x1)
0   ... 
13  ---O                                                                      (3 = 100.0%) {0.0%}
16  ... 

Histogram: Memory.DumpProvider.FollowingProviders.Background.V8SharedMemory recorded 3 samples, mean = 10.0 (flags = 0x1)
0   ... 
10  ---O                                                                      (3 = 100.0%) {0.0%}
13  ... 

Histogram: Memory.DumpProvider.FollowingProviders.Background.cc__GpuImageDecodeCache recorded 9 samples, mean = 5.0 (flags = 0x1)
0  ... 
4  ---O                                                                      (3 = 33.3%) {0.0%}
5  ---O                                                                      (3 = 33.3%) {33.3%}
6  ---O                                                                      (3 = 33.3%) {66.7%}
8  ... 

Histogram: Memory.DumpProvider.FollowingProviders.Background.cc__ResourcePool recorded 9 samples, mean = 4.0 (flags = 0x1)
0  ... 
2  ---O                                                                      (3 = 33.3%) {0.0%}
3  ---O                                                                      (3 = 33.3%) {33.3%}
4  ... 
6  ---O                                                                      (3 = 33.3%) {66.7%}
8  ... 

Histogram: Memory.DumpProvider.FollowingProviders.Background.sql__Database recorded 15 samples, mean = 4.0 (flags = 0x1)
0  ... 
2  ---O                                                                      (3 = 20.0%) {0.0%}
3  ---O                                                                      (3 = 20.0%) {20.0%}
4  ---O                                                                      (3 = 20.0%) {40.0%}
5  ---O                                                                      (3 = 20.0%) {60.0%}
6  ---O                                                                      (3 = 20.0%) {80.0%}
8  ... 

Histogram: Memory.DumpProvider.MemoryDumpTime.AllDetailLevels.AXPlatformNode recorded 3 samples, mean = 4.0 (flags = 0x1)
0  ... 
3  -O                                                                        (1 = 33.3%) {0.0%}
4  --O                                                                       (2 = 66.7%) {33.3%}
6  ... 

Histogram: Memory.DumpProvider.MemoryDumpTime.AllDetailLevels.AXPlatformNodeWin recorded 3 samples, mean = 6.0 (flags = 0x1)
0  ... 
4  -O                                                                        (1 = 33.3%) {0.0%}
6  -O                                                                        (1 = 33.3%) {33.3%}
8  -O                                                                        (1 = 33.3%) {66.7%}
11 ... 

Histogram: Memory.DumpProvider.MemoryDumpTime.AllDetailLevels.AllProviders recorded 90 samples, mean = 30.0 (flags = 0x1)
0    O                                                                         (0 = 0.0%)
1    --------O                                                                 (8 = 8.9%) {0.0%}
2    ---------------------O                                                    (21 = 23.3%) {8.9%}
3    -----------------O                                                        (17 = 18.9%) {32.2%}
4    -----------------O                                                        (17 = 18.9%) {51.1%}
6    ----O                                                                     (4 = 4.4%) {70.0%}
8    ---O                                                                      (3 = 3.3%) {74.4%}
11   --O                                                                       (2 = 2.2%) {77.8%}
15   ---O                                                                      (3 = 3.3%) {80.0%}
21   --O                                                                       (2 = 2.2%) {83.3%}
29   ---O                                                                      (3 = 3.3%) {85.6%}
40   ---O                                                                      (3 = 3.3%) {88.9%}
55   -O                                                                        (1 = 1.1%) {92.2%}
76   ... 
203  -O                                                                        (1 = 1.1%) {93.3%}
282  ---O                                                                      (3 = 3.3%) {94.4%}
391  --O                                                                       (2 = 2.2%) {97.8%}
542  ... 

Histogram: Memory.DumpProvider.MemoryDumpTime.AllDetailLevels.BlobStorageContext recorded 9 samples, mean = 1.8 (flags = 0x1)
0  O                                                                         (0 = 0.0%)
1  ---O                                                                      (3 = 33.3%) {0.0%}
2  -----O                                                                    (5 = 55.6%) {33.3%}
3  -O                                                                        (1 = 11.1%) {88.9%}
4  ... 

Histogram: Memory.DumpProvider.MemoryDumpTime.AllDetailLevels.ContextProviderCommandBuffer recorded 6 samples, mean = 3.7 (flags = 0x1)
0  ... 
3  ---O                                                                      (3 = 50.0%) {0.0%}
4  ---O                                                                      (3 = 50.0%) {50.0%}
6  ... 

Histogram: Memory.DumpProvider.MemoryDumpTime.AllDetailLevels.DiscardableSharedMemoryManager recorded 3 samples, mean = 2.7 (flags = 0x1)
0  ... 
2  -O                                                                        (1 = 33.3%) {0.0%}
3  --O                                                                       (2 = 66.7%) {33.3%}
4  ... 

Histogram: Memory.DumpProvider.MemoryDumpTime.AllDetailLevels.FrameEvictionManager recorded 3 samples, mean = 2.0 (flags = 0x1)
0  ... 
2  ---O                                                                      (3 = 100.0%) {0.0%}
3  ... 

Histogram: Memory.DumpProvider.MemoryDumpTime.AllDetailLevels.IPCChannel recorded 3 samples, mean = 16.3 (flags = 0x1)
0   ... 
15  ---O                                                                      (3 = 100.0%) {0.0%}
21  ... 

Histogram: Memory.DumpProvider.MemoryDumpTime.AllDetailLevels.IndexedDBBackingStore recorded 6 samples, mean = 6.0 (flags = 0x1)
0  ... 
3  -O                                                                        (1 = 16.7%) {0.0%}
4  --O                                                                       (2 = 33.3%) {16.7%}
6  -O                                                                        (1 = 16.7%) {50.0%}
8  --O                                                                       (2 = 33.3%) {66.7%}
11 ... 

Histogram: Memory.DumpProvider.MemoryDumpTime.AllDetailLevels.LevelDB recorded 3 samples, mean = 49.0 (flags = 0x1)
0   ... 
40  --O                                                                       (2 = 66.7%) {0.0%}
55  -O                                                                        (1 = 33.3%) {66.7%}
76  ... 

Histogram: Memory.DumpProvider.MemoryDumpTime.AllDetailLevels.LocalStorage recorded 9 samples, mean = 5.6 (flags = 0x1)
0   ... 
3   ----O                                                                     (4 = 44.4%) {0.0%}
4   --O                                                                       (2 = 22.2%) {44.4%}
6   -O                                                                        (1 = 11.1%) {66.7%}
8   O                                                                         (0 = 0.0%) {77.8%}
11  --O                                                                       (2 = 22.2%) {77.8%}
15  ... 

Histogram: Memory.DumpProvider.MemoryDumpTime.AllDetailLevels.Malloc recorded 3 samples, mean = 326.0 (flags = 0x1)
0    ... 
203  -O                                                                        (1 = 33.3%) {0.0%}
282  -O                                                                        (1 = 33.3%) {33.3%}
391  -O                                                                        (1 = 33.3%) {66.7%}
542  ... 

Histogram: Memory.DumpProvider.MemoryDumpTime.AllDetailLevels.MojoLevelDB recorded 15 samples, mean = 2.7 (flags = 0x1)
0  O                                                                         (0 = 0.0%)
1  -O                                                                        (1 = 6.7%) {0.0%}
2  --------O                                                                 (8 = 53.3%) {6.7%}
3  ---O                                                                      (3 = 20.0%) {60.0%}
4  --O                                                                       (2 = 13.3%) {80.0%}
6  -O                                                                        (1 = 6.7%) {93.3%}
8  ... 

Histogram: Memory.DumpProvider.MemoryDumpTime.AllDetailLevels.PartitionAlloc.AddressSpace recorded 3 samples, mean = 25.7 (flags = 0x1)
0   ... 
21  --O                                                                       (2 = 66.7%) {0.0%}
29  -O                                                                        (1 = 33.3%) {66.7%}
40  ... 

Histogram: Memory.DumpProvider.MemoryDumpTime.AllDetailLevels.SharedMemoryTracker recorded 3 samples, mean = 362.3 (flags = 0x1)
0    ... 
282  --O                                                                       (2 = 66.7%) {0.0%}
391  -O                                                                        (1 = 33.3%) {66.7%}
542  ... 

Histogram: Memory.DumpProvider.MemoryDumpTime.AllDetailLevels.Skia recorded 3 samples, mean = 4.0 (flags = 0x1)
0  ... 
4  ---O                                                                      (3 = 100.0%) {0.0%}
6  ... 

Histogram: Memory.DumpProvider.MemoryDumpTime.AllDetailLevels.Sql recorded 3 samples, mean = 4.0 (flags = 0x1)
0  ... 
3  -O                                                                        (1 = 33.3%) {0.0%}
4  --O                                                                       (2 = 66.7%) {33.3%}
6  ... 

Histogram: Memory.DumpProvider.MemoryDumpTime.AllDetailLevels.V8Isolate recorded 3 samples, mean = 39.3 (flags = 0x1)
0   ... 
29  --O                                                                       (2 = 66.7%) {0.0%}
40  -O                                                                        (1 = 33.3%) {66.7%}
55  ... 

Histogram: Memory.DumpProvider.MemoryDumpTime.AllDetailLevels.cc__ResourcePool recorded 9 samples, mean = 1.7 (flags = 0x1)
0  O                                                                         (0 = 0.0%)
1  ----O                                                                     (4 = 44.4%) {0.0%}
2  ----O                                                                     (4 = 44.4%) {44.4%}
3  -O                                                                        (1 = 11.1%) {88.9%}
4  ... 

Histogram: Memory.DumpProvider.MemoryDumpTime.Background.AXPlatformNode recorded 3 samples, mean = 4.0 (flags = 0x1)
0  ... 
3  -O                                                                        (1 = 33.3%) {0.0%}
4  --O                                                                       (2 = 66.7%) {33.3%}
6  ... 

Histogram: Memory.DumpProvider.MemoryDumpTime.Background.AXPlatformNodeWin recorded 3 samples, mean = 6.0 (flags = 0x1)
0  ... 
4  -O                                                                        (1 = 33.3%) {0.0%}
6  -O                                                                        (1 = 33.3%) {33.3%}
8  -O                                                                        (1 = 33.3%) {66.7%}
11 ... 

Histogram: Memory.DumpProvider.MemoryDumpTime.Background.AllProviders recorded 90 samples, mean = 30.0 (flags = 0x1)
0    O                                                                         (0 = 0.0%)
1    --------O                                                                 (8 = 8.9%) {0.0%}
2    ---------------------O                                                    (21 = 23.3%) {8.9%}
3    -----------------O                                                        (17 = 18.9%) {32.2%}
4    -----------------O                                                        (17 = 18.9%) {51.1%}
6    ----O                                                                     (4 = 4.4%) {70.0%}
8    ---O                                                                      (3 = 3.3%) {74.4%}
11   --O                                                                       (2 = 2.2%) {77.8%}
15   ---O                                                                      (3 = 3.3%) {80.0%}
21   --O                                                                       (2 = 2.2%) {83.3%}
29   ---O                                                                      (3 = 3.3%) {85.6%}
40   ---O                                                                      (3 = 3.3%) {88.9%}
55   -O                                                                        (1 = 1.1%) {92.2%}
76   ... 
203  -O                                                                        (1 = 1.1%) {93.3%}
282  ---O                                                                      (3 = 3.3%) {94.4%}
391  --O                                                                       (2 = 2.2%) {97.8%}
542  ... 

Histogram: Memory.DumpProvider.MemoryDumpTime.Background.BlobStorageContext recorded 9 samples, mean = 1.8 (flags = 0x1)
0  O                                                                         (0 = 0.0%)
1  ---O                                                                      (3 = 33.3%) {0.0%}
2  -----O                                                                    (5 = 55.6%) {33.3%}
3  -O                                                                        (1 = 11.1%) {88.9%}
4  ... 

Histogram: Memory.DumpProvider.MemoryDumpTime.Background.ContextProviderCommandBuffer recorded 6 samples, mean = 3.7 (flags = 0x1)
0  ... 
3  ---O                                                                      (3 = 50.0%) {0.0%}
4  ---O                                                                      (3 = 50.0%) {50.0%}
6  ... 

Histogram: Memory.DumpProvider.MemoryDumpTime.Background.DiscardableSharedMemoryManager recorded 3 samples, mean = 2.7 (flags = 0x1)
0  ... 
2  -O                                                                        (1 = 33.3%) {0.0%}
3  --O                                                                       (2 = 66.7%) {33.3%}
4  ... 

Histogram: Memory.DumpProvider.MemoryDumpTime.Background.FrameEvictionManager recorded 3 samples, mean = 2.0 (flags = 0x1)
0  ... 
2  ---O                                                                      (3 = 100.0%) {0.0%}
3  ... 

Histogram: Memory.DumpProvider.MemoryDumpTime.Background.IPCChannel recorded 3 samples, mean = 16.3 (flags = 0x1)
0   ... 
15  ---O                                                                      (3 = 100.0%) {0.0%}
21  ... 

Histogram: Memory.DumpProvider.MemoryDumpTime.Background.IndexedDBBackingStore recorded 6 samples, mean = 6.0 (flags = 0x1)
0  ... 
3  -O                                                                        (1 = 16.7%) {0.0%}
4  --O                                                                       (2 = 33.3%) {16.7%}
6  -O                                                                        (1 = 16.7%) {50.0%}
8  --O                                                                       (2 = 33.3%) {66.7%}
11 ... 

Histogram: Memory.DumpProvider.MemoryDumpTime.Background.LevelDB recorded 3 samples, mean = 49.0 (flags = 0x1)
0   ... 
40  --O                                                                       (2 = 66.7%) {0.0%}
55  -O                                                                        (1 = 33.3%) {66.7%}
76  ... 

Histogram: Memory.DumpProvider.MemoryDumpTime.Background.LocalStorage recorded 9 samples, mean = 5.6 (flags = 0x1)
0   ... 
3   ----O                                                                     (4 = 44.4%) {0.0%}
4   --O                                                                       (2 = 22.2%) {44.4%}
6   -O                                                                        (1 = 11.1%) {66.7%}
8   O                                                                         (0 = 0.0%) {77.8%}
11  --O                                                                       (2 = 22.2%) {77.8%}
15  ... 

Histogram: Memory.DumpProvider.MemoryDumpTime.Background.Malloc recorded 3 samples, mean = 326.0 (flags = 0x1)
0    ... 
203  -O                                                                        (1 = 33.3%) {0.0%}
282  -O                                                                        (1 = 33.3%) {33.3%}
391  -O                                                                        (1 = 33.3%) {66.7%}
542  ... 

Histogram: Memory.DumpProvider.MemoryDumpTime.Background.MojoLevelDB recorded 15 samples, mean = 2.7 (flags = 0x1)
0  O                                                                         (0 = 0.0%)
1  -O                                                                        (1 = 6.7%) {0.0%}
2  --------O                                                                 (8 = 53.3%) {6.7%}
3  ---O                                                                      (3 = 20.0%) {60.0%}
4  --O                                                                       (2 = 13.3%) {80.0%}
6  -O                                                                        (1 = 6.7%) {93.3%}
8  ... 

Histogram: Memory.DumpProvider.MemoryDumpTime.Background.PartitionAlloc.AddressSpace recorded 3 samples, mean = 25.7 (flags = 0x1)
0   ... 
21  --O                                                                       (2 = 66.7%) {0.0%}
29  -O                                                                        (1 = 33.3%) {66.7%}
40  ... 

Histogram: Memory.DumpProvider.MemoryDumpTime.Background.SharedMemoryTracker recorded 3 samples, mean = 362.3 (flags = 0x1)
0    ... 
282  --O                                                                       (2 = 66.7%) {0.0%}
391  -O                                                                        (1 = 33.3%) {66.7%}
542  ... 

Histogram: Memory.DumpProvider.MemoryDumpTime.Background.Skia recorded 3 samples, mean = 4.0 (flags = 0x1)
0  ... 
4  ---O                                                                      (3 = 100.0%) {0.0%}
6  ... 

Histogram: Memory.DumpProvider.MemoryDumpTime.Background.Sql recorded 3 samples, mean = 4.0 (flags = 0x1)
0  ... 
3  -O                                                                        (1 = 33.3%) {0.0%}
4  --O                                                                       (2 = 66.7%) {33.3%}
6  ... 

Histogram: Memory.DumpProvider.MemoryDumpTime.Background.V8Isolate recorded 3 samples, mean = 39.3 (flags = 0x1)
0   ... 
29  --O                                                                       (2 = 66.7%) {0.0%}
40  -O                                                                        (1 = 33.3%) {66.7%}
55  ... 

Histogram: Memory.DumpProvider.MemoryDumpTime.Background.cc__ResourcePool recorded 9 samples, mean = 1.7 (flags = 0x1)
0  O                                                                         (0 = 0.0%)
1  ----O                                                                     (4 = 44.4%) {0.0%}
2  ----O                                                                     (4 = 44.4%) {44.4%}
3  -O                                                                        (1 = 11.1%) {88.9%}
4  ... 

Histogram: Memory.DumpProvider.PostTaskTime.AllDetailLevels.AXPlatformNode recorded 3 samples, mean = 0.0 (flags = 0x1)
0  ---O                                                                      (3 = 100.0%)
1  ... 

Histogram: Memory.DumpProvider.PostTaskTime.AllDetailLevels.AllProviders recorded 24 samples, mean = 0.0 (flags = 0x1)
0  ------------------------O                                                 (24 = 100.0%)
1  ... 

Histogram: Memory.DumpProvider.PostTaskTime.AllDetailLevels.IndexedDBBackingStore recorded 3 samples, mean = 0.0 (flags = 0x1)
0  ---O                                                                      (3 = 100.0%)
1  ... 

Histogram: Memory.DumpProvider.PostTaskTime.AllDetailLevels.LocalStorage recorded 3 samples, mean = 0.0 (flags = 0x1)
0  ---O                                                                      (3 = 100.0%)
1  ... 

Histogram: Memory.DumpProvider.PostTaskTime.AllDetailLevels.MojoLevelDB recorded 15 samples, mean = 0.0 (flags = 0x1)
0  ---------------O                                                          (15 = 100.0%)
1  ... 

Histogram: Memory.DumpProvider.PostTaskTime.Background.AXPlatformNode recorded 3 samples, mean = 0.0 (flags = 0x1)
0  ---O                                                                      (3 = 100.0%)
1  ... 

Histogram: Memory.DumpProvider.PostTaskTime.Background.AllProviders recorded 24 samples, mean = 0.0 (flags = 0x1)
0  ------------------------O                                                 (24 = 100.0%)
1  ... 

Histogram: Memory.DumpProvider.PostTaskTime.Background.IndexedDBBackingStore recorded 3 samples, mean = 0.0 (flags = 0x1)
0  ---O                                                                      (3 = 100.0%)
1  ... 

Histogram: Memory.DumpProvider.PostTaskTime.Background.LocalStorage recorded 3 samples, mean = 0.0 (flags = 0x1)
0  ---O                                                                      (3 = 100.0%)
1  ... 

Histogram: Memory.DumpProvider.PostTaskTime.Background.MojoLevelDB recorded 15 samples, mean = 0.0 (flags = 0x1)
0  ---------------O                                                          (15 = 100.0%)
1  ... 

Histogram: Memory.DumpProvider.TotalTime.AllDetailLevels.AXPlatformNode recorded 3 samples, mean = 1.0 (flags = 0x1)
0  O                                                                         (0 = 0.0%)
1  ---O                                                                      (3 = 100.0%) {0.0%}
2  ... 

Histogram: Memory.DumpProvider.TotalTime.AllDetailLevels.AXPlatformNodeWin recorded 3 samples, mean = 1.0 (flags = 0x1)
0  O                                                                         (0 = 0.0%)
1  ---O                                                                      (3 = 100.0%) {0.0%}
2  ... 

Histogram: Memory.DumpProvider.TotalTime.AllDetailLevels.AllProviders recorded 141 samples, mean = 0.7 (flags = 0x1)
0  -----------------------------------O                                      (46 = 32.6%)
1  ------------------------------------------------------------------------O (95 = 67.4%) {32.6%}
2  ... 

Histogram: Memory.DumpProvider.TotalTime.AllDetailLevels.BlobStorageContext recorded 9 samples, mean = 1.0 (flags = 0x1)
0  O                                                                         (0 = 0.0%)
1  ---------O                                                                (9 = 100.0%) {0.0%}
2  ... 

Histogram: Memory.DumpProvider.TotalTime.AllDetailLevels.BucketContext recorded 6 samples, mean = 0.7 (flags = 0x1)
0  --O                                                                       (2 = 33.3%)
1  ----O                                                                     (4 = 66.7%) {33.3%}
2  ... 

Histogram: Memory.DumpProvider.TotalTime.AllDetailLevels.ContextProviderCommandBuffer recorded 6 samples, mean = 1.0 (flags = 0x1)
0  O                                                                         (0 = 0.0%)
1  ------O                                                                   (6 = 100.0%) {0.0%}
2  ... 

Histogram: Memory.DumpProvider.TotalTime.AllDetailLevels.DiscardableSharedMemoryManager recorded 3 samples, mean = 1.0 (flags = 0x1)
0  O                                                                         (0 = 0.0%)
1  ---O                                                                      (3 = 100.0%) {0.0%}
2  ... 

Histogram: Memory.DumpProvider.TotalTime.AllDetailLevels.FrameEvictionManager recorded 3 samples, mean = 1.0 (flags = 0x1)
0  O                                                                         (0 = 0.0%)
1  ---O                                                                      (3 = 100.0%) {0.0%}
2  ... 

Histogram: Memory.DumpProvider.TotalTime.AllDetailLevels.IPCChannel recorded 3 samples, mean = 0.0 (flags = 0x1)
0  ---O                                                                      (3 = 100.0%)
1  ... 

Histogram: Memory.DumpProvider.TotalTime.AllDetailLevels.IndexedDBBackingStore recorded 6 samples, mean = 0.7 (flags = 0x1)
0  --O                                                                       (2 = 33.3%)
1  ----O                                                                     (4 = 66.7%) {33.3%}
2  ... 

Histogram: Memory.DumpProvider.TotalTime.AllDetailLevels.LevelDB recorded 3 samples, mean = 0.0 (flags = 0x1)
0  ---O                                                                      (3 = 100.0%)
1  ... 

Histogram: Memory.DumpProvider.TotalTime.AllDetailLevels.LocalStorage recorded 9 samples, mean = 1.0 (flags = 0x1)
0  O                                                                         (0 = 0.0%)
1  ---------O                                                                (9 = 100.0%) {0.0%}
2  ... 

Histogram: Memory.DumpProvider.TotalTime.AllDetailLevels.Malloc recorded 3 samples, mean = 0.0 (flags = 0x1)
0  ---O                                                                      (3 = 100.0%)
1  ... 

Histogram: Memory.DumpProvider.TotalTime.AllDetailLevels.MojoLevelDB recorded 15 samples, mean = 0.7 (flags = 0x1)
0  -----O                                                                    (5 = 33.3%)
1  ----------O                                                               (10 = 66.7%) {33.3%}
2  ... 

Histogram: Memory.DumpProvider.TotalTime.AllDetailLevels.PartitionAlloc.AddressSpace recorded 3 samples, mean = 0.0 (flags = 0x1)
0  ---O                                                                      (3 = 100.0%)
1  ... 

Histogram: Memory.DumpProvider.TotalTime.AllDetailLevels.SessionStorage recorded 9 samples, mean = 1.0 (flags = 0x1)
0  O                                                                         (0 = 0.0%)
1  ---------O                                                                (9 = 100.0%) {0.0%}
2  ... 

Histogram: Memory.DumpProvider.TotalTime.AllDetailLevels.SharedMemoryTracker recorded 3 samples, mean = 0.7 (flags = 0x1)
0  -O                                                                        (1 = 33.3%)
1  --O                                                                       (2 = 66.7%) {33.3%}
2  ... 

Histogram: Memory.DumpProvider.TotalTime.AllDetailLevels.Skia recorded 3 samples, mean = 0.0 (flags = 0x1)
0  ---O                                                                      (3 = 100.0%)
1  ... 

Histogram: Memory.DumpProvider.TotalTime.AllDetailLevels.Sql recorded 3 samples, mean = 0.0 (flags = 0x1)
0  ---O                                                                      (3 = 100.0%)
1  ... 

Histogram: Memory.DumpProvider.TotalTime.AllDetailLevels.TileManager recorded 9 samples, mean = 1.0 (flags = 0x1)
0  O                                                                         (0 = 0.0%)
1  ---------O                                                                (9 = 100.0%) {0.0%}
2  ... 

Histogram: Memory.DumpProvider.TotalTime.AllDetailLevels.V8Isolate recorded 3 samples, mean = 1.0 (flags = 0x1)
0  O                                                                         (0 = 0.0%)
1  ---O                                                                      (3 = 100.0%) {0.0%}
2  ... 

Histogram: Memory.DumpProvider.TotalTime.AllDetailLevels.V8SharedMemory recorded 3 samples, mean = 0.0 (flags = 0x1)
0  ---O                                                                      (3 = 100.0%)
1  ... 

Histogram: Memory.DumpProvider.TotalTime.AllDetailLevels.cc__GpuImageDecodeCache recorded 9 samples, mean = 1.0 (flags = 0x1)
0  O                                                                         (0 = 0.0%)
1  ---------O                                                                (9 = 100.0%) {0.0%}
2  ... 

Histogram: Memory.DumpProvider.TotalTime.AllDetailLevels.cc__ResourcePool recorded 9 samples, mean = 1.0 (flags = 0x1)
0  O                                                                         (0 = 0.0%)
1  ---------O                                                                (9 = 100.0%) {0.0%}
2  ... 

Histogram: Memory.DumpProvider.TotalTime.AllDetailLevels.sql__Database recorded 15 samples, mean = 0.0 (flags = 0x1)
0  ---------------O                                                          (15 = 100.0%)
1  ... 

Histogram: Memory.DumpProvider.TotalTime.Background.AXPlatformNode recorded 3 samples, mean = 1.0 (flags = 0x1)
0  O                                                                         (0 = 0.0%)
1  ---O                                                                      (3 = 100.0%) {0.0%}
2  ... 

Histogram: Memory.DumpProvider.TotalTime.Background.AXPlatformNodeWin recorded 3 samples, mean = 1.0 (flags = 0x1)
0  O                                                                         (0 = 0.0%)
1  ---O                                                                      (3 = 100.0%) {0.0%}
2  ... 

Histogram: Memory.DumpProvider.TotalTime.Background.AllProviders recorded 141 samples, mean = 0.7 (flags = 0x1)
0  -----------------------------------O                                      (46 = 32.6%)
1  ------------------------------------------------------------------------O (95 = 67.4%) {32.6%}
2  ... 

Histogram: Memory.DumpProvider.TotalTime.Background.BlobStorageContext recorded 9 samples, mean = 1.0 (flags = 0x1)
0  O                                                                         (0 = 0.0%)
1  ---------O                                                                (9 = 100.0%) {0.0%}
2  ... 

Histogram: Memory.DumpProvider.TotalTime.Background.BucketContext recorded 6 samples, mean = 0.7 (flags = 0x1)
0  --O                                                                       (2 = 33.3%)
1  ----O                                                                     (4 = 66.7%) {33.3%}
2  ... 

Histogram: Memory.DumpProvider.TotalTime.Background.ContextProviderCommandBuffer recorded 6 samples, mean = 1.0 (flags = 0x1)
0  O                                                                         (0 = 0.0%)
1  ------O                                                                   (6 = 100.0%) {0.0%}
2  ... 

Histogram: Memory.DumpProvider.TotalTime.Background.DiscardableSharedMemoryManager recorded 3 samples, mean = 1.0 (flags = 0x1)
0  O                                                                         (0 = 0.0%)
1  ---O                                                                      (3 = 100.0%) {0.0%}
2  ... 

Histogram: Memory.DumpProvider.TotalTime.Background.FrameEvictionManager recorded 3 samples, mean = 1.0 (flags = 0x1)
0  O                                                                         (0 = 0.0%)
1  ---O                                                                      (3 = 100.0%) {0.0%}
2  ... 

Histogram: Memory.DumpProvider.TotalTime.Background.IPCChannel recorded 3 samples, mean = 0.0 (flags = 0x1)
0  ---O                                                                      (3 = 100.0%)
1  ... 

Histogram: Memory.DumpProvider.TotalTime.Background.IndexedDBBackingStore recorded 6 samples, mean = 0.7 (flags = 0x1)
0  --O                                                                       (2 = 33.3%)
1  ----O                                                                     (4 = 66.7%) {33.3%}
2  ... 

Histogram: Memory.DumpProvider.TotalTime.Background.LevelDB recorded 3 samples, mean = 0.0 (flags = 0x1)
0  ---O                                                                      (3 = 100.0%)
1  ... 

Histogram: Memory.DumpProvider.TotalTime.Background.LocalStorage recorded 9 samples, mean = 1.0 (flags = 0x1)
0  O                                                                         (0 = 0.0%)
1  ---------O                                                                (9 = 100.0%) {0.0%}
2  ... 

Histogram: Memory.DumpProvider.TotalTime.Background.Malloc recorded 3 samples, mean = 0.0 (flags = 0x1)
0  ---O                                                                      (3 = 100.0%)
1  ... 

Histogram: Memory.DumpProvider.TotalTime.Background.MojoLevelDB recorded 15 samples, mean = 0.7 (flags = 0x1)
0  -----O                                                                    (5 = 33.3%)
1  ----------O                                                               (10 = 66.7%) {33.3%}
2  ... 

Histogram: Memory.DumpProvider.TotalTime.Background.PartitionAlloc.AddressSpace recorded 3 samples, mean = 0.0 (flags = 0x1)
0  ---O                                                                      (3 = 100.0%)
1  ... 

Histogram: Memory.DumpProvider.TotalTime.Background.SessionStorage recorded 9 samples, mean = 1.0 (flags = 0x1)
0  O                                                                         (0 = 0.0%)
1  ---------O                                                                (9 = 100.0%) {0.0%}
2  ... 

Histogram: Memory.DumpProvider.TotalTime.Background.SharedMemoryTracker recorded 3 samples, mean = 0.7 (flags = 0x1)
0  -O                                                                        (1 = 33.3%)
1  --O                                                                       (2 = 66.7%) {33.3%}
2  ... 

Histogram: Memory.DumpProvider.TotalTime.Background.Skia recorded 3 samples, mean = 0.0 (flags = 0x1)
0  ---O                                                                      (3 = 100.0%)
1  ... 

Histogram: Memory.DumpProvider.TotalTime.Background.Sql recorded 3 samples, mean = 0.0 (flags = 0x1)
0  ---O                                                                      (3 = 100.0%)
1  ... 

Histogram: Memory.DumpProvider.TotalTime.Background.TileManager recorded 9 samples, mean = 1.0 (flags = 0x1)
0  O                                                                         (0 = 0.0%)
1  ---------O                                                                (9 = 100.0%) {0.0%}
2  ... 

Histogram: Memory.DumpProvider.TotalTime.Background.V8Isolate recorded 3 samples, mean = 1.0 (flags = 0x1)
0  O                                                                         (0 = 0.0%)
1  ---O                                                                      (3 = 100.0%) {0.0%}
2  ... 

Histogram: Memory.DumpProvider.TotalTime.Background.V8SharedMemory recorded 3 samples, mean = 0.0 (flags = 0x1)
0  ---O                                                                      (3 = 100.0%)
1  ... 

Histogram: Memory.DumpProvider.TotalTime.Background.cc__GpuImageDecodeCache recorded 9 samples, mean = 1.0 (flags = 0x1)
0  O                                                                         (0 = 0.0%)
1  ---------O                                                                (9 = 100.0%) {0.0%}
2  ... 

Histogram: Memory.DumpProvider.TotalTime.Background.cc__ResourcePool recorded 9 samples, mean = 1.0 (flags = 0x1)
0  O                                                                         (0 = 0.0%)
1  ---------O                                                                (9 = 100.0%) {0.0%}
2  ... 

Histogram: Memory.DumpProvider.TotalTime.Background.sql__Database recorded 15 samples, mean = 0.0 (flags = 0x1)
0  ---------------O                                                          (15 = 100.0%)
1  ... 

Histogram: Memory.GPU.PeakMemoryAllocationSource2.PageLoad.CommandBuffer recorded 3 samples, mean = 0.0 (flags = 0x1)
0  ---O                                                                      (3 = 100.0%)
1  ... 

Histogram: Memory.GPU.PeakMemoryAllocationSource2.PageLoad.SharedContextState recorded 3 samples, mean = 5.7 (flags = 0x1)
0  -O                                                                        (1 = 33.3%)
1  ... 
8  -O                                                                        (1 = 33.3%) {33.3%}
9  -O                                                                        (1 = 33.3%) {66.7%}
10 ... 

Histogram: Memory.GPU.PeakMemoryAllocationSource2.PageLoad.SharedImageStub recorded 3 samples, mean = 5.7 (flags = 0x1)
0   -O                                                                        (1 = 33.3%)
1   ... 
7   -O                                                                        (1 = 33.3%) {33.3%}
8   ... 
10  -O                                                                        (1 = 33.3%) {66.7%}
11  ... 

Histogram: Memory.GPU.PeakMemoryAllocationSource2.PageLoad.Skia recorded 3 samples, mean = 10.7 (flags = 0x1)
0   ... 
7   -O                                                                        (1 = 33.3%) {0.0%}
8   ... 
11  -O                                                                        (1 = 33.3%) {33.3%}
12  ... 
14  -O                                                                        (1 = 33.3%) {66.7%}
15  ... 

Histogram: Memory.GPU.PeakMemoryAllocationSource2.PageLoad.Unknown recorded 3 samples, mean = 0.0 (flags = 0x1)
0  ---O                                                                      (3 = 100.0%)
1  ... 

Histogram: Memory.GPU.PeakMemoryAllocationSource2.PageLoad.WebNN recorded 3 samples, mean = 0.0 (flags = 0x1)
0  ---O                                                                      (3 = 100.0%)
1  ... 

Histogram: Memory.GPU.PeakMemoryUsage2.PageLoad recorded 3 samples, mean = 22.7 (flags = 0x1)
0   ... 
7   -O                                                                        (1 = 33.3%) {0.0%}
8   ... 
25  -O                                                                        (1 = 33.3%) {33.3%}
28  ... 
34  -O                                                                        (1 = 33.3%) {66.7%}
38  ... 

Histogram: Memory.PartitionAlloc.PartitionRoot.ExtrasSize recorded 1 samples, mean = 4.0 (flags = 0x1)
0  ... 
4  -O                                                                        (1 = 100.0%) {0.0%}
5  ... 

Histogram: Memory.PressureLevel2 recorded 7 samples, mean = 0.0 (flags = 0x1)
0  -------O                                                                  (7 = 100.0%)
1  ... 

Histogram: Mojo.Channel.WriteMessageSize recorded 5 samples, mean = 137.6 (flags = 0x1)
0    ... 
95   ----O                                                                     (4 = 80.0%) {0.0%}
119  ... 
233  -O                                                                        (1 = 20.0%) {80.0%}
292  ... 

Histogram: Mojo.Channel.WriteReceiveMessageProcessType recorded 3 samples, mean = 1.0 (flags = 0x1)
0  O                                                                         (0 = 0.0%)
1  ---O                                                                      (3 = 100.0%) {0.0%}
2  ... 

Histogram: Mojo.Channel.WriteSendMessageProcessType recorded 5 samples, mean = 1.0 (flags = 0x1)
0  O                                                                         (0 = 0.0%)
1  -----O                                                                    (5 = 100.0%) {0.0%}
2  ... 

Histogram: Mojo.Channel.WriteToReadLatencyUs recorded 7 samples, mean = 39.7 (flags = 0x1)
0    ... 
13   ---O                                                                      (3 = 42.9%) {0.0%}
15   O                                                                         (0 = 0.0%) {42.9%}
17   -O                                                                        (1 = 14.3%) {42.9%}
19   ... 
25   -O                                                                        (1 = 14.3%) {57.1%}
28   -O                                                                        (1 = 14.3%) {71.4%}
32   ... 
148  -O                                                                        (1 = 14.3%) {85.7%}
168  ... 

Histogram: Mojo.EndToEndLatencyUs.BrowserIO recorded 0 samples (flags = 0x1)
0 ... 

Histogram: Mojo.EndToEndLatencyUs.BrowserMain recorded 2 samples, mean = 35.5 (flags = 0x1)
0   ... 
32  -O                                                                        (1 = 50.0%) {0.0%}
36  -O                                                                        (1 = 50.0%) {50.0%}
41  ... 

Histogram: NQE.ContentObserver.NetworkQualityMeaningfullyChanged recorded 3 samples, mean = 0.7
0  -O                                                                        (1 = 33.3%)
1  --O                                                                       (2 = 66.7%) {33.3%}
2  O                                                                         (0 = 0.0%) {100.0%}

Histogram: Navigation.AgentSchedulingGroupHost.RemoveRoute recorded 6 samples, mean = 0.0 (flags = 0x1)
0  ------O                                                                   (6 = 100.0%)
1  ... 

Histogram: Navigation.All.WastedSpeculativeRFHCase recorded 6 samples, mean = 0.5 (flags = 0x1)
0  ---O                                                                      (3 = 50.0%)
1  ---O                                                                      (3 = 50.0%) {50.0%}
2  ... 

Histogram: Navigation.BeforeUnloadExecutionMode.IsInOutermostMainFrame recorded 2 samples, mean = 0.0 (flags = 0x1)
0  --O                                                                       (2 = 100.0%)
1  ... 

Histogram: Navigation.BeforeUnloadExecutionMode.IsInOutermostMainFrame.CrossOrigin recorded 2 samples, mean = 0.0 (flags = 0x1)
0  --O                                                                       (2 = 100.0%)
1  ... 

Histogram: Navigation.BeginNavigationImpl.MainFrame recorded 3 samples, mean = 0.0 (flags = 0x1)
0  ---O                                                                      (3 = 100.0%)
1  ... 

Histogram: Navigation.BrowserInitiated.IsDuplicateWithoutThresholdCheck2 recorded 3 samples, mean = 0.0 (flags = 0x1)
0  ---O                                                                      (3 = 100.0%)
1  ... 

Histogram: Navigation.BrowserInitiated.ShouldDispatchBeforeUnload recorded 3 samples, mean = 0.0 (flags = 0x1)
0  ---O                                                                      (3 = 100.0%)
1  ... 

Histogram: Navigation.DeferSpeculativeRFHAction recorded 3 samples, mean = 0.0 (flags = 0x1)
0  ---O                                                                      (3 = 100.0%)
1  ... 

Histogram: Navigation.DelayedCurrentProcessInitByLaunchingSpareFirst recorded 6 samples, mean = 1.0 (flags = 0x1)
0  O                                                                         (0 = 0.0%)
1  ------O                                                                   (6 = 100.0%) {0.0%}
2  O                                                                         (0 = 0.0%) {100.0%}

Histogram: Navigation.DidStartLoading.MainFrame recorded 3 samples, mean = 0.0 (flags = 0x1)
0  ---O                                                                      (3 = 100.0%)
1  ... 

Histogram: Navigation.DocumentAssociatedDataDestructor recorded 6 samples, mean = 0.0 (flags = 0x1)
0  ------O                                                                   (6 = 100.0%)
1  ... 

Histogram: Navigation.EarlyRenderFrameHostSwapType recorded 3 samples, mean = 0.0 (flags = 0x1)
0  ---O                                                                      (3 = 100.0%)
1  ... 

Histogram: Navigation.GetFrameHostForNavigation recorded 6 samples, mean = 1.2 (flags = 0x1)
0  ---O                                                                      (3 = 50.0%)
1  -O                                                                        (1 = 16.7%) {50.0%}
2  -O                                                                        (1 = 16.7%) {66.7%}
3  O                                                                         (0 = 0.0%) {83.3%}
4  -O                                                                        (1 = 16.7%) {83.3%}
5  ... 

Histogram: Navigation.GetFrameHostForNavigationTime.InDidCreateNavigationRequest.IsHTTPOrHTTPS recorded 2 samples, mean = 1943.5 (flags = 0x1)
0     ... 
1447  -O                                                                        (1 = 50.0%) {0.0%}
2008  -O                                                                        (1 = 50.0%) {50.0%}
2786  ... 

Histogram: Navigation.IsGuest recorded 3 samples, mean = 0.0 (flags = 0x1)
0  ---O                                                                      (3 = 100.0%)
1  ... 

Histogram: Navigation.IsLockedProcess recorded 3 samples, mean = 1.0 (flags = 0x1)
0  O                                                                         (0 = 0.0%)
1  ---O                                                                      (3 = 100.0%) {0.0%}
2  O                                                                         (0 = 0.0%) {100.0%}

Histogram: Navigation.IsLockedProcess.HTTPOrHTTPS recorded 2 samples, mean = 1.0 (flags = 0x1)
0  O                                                                         (0 = 0.0%)
1  --O                                                                       (2 = 100.0%) {0.0%}
2  O                                                                         (0 = 0.0%) {100.0%}

Histogram: Navigation.IsProcessBackgrounded2.OnCommit recorded 2 samples, mean = 0.0 (flags = 0x1)
0  --O                                                                       (2 = 100.0%)
1  ... 

Histogram: Navigation.IsProcessBackgrounded2.OnDOMContentLoaded recorded 2 samples, mean = 0.0 (flags = 0x1)
0  --O                                                                       (2 = 100.0%)
1  ... 

Histogram: Navigation.IsSameBrowsingInstance recorded 3 samples, mean = 1.0 (flags = 0x1)
0  O                                                                         (0 = 0.0%)
1  ---O                                                                      (3 = 100.0%) {0.0%}
2  O                                                                         (0 = 0.0%) {100.0%}

Histogram: Navigation.IsSameSiteInstance recorded 3 samples, mean = 1.0 (flags = 0x1)
0  O                                                                         (0 = 0.0%)
1  ---O                                                                      (3 = 100.0%) {0.0%}
2  O                                                                         (0 = 0.0%) {100.0%}

Histogram: Navigation.IsSameSiteInstance.MainFrame recorded 3 samples, mean = 1.0 (flags = 0x1)
0  O                                                                         (0 = 0.0%)
1  ---O                                                                      (3 = 100.0%) {0.0%}
2  O                                                                         (0 = 0.0%) {100.0%}

Histogram: Navigation.LoaderCreateToRequestStart.MainFrame recorded 3 samples, mean = 0.0 (flags = 0x1)
0  ---O                                                                      (3 = 100.0%)
1  ... 

Histogram: Navigation.MainFrame.FrameCount recorded 3 samples, mean = 1.0 (flags = 0x1)
0  O                                                                         (0 = 0.0%)
1  ---O                                                                      (3 = 100.0%) {0.0%}
2  ... 

Histogram: Navigation.MainFrame.MaxFrameCount recorded 3 samples, mean = 1.0 (flags = 0x1)
0  O                                                                         (0 = 0.0%)
1  ---O                                                                      (3 = 100.0%) {0.0%}
2  ... 

Histogram: Navigation.MainFrame.NewNavigation.IgnoreRestore.IsHTTPOrHTTPS.BeginNavigationToLoaderStart.Time2 recorded 2 samples, mean = 0.0 (flags = 0x1)
0  --O                                                                       (2 = 100.0%)
1  ... 

Histogram: Navigation.MainFrame.NewNavigation.IgnoreRestore.IsHTTPOrHTTPS.FetchStart.Time2 recorded 2 samples, mean = 4.0 (flags = 0x1)
0  ... 
3  -O                                                                        (1 = 50.0%) {0.0%}
4  O                                                                         (0 = 0.0%) {50.0%}
5  -O                                                                        (1 = 50.0%) {50.0%}
6  ... 

Histogram: Navigation.MainFrame.NewNavigation.IgnoreRestore.IsHTTPOrHTTPS.LoaderStartToFetchStart.Time2 recorded 2 samples, mean = 1.5 (flags = 0x1)
0  O                                                                         (0 = 0.0%)
1  -O                                                                        (1 = 50.0%) {0.0%}
2  -O                                                                        (1 = 50.0%) {50.0%}
3  ... 

Histogram: Navigation.MainFrame.NewNavigation.IgnoreRestore.IsHTTPOrHTTPS.LoaderStartToReceiveResponse.Time2 recorded 2 samples, mean = 8.0 (flags = 0x1)
0   ... 
6   -O                                                                        (1 = 50.0%) {0.0%}
7   ... 
10  -O                                                                        (1 = 50.0%) {50.0%}
12  ... 

Histogram: Navigation.MainFrame.NewNavigation.IgnoreRestore.IsHTTPOrHTTPS.NavigationStartToBeginNavigation.Time2 recorded 2 samples, mean = 1.5 (flags = 0x1)
0  O                                                                         (0 = 0.0%)
1  -O                                                                        (1 = 50.0%) {0.0%}
2  -O                                                                        (1 = 50.0%) {50.0%}
3  ... 

Histogram: Navigation.MainFrame.NewNavigation.IgnoreRestore.IsHTTPOrHTTPS.ReceiveHeaders.Time2 recorded 2 samples, mean = 1.5 (flags = 0x1)
0  O                                                                         (0 = 0.0%)
1  -O                                                                        (1 = 50.0%) {0.0%}
2  -O                                                                        (1 = 50.0%) {50.0%}
3  ... 

Histogram: Navigation.MainFrame.NewNavigation.IgnoreRestore.IsHTTPOrHTTPS.ReceiveHeadersToReceiveResponse.Time2 recorded 2 samples, mean = 0.0 (flags = 0x1)
0  --O                                                                       (2 = 100.0%)
1  ... 

Histogram: Navigation.MainFrame.NewNavigation.IgnoreRestore.IsHTTPOrHTTPS.ReceiveResponseToCommitNavigation.Time2 recorded 2 samples, mean = 0.5 (flags = 0x1)
0  -O                                                                        (1 = 50.0%)
1  -O                                                                        (1 = 50.0%) {50.0%}
2  ... 

Histogram: Navigation.NotFromAd.WastedSpeculativeRFHCase recorded 6 samples, mean = 0.5 (flags = 0x1)
0  ---O                                                                      (3 = 50.0%)
1  ---O                                                                      (3 = 50.0%) {50.0%}
2  ... 

Histogram: Navigation.OriginAgentCluster.Result recorded 3 samples, mean = 8.7 (flags = 0x1)
0  ... 
8  -O                                                                        (1 = 33.3%) {0.0%}
9  --O                                                                       (2 = 66.7%) {33.3%}
10 O                                                                         (0 = 0.0%) {100.0%}

Histogram: Navigation.ProcessNavigationThrottlesTime.WillStartRequest.MainFrame recorded 3 samples, mean = 0.0 (flags = 0x1)
0  ---O                                                                      (3 = 100.0%)
1  ... 

Histogram: Navigation.QueueTime.OnReceiveResponse.MainFrame recorded 3 samples, mean = 0.0 (flags = 0x1)
0  ---O                                                                      (3 = 100.0%)
1  ... 

Histogram: Navigation.ReadyToCommitUntilCommit2 recorded 3 samples, mean = 38.7 (flags = 0x1)
0   ... 
32  -O                                                                        (1 = 33.3%) {0.0%}
41  --O                                                                       (2 = 66.7%) {33.3%}
52  ... 

Histogram: Navigation.ReadyToCommitUntilCommit2.ForegroundProcessPriority recorded 3 samples, mean = 38.7 (flags = 0x1)
0   ... 
32  -O                                                                        (1 = 33.3%) {0.0%}
41  --O                                                                       (2 = 66.7%) {33.3%}
52  ... 

Histogram: Navigation.ReadyToCommitUntilCommit2.NewNavigation recorded 3 samples, mean = 38.7 (flags = 0x1)
0   ... 
32  -O                                                                        (1 = 33.3%) {0.0%}
41  --O                                                                       (2 = 66.7%) {33.3%}
52  ... 

Histogram: Navigation.RegisterNavigationThrottlesTime.MainFrame recorded 3 samples, mean = 0.0 (flags = 0x1)
0  ---O                                                                      (3 = 100.0%)
1  ... 

Histogram: Navigation.RenderFrameHostConstructor recorded 3 samples, mean = 0.0 (flags = 0x1)
0  ---O                                                                      (3 = 100.0%)
1  ... 

Histogram: Navigation.RenderFrameHostDestructor recorded 3 samples, mean = 0.0 (flags = 0x1)
0  ---O                                                                      (3 = 100.0%)
1  ... 

Histogram: Navigation.RenderViewHostConstructor recorded 3 samples, mean = 0.0 (flags = 0x1)
0  ---O                                                                      (3 = 100.0%)
1  ... 

Histogram: Navigation.RenderViewHostDestructor recorded 3 samples, mean = 0.0 (flags = 0x1)
0  ---O                                                                      (3 = 100.0%)
1  ... 

Histogram: Navigation.RenderWidgetHostConstructor recorded 3 samples, mean = 0.0 (flags = 0x1)
0  ---O                                                                      (3 = 100.0%)
1  ... 

Histogram: Navigation.RenderWidgetHostDestructor recorded 3 samples, mean = 0.0 (flags = 0x1)
0  ---O                                                                      (3 = 100.0%)
1  ... 

Histogram: Navigation.RendererDidNavigateTime.MainFrame recorded 3 samples, mean = 0.0 (flags = 0x1)
0  ---O                                                                      (3 = 100.0%)
1  ... 

Histogram: Navigation.RequiresDedicatedProcess recorded 3 samples, mean = 1.0 (flags = 0x1)
0  O                                                                         (0 = 0.0%)
1  ---O                                                                      (3 = 100.0%) {0.0%}
2  O                                                                         (0 = 0.0%) {100.0%}

Histogram: Navigation.RequiresDedicatedProcess.HTTPOrHTTPS recorded 2 samples, mean = 1.0 (flags = 0x1)
0  O                                                                         (0 = 0.0%)
1  --O                                                                       (2 = 100.0%) {0.0%}
2  O                                                                         (0 = 0.0%) {100.0%}

Histogram: Navigation.ResetChildren recorded 9 samples, mean = 0.0 (flags = 0x1)
0  ---------O                                                                (9 = 100.0%)
1  ... 

Histogram: Navigation.SendCommitNavigationTime.MainFrame recorded 3 samples, mean = 0.0 (flags = 0x1)
0  ---O                                                                      (3 = 100.0%)
1  ... 

Histogram: Navigation.StartAdjustment.AllFrames recorded 3 samples, mean = 0.0 (flags = 0x1)
0  ---O                                                                      (3 = 100.0%)
1  ... 

Histogram: Navigation.StartAdjustment.MainFrameOnly recorded 3 samples, mean = 0.0 (flags = 0x1)
0  ---O                                                                      (3 = 100.0%)
1  ... 

Histogram: Navigation.StartToCommit recorded 3 samples, mean = 49.0 (flags = 0x1)
0   ... 
41  --O                                                                       (2 = 66.7%) {0.0%}
52  -O                                                                        (1 = 33.3%) {66.7%}
66  ... 

Histogram: Navigation.StartToCommit.ForegroundProcessPriority recorded 3 samples, mean = 49.0 (flags = 0x1)
0   ... 
41  --O                                                                       (2 = 66.7%) {0.0%}
52  -O                                                                        (1 = 33.3%) {66.7%}
66  ... 

Histogram: Navigation.StartToCommit.MainFrame recorded 3 samples, mean = 49.0 (flags = 0x1)
0   ... 
41  --O                                                                       (2 = 66.7%) {0.0%}
52  -O                                                                        (1 = 33.3%) {66.7%}
66  ... 

Histogram: Navigation.StartToCommit.MainFrame.ForegroundProcessPriority recorded 3 samples, mean = 49.0 (flags = 0x1)
0   ... 
41  --O                                                                       (2 = 66.7%) {0.0%}
52  -O                                                                        (1 = 33.3%) {66.7%}
66  ... 

Histogram: Navigation.StartToCommit.MainFrame.NewNavigation recorded 3 samples, mean = 49.0 (flags = 0x1)
0   ... 
41  --O                                                                       (2 = 66.7%) {0.0%}
52  -O                                                                        (1 = 33.3%) {66.7%}
66  ... 

Histogram: Navigation.StartToCommit.NewNavigation recorded 3 samples, mean = 49.0 (flags = 0x1)
0   ... 
41  --O                                                                       (2 = 66.7%) {0.0%}
52  -O                                                                        (1 = 33.3%) {66.7%}
66  ... 

Histogram: Navigation.StartToCommit.SameProcess recorded 3 samples, mean = 49.0 (flags = 0x1)
0   ... 
41  --O                                                                       (2 = 66.7%) {0.0%}
52  -O                                                                        (1 = 33.3%) {66.7%}
66  ... 

Histogram: Navigation.StartToCommit.SameProcess.ForegroundProcessPriority recorded 3 samples, mean = 49.0 (flags = 0x1)
0   ... 
41  --O                                                                       (2 = 66.7%) {0.0%}
52  -O                                                                        (1 = 33.3%) {66.7%}
66  ... 

Histogram: Navigation.StartToCommit.SameProcess.MainFrame recorded 3 samples, mean = 49.0 (flags = 0x1)
0   ... 
41  --O                                                                       (2 = 66.7%) {0.0%}
52  -O                                                                        (1 = 33.3%) {66.7%}
66  ... 

Histogram: Navigation.StartToCommit.SameProcess.MainFrame.ForegroundProcessPriority recorded 3 samples, mean = 49.0 (flags = 0x1)
0   ... 
41  --O                                                                       (2 = 66.7%) {0.0%}
52  -O                                                                        (1 = 33.3%) {66.7%}
66  ... 

Histogram: Navigation.StartToCommit.SameProcess.MainFrame.NewNavigation recorded 3 samples, mean = 49.0 (flags = 0x1)
0   ... 
41  --O                                                                       (2 = 66.7%) {0.0%}
52  -O                                                                        (1 = 33.3%) {66.7%}
66  ... 

Histogram: Navigation.StartToCommit.SameProcess.NewNavigation recorded 3 samples, mean = 49.0 (flags = 0x1)
0   ... 
41  --O                                                                       (2 = 66.7%) {0.0%}
52  -O                                                                        (1 = 33.3%) {66.7%}
66  ... 

Histogram: Navigation.SuddenTerminationDisabler.AllOrigins recorded 3 samples, mean = 13.0 (flags = 0x1)
0   ... 
13  ---O                                                                      (3 = 100.0%) {0.0%}
14  ... 

Histogram: Navigation.SuddenTerminationDisabler.SameOrigin recorded 3 samples, mean = 13.0 (flags = 0x1)
0   ... 
13  ---O                                                                      (3 = 100.0%) {0.0%}
14  ... 

Histogram: Navigation.ThrottleCount recorded 3 samples, mean = 9.0 (flags = 0x1)
0  ... 
9  ---O                                                                      (3 = 100.0%) {0.0%}
10 ... 

Histogram: Navigation.ThrottleEventDurationTime.WillProcessResponse recorded 3 samples, mean = 0.0 (flags = 0x1)
0  ---O                                                                      (3 = 100.0%)
1  ... 

Histogram: Navigation.ThrottleEventDurationTime.WillStartRequest recorded 3 samples, mean = 0.0 (flags = 0x1)
0  ---O                                                                      (3 = 100.0%)
1  ... 

Histogram: Navigation.ThrottleEventExecutionTime.WillProcessResponse recorded 3 samples, mean = 0.0 (flags = 0x1)
0  ---O                                                                      (3 = 100.0%)
1  ... 

Histogram: Navigation.ThrottleEventExecutionTime.WillStartRequest recorded 3 samples, mean = 0.0 (flags = 0x1)
0  ---O                                                                      (3 = 100.0%)
1  ... 

Histogram: Navigation.ThrottleExecutionTime.WillProcessResponse recorded 27 samples, mean = 0.0 (flags = 0x1)
0  ---------------------------O                                              (27 = 100.0%)
1  ... 

Histogram: Navigation.ThrottleExecutionTime.WillStartRequest recorded 27 samples, mean = 0.0 (flags = 0x1)
0  ---------------------------O                                              (27 = 100.0%)
1  ... 

Histogram: Navigation.ThrottleTotalDeferCount recorded 3 samples, mean = 0.0 (flags = 0x1)
0  ---O                                                                      (3 = 100.0%)
1  ... 

Histogram: Navigation.ThrottleTotalDeferCount.Request recorded 3 samples, mean = 0.0 (flags = 0x1)
0  ---O                                                                      (3 = 100.0%)
1  ... 

Histogram: Navigation.ThrottleTotalDeferTime recorded 3 samples, mean = 0.0 (flags = 0x1)
0  ---O                                                                      (3 = 100.0%)
1  ... 

Histogram: Navigation.ThrottleTotalDeferTime.Request recorded 3 samples, mean = 0.0 (flags = 0x1)
0  ---O                                                                      (3 = 100.0%)
1  ... 

Histogram: Navigation.TimeToReadyToCommit2 recorded 3 samples, mean = 9.3 (flags = 0x1)
0   ... 
6   -O                                                                        (1 = 33.3%) {0.0%}
8   -O                                                                        (1 = 33.3%) {33.3%}
10  O                                                                         (0 = 0.0%) {66.7%}
13  -O                                                                        (1 = 33.3%) {66.7%}
16  ... 

Histogram: Navigation.TimeToReadyToCommit2.MainFrame recorded 3 samples, mean = 9.3 (flags = 0x1)
0   ... 
6   -O                                                                        (1 = 33.3%) {0.0%}
8   -O                                                                        (1 = 33.3%) {33.3%}
10  O                                                                         (0 = 0.0%) {66.7%}
13  -O                                                                        (1 = 33.3%) {66.7%}
16  ... 

Histogram: Navigation.TimeToReadyToCommit2.MainFrame.NewNavigation recorded 3 samples, mean = 9.3 (flags = 0x1)
0   ... 
6   -O                                                                        (1 = 33.3%) {0.0%}
8   -O                                                                        (1 = 33.3%) {33.3%}
10  O                                                                         (0 = 0.0%) {66.7%}
13  -O                                                                        (1 = 33.3%) {66.7%}
16  ... 

Histogram: Navigation.TimeToReadyToCommit2.NewNavigation recorded 3 samples, mean = 9.3 (flags = 0x1)
0   ... 
6   -O                                                                        (1 = 33.3%) {0.0%}
8   -O                                                                        (1 = 33.3%) {33.3%}
10  O                                                                         (0 = 0.0%) {66.7%}
13  -O                                                                        (1 = 33.3%) {66.7%}
16  ... 

Histogram: Navigation.TimeToReadyToCommit2.SameProcess recorded 3 samples, mean = 9.3 (flags = 0x1)
0   ... 
6   -O                                                                        (1 = 33.3%) {0.0%}
8   -O                                                                        (1 = 33.3%) {33.3%}
10  O                                                                         (0 = 0.0%) {66.7%}
13  -O                                                                        (1 = 33.3%) {66.7%}
16  ... 

Histogram: Navigation.TimeToReadyToCommit2.SameProcess.NewNavigation recorded 3 samples, mean = 9.3 (flags = 0x1)
0   ... 
6   -O                                                                        (1 = 33.3%) {0.0%}
8   -O                                                                        (1 = 33.3%) {33.3%}
10  O                                                                         (0 = 0.0%) {66.7%}
13  -O                                                                        (1 = 33.3%) {66.7%}
16  ... 

Histogram: Navigation.Timeline.BeginNavigationToLoaderStart.Duration recorded 3 samples, mean = 0.0 (flags = 0x1)
0  ---O                                                                      (3 = 100.0%)
1  ... 

Histogram: Navigation.Timeline.CommitToDidCommit.Duration recorded 3 samples, mean = 37.7 (flags = 0x1)
0   ... 
29  -O                                                                        (1 = 33.3%) {0.0%}
34  O                                                                         (0 = 0.0%) {33.3%}
40  --O                                                                       (2 = 66.7%) {33.3%}
48  ... 

Histogram: Navigation.Timeline.DidCommitToFinish.Duration recorded 3 samples, mean = 0.7 (flags = 0x1)
0  -O                                                                        (1 = 33.3%)
1  --O                                                                       (2 = 66.7%) {33.3%}
2  ... 

Histogram: Navigation.Timeline.FetchStartToReceiveHeaders.Duration recorded 2 samples, mean = 6.0 (flags = 0x1)
0  ... 
4  -O                                                                        (1 = 50.0%) {0.0%}
5  ... 
8  -O                                                                        (1 = 50.0%) {50.0%}
10 ... 

Histogram: Navigation.Timeline.IgnoredCorrectly.Duration recorded 3 samples, mean = 0.0 (flags = 0x1)
0  ---O                                                                      (3 = 100.0%)
1  ... 

Histogram: Navigation.Timeline.IgnoredIncorrectly.Duration recorded 3 samples, mean = 0.0 (flags = 0x1)
0  ---O                                                                      (3 = 100.0%)
1  ... 

Histogram: Navigation.Timeline.IgnoredIncorrectly.MainFrameOnly.Duration recorded 3 samples, mean = 0.0 (flags = 0x1)
0  ---O                                                                      (3 = 100.0%)
1  ... 

Histogram: Navigation.Timeline.IgnoredIncorrectly.MainFrameOnly.Percentage recorded 3 samples, mean = 0.0 (flags = 0x1)
0  ---O                                                                      (3 = 100.0%)
1  ... 

Histogram: Navigation.Timeline.IgnoredIncorrectly.Percentage recorded 3 samples, mean = 0.0 (flags = 0x1)
0  ---O                                                                      (3 = 100.0%)
1  ... 

Histogram: Navigation.Timeline.LoaderStartToFetchStart.Duration recorded 3 samples, mean = 1.3 (flags = 0x1)
0  O                                                                         (0 = 0.0%)
1  --O                                                                       (2 = 66.7%) {0.0%}
2  -O                                                                        (1 = 33.3%) {66.7%}
3  ... 

Histogram: Navigation.Timeline.LoaderStartToReceiveResponse.Duration recorded 3 samples, mean = 6.0 (flags = 0x1)
0   ... 
2   -O                                                                        (1 = 33.3%) {0.0%}
3   ... 
6   -O                                                                        (1 = 33.3%) {33.3%}
7   ... 
10  -O                                                                        (1 = 33.3%) {66.7%}
12  ... 

Histogram: Navigation.Timeline.NavigationRequestToBeginNavigation.Duration recorded 3 samples, mean = 2.3 (flags = 0x1)
0  O                                                                         (0 = 0.0%)
1  -O                                                                        (1 = 33.3%) {0.0%}
2  -O                                                                        (1 = 33.3%) {33.3%}
3  O                                                                         (0 = 0.0%) {66.7%}
4  -O                                                                        (1 = 33.3%) {66.7%}
5  ... 

Histogram: Navigation.Timeline.ReceiveHeadersToReceiveResponse.Duration recorded 2 samples, mean = 0.0 (flags = 0x1)
0  --O                                                                       (2 = 100.0%)
1  ... 

Histogram: Navigation.Timeline.ReceiveResponseToCommit.Duration recorded 3 samples, mean = 0.3 (flags = 0x1)
0  --O                                                                       (2 = 66.7%)
1  -O                                                                        (1 = 33.3%) {66.7%}
2  ... 

Histogram: Navigation.Timeline.RendererCommitToDidCommit.Duration recorded 3 samples, mean = 0.0 (flags = 0x1)
0  ---O                                                                      (3 = 100.0%)
1  ... 

Histogram: Navigation.Timeline.StartToNavigationRequestCreation.Duration recorded 3 samples, mean = 0.0 (flags = 0x1)
0  ---O                                                                      (3 = 100.0%)
1  ... 

Histogram: Navigation.Timeline.Total.Duration recorded 3 samples, mean = 49.0 (flags = 0x1)
0   ... 
40  -O                                                                        (1 = 33.3%) {0.0%}
48  --O                                                                       (2 = 66.7%) {33.3%}
57  ... 

Histogram: Navigation.Timeline.TotalExcludingBeforeUnload.Duration recorded 3 samples, mean = 49.0 (flags = 0x1)
0   ... 
40  -O                                                                        (1 = 33.3%) {0.0%}
48  --O                                                                       (2 = 66.7%) {33.3%}
57  ... 

Histogram: Navigation.Timeline.TotalExcludingBeforeUnload.MainFrameOnly.Duration recorded 3 samples, mean = 49.0 (flags = 0x1)
0   ... 
40  -O                                                                        (1 = 33.3%) {0.0%}
48  --O                                                                       (2 = 66.7%) {33.3%}
57  ... 

Histogram: Navigation.Timeline.TotalExcludingBeforeUnloadDialog.Duration recorded 3 samples, mean = 49.0 (flags = 0x1)
0   ... 
40  -O                                                                        (1 = 33.3%) {0.0%}
48  --O                                                                       (2 = 66.7%) {33.3%}
57  ... 

Histogram: Navigation.Timeline.TotalExcludingBeforeUnloadDialog.MainFrameOnly.Duration recorded 3 samples, mean = 49.0 (flags = 0x1)
0   ... 
40  -O                                                                        (1 = 33.3%) {0.0%}
48  --O                                                                       (2 = 66.7%) {33.3%}
57  ... 

Histogram: Navigation.URLLoader.HasClientHintsControllerDelegate recorded 3 samples, mean = 0.0 (flags = 0x1)
0  ---O                                                                      (3 = 100.0%)
1  ... 

Histogram: Navigation.URLLoader.InMainPath recorded 3 samples, mean = 0.7 (flags = 0x1)
0  -O                                                                        (1 = 33.3%)
1  --O                                                                       (2 = 66.7%) {33.3%}
2  O                                                                         (0 = 0.0%) {100.0%}

Histogram: Navigation.URLLoader.ParseHeaders.RoundTripTimeForNonNetworkResponse recorded 1 samples, mean = 1076.0 (flags = 0x1)
0     ... 
1043  -O                                                                        (1 = 100.0%) {0.0%}
1447  ... 

Histogram: Navigation.UserAgentStringType recorded 2 samples, mean = 2.0 (flags = 0x1)
0  ... 
2  --O                                                                       (2 = 100.0%) {0.0%}
3  O                                                                         (0 = 0.0%) {100.0%}

Histogram: Navigation.WillStartRequestToLoaderStart.MainFrame recorded 3 samples, mean = 0.0 (flags = 0x1)
0  ---O                                                                      (3 = 100.0%)
1  ... 

Histogram: Net.DNS.DnsConfig.Windows.Compatibility recorded 1 samples, mean = 0.0 (flags = 0x1)
0  -O                                                                        (1 = 100.0%)
1  ... 

Histogram: Net.DNS.DnsConfig.Windows.ReadSystemSettings0 recorded 1 samples, mean = 0.0 (flags = 0x1)
0  -O                                                                        (1 = 100.0%)
1  ... 

Histogram: Net.DNS.DnsHosts.Count recorded 1 samples, mean = 3.0 (flags = 0x1)
0  ... 
3  -O                                                                        (1 = 100.0%) {0.0%}
4  ... 

Histogram: Net.DNS.DnsHosts.EstimateMemoryUsage recorded 1 samples, mean = 314.0 (flags = 0x1)
0  -O                                                                        (1 = 100.0%)
1000... 

Histogram: Net.DNS.DnsHosts.FileSize recorded 1 samples, mean = 1056.0 (flags = 0x1)
0    ... 
737  -O                                                                        (1 = 100.0%) {0.0%}
1065 ... 

Histogram: Net.HttpResponseCode2 recorded 4 samples, mean = 200.0 (flags = 0x1)
0    ... 
200  ----O                                                                     (4 = 100.0%) {0.0%}
201  ... 

Histogram: Net.NetworkChangeNotifier.NewConnectionCost recorded 1 samples, mean = 1.0 (flags = 0x1)
0  O                                                                         (0 = 0.0%)
1  -O                                                                        (1 = 100.0%) {0.0%}
2  ... 

Histogram: Net.URLLoaderThrottle.OnReceiveResponseTime recorded 3 samples, mean = 0.7 (flags = 0x1)
0  -O                                                                        (1 = 33.3%)
1  --O                                                                       (2 = 66.7%) {33.3%}
2  ... 

Histogram: Net.URLLoaderThrottleExecutionTime.BeforeWillProcessResponse recorded 9 samples, mean = 0.0 (flags = 0x1)
0  ---------O                                                                (9 = 100.0%)
1  ... 

Histogram: Net.URLLoaderThrottleExecutionTime.WillProcessResponse recorded 9 samples, mean = 0.0 (flags = 0x1)
0  ---------O                                                                (9 = 100.0%)
1  ... 

Histogram: Net.URLLoaderThrottleExecutionTime.WillStartRequest recorded 9 samples, mean = 0.0 (flags = 0x1)
0  ---------O                                                                (9 = 100.0%)
1  ... 

Histogram: NetworkService.GrantSandboxResult recorded 3 samples, mean = 4.7 (flags = 0x1)
0  -O                                                                        (1 = 33.3%)
1  ... 
7  --O                                                                       (2 = 66.7%) {33.3%}
8  ... 

Histogram: NetworkService.TimeToGrantCacheAccess recorded 1 samples, mean = 1.0 (flags = 0x1)
0  O                                                                         (0 = 0.0%)
1  -O                                                                        (1 = 100.0%) {0.0%}
2  ... 

Histogram: NetworkService.TimeToGrantDataAccess recorded 1 samples, mean = 0.0 (flags = 0x1)
0  -O                                                                        (1 = 100.0%)
1  ... 

Histogram: NetworkService.TimeToGrantSharedDictionaryAccess recorded 1 samples, mean = 1.0 (flags = 0x1)
0  O                                                                         (0 = 0.0%)
1  -O                                                                        (1 = 100.0%) {0.0%}
2  ... 

Histogram: NetworkService.TimeToMigrateData recorded 1 samples, mean = 0.0 (flags = 0x1)
0  -O                                                                        (1 = 100.0%)
1  ... 

Histogram: OSCrypt.Win.Encrypt.Result recorded 1 samples, mean = 1.0 (flags = 0x1)
0  O                                                                         (0 = 0.0%)
1  -O                                                                        (1 = 100.0%) {0.0%}
2  O                                                                         (0 = 0.0%) {100.0%}

Histogram: OSCrypt.Win.Encrypt.Time recorded 1 samples, mean = 0.0 (flags = 0x1)
0  -O                                                                        (1 = 100.0%)
1  ... 

Histogram: Power.DarkMode.DarkColorScheme.InferredDarkPageColorScheme recorded 2 samples, mean = 1.0 (flags = 0x1)
0  O                                                                         (0 = 0.0%)
1  --O                                                                       (2 = 100.0%) {0.0%}
2  O                                                                         (0 = 0.0%) {100.0%}

Histogram: Power.DarkMode.InferredDarkPageColorScheme recorded 2 samples, mean = 1.0 (flags = 0x1)
0  O                                                                         (0 = 0.0%)
1  --O                                                                       (2 = 100.0%) {0.0%}
2  O                                                                         (0 = 0.0%) {100.0%}

Histogram: Prefs.JSonStore.SetValueKey recorded 11 samples (flags = 0x1)
435583371   ---O                                                                      (3 = 27.3%)
615214499   --O                                                                       (2 = 18.2%)
987246806   ---O                                                                      (3 = 27.3%)
1333612670  -O                                                                        (1 = 9.1%)
1535918026  -O                                                                        (1 = 9.1%)
2022894957  -O                                                                        (1 = 9.1%)

Histogram: Prerender.Experimental.PrerenderProcessReuseAvailability recorded 3 samples, mean = 3.0 (flags = 0x1)
0  ... 
3  ---O                                                                      (3 = 100.0%) {0.0%}
4  O                                                                         (0 = 0.0%) {100.0%}

Histogram: Privacy.DIPS.BtmBounceDetector.AllAccessesMatched recorded 3 samples, mean = 1.0 (flags = 0x1)
0  O                                                                         (0 = 0.0%)
1  ---O                                                                      (3 = 100.0%) {0.0%}
2  O                                                                         (0 = 0.0%) {100.0%}

Histogram: Privacy.DIPS.ClearedSitesCount.Block3PC recorded 1 samples, mean = 0.0 (flags = 0x1)
0  -O                                                                        (1 = 100.0%)
1  ... 

Histogram: Privacy.DIPS.ClearedSitesCount.OffTheRecord_Block3PC recorded 2 samples, mean = 0.0 (flags = 0x1)
0  --O                                                                       (2 = 100.0%)
1  ... 

Histogram: Privacy.DIPS.Database.Operation.GetSitesThatBouncedTime recorded 3 samples, mean = 0.0 (flags = 0x1)
0  ---O                                                                      (3 = 100.0%)
1  ... 

Histogram: Privacy.DIPS.Database.Operation.InitTime recorded 3 samples, mean = 1.3 (flags = 0x1)
0  --O                                                                       (2 = 66.7%)
1  ... 
4  -O                                                                        (1 = 33.3%) {66.7%}
5  ... 

Histogram: Privacy.DIPS.DatabaseEntryCount recorded 3 samples, mean = 0.0 (flags = 0x1)
0  ---O                                                                      (3 = 100.0%)
1  ... 

Histogram: Privacy.DIPS.DatabaseHealthMetricsTime recorded 3 samples, mean = 0.0 (flags = 0x1)
0  ---O                                                                      (3 = 100.0%)
1  ... 

Histogram: Privacy.DIPS.DatabaseInit recorded 3 samples, mean = 1.0 (flags = 0x1)
0  O                                                                         (0 = 0.0%)
1  ---O                                                                      (3 = 100.0%) {0.0%}
2  ... 

Histogram: Privacy.DIPS.DatabaseSize recorded 1 samples, mean = 4.0 (flags = 0x1)
0  -O                                                                        (1 = 100.0%)
1000... 

Histogram: Process.Sandbox.StartSandboxedWin.CreatePolicyDuration recorded 6 samples, mean = 3.2 (flags = 0x1)
0  ------O                                                                   (6 = 100.0%)
5  ... 

Histogram: Process.Sandbox.StartSandboxedWin.GeneratePolicyDuration recorded 6 samples, mean = 124.2 (flags = 0x1)
0    O                                                                         (0 = 0.0%)
5    -O                                                                        (1 = 16.7%) {0.0%}
6    -O                                                                        (1 = 16.7%) {16.7%}
7    ... 
136  -O                                                                        (1 = 16.7%) {33.3%}
167  --O                                                                       (2 = 33.3%) {50.0%}
205  -O                                                                        (1 = 16.7%) {83.3%}
252  ... 

Histogram: Process.Sandbox.StartSandboxedWin.PostSpawnTargetDuration recorded 6 samples, mean = 6.0 (flags = 0x1)
0   --O                                                                       (2 = 33.3%)
5   -O                                                                        (1 = 16.7%) {33.3%}
6   --O                                                                       (2 = 33.3%) {50.0%}
7   ... 
11  -O                                                                        (1 = 16.7%) {83.3%}
14  ... 

Histogram: Process.Sandbox.StartSandboxedWin.SpawnTargetDuration recorded 6 samples, mean = 13674.7 (flags = 0x1)
0      ... 
10338  --O                                                                       (2 = 33.3%) {0.0%}
12707  ---O                                                                      (3 = 50.0%) {33.3%}
15618  -O                                                                        (1 = 16.7%) {83.3%}
19197  ... 

Histogram: Process.Sandbox.StartSandboxedWin.TotalDuration recorded 6 samples, mean = 13808.0 (flags = 0x1)
0      ... 
10338  --O                                                                       (2 = 33.3%) {0.0%}
12707  --O                                                                       (2 = 33.3%) {33.3%}
15618  --O                                                                       (2 = 33.3%) {66.7%}
19197  ... 

Histogram: Quota.DaysSinceLastAccessed recorded 4 samples, mean = 0.0 (flags = 0x1)
0  ----O                                                                     (4 = 100.0%)
1  ... 

Histogram: RenderTextHarfBuzz.MissingGlyphCount recorded 12 samples, mean = 0.0 (flags = 0x1)
0  ------------O                                                             (12 = 100.0%)
1  ... 

Histogram: RenderTextHarfBuzz.ShapeRunsFallback recorded 12 samples, mean = 1.0 (flags = 0x1)
0  O                                                                         (0 = 0.0%)
1  ------------O                                                             (12 = 100.0%) {0.0%}
2  ... 

Histogram: Scheduling.MessagePumpTimeKeeper.BrowserIO recorded 0 samples (flags = 0x1)
0 ... 

Histogram: Scheduling.MessagePumpTimeKeeper.BrowserUI recorded 893 samples, mean = 5.0 (flags = 0x1)
0  ... 
5  ------------------------------------------------------------------------O (893 = 100.0%) {0.0%}
6  ... 

Histogram: Scheduling.ThreadController.ActiveIntervalDuration.Any.BrowserIO recorded 7 samples, mean = 0.0 (flags = 0x1)
0  -------O                                                                  (7 = 100.0%)
1  ... 

Histogram: Scheduling.ThreadController.ActiveIntervalDuration.Any.BrowserUI recorded 3 samples, mean = 0.0 (flags = 0x1)
0  ---O                                                                      (3 = 100.0%)
1  ... 

Histogram: Scheduling.ThreadController.ActiveIntervalDuration.Any.Other recorded 1 samples, mean = 0.0 (flags = 0x1)
0  -O                                                                        (1 = 100.0%)
1  ... 

Histogram: Scheduling.ThreadController.ActiveIntervalDuration.Short.BrowserIO recorded 7 samples, mean = 25.6 (flags = 0x1)
0   ... 
4   --O                                                                       (2 = 28.6%) {0.0%}
5   -O                                                                        (1 = 14.3%) {28.6%}
6   ... 
13  -O                                                                        (1 = 14.3%) {42.9%}
14  ... 
29  -O                                                                        (1 = 14.3%) {57.1%}
31  ... 
41  -O                                                                        (1 = 14.3%) {71.4%}
43  ... 
82  -O                                                                        (1 = 14.3%) {85.7%}
86  ... 

Histogram: Scheduling.ThreadController.ActiveIntervalDuration.Short.BrowserUI recorded 3 samples, mean = 86.7 (flags = 0x1)
0    ... 
19   -O                                                                        (1 = 33.3%) {0.0%}
20   ... 
31   -O                                                                        (1 = 33.3%) {33.3%}
33   ... 
201  -O                                                                        (1 = 33.3%) {66.7%}
211  ... 

Histogram: Scheduling.ThreadController.ActiveIntervalDuration.Short.Other recorded 1 samples, mean = 192.0 (flags = 0x1)
0    ... 
191  -O                                                                        (1 = 100.0%) {0.0%}
201  ... 

Histogram: Scheduling.ThreadController.ActiveIntervalOffCpuDuration.Any.BrowserIO recorded 7 samples, mean = 0.0 (flags = 0x1)
0  -------O                                                                  (7 = 100.0%)
1  ... 

Histogram: Scheduling.ThreadController.ActiveIntervalOffCpuDuration.Any.BrowserUI recorded 3 samples, mean = 0.0 (flags = 0x1)
0  ---O                                                                      (3 = 100.0%)
1  ... 

Histogram: Scheduling.ThreadController.ActiveIntervalOffCpuDuration.Any.Other recorded 1 samples, mean = 0.0 (flags = 0x1)
0  -O                                                                        (1 = 100.0%)
1  ... 

Histogram: Scheduling.ThreadController.ActiveIntervalOffCpuDuration.Short.BrowserIO recorded 7 samples, mean = 12.9 (flags = 0x1)
0   -O                                                                        (1 = 14.3%)
1   ----O                                                                     (4 = 57.1%) {14.3%}
2   O                                                                         (0 = 0.0%) {71.4%}
3   -O                                                                        (1 = 14.3%) {71.4%}
4   ... 
82  -O                                                                        (1 = 14.3%) {85.7%}
86  ... 

Histogram: Scheduling.ThreadController.ActiveIntervalOffCpuDuration.Short.BrowserUI recorded 3 samples, mean = 6.3 (flags = 0x1)
0   O                                                                         (0 = 0.0%)
1   --O                                                                       (2 = 66.7%) {0.0%}
2   ... 
17  -O                                                                        (1 = 33.3%) {66.7%}
18  ... 

Histogram: Scheduling.ThreadController.ActiveIntervalOffCpuDuration.Short.Other recorded 1 samples, mean = 0.0 (flags = 0x1)
0  -O                                                                        (1 = 100.0%)
1  ... 

Histogram: Scheduling.ThreadController.ActiveIntervalOnCpuDuration.Any.BrowserIO recorded 7 samples, mean = 0.0 (flags = 0x1)
0  -------O                                                                  (7 = 100.0%)
1  ... 

Histogram: Scheduling.ThreadController.ActiveIntervalOnCpuDuration.Any.BrowserUI recorded 3 samples, mean = 0.0 (flags = 0x1)
0  ---O                                                                      (3 = 100.0%)
1  ... 

Histogram: Scheduling.ThreadController.ActiveIntervalOnCpuDuration.Any.Other recorded 1 samples, mean = 0.0 (flags = 0x1)
0  -O                                                                        (1 = 100.0%)
1  ... 

Histogram: Scheduling.ThreadController.ActiveIntervalOnCpuDuration.Short.BrowserIO recorded 7 samples, mean = 12.7 (flags = 0x1)
0   -O                                                                        (1 = 14.3%)
1   ... 
3   -O                                                                        (1 = 14.3%) {14.3%}
4   --O                                                                       (2 = 28.6%) {28.6%}
5   ... 
12  -O                                                                        (1 = 14.3%) {57.1%}
13  ... 
28  -O                                                                        (1 = 14.3%) {71.4%}
29  ... 
37  -O                                                                        (1 = 14.3%) {85.7%}
39  ... 

Histogram: Scheduling.ThreadController.ActiveIntervalOnCpuDuration.Short.BrowserUI recorded 3 samples, mean = 80.3 (flags = 0x1)
0    ... 
18   -O                                                                        (1 = 33.3%) {0.0%}
19   ... 
29   -O                                                                        (1 = 33.3%) {33.3%}
31   ... 
191  -O                                                                        (1 = 33.3%) {66.7%}
201  ... 

Histogram: Scheduling.ThreadController.ActiveIntervalOnCpuDuration.Short.Other recorded 1 samples, mean = 192.0 (flags = 0x1)
0    ... 
191  -O                                                                        (1 = 100.0%) {0.0%}
201  ... 

Histogram: Scheduling.ThreadController.ActiveIntervalOnCpuPercentage.Any.BrowserIO recorded 7 samples, mean = 76.4 (flags = 0x1)
0    -O                                                                        (1 = 14.3%)
1    ... 
75   -O                                                                        (1 = 14.3%) {14.3%}
76   ... 
80   -O                                                                        (1 = 14.3%) {28.6%}
81   ... 
92   --O                                                                       (2 = 28.6%) {42.9%}
93   ... 
96   -O                                                                        (1 = 14.3%) {71.4%}
97   ... 
100  -O                                                                        (1 = 14.3%) {85.7%}
101  O                                                                         (0 = 0.0%) {100.0%}

Histogram: Scheduling.ThreadController.ActiveIntervalOnCpuPercentage.Any.BrowserUI recorded 3 samples, mean = 93.7 (flags = 0x1)
0   ... 
91  -O                                                                        (1 = 33.3%) {0.0%}
92  ... 
94  -O                                                                        (1 = 33.3%) {33.3%}
95  O                                                                         (0 = 0.0%) {66.7%}
96  -O                                                                        (1 = 33.3%) {66.7%}
97  ... 

Histogram: Scheduling.ThreadController.ActiveIntervalOnCpuPercentage.Any.Other recorded 1 samples, mean = 100.0 (flags = 0x1)
0    ... 
100  -O                                                                        (1 = 100.0%) {0.0%}
101  O                                                                         (0 = 0.0%) {100.0%}

Histogram: Scheduling.ThreadController.ActiveIntervalOnCpuPercentage.Short.BrowserIO recorded 7 samples, mean = 76.4 (flags = 0x1)
0    -O                                                                        (1 = 14.3%)
1    ... 
75   -O                                                                        (1 = 14.3%) {14.3%}
76   ... 
80   -O                                                                        (1 = 14.3%) {28.6%}
81   ... 
92   --O                                                                       (2 = 28.6%) {42.9%}
93   ... 
96   -O                                                                        (1 = 14.3%) {71.4%}
97   ... 
100  -O                                                                        (1 = 14.3%) {85.7%}
101  O                                                                         (0 = 0.0%) {100.0%}

Histogram: Scheduling.ThreadController.ActiveIntervalOnCpuPercentage.Short.BrowserUI recorded 3 samples, mean = 93.7 (flags = 0x1)
0   ... 
91  -O                                                                        (1 = 33.3%) {0.0%}
92  ... 
94  -O                                                                        (1 = 33.3%) {33.3%}
95  O                                                                         (0 = 0.0%) {66.7%}
96  -O                                                                        (1 = 33.3%) {66.7%}
97  ... 

Histogram: Scheduling.ThreadController.ActiveIntervalOnCpuPercentage.Short.Other recorded 1 samples, mean = 100.0 (flags = 0x1)
0    ... 
100  -O                                                                        (1 = 100.0%) {0.0%}
101  O                                                                         (0 = 0.0%) {100.0%}

Histogram: Scheduling.ThreadController.IdleDuration.Any.BrowserIO recorded 7 samples, mean = 0.1 (flags = 0x1)
0  ------O                                                                   (6 = 85.7%)
1  -O                                                                        (1 = 14.3%) {85.7%}
2  ... 

Histogram: Scheduling.ThreadController.IdleDuration.Any.BrowserUI recorded 3 samples, mean = 58.0 (flags = 0x1)
0    --O                                                                       (2 = 66.7%)
1    ... 
160  -O                                                                        (1 = 33.3%) {66.7%}
190  ... 

Histogram: Scheduling.ThreadController.IdleDuration.Any.Other recorded 1 samples, mean = 0.0 (flags = 0x1)
0  -O                                                                        (1 = 100.0%)
1  ... 

Histogram: Scheduling.ThreadController.IdleDuration.Medium.BrowserIO recorded 1 samples, mean = 1.0 (flags = 0x1)
0  O                                                                         (0 = 0.0%)
1  -O                                                                        (1 = 100.0%) {0.0%}
2  ... 

Histogram: Scheduling.ThreadController.IdleDuration.Short.BrowserIO recorded 6 samples, mean = 284.7 (flags = 0x1)
0    ... 
47   -O                                                                        (1 = 16.7%) {0.0%}
49   ... 
149  -O                                                                        (1 = 16.7%) {16.7%}
157  ... 
222  -O                                                                        (1 = 16.7%) {33.3%}
233  ... 
285  -O                                                                        (1 = 16.7%) {50.0%}
300  ... 
426  -O                                                                        (1 = 16.7%) {66.7%}
448  ... 
547  -O                                                                        (1 = 16.7%) {83.3%}
575  ... 

Histogram: Scheduling.ThreadController.IdleDuration.Short.BrowserUI recorded 2 samples, mean = 548.0 (flags = 0x1)
0    ... 
222  -O                                                                        (1 = 50.0%) {0.0%}
233  ... 
859  -O                                                                        (1 = 50.0%) {50.0%}
904  ... 

Histogram: Scheduling.ThreadController.IdleDuration.Short.Other recorded 1 samples, mean = 187.0 (flags = 0x1)
0    ... 
182  -O                                                                        (1 = 100.0%) {0.0%}
191  ... 

Histogram: ServiceWorker.RegisteredStorageKeyCount recorded 3 samples, mean = 0.0 (flags = 0x1)
0  ---O                                                                      (3 = 100.0%)
1  ... 

Histogram: ServiceWorker.SkipCallingFindRegistrationForClientUrl recorded 2 samples, mean = 1.0 (flags = 0x1)
0  O                                                                         (0 = 0.0%)
1  --O                                                                       (2 = 100.0%) {0.0%}
2  O                                                                         (0 = 0.0%) {100.0%}

Histogram: ServiceWorker.Storage.ReadInitialDataFromDB.Time recorded 3 samples, mean = 0.0 (flags = 0x1)
0  ---O                                                                      (3 = 100.0%)
1  ... 

Histogram: ServiceWorker.Storage.RegisteredStorageKeyCacheInitialization.Time2 recorded 3 samples, mean = 13.7 (flags = 0x1)
0   ... 
5   --O                                                                       (2 = 66.7%) {0.0%}
6   ... 
25  -O                                                                        (1 = 33.3%) {66.7%}
32  ... 

Histogram: SimpleCache.Code.CacheSizeOnInit2 recorded 1 samples, mean = 0.0 (flags = 0x1)
0  -O                                                                        (1 = 100.0%)
1  ... 

Histogram: SimpleCache.Code.ConsistencyResult2 recorded 1 samples, mean = 12.0 (flags = 0x1)
0   ... 
12  -O                                                                        (1 = 100.0%) {0.0%}
13  ... 

Histogram: SimpleCache.Code.CreationToIndex recorded 1 samples, mean = 2.0 (flags = 0x1)
0  ... 
2  -O                                                                        (1 = 100.0%) {0.0%}
3  ... 

Histogram: SimpleCache.Code.IndexCreatedEntryCount recorded 1 samples, mean = 0.0 (flags = 0x1)
0  -O                                                                        (1 = 100.0%)
1  ... 

Histogram: SimpleCache.Code.IndexInitializeMethod recorded 1 samples, mean = 2.0 (flags = 0x1)
0  ... 
2  -O                                                                        (1 = 100.0%) {0.0%}
3  O                                                                         (0 = 0.0%) {100.0%}

Histogram: SimpleCache.Code.IndexNumEntriesOnInit2 recorded 1 samples, mean = 0.0 (flags = 0x1)
0  -O                                                                        (1 = 100.0%)
1  ... 

Histogram: SimpleCache.Code.IndexRestoreTime recorded 1 samples, mean = 0.0 (flags = 0x1)
0  -O                                                                        (1 = 100.0%)
10 ... 

Histogram: SimpleCache.Code.IndexWriteResult recorded 1 samples, mean = 0.0 (flags = 0x1)
0  -O                                                                        (1 = 100.0%)
1  ... 

Histogram: SimpleCache.Code.MaxCacheSizeOnInit2 recorded 1 samples, mean = 320.0 (flags = 0x1)
0    ... 
316  -O                                                                        (1 = 100.0%) {0.0%}
338  ... 

Histogram: SiteIsolation.BrowsingInstance.MaxCountPerProcess recorded 3 samples, mean = 1.0 (flags = 0x1)
0  O                                                                         (0 = 0.0%)
1  ---O                                                                      (3 = 100.0%) {0.0%}
2  ... 

Histogram: SiteIsolation.CreateOpenerProxiesTime recorded 3 samples, mean = 1.3 (flags = 0x1)
0  O                                                                         (0 = 0.0%)
1  --O                                                                       (2 = 66.7%) {0.0%}
2  -O                                                                        (1 = 33.3%) {66.7%}
3  ... 

Histogram: SiteIsolation.IsSitePerProcessOrStricter recorded 1 samples, mean = 1.0 (flags = 0x1)
0  O                                                                         (0 = 0.0%)
1  -O                                                                        (1 = 100.0%) {0.0%}
2  O                                                                         (0 = 0.0%) {100.0%}

Histogram: SiteIsolation.MainFrameProcessReuse.BlockReason2 recorded 3 samples, mean = 5.0 (flags = 0x1)
0  ... 
5  ---O                                                                      (3 = 100.0%) {0.0%}
6  ... 

Histogram: SpellCheck.CheckedWords recorded 3 samples, mean = 0.0 (flags = 0x1)
0  ---O                                                                      (3 = 100.0%)
1  ... 

Histogram: SpellCheck.Enabled2 recorded 3 samples, mean = 1.0 (flags = 0x1)
0  O                                                                         (0 = 0.0%)
1  ---O                                                                      (3 = 100.0%) {0.0%}
2  O                                                                         (0 = 0.0%) {100.0%}

Histogram: SpellCheck.MisspelledWords recorded 3 samples, mean = 0.0 (flags = 0x1)
0  ---O                                                                      (3 = 100.0%)
1  ... 

Histogram: SpellCheck.ReplacedWords recorded 3 samples, mean = 0.0 (flags = 0x1)
0  ---O                                                                      (3 = 100.0%)
1  ... 

Histogram: SpellCheck.ShownSuggestions recorded 3 samples, mean = 0.0 (flags = 0x1)
0  ---O                                                                      (3 = 100.0%)
1  ... 

Histogram: SpellCheck.SpellingService.Enabled2 recorded 3 samples, mean = 0.0 (flags = 0x1)
0  ---O                                                                      (3 = 100.0%)
1  ... 

Histogram: Spellcheck.Windows.ChromeLocalesSupport2.Both recorded 3 samples, mean = 2.0 (flags = 0x1)
0  ... 
2  ---O                                                                      (3 = 100.0%) {0.0%}
3  ... 

Histogram: Spellcheck.Windows.ChromeLocalesSupport2.HunspellOnly recorded 3 samples, mean = 2.0 (flags = 0x1)
0  ... 
2  ---O                                                                      (3 = 100.0%) {0.0%}
3  ... 

Histogram: Spellcheck.Windows.ChromeLocalesSupport2.NativeOnly recorded 3 samples, mean = 0.0 (flags = 0x1)
0  ---O                                                                      (3 = 100.0%)
1  ... 

Histogram: Spellcheck.Windows.ChromeLocalesSupport2.NoSupport recorded 3 samples, mean = 0.0 (flags = 0x1)
0  ---O                                                                      (3 = 100.0%)
1  ... 

Histogram: Spellcheck.Windows.SpellcheckLocalesSupport2.Both recorded 3 samples, mean = 1.0 (flags = 0x1)
0  O                                                                         (0 = 0.0%)
1  ---O                                                                      (3 = 100.0%) {0.0%}
2  ... 

Histogram: Spellcheck.Windows.SpellcheckLocalesSupport2.HunspellOnly recorded 3 samples, mean = 0.0 (flags = 0x1)
0  ---O                                                                      (3 = 100.0%)
1  ... 

Histogram: Spellcheck.Windows.SpellcheckLocalesSupport2.NativeOnly recorded 3 samples, mean = 0.0 (flags = 0x1)
0  ---O                                                                      (3 = 100.0%)
1  ... 

Histogram: Sql.Database.DatabaseOpenTime.DIPS recorded 1 samples, mean = 2304.0 (flags = 0x1)
0     ... 
2184  -O                                                                        (1 = 100.0%) {0.0%}
2597  ... 

Histogram: Sql.Database.Success.OpenInternalTime.DIPS recorded 3 samples, mean = 827.7 (flags = 0x1)
0     ... 
81    -O                                                                        (1 = 33.3%) {0.0%}
96    -O                                                                        (1 = 33.3%) {33.3%}
114   ... 
2184  -O                                                                        (1 = 33.3%) {66.7%}
2597  ... 

Histogram: Sql.Database.Success.OpenInternalTime.Quota recorded 2 samples, mean = 83.0 (flags = 0x1)
0   ... 
68  -O                                                                        (1 = 50.0%) {0.0%}
81  -O                                                                        (1 = 50.0%) {50.0%}
96  ... 

Histogram: Sql.Database.Success.SqliteOpenTime.DIPS recorded 3 samples, mean = 130.3 (flags = 0x1)
0    ... 
17   -O                                                                        (1 = 33.3%) {0.0%}
20   O                                                                         (0 = 0.0%) {33.3%}
24   -O                                                                        (1 = 33.3%) {33.3%}
29   ... 
325  -O                                                                        (1 = 33.3%) {66.7%}
386  ... 

Histogram: Sql.Database.Success.SqliteOpenTime.Quota recorded 2 samples, mean = 18.0 (flags = 0x1)
0   ... 
14  -O                                                                        (1 = 50.0%) {0.0%}
17  O                                                                         (0 = 0.0%) {50.0%}
20  -O                                                                        (1 = 50.0%) {50.0%}
24  ... 

Histogram: Sql.Statement.DIPS.VMSteps recorded 51 samples, mean = 9.7 (flags = 0x1)
0   ... 
3   ------O                                                                   (6 = 11.8%) {0.0%}
4   --O                                                                       (2 = 3.9%) {11.8%}
5   -O                                                                        (1 = 2.0%) {15.7%}
6   ... 
8   ---------------------------O                                              (27 = 52.9%) {17.6%}
10  ---O                                                                      (3 = 5.9%) {70.6%}
12  ... 
17  ------------O                                                             (12 = 23.5%) {76.5%}
20  ... 

Histogram: Sql.Statement.ExecutionTime.DIPS recorded 51 samples, mean = 42.7 (flags = 0x1)
0     -------------O                                                            (13 = 25.5%)
1     -------------------O                                                      (19 = 37.3%) {25.5%}
2     -----O                                                                    (5 = 9.8%) {62.7%}
3     ---O                                                                      (3 = 5.9%) {72.5%}
4     --O                                                                       (2 = 3.9%) {78.4%}
5     -O                                                                        (1 = 2.0%) {82.4%}
6     -O                                                                        (1 = 2.0%) {84.3%}
7     O                                                                         (0 = 0.0%) {86.3%}
8     -O                                                                        (1 = 2.0%) {86.3%}
10    ... 
14    --O                                                                       (2 = 3.9%) {88.2%}
17    ... 
24    -O                                                                        (1 = 2.0%) {92.2%}
29    ... 
273   -O                                                                        (1 = 2.0%) {94.1%}
325   -O                                                                        (1 = 2.0%) {96.1%}
386   ... 
1299  -O                                                                        (1 = 2.0%) {98.0%}
1545  ... 

Histogram: Sql.Statement.ExecutionTime.Quota recorded 58 samples, mean = 8.7 (flags = 0x1)
0   -----------O                                                              (11 = 19.0%)
1   ------------O                                                             (12 = 20.7%) {19.0%}
2   ------O                                                                   (6 = 10.3%) {39.7%}
3   ---O                                                                      (3 = 5.2%) {50.0%}
4   --O                                                                       (2 = 3.4%) {55.2%}
5   --O                                                                       (2 = 3.4%) {58.6%}
6   --O                                                                       (2 = 3.4%) {62.1%}
7   --O                                                                       (2 = 3.4%) {65.5%}
8   --O                                                                       (2 = 3.4%) {69.0%}
10  ---O                                                                      (3 = 5.2%) {72.4%}
12  ---O                                                                      (3 = 5.2%) {77.6%}
14  ---O                                                                      (3 = 5.2%) {82.8%}
17  --O                                                                       (2 = 3.4%) {87.9%}
20  -O                                                                        (1 = 1.7%) {91.4%}
24  O                                                                         (0 = 0.0%) {93.1%}
29  -O                                                                        (1 = 1.7%) {93.1%}
34  O                                                                         (0 = 0.0%) {94.8%}
40  -O                                                                        (1 = 1.7%) {94.8%}
48  ... 
68  -O                                                                        (1 = 1.7%) {96.6%}
81  -O                                                                        (1 = 1.7%) {98.3%}
96  ... 

Histogram: Sql.Statement.Quota.VMSteps recorded 58 samples, mean = 20.9 (flags = 0x1)
0   ... 
3   ------------O                                                             (12 = 20.7%) {0.0%}
4   --O                                                                       (2 = 3.4%) {20.7%}
5   ... 
8   ----O                                                                     (4 = 6.9%) {24.1%}
10  ----O                                                                     (4 = 6.9%) {31.0%}
12  --O                                                                       (2 = 3.4%) {37.9%}
14  ----O                                                                     (4 = 6.9%) {41.4%}
17  ----------O                                                               (10 = 17.2%) {48.3%}
20  ... 
34  --------------O                                                           (14 = 24.1%) {65.5%}
40  ----O                                                                     (4 = 6.9%) {89.7%}
48  ... 
81  --O                                                                       (2 = 3.4%) {96.6%}
96  ... 

Histogram: Sql.Statement.StepTime.DIPS recorded 51 samples, mean = 42.7 (flags = 0x1)
0     -------------O                                                            (13 = 25.5%)
1     -------------------O                                                      (19 = 37.3%) {25.5%}
2     -----O                                                                    (5 = 9.8%) {62.7%}
3     ---O                                                                      (3 = 5.9%) {72.5%}
4     --O                                                                       (2 = 3.9%) {78.4%}
5     -O                                                                        (1 = 2.0%) {82.4%}
6     -O                                                                        (1 = 2.0%) {84.3%}
7     O                                                                         (0 = 0.0%) {86.3%}
8     -O                                                                        (1 = 2.0%) {86.3%}
10    ... 
14    --O                                                                       (2 = 3.9%) {88.2%}
17    ... 
24    -O                                                                        (1 = 2.0%) {92.2%}
29    ... 
273   -O                                                                        (1 = 2.0%) {94.1%}
325   -O                                                                        (1 = 2.0%) {96.1%}
386   ... 
1299  -O                                                                        (1 = 2.0%) {98.0%}
1545  ... 

Histogram: Sql.Statement.StepTime.Quota recorded 60 samples, mean = 8.4 (flags = 0x1)
0   -----------O                                                              (11 = 18.3%)
1   ------------O                                                             (12 = 20.0%) {18.3%}
2   ------O                                                                   (6 = 10.0%) {38.3%}
3   ----O                                                                     (4 = 6.7%) {48.3%}
4   ---O                                                                      (3 = 5.0%) {55.0%}
5   --O                                                                       (2 = 3.3%) {60.0%}
6   --O                                                                       (2 = 3.3%) {63.3%}
7   --O                                                                       (2 = 3.3%) {66.7%}
8   --O                                                                       (2 = 3.3%) {70.0%}
10  ---O                                                                      (3 = 5.0%) {73.3%}
12  ---O                                                                      (3 = 5.0%) {78.3%}
14  ---O                                                                      (3 = 5.0%) {83.3%}
17  --O                                                                       (2 = 3.3%) {88.3%}
20  -O                                                                        (1 = 1.7%) {91.7%}
24  -O                                                                        (1 = 1.7%) {93.3%}
29  ... 
40  -O                                                                        (1 = 1.7%) {95.0%}
48  ... 
68  -O                                                                        (1 = 1.7%) {96.7%}
81  -O                                                                        (1 = 1.7%) {98.3%}
96  ... 

Histogram: Sql.vfs.SyncTime recorded 5 samples, mean = 0.0 (flags = 0x1)
0  -----O                                                                    (5 = 100.0%)
1  ... 

Histogram: Startup.BrowserMainRunnerImplInitializeLongTime recorded 1 samples, mean = 98.0 (flags = 0x1)
0   ... 
89  -O                                                                        (1 = 100.0%) {0.0%}
103 ... 

Histogram: Storage.Blob.CreateDirectoryResult recorded 1 samples, mean = 0.0 (flags = 0x1)
0  -O                                                                        (1 = 100.0%)
1  ... 

Histogram: Storage.IndexedDB.LevelDB.MaxIterators recorded 2 samples, mean = 1.0
0  O                                                                         (0 = 0.0%)
1  --O                                                                       (2 = 100.0%) {0.0%}
2  ... 

Histogram: Storage.LocalStorage.Duration.OpenDatabase2.InMemory recorded 2 samples, mean = 0.0 (flags = 0x1)
0  --O                                                                       (2 = 100.0%)
1  ... 

Histogram: Storage.LocalStorage.Duration.OpenDatabase2.OnDisk recorded 1 samples, mean = 7.0 (flags = 0x1)
0  ... 
7  -O                                                                        (1 = 100.0%) {0.0%}
8  ... 

Histogram: Storage.LocalStorage.Duration.ReadAllMetadata.InMemory recorded 2 samples, mean = 0.0 (flags = 0x1)
0  --O                                                                       (2 = 100.0%)
1  ... 

Histogram: Storage.LocalStorage.Duration.ReadAllMetadata.OnDisk recorded 1 samples, mean = 0.0 (flags = 0x1)
0  -O                                                                        (1 = 100.0%)
1  ... 

Histogram: Storage.LocalStorage.Duration.ReadMapKeyValues.InMemory recorded 2 samples, mean = 0.0 (flags = 0x1)
0  --O                                                                       (2 = 100.0%)
1  ... 

Histogram: Storage.LocalStorage.Duration.UpdateMaps.InMemory recorded 4 samples, mean = 0.0 (flags = 0x1)
0  ----O                                                                     (4 = 100.0%)
1  ... 

Histogram: Storage.LocalStorage.OpenDatabase.InMemory recorded 2 samples, mean = 0.0 (flags = 0x1)
0  --O                                                                       (2 = 100.0%)
1  ... 

Histogram: Storage.LocalStorage.OpenDatabase.OnDisk recorded 1 samples, mean = 0.0 (flags = 0x1)
0  -O                                                                        (1 = 100.0%)
1  ... 

Histogram: Storage.LocalStorage.ReadAllMetadata.InMemory recorded 2 samples, mean = 0.0 (flags = 0x1)
0  --O                                                                       (2 = 100.0%)
1  ... 

Histogram: Storage.LocalStorage.ReadAllMetadata.OnDisk recorded 1 samples, mean = 0.0 (flags = 0x1)
0  -O                                                                        (1 = 100.0%)
1  ... 

Histogram: Storage.LocalStorage.ReadMapKeyValues.InMemory recorded 2 samples, mean = 0.0 (flags = 0x1)
0  --O                                                                       (2 = 100.0%)
1  ... 

Histogram: Storage.LocalStorage.ShutdownDroppedChanges recorded 2 samples, mean = 0.0 (flags = 0x1)
0  --O                                                                       (2 = 100.0%)
1  ... 

Histogram: Storage.LocalStorage.UpdateMaps.InMemory recorded 4 samples, mean = 0.0 (flags = 0x1)
0  ----O                                                                     (4 = 100.0%)
1  ... 

Histogram: Storage.SessionStorage.ClearDiskStateAtStoragePartitionInit recorded 3 samples, mean = 0.0 (flags = 0x1)
0  ---O                                                                      (3 = 100.0%)
1  ... 

Histogram: Storage.SessionStorage.DeleteSessions.InMemory recorded 2 samples, mean = 0.0 (flags = 0x1)
0  --O                                                                       (2 = 100.0%)
1  ... 

Histogram: Storage.SessionStorage.DeleteSessions.OnDisk recorded 1 samples, mean = 0.0 (flags = 0x1)
0  -O                                                                        (1 = 100.0%)
1  ... 

Histogram: Storage.SessionStorage.Duration.DeleteSessions.InMemory recorded 2 samples, mean = 0.0 (flags = 0x1)
0  --O                                                                       (2 = 100.0%)
1  ... 

Histogram: Storage.SessionStorage.Duration.DeleteSessions.OnDisk recorded 1 samples, mean = 0.0 (flags = 0x1)
0  -O                                                                        (1 = 100.0%)
1  ... 

Histogram: Storage.SessionStorage.Duration.OpenDatabase2.InMemory recorded 2 samples, mean = 0.0 (flags = 0x1)
0  --O                                                                       (2 = 100.0%)
1  ... 

Histogram: Storage.SessionStorage.Duration.OpenDatabase2.OnDisk recorded 1 samples, mean = 10.0 (flags = 0x1)
0   ... 
10  -O                                                                        (1 = 100.0%) {0.0%}
12  ... 

Histogram: Storage.SessionStorage.Duration.PutMetadata.InMemory recorded 2 samples, mean = 0.0 (flags = 0x1)
0  --O                                                                       (2 = 100.0%)
1  ... 

Histogram: Storage.SessionStorage.Duration.ReadAllMetadata.InMemory recorded 2 samples, mean = 0.0 (flags = 0x1)
0  --O                                                                       (2 = 100.0%)
1  ... 

Histogram: Storage.SessionStorage.Duration.ReadAllMetadata.OnDisk recorded 1 samples, mean = 0.0 (flags = 0x1)
0  -O                                                                        (1 = 100.0%)
1  ... 

Histogram: Storage.SessionStorage.OpenDatabase.InMemory recorded 2 samples, mean = 0.0 (flags = 0x1)
0  --O                                                                       (2 = 100.0%)
1  ... 

Histogram: Storage.SessionStorage.OpenDatabase.OnDisk recorded 1 samples, mean = 0.0 (flags = 0x1)
0  -O                                                                        (1 = 100.0%)
1  ... 

Histogram: Storage.SessionStorage.PutMetadata.InMemory recorded 2 samples, mean = 0.0 (flags = 0x1)
0  --O                                                                       (2 = 100.0%)
1  ... 

Histogram: Storage.SessionStorage.ReadAllMetadata.InMemory recorded 2 samples, mean = 0.0 (flags = 0x1)
0  --O                                                                       (2 = 100.0%)
1  ... 

Histogram: Storage.SessionStorage.ReadAllMetadata.OnDisk recorded 1 samples, mean = 0.0 (flags = 0x1)
0  -O                                                                        (1 = 100.0%)
1  ... 

Histogram: Storage.SharedStorage.OnShutdown.HasSqlErrors recorded 3 samples, mean = 0.0 (flags = 0x1)
0  ---O                                                                      (3 = 100.0%)
1  ... 

Histogram: Storage.SharedStorage.OnShutdown.NumSqlErrors recorded 3 samples, mean = 0.0 (flags = 0x1)
0  ---O                                                                      (3 = 100.0%)
1  ... 

Histogram: Storage.SharedStorage.OnShutdown.RecoveryFromInitFailureAttempted recorded 3 samples, mean = 0.0 (flags = 0x1)
0  ---O                                                                      (3 = 100.0%)
1  ... 

Histogram: Storage.SharedStorage.OnShutdown.RecoveryOnDiskAttempted recorded 3 samples, mean = 0.0 (flags = 0x1)
0  ---O                                                                      (3 = 100.0%)
1  ... 

Histogram: ThreadPool.UnnecessaryWakeup.Browser.Background recorded 1 samples, mean = 1.0 (flags = 0x1)
0  O                                                                         (0 = 0.0%)
1  -O                                                                        (1 = 100.0%) {0.0%}
2  O                                                                         (0 = 0.0%) {100.0%}

Histogram: ThreadPool.UnnecessaryWakeup.Browser.Foreground recorded 49 samples, mean = 1.0 (flags = 0x1)
0  O                                                                         (0 = 0.0%)
1  -------------------------------------------------O                        (49 = 100.0%) {0.0%}
2  O                                                                         (0 = 0.0%) {100.0%}

Histogram: Tracing.Init.InitTracing recorded 1 samples, mean = 0.0 (flags = 0x1)
0  -O                                                                        (1 = 100.0%)
1  ... 

Histogram: Tracing.Init.Perfetto.Initialize recorded 1 samples, mean = 0.0 (flags = 0x1)
0  -O                                                                        (1 = 100.0%)
1  ... 

Histogram: UMA.ChildProcess.Ping.SharedMemorySetUp recorded 16 samples, mean = 1.0 (flags = 0x1)
0  --------O                                                                 (8 = 50.0%)
1  O                                                                         (0 = 0.0%) {50.0%}
2  --------O                                                                 (8 = 50.0%) {50.0%}
3  O                                                                         (0 = 0.0%) {100.0%}

Histogram: UMA.LocalHistogram recorded 2 samples, mean = 1.0
0  O                                                                         (0 = 0.0%)
1  --O                                                                       (2 = 100.0%) {0.0%}
2  O                                                                         (0 = 0.0%) {100.0%}

Histogram: UMA.MetricsService.PendingOngoingLogOnDisable recorded 1 samples, mean = 0.0 (flags = 0x1)
0  -O                                                                        (1 = 100.0%)
1  ... 

Histogram: UMA.PersistentAllocator.FieldTrialAllocator.UsedPct recorded 8 samples, mean = 0.0 (flags = 0x1)
0  --------O                                                                 (8 = 100.0%)
1  ... 

Histogram: V8.SandboxMode recorded 1 samples, mean = 3.0 (flags = 0x1)
0  ... 
3  -O                                                                        (1 = 100.0%) {0.0%}
4  ... 

Histogram: V8.SandboxReservationSizeGB recorded 1 samples (flags = 0x1)
1152  -O                                                                        (1 = 100.0%)

Histogram: Variations.FeatureAccess recorded 340 samples (flags = 0x1)
-2145869757 -O                                                                        (1 = 0.3%)
-2142950691 -O                                                                        (1 = 0.3%)
-2117579521 -O                                                                        (1 = 0.3%)
-2116789466 -O                                                                        (1 = 0.3%)
-2107538580 -O                                                                        (1 = 0.3%)
-2102298458 -O                                                                        (1 = 0.3%)
-2092355922 -O                                                                        (1 = 0.3%)
-2072745679 -O                                                                        (1 = 0.3%)
-2068513691 -O                                                                        (1 = 0.3%)
-2063702825 -O                                                                        (1 = 0.3%)
-2060232198 -O                                                                        (1 = 0.3%)
-2058067242 -O                                                                        (1 = 0.3%)
-2021461599 -O                                                                        (1 = 0.3%)
-2003020968 -O                                                                        (1 = 0.3%)
-1999341188 -O                                                                        (1 = 0.3%)
-1995209261 -O                                                                        (1 = 0.3%)
-1968163750 -O                                                                        (1 = 0.3%)
-1940787398 -O                                                                        (1 = 0.3%)
-1921825570 -O                                                                        (1 = 0.3%)
-1914946335 -O                                                                        (1 = 0.3%)
-1906867679 -O                                                                        (1 = 0.3%)
-1903991318 -O                                                                        (1 = 0.3%)
-1886812280 -O                                                                        (1 = 0.3%)
-1886162394 -O                                                                        (1 = 0.3%)
-1880727573 -O                                                                        (1 = 0.3%)
-1867603782 -O                                                                        (1 = 0.3%)
-1862978976 -O                                                                        (1 = 0.3%)
-1859983128 -O                                                                        (1 = 0.3%)
-1858910104 -O                                                                        (1 = 0.3%)
-1852028426 -O                                                                        (1 = 0.3%)
-1822861670 -O                                                                        (1 = 0.3%)
-1788575013 -O                                                                        (1 = 0.3%)
-1785165294 -O                                                                        (1 = 0.3%)
-1760372553 -O                                                                        (1 = 0.3%)
-1738329526 -O                                                                        (1 = 0.3%)
-1728976901 -O                                                                        (1 = 0.3%)
-1711598625 -O                                                                        (1 = 0.3%)
-1711317086 -O                                                                        (1 = 0.3%)
-1688499241 -O                                                                        (1 = 0.3%)
-1688165356 -O                                                                        (1 = 0.3%)
-1683296285 -O                                                                        (1 = 0.3%)
-1676182141 -O                                                                        (1 = 0.3%)
-1671311516 -O                                                                        (1 = 0.3%)
-1666443362 -O                                                                        (1 = 0.3%)
-1661548781 -O                                                                        (1 = 0.3%)
-1660447659 -O                                                                        (1 = 0.3%)
-1655770158 -O                                                                        (1 = 0.3%)
-1637856760 -O                                                                        (1 = 0.3%)
-1637144968 -O                                                                        (1 = 0.3%)
-1606737133 -O                                                                        (1 = 0.3%)
-1597152580 -O                                                                        (1 = 0.3%)
-1588902416 -O                                                                        (1 = 0.3%)
-1553292923 -O                                                                        (1 = 0.3%)
-1543199619 -O                                                                        (1 = 0.3%)
-1542141894 -O                                                                        (1 = 0.3%)
-1518631314 -O                                                                        (1 = 0.3%)
-1512085727 -O                                                                        (1 = 0.3%)
-1502757532 -O                                                                        (1 = 0.3%)
-1492938903 -O                                                                        (1 = 0.3%)
-1488134663 -O                                                                        (1 = 0.3%)
-1487886666 -O                                                                        (1 = 0.3%)
-1467201699 -O                                                                        (1 = 0.3%)
-1437331633 -O                                                                        (1 = 0.3%)
-1429809981 -O                                                                        (1 = 0.3%)
-1422038153 -O                                                                        (1 = 0.3%)
-1413243002 -O                                                                        (1 = 0.3%)
-1384809929 -O                                                                        (1 = 0.3%)
-1378540834 -O                                                                        (1 = 0.3%)
-1374322193 -O                                                                        (1 = 0.3%)
-1363599032 -O                                                                        (1 = 0.3%)
-1349239985 -O                                                                        (1 = 0.3%)
-1326432168 -O                                                                        (1 = 0.3%)
-1321341451 -O                                                                        (1 = 0.3%)
-1231097558 -O                                                                        (1 = 0.3%)
-1228702833 -O                                                                        (1 = 0.3%)
-1226374686 -O                                                                        (1 = 0.3%)
-1216466086 -O                                                                        (1 = 0.3%)
-1215002415 -O                                                                        (1 = 0.3%)
-1205717921 -O                                                                        (1 = 0.3%)
-1204597838 -O                                                                        (1 = 0.3%)
-1195638501 -O                                                                        (1 = 0.3%)
-1187667623 -O                                                                        (1 = 0.3%)
-1165302278 -O                                                                        (1 = 0.3%)
-1091190778 -O                                                                        (1 = 0.3%)
-1085869190 -O                                                                        (1 = 0.3%)
-1051146215 -O                                                                        (1 = 0.3%)
-1049548357 -O                                                                        (1 = 0.3%)
-1049192801 -O                                                                        (1 = 0.3%)
-1046869410 -O                                                                        (1 = 0.3%)
-1033577144 -O                                                                        (1 = 0.3%)
-1032654333 -O                                                                        (1 = 0.3%)
-1022941035 -O                                                                        (1 = 0.3%)
-1016276104 -O                                                                        (1 = 0.3%)
-1014105586 -O                                                                        (1 = 0.3%)
-1005649085 -O                                                                        (1 = 0.3%)
-969123364  -O                                                                        (1 = 0.3%)
-967033622  -O                                                                        (1 = 0.3%)
-950244418  -O                                                                        (1 = 0.3%)
-948819910  -O                                                                        (1 = 0.3%)
-944594195  -O                                                                        (1 = 0.3%)
-911204236  -O                                                                        (1 = 0.3%)
-909212394  -O                                                                        (1 = 0.3%)
-892048512  -O                                                                        (1 = 0.3%)
-845563312  -O                                                                        (1 = 0.3%)
-832716341  -O                                                                        (1 = 0.3%)
-831036849  -O                                                                        (1 = 0.3%)
-820743846  -O                                                                        (1 = 0.3%)
-811535300  -O                                                                        (1 = 0.3%)
-807606769  -O                                                                        (1 = 0.3%)
-807571829  -O                                                                        (1 = 0.3%)
-758278149  -O                                                                        (1 = 0.3%)
-730509471  -O                                                                        (1 = 0.3%)
-727594202  -O                                                                        (1 = 0.3%)
-717224835  -O                                                                        (1 = 0.3%)
-705874554  -O                                                                        (1 = 0.3%)
-685749681  -O                                                                        (1 = 0.3%)
-652883820  -O                                                                        (1 = 0.3%)
-649893643  -O                                                                        (1 = 0.3%)
-647327842  -O                                                                        (1 = 0.3%)
-632734404  -O                                                                        (1 = 0.3%)
-627667820  -O                                                                        (1 = 0.3%)
-626588394  -O                                                                        (1 = 0.3%)
-614860742  -O                                                                        (1 = 0.3%)
-612630107  -O                                                                        (1 = 0.3%)
-608945016  -O                                                                        (1 = 0.3%)
-601999812  -O                                                                        (1 = 0.3%)
-578246082  -O                                                                        (1 = 0.3%)
-570260697  -O                                                                        (1 = 0.3%)
-569399689  -O                                                                        (1 = 0.3%)
-566659406  -O                                                                        (1 = 0.3%)
-548255851  -O                                                                        (1 = 0.3%)
-541926158  -O                                                                        (1 = 0.3%)
-519498267  -O                                                                        (1 = 0.3%)
-516599012  -O                                                                        (1 = 0.3%)
-514923026  -O                                                                        (1 = 0.3%)
-512950475  -O                                                                        (1 = 0.3%)
-506135020  -O                                                                        (1 = 0.3%)
-506046811  -O                                                                        (1 = 0.3%)
-500401001  -O                                                                        (1 = 0.3%)
-494086340  -O                                                                        (1 = 0.3%)
-480931309  -O                                                                        (1 = 0.3%)
-441588425  -O                                                                        (1 = 0.3%)
-410734873  -O                                                                        (1 = 0.3%)
-406115708  -O                                                                        (1 = 0.3%)
-362063204  -O                                                                        (1 = 0.3%)
-359833222  -O                                                                        (1 = 0.3%)
-353578783  -O                                                                        (1 = 0.3%)
-337400621  -O                                                                        (1 = 0.3%)
-335233151  -O                                                                        (1 = 0.3%)
-333336191  -O                                                                        (1 = 0.3%)
-325881338  -O                                                                        (1 = 0.3%)
-309276699  -O                                                                        (1 = 0.3%)
-304280190  -O                                                                        (1 = 0.3%)
-295930877  -O                                                                        (1 = 0.3%)
-280533801  -O                                                                        (1 = 0.3%)
-264008106  -O                                                                        (1 = 0.3%)
-260445951  -O                                                                        (1 = 0.3%)
-240196760  -O                                                                        (1 = 0.3%)
-216730183  -O                                                                        (1 = 0.3%)
-203688515  -O                                                                        (1 = 0.3%)
-202553235  -O                                                                        (1 = 0.3%)
-180346475  -O                                                                        (1 = 0.3%)
-179758137  -O                                                                        (1 = 0.3%)
-161487917  -O                                                                        (1 = 0.3%)
-158333951  -O                                                                        (1 = 0.3%)
-150047060  -O                                                                        (1 = 0.3%)
-139594597  -O                                                                        (1 = 0.3%)
-137791953  -O                                                                        (1 = 0.3%)
-126461160  -O                                                                        (1 = 0.3%)
-122994576  -O                                                                        (1 = 0.3%)
-108627637  -O                                                                        (1 = 0.3%)
-105097242  -O                                                                        (1 = 0.3%)
-23209715   -O                                                                        (1 = 0.3%)
-17890915   -O                                                                        (1 = 0.3%)
-2678114    -O                                                                        (1 = 0.3%)
18629499    -O                                                                        (1 = 0.3%)
20850721    -O                                                                        (1 = 0.3%)
41534857    -O                                                                        (1 = 0.3%)
63400227    -O                                                                        (1 = 0.3%)
98757146    -O                                                                        (1 = 0.3%)
105698267   -O                                                                        (1 = 0.3%)
113167134   -O                                                                        (1 = 0.3%)
119135443   -O                                                                        (1 = 0.3%)
120381881   -O                                                                        (1 = 0.3%)
126673147   -O                                                                        (1 = 0.3%)
140506361   -O                                                                        (1 = 0.3%)
152877720   -O                                                                        (1 = 0.3%)
157238201   -O                                                                        (1 = 0.3%)
173189736   -O                                                                        (1 = 0.3%)
189943527   -O                                                                        (1 = 0.3%)
202773422   -O                                                                        (1 = 0.3%)
236062624   -O                                                                        (1 = 0.3%)
240240699   -O                                                                        (1 = 0.3%)
240877432   -O                                                                        (1 = 0.3%)
260925644   -O                                                                        (1 = 0.3%)
270624428   -O                                                                        (1 = 0.3%)
275092067   -O                                                                        (1 = 0.3%)
282209792   -O                                                                        (1 = 0.3%)
284785381   -O                                                                        (1 = 0.3%)
296915847   -O                                                                        (1 = 0.3%)
305862212   -O                                                                        (1 = 0.3%)
310256564   -O                                                                        (1 = 0.3%)
315422501   -O                                                                        (1 = 0.3%)
331875907   -O                                                                        (1 = 0.3%)
358642704   -O                                                                        (1 = 0.3%)
362151914   -O                                                                        (1 = 0.3%)
387541329   -O                                                                        (1 = 0.3%)
391992464   -O                                                                        (1 = 0.3%)
394507292   -O                                                                        (1 = 0.3%)
395217719   -O                                                                        (1 = 0.3%)
427715500   -O                                                                        (1 = 0.3%)
428086230   -O                                                                        (1 = 0.3%)
435853294   -O                                                                        (1 = 0.3%)
437594665   -O                                                                        (1 = 0.3%)
450950906   -O                                                                        (1 = 0.3%)
484427022   -O                                                                        (1 = 0.3%)
485578342   -O                                                                        (1 = 0.3%)
485903736   -O                                                                        (1 = 0.3%)
492662271   -O                                                                        (1 = 0.3%)
511435904   -O                                                                        (1 = 0.3%)
528170159   -O                                                                        (1 = 0.3%)
533100406   -O                                                                        (1 = 0.3%)
535189609   -O                                                                        (1 = 0.3%)
542997587   -O                                                                        (1 = 0.3%)
586648013   -O                                                                        (1 = 0.3%)
624097983   -O                                                                        (1 = 0.3%)
626310230   -O                                                                        (1 = 0.3%)
630017955   -O                                                                        (1 = 0.3%)
665081717   -O                                                                        (1 = 0.3%)
681630110   -O                                                                        (1 = 0.3%)
684909481   -O                                                                        (1 = 0.3%)
713485102   -O                                                                        (1 = 0.3%)
720628981   -O                                                                        (1 = 0.3%)
748164110   -O                                                                        (1 = 0.3%)
759649158   -O                                                                        (1 = 0.3%)
768069684   -O                                                                        (1 = 0.3%)
781973865   -O                                                                        (1 = 0.3%)
796453587   -O                                                                        (1 = 0.3%)
811849759   -O                                                                        (1 = 0.3%)
832704520   -O                                                                        (1 = 0.3%)
842030887   -O                                                                        (1 = 0.3%)
852886919   -O                                                                        (1 = 0.3%)
855421857   -O                                                                        (1 = 0.3%)
863847320   -O                                                                        (1 = 0.3%)
866302182   -O                                                                        (1 = 0.3%)
895729307   -O                                                                        (1 = 0.3%)
919092195   -O                                                                        (1 = 0.3%)
924723432   -O                                                                        (1 = 0.3%)
962216855   -O                                                                        (1 = 0.3%)
977023550   -O                                                                        (1 = 0.3%)
988158415   -O                                                                        (1 = 0.3%)
989585550   -O                                                                        (1 = 0.3%)
1006721936  -O                                                                        (1 = 0.3%)
1035653911  -O                                                                        (1 = 0.3%)
1040504811  -O                                                                        (1 = 0.3%)
1054475148  -O                                                                        (1 = 0.3%)
1067814442  -O                                                                        (1 = 0.3%)
1078028982  -O                                                                        (1 = 0.3%)
1081479179  -O                                                                        (1 = 0.3%)
1095158822  -O                                                                        (1 = 0.3%)
1118476053  -O                                                                        (1 = 0.3%)
1127113212  -O                                                                        (1 = 0.3%)
1195253588  -O                                                                        (1 = 0.3%)
1208454642  -O                                                                        (1 = 0.3%)
1212414187  -O                                                                        (1 = 0.3%)
1217227946  -O                                                                        (1 = 0.3%)
1244485374  -O                                                                        (1 = 0.3%)
1264787918  -O                                                                        (1 = 0.3%)
1279460878  -O                                                                        (1 = 0.3%)
1280183490  -O                                                                        (1 = 0.3%)
1280320386  -O                                                                        (1 = 0.3%)
1283609399  -O                                                                        (1 = 0.3%)
1287815939  -O                                                                        (1 = 0.3%)
1314327410  -O                                                                        (1 = 0.3%)
1346162134  -O                                                                        (1 = 0.3%)
1362357059  -O                                                                        (1 = 0.3%)
1378756643  -O                                                                        (1 = 0.3%)
1408933162  -O                                                                        (1 = 0.3%)
1492148979  -O                                                                        (1 = 0.3%)
1495087254  -O                                                                        (1 = 0.3%)
1495121320  -O                                                                        (1 = 0.3%)
1498336596  -O                                                                        (1 = 0.3%)
1506130378  -O                                                                        (1 = 0.3%)
1506213657  -O                                                                        (1 = 0.3%)
1537201223  -O                                                                        (1 = 0.3%)
1537607498  -O                                                                        (1 = 0.3%)
1545625355  -O                                                                        (1 = 0.3%)
1546696789  -O                                                                        (1 = 0.3%)
1578755036  -O                                                                        (1 = 0.3%)
1580801830  -O                                                                        (1 = 0.3%)
1589069224  -O                                                                        (1 = 0.3%)
1625701043  -O                                                                        (1 = 0.3%)
1640390781  -O                                                                        (1 = 0.3%)
1640401204  -O                                                                        (1 = 0.3%)
1662315904  -O                                                                        (1 = 0.3%)
1664214230  -O                                                                        (1 = 0.3%)
1664286639  -O                                                                        (1 = 0.3%)
1676326418  -O                                                                        (1 = 0.3%)
1691859835  -O                                                                        (1 = 0.3%)
1703747009  -O                                                                        (1 = 0.3%)
1706102350  -O                                                                        (1 = 0.3%)
1724980728  -O                                                                        (1 = 0.3%)
1740992949  -O                                                                        (1 = 0.3%)
1787376275  -O                                                                        (1 = 0.3%)
1799862370  -O                                                                        (1 = 0.3%)
1803370640  -O                                                                        (1 = 0.3%)
1816811671  -O                                                                        (1 = 0.3%)
1819037537  -O                                                                        (1 = 0.3%)
1838400867  -O                                                                        (1 = 0.3%)
1843307049  -O                                                                        (1 = 0.3%)
1848167202  -O                                                                        (1 = 0.3%)
1848990866  -O                                                                        (1 = 0.3%)
1858620917  -O                                                                        (1 = 0.3%)
1863444102  -O                                                                        (1 = 0.3%)
1891763329  -O                                                                        (1 = 0.3%)
1895138989  -O                                                                        (1 = 0.3%)
1896790961  -O                                                                        (1 = 0.3%)
1920289649  -O                                                                        (1 = 0.3%)
1921626647  -O                                                                        (1 = 0.3%)
1924857150  -O                                                                        (1 = 0.3%)
1936205171  -O                                                                        (1 = 0.3%)
1957067623  -O                                                                        (1 = 0.3%)
1958626956  -O                                                                        (1 = 0.3%)
1963869752  -O                                                                        (1 = 0.3%)
1976013947  -O                                                                        (1 = 0.3%)
1977291722  -O                                                                        (1 = 0.3%)
1978240801  -O                                                                        (1 = 0.3%)
1996284724  -O                                                                        (1 = 0.3%)
2011448837  -O                                                                        (1 = 0.3%)
2014181330  -O                                                                        (1 = 0.3%)
2025929491  -O                                                                        (1 = 0.3%)
2033920831  -O                                                                        (1 = 0.3%)
2038081675  -O                                                                        (1 = 0.3%)
2040130620  -O                                                                        (1 = 0.3%)
2081264511  -O                                                                        (1 = 0.3%)
2081599086  -O                                                                        (1 = 0.3%)
2083293048  -O                                                                        (1 = 0.3%)
2101183467  -O                                                                        (1 = 0.3%)
2110501640  -O                                                                        (1 = 0.3%)
2120939159  -O                                                                        (1 = 0.3%)

Histogram: Views.Browser.NumColorProvidersInitializedDuringOnNativeThemeUpdated recorded 1 samples, mean = 0.0 (flags = 0x1)
0  -O                                                                        (1 = 100.0%)
1  ... 

Histogram: Views.Browser.TimeSpentInitializingColorProvider recorded 3 samples, mean = 0.0 (flags = 0x1)
0  ---O                                                                      (3 = 100.0%)
1  ... 

Histogram: Views.Browser.TimeSpentProcessingOnNativeThemeUpdatedEvent recorded 1 samples, mean = 0.0 (flags = 0x1)
0  -O                                                                        (1 = 100.0%)
1  ... 

Histogram: Views.ColorProviderCacheSize recorded 3 samples, mean = 2.0 (flags = 0x1)
0  O                                                                         (0 = 0.0%)
1  -O                                                                        (1 = 33.3%) {0.0%}
2  -O                                                                        (1 = 33.3%) {33.3%}
3  -O                                                                        (1 = 33.3%) {66.7%}
4  ... 

Histogram: Views.InvalidatesDuringLayout recorded 289 samples, mean = 0.3 (flags = 0x1)
0  ------------------------------------------------------------------------O (269 = 93.1%)
1  O                                                                         (0 = 0.0%) {93.1%}
2  -O                                                                        (5 = 1.7%) {93.1%}
3  O                                                                         (0 = 0.0%) {94.8%}
4  -O                                                                        (5 = 1.7%) {94.8%}
5  O                                                                         (0 = 0.0%) {96.5%}
6  ---O                                                                      (10 = 3.5%) {96.5%}
7  ... 

Histogram: Views.LayoutCallDepth recorded 281 samples, mean = 1.0 (flags = 0x1)
0  O                                                                         (0 = 0.0%)
1  ------------------------------------------------------------------------O (273 = 97.2%) {0.0%}
2  --O                                                                       (8 = 2.8%) {97.2%}
3  ... 

Histogram: Views.UnnecessaryLayouts recorded 82 samples, mean = 3.1 (flags = 0x1)
0   ---------O                                                                (9 = 11.0%)
1   ---------------------O                                                    (21 = 25.6%) {11.0%}
2   -------------------O                                                      (19 = 23.2%) {36.6%}
3   --O                                                                       (2 = 2.4%) {59.8%}
4   --------O                                                                 (8 = 9.8%) {62.2%}
5   ----------O                                                               (10 = 12.2%) {72.0%}
6   ----O                                                                     (4 = 4.9%) {84.1%}
7   ---O                                                                      (3 = 3.7%) {89.0%}
8   O                                                                         (0 = 0.0%) {92.7%}
9   --O                                                                       (2 = 2.4%) {92.7%}
10  --O                                                                       (2 = 2.4%) {95.1%}
11  ... 
13  --O                                                                       (2 = 2.4%) {97.6%}
14  ... 

Histogram: WebAudio.AudioContext.ConcurrentAudioContexts recorded 12 samples, mean = 1.0 (flags = 0x1)
0  O                                                                         (0 = 0.0%)
1  ------------O                                                             (12 = 100.0%) {0.0%}
2  ... 

Histogram: WebContentsObserver.DOMContentLoaded recorded 3 samples, mean = 0.0 (flags = 0x1)
0  ---O                                                                      (3 = 100.0%)
1  ... 

Histogram: WebContentsObserver.DidChangeVisibleSecurityState recorded 3 samples, mean = 0.0 (flags = 0x1)
0  ---O                                                                      (3 = 100.0%)
1  ... 

Histogram: WebContentsObserver.DidFinishLoad recorded 3 samples, mean = 5.0 (flags = 0x1)
0   -O                                                                        (1 = 33.3%)
1   ... 
3   -O                                                                        (1 = 33.3%) {33.3%}
4   ... 
12  -O                                                                        (1 = 33.3%) {66.7%}
14  ... 

Histogram: WebContentsObserver.DidFinishNavigation recorded 3 samples, mean = 0.0 (flags = 0x1)
0  ---O                                                                      (3 = 100.0%)
1  ... 

Histogram: WebContentsObserver.DidFirstVisuallyNonEmptyPaint recorded 2 samples, mean = 0.0 (flags = 0x1)
0  --O                                                                       (2 = 100.0%)
1  ... 

Histogram: WebContentsObserver.DidStartLoading recorded 3 samples, mean = 0.0 (flags = 0x1)
0  ---O                                                                      (3 = 100.0%)
1  ... 

Histogram: WebContentsObserver.DidStartNavigation recorded 3 samples, mean = 0.0 (flags = 0x1)
0  ---O                                                                      (3 = 100.0%)
1  ... 

Histogram: WebContentsObserver.DidStartNavigation.MainFrame recorded 3 samples, mean = 0.0 (flags = 0x1)
0  ---O                                                                      (3 = 100.0%)
1  ... 

Histogram: WebContentsObserver.DidStopLoading recorded 3 samples, mean = 0.0 (flags = 0x1)
0  ---O                                                                      (3 = 100.0%)
1  ... 

Histogram: WebContentsObserver.DidUpdateNavigationHandleTiming recorded 9 samples, mean = 0.0 (flags = 0x1)
0  ---------O                                                                (9 = 100.0%)
1  ... 

Histogram: WebContentsObserver.LoadProgressChanged recorded 10 samples, mean = 0.0 (flags = 0x1)
0  ----------O                                                               (10 = 100.0%)
1  ... 

Histogram: WebContentsObserver.NavigationEntryChanged recorded 3 samples, mean = 0.0 (flags = 0x1)
0  ---O                                                                      (3 = 100.0%)
1  ... 

Histogram: WebContentsObserver.NavigationEntryCommitted recorded 3 samples, mean = 0.0 (flags = 0x1)
0  ---O                                                                      (3 = 100.0%)
1  ... 

Histogram: WebContentsObserver.OnVisibilityChanged recorded 6 samples, mean = 0.0 (flags = 0x1)
0  ------O                                                                   (6 = 100.0%)
1  ... 

Histogram: WebContentsObserver.OnVisibilityWillChange recorded 6 samples, mean = 0.0 (flags = 0x1)
0  ------O                                                                   (6 = 100.0%)
1  ... 

Histogram: WebContentsObserver.PrimaryMainDocumentElementAvailable recorded 3 samples, mean = 0.0 (flags = 0x1)
0  ---O                                                                      (3 = 100.0%)
1  ... 

Histogram: WebContentsObserver.RenderFrameCreated recorded 3 samples, mean = 0.0 (flags = 0x1)
0  ---O                                                                      (3 = 100.0%)
1  ... 

Histogram: WebContentsObserver.RenderFrameDeleted recorded 3 samples, mean = 0.0 (flags = 0x1)
0  ---O                                                                      (3 = 100.0%)
1  ... 

Histogram: WebContentsObserver.RenderViewReady recorded 3 samples, mean = 0.0 (flags = 0x1)
0  ---O                                                                      (3 = 100.0%)
1  ... 

Histogram: WebContentsObserver.TitleWasSet recorded 4 samples, mean = 0.0 (flags = 0x1)
0  ----O                                                                     (4 = 100.0%)
1  ... 

Histogram: WebContentsObserver.TitleWasSetForMainFrame recorded 4 samples, mean = 0.0 (flags = 0x1)
0  ----O                                                                     (4 = 100.0%)
1  ... 

Histogram: WebCore.IndexedDB.BackingStore.Action recorded 2 samples, mean = 0.0 (flags = 0x1)
0  --O                                                                       (2 = 100.0%)
1  ... 

Histogram: WebCore.IndexedDB.BackingStore.OpenFirstTryResult recorded 2 samples, mean = 0.0 (flags = 0x1)
0  --O                                                                       (2 = 100.0%)
1  ... 

Histogram: WebCore.IndexedDB.Transaction.ReadOnly.TimeActive2 recorded 6 samples, mean = 69.8 (flags = 0x1)
0    -O                                                                        (1 = 16.7%)
1    ... 
3    -O                                                                        (1 = 16.7%) {16.7%}
4    ... 
6    -O                                                                        (1 = 16.7%) {33.3%}
8    ... 
16   -O                                                                        (1 = 16.7%) {50.0%}
20   -O                                                                        (1 = 16.7%) {66.7%}
25   ... 
356  -O                                                                        (1 = 16.7%) {83.3%}
452  ... 

Histogram: WebCore.IndexedDB.Transaction.ReadOnly.TimeQueued recorded 6 samples, mean = 1.5 (flags = 0x1)
0  ----O                                                                     (4 = 66.7%)
1  ... 
4  -O                                                                        (1 = 16.7%) {66.7%}
5  -O                                                                        (1 = 16.7%) {83.3%}
6  ... 

Histogram: WebCore.IndexedDB.Transaction.ReadWrite.TimeActive2 recorded 10 samples, mean = 1.2 (flags = 0x1)
0  ----O                                                                     (4 = 40.0%)
1  ----O                                                                     (4 = 40.0%) {40.0%}
2  -O                                                                        (1 = 10.0%) {80.0%}
3  ... 
6  -O                                                                        (1 = 10.0%) {90.0%}
8  ... 

Histogram: WebCore.IndexedDB.Transaction.ReadWrite.TimeQueued recorded 10 samples, mean = 76.5 (flags = 0x1)
0    --O                                                                       (2 = 20.0%)
1    --O                                                                       (2 = 20.0%) {20.0%}
2    O                                                                         (0 = 0.0%) {40.0%}
3    -O                                                                        (1 = 10.0%) {40.0%}
4    --O                                                                       (2 = 20.0%) {50.0%}
5    -O                                                                        (1 = 10.0%) {70.0%}
6    ... 
356  --O                                                                       (2 = 20.0%) {80.0%}
452  ... 

Histogram: WebCore.IndexedDB.Transaction.VersionChange.TimeActive2 recorded 2 samples, mean = 5.5 (flags = 0x1)
0  ... 
4  -O                                                                        (1 = 50.0%) {0.0%}
5  O                                                                         (0 = 0.0%) {50.0%}
6  -O                                                                        (1 = 50.0%) {50.0%}
8  ... 

Histogram: WebCore.IndexedDB.Transaction.VersionChange.TimeQueued recorded 2 samples, mean = 0.0 (flags = 0x1)
0  --O                                                                       (2 = 100.0%)
1  ... 

Histogram: WebRTC.DesktopCapture.BlankFrameDetected recorded 13 samples, mean = 0.1 (flags = 0x1)
0  ------------O                                                             (12 = 92.3%)
1  -O                                                                        (1 = 7.7%) {92.3%}
2  O                                                                         (0 = 0.0%) {100.0%}

Histogram: WebRTC.DesktopCapture.PrimaryCapturerError recorded 13 samples, mean = 0.1 (flags = 0x1)
0  ------------O                                                             (12 = 92.3%)
1  -O                                                                        (1 = 7.7%) {92.3%}
2  O                                                                         (0 = 0.0%) {100.0%}

Histogram: WebRTC.DesktopCapture.PrimaryCapturerPermanentError recorded 13 samples, mean = 0.0 (flags = 0x1)
0  -------------O                                                            (13 = 100.0%)
1  ... 

Histogram: WebRTC.DesktopCapture.PrimaryCapturerSelectSourceError recorded 13 samples, mean = 1.0 (flags = 0x1)
0  O                                                                         (0 = 0.0%)
1  -------------O                                                            (13 = 100.0%) {0.0%}
2  O                                                                         (0 = 0.0%) {100.0%}

Histogram: WebRTC.DesktopCapture.Win.DesktopCapturerImpl recorded 6 samples, mean = 2.8 (flags = 0x1)
0  O                                                                         (0 = 0.0%)
1  --O                                                                       (2 = 33.3%) {0.0%}
2  O                                                                         (0 = 0.0%) {33.3%}
3  --O                                                                       (2 = 33.3%) {33.3%}
4  -O                                                                        (1 = 16.7%) {66.7%}
5  -O                                                                        (1 = 16.7%) {83.3%}

Histogram: WebRTC.DesktopCapture.Win.DirectXCapturerFrameTime recorded 1 samples, mean = 5.0 (flags = 0x1)
0  ... 
5  -O                                                                        (1 = 100.0%) {0.0%}
6  ... 

Histogram: WebRTC.DesktopCapture.Win.DirectXCapturerResult recorded 1 samples, mean = 0.0 (flags = 0x1)
0  -O                                                                        (1 = 100.0%)
1  ... 

Histogram: WebRTC.DesktopCapture.Win.WgcCaptureSessionGetFrameResult recorded 1 samples, mean = 0.0 (flags = 0x1)
0  -O                                                                        (1 = 100.0%)
1  ... 

Histogram: WebRTC.DesktopCapture.Win.WgcCaptureSessionStartResult recorded 1 samples, mean = 0.0 (flags = 0x1)
0  -O                                                                        (1 = 100.0%)
1  ... 

Histogram: WebRTC.DesktopCapture.Win.WgcCaptureSessionTimeToFirstFrame recorded 1 samples, mean = 4.0 (flags = 0x1)
0  ... 
4  -O                                                                        (1 = 100.0%) {0.0%}
5  ... 

Histogram: WebRTC.DesktopCapture.Win.WgcCaptureSessionWaitForFirstFrameResult recorded 1 samples, mean = 0.0 (flags = 0x1)
0  -O                                                                        (1 = 100.0%)
1  ... 

Histogram: WebRTC.DesktopCapture.Win.WgcCapturerFrameTime recorded 1 samples, mean = 46.0 (flags = 0x1)
0   ... 
42  -O                                                                        (1 = 100.0%) {0.0%}
47  ... 

Histogram: WebRTC.DesktopCapture.Win.WgcCapturerResult recorded 1 samples, mean = 0.0 (flags = 0x1)
0  -O                                                                        (1 = 100.0%)
1  ... 

Histogram: WebRTC.DesktopCapture.Win.WindowGdiCapturerFrameTime recorded 12 samples, mean = 13.1 (flags = 0x1)
0   ... 
6   -O                                                                        (1 = 8.3%) {0.0%}
7   O                                                                         (0 = 0.0%) {8.3%}
8   --O                                                                       (2 = 16.7%) {8.3%}
9   O                                                                         (0 = 0.0%) {25.0%}
10  --O                                                                       (2 = 16.7%) {25.0%}
11  --O                                                                       (2 = 16.7%) {41.7%}
12  --O                                                                       (2 = 16.7%) {58.3%}
14  -O                                                                        (1 = 8.3%) {75.0%}
16  ... 
26  --O                                                                       (2 = 16.7%) {83.3%}
29  ... 

Histogram: WebRTC.DesktopCaptureCounters recorded 1 samples, mean = 1.0 (flags = 0x1)
0  O                                                                         (0 = 0.0%)
1  -O                                                                        (1 = 100.0%) {0.0%}
2  ... 

Histogram: Windows.DisplayIdFromDeviceId recorded 2 samples, mean = 3.0 (flags = 0x1)
0  ... 
3  --O                                                                       (2 = 100.0%) {0.0%}
4  O                                                                         (0 = 0.0%) {100.0%}

Histogram: Windows.DisplayIdFromDeviceKey recorded 2 samples, mean = 3.0 (flags = 0x1)
0  ... 
3  --O                                                                       (2 = 100.0%) {0.0%}
4  O                                                                         (0 = 0.0%) {100.0%}

Histogram: Windows.ReplaceFileResult recorded 10 samples, mean = 5.5 (flags = 0x1)
0  --O                                                                       (2 = 20.0%)
1  ... 
6  -O                                                                        (1 = 10.0%) {20.0%}
7  -------O                                                                  (7 = 70.0%) {30.0%}
8  ... 


